smiles,MolWt,MolLogP,NumHAcceptors,NumHDonors,TPSA,NumRotatableBonds,FractionCSP3,label
Brc1ccc2c(c1)CNc1c(NCc3ccccc3)ncnc1O2,383.249,4.569,5.0,2.0,59.07,3.0,0.11111111,0
Brc1ccc2c(c1)CNc1c(Nc3ccccc3)ncnc1O2,369.222,4.7005,5.0,2.0,59.07,2.0,0.05882353,0
Brc1cccc(Nc2[nH]cnc3c2ccc2ncnc23)c1,340.184,4.0122,4.0,2.0,66.49,2.0,0.0,1
Brc1cccc(Nc2[nH]cnc3cc4cnnc4cc23)c1,340.184,4.0122,4.0,2.0,66.49,2.0,0.0,1
Brc1cccc(Nc2[nH]cnc3cc4ncc(CN5CCOCC5)c4cc23)c1,438.329,4.4494,5.0,2.0,66.07,4.0,0.23809524,1
Brc1cccc(Nc2[nH]cnc3cc4nccc4cc23)c1,339.196,4.6172,3.0,2.0,53.6,2.0,0.0,1
Brc1cccc(Nc2[nH]cnc3cc4nncc4cc23)c1,340.184,4.0122,4.0,2.0,66.49,2.0,0.0,1
Brc1cccc(Nc2[nH]cnc3cc4nnnc4cc23)c1,341.172,3.4072,5.0,2.0,79.38,2.0,0.0,1
Brc1cccc(Nc2[nH]cnc3ccc4ccnc4c23)c1,339.196,4.6172,3.0,2.0,53.6,2.0,0.0,1
Brc1cccc(Nc2[nH]cnc3ccc4ncnc4c23)c1,340.184,4.0122,4.0,2.0,66.49,2.0,0.0,1
Brc1cccc(Nc2ccnc3ccccc23)c1,299.171,4.7409,2.0,1.0,24.92,2.0,0.0,0
Brc1cccc(Nc2ncnc3[nH]c4c(c23)CCCC4)c1,343.228,4.3428,3.0,2.0,53.6,2.0,0.25,1
Brc1cccc(Nc2ncnc3[nH]c4ccccc4c23)c1,339.196,4.6172,3.0,2.0,53.6,2.0,0.0,1
Brc1cccc(Nc2ncnc3c2NCc2cc(Br)ccc2O3)c1,448.118,5.463,5.0,2.0,59.07,2.0,0.05882353,0
Brc1cccc(Nc2ncnc3c2NCc2ccccc2O3)c1,369.222,4.7005,5.0,2.0,59.07,2.0,0.05882353,0
Brc1cccc(Nc2ncnc3c2[nH]c2ccccc23)c1,339.196,4.6172,3.0,2.0,53.6,2.0,0.0,1
Brc1cccc(Nc2ncnc3c2oc2ccccc23)c1,340.18,4.8821,4.0,1.0,50.95,2.0,0.0,0
Brc1cccc(Nc2ncnc3c2sc2ccccc23)c1,356.248,5.3506,4.0,1.0,37.81,2.0,0.0,1
Brc1cccc(Nc2ncnc3c2sc2ncccc23)c1,357.236,4.7456,5.0,1.0,50.7,2.0,0.0,0
Brc1cccc(Nc2ncnc3c2sc2ncsc23)c1,363.265,4.8071,6.0,1.0,50.7,2.0,0.0,1
Brc1cccc(Nc2ncnc3cc(NCCCCN4CCOCC4)ncc23)c1,457.376,4.0552,7.0,2.0,75.2,8.0,0.3809524,1
Brc1cccc(Nc2ncnc3cc(NCCCN4CCOCC4)ncc23)c1,443.349,3.6651,7.0,2.0,75.2,7.0,0.35,1
Brc1cccc(Nc2ncnc3cc(NCCCn4ccnc4)ncc23)c1,424.306,4.2296,6.0,2.0,80.55,7.0,0.15789473,1
Brc1cccc(Nc2ncnc3cc(NCCN4CCOCC4)ncc23)c1,429.322,3.275,7.0,2.0,75.2,6.0,0.31578946,1
Brc1cccc(Nc2ncnc3cc(NCCc4c[nH]cn4)ncc23)c1,410.279,3.9086,6.0,3.0,91.41,6.0,0.11111111,1
Brc1cccc(Nc2ncnc3cc4c(cc23)OCO4)c1,344.168,3.8646,5.0,1.0,56.27,2.0,0.06666667,1
Brc1cccc(Nc2ncnc3cc4c(ccn4CCN4CCOCC4)cc23)c1,452.356,4.4228,5.0,1.0,55.21,5.0,0.27272728,1
Brc1cccc(Nc2ncnc3cc4c(cnn4CCCN4CCOCC4)cc23)c1,467.371,4.2079,6.0,1.0,68.1,6.0,0.3181818,1
Brc1cccc(Nc2ncnc3cc4c(cnn4CCN4CCOCC4)cc23)c1,453.344,3.8178,6.0,1.0,68.1,5.0,0.2857143,1
Brc1cccc(Nc2ncnc3cc4nccnc4cc23)c1,352.195,4.0791,5.0,1.0,63.59,2.0,0.0,1
Brc1cccc(Nc2ncnc3cc4ncsc4cc23)c1,357.236,4.7456,5.0,1.0,50.7,2.0,0.0,1
Brc1cccc(Nc2ncnc3ccc(N=NNCCN4CCOCC4)cc23)c1,456.348,4.0564,7.0,2.0,87.03,7.0,0.3,1
Brc1cccc(Nc2ncnc3ccc(N=NNCc4ccccc4)cc23)c1,433.313,5.9244,5.0,2.0,74.56,6.0,0.04761905,1
Brc1cccc(Nc2ncnc3ccc(N=NNCc4ccccn4)cc23)c1,434.301,5.3194,6.0,2.0,87.45,6.0,0.05,1
Brc1cccc(Nc2ncnc3ccccc23)c1,300.159,4.1359,3.0,1.0,37.81,2.0,0.0,1
Brc1cccc(Nc2ncnc3cccnc23)c1,301.147,3.5309,4.0,1.0,50.7,2.0,0.0,1
Brc1cccc(Nc2ncnc3ccncc23)c1,301.147,3.5309,4.0,1.0,50.7,2.0,0.0,1
Brc1cccc(Nc2ncnc3ccncc23)c1NCCCCN1CCOCC1,457.376,4.0552,7.0,2.0,75.2,8.0,0.3809524,1
Brc1cccc(Nc2ncnc3ccncc23)c1NCCCN1CCOCC1,443.349,3.6651,7.0,2.0,75.2,7.0,0.35,1
Brc1cccc(Nc2ncnc3ccncc23)c1NCCCn1ccnc1,424.306,4.2296,6.0,2.0,80.55,7.0,0.15789473,1
Brc1cccc(Nc2ncnc3ccncc23)c1NCCN1CCOCC1,429.322,3.275,7.0,2.0,75.2,6.0,0.31578946,1
Brc1cccc(Nc2ncnc3ccncc23)c1NCCc1c[nH]cn1,410.279,3.9086,6.0,3.0,91.41,6.0,0.11111111,1
Brc1cccc(Nc2ncnc3ccsc23)c1,306.188,4.1974,4.0,1.0,37.81,2.0,0.0,1
Brc1cccc(Nc2ncnc3cnc(NCCCN4CCOCC4)cc23)c1,443.349,3.6651,7.0,2.0,75.2,7.0,0.35,1
Brc1cccc(Nc2ncnc3cnc(NCCCN4CCOCC4)nc23)c1,444.337,3.0601,8.0,2.0,88.09,7.0,0.36842105,1
Brc1cccc(Nc2ncnc3cnc(NCCCn4ccnc4)cc23)c1,424.306,4.2296,6.0,2.0,80.55,7.0,0.15789473,1
Brc1cccc(Nc2ncnc3cnc(NCCCn4ccnc4)nc23)c1,425.294,3.6246,7.0,2.0,93.44,7.0,0.16666667,1
Brc1cccc(Nc2ncnc3cnc(NCCN4CCOCC4)cc23)c1,429.322,3.275,7.0,2.0,75.2,6.0,0.31578946,1
Brc1cccc(Nc2ncnc3cnc(NCCN4CCOCC4)nc23)c1,430.31,2.67,8.0,2.0,88.09,6.0,0.33333334,1
Brc1cccc(Nc2ncnc3cnc(NCCc4c[nH]cn4)cc23)c1,410.279,3.9086,6.0,3.0,91.41,6.0,0.11111111,1
Brc1cccc(Nc2ncnc3cnc(NCCc4c[nH]cn4)nc23)c1,411.267,3.3036,7.0,3.0,104.3,6.0,0.11764706,1
Brc1cccc(Nc2ncnc3cnc(NCCc4ccccn4)cc23)c1,421.302,4.5805,6.0,2.0,75.62,6.0,0.1,1
Brc1cccc(Nc2ncnc3cnc(NCCn4ccnc4)nc23)c1,411.267,3.2345,7.0,2.0,93.44,6.0,0.11764706,1
Brc1cccc(Nc2ncnc3cnc(NCc4cccnc4)cc23)c1,407.275,4.538,6.0,2.0,75.62,5.0,0.05263158,1
Brc1cccc(Nc2ncnc3cnccc23)c1,301.147,3.5309,4.0,1.0,50.7,2.0,0.0,1
Brc1cccc(Nc2ncnc3ncccc23)c1,301.147,3.5309,4.0,1.0,50.7,2.0,0.0,0
Brc1cccc(Nc2ncnc3sccc23)c1,306.188,4.1974,4.0,1.0,37.81,2.0,0.0,1
Brc1cccc(Oc2ncnc3ccccc23)c1,301.143,4.1846,3.0,0.0,35.01,2.0,0.0,0
C#CC(=O)Nc1cc2c(Nc3cccc(Br)c3)ncnc2cn1,368.194,3.1026,5.0,2.0,79.8,3.0,0.0,1
C#CC(=O)Nc1ccc2ncnc(Nc3cccc(Br)c3)c2c1,367.206,3.7076,4.0,2.0,66.91,3.0,0.0,1
C#Cc1cc(Nc2ncnc3cc(OC)c(OC)cc23)ccc1F,323.327,3.511,5.0,1.0,56.27,4.0,0.11111111,1
C#Cc1ccc2ncnc(Nc3ccc(F)c(Cl)c3)c2c1,297.72,4.1472,3.0,1.0,37.81,2.0,0.0,1
C#Cc1cccc(Nc2c(C#N)cnc3cc(OCCOC)c(OCCOC)cc23)c1,417.465,3.88178,7.0,1.0,85.63,10.0,0.25,0
C#Cc1cccc(Nc2ncnc3[nH]c(O)c(C=c4[nH]c(C(=O)NCCN5CCOCC5)cc4=C)c23)c1,497.559,1.0176,7.0,5.0,131.19,7.0,0.22222222,1
C#Cc1cccc(Nc2ncnc3c2NCc2cc(OC)c(OC)cc2O3)c1,374.4,3.9365,7.0,2.0,77.53,4.0,0.14285715,0
C#Cc1cccc(Nc2ncnc3cc(OC)c(OC)cc23)c1,305.337,3.3719,5.0,1.0,56.27,4.0,0.11111111,1
C#Cc1cccc(Nc2ncnc3cc(OCCOC)c(OCCOC)cc23)c1,393.443,3.4051,7.0,1.0,74.73,10.0,0.27272728,1
C#Cc1cccc(Nc2ncnc3ccc(OCCCCNCCS(C)(=O)=O)cc23)c1,438.553,3.1479,7.0,2.0,93.21,11.0,0.3043478,1
C#Cc1cncnc1Nc1ccc(OCc2cccc(F)c2)c(Cl)c1,353.784,4.573,4.0,1.0,47.04,5.0,0.05263158,1
C/C=C/C(=O)Nc1cc2c(Nc3ccc(F)c(Cl)c3)c(C#N)cnc2cc1OCC,424.863,5.55588,5.0,2.0,87.04,6.0,0.13636364,0
C/C=C/C(=O)Nc1cc2c(Nc3cccc(Br)c3)ncnc2cn1,384.237,4.0455,5.0,2.0,79.8,4.0,0.05882353,1
C/C=C/C(=O)Nc1ccc2ncc(C#N)c(Nc3cccc(Br)c3)c2c1,407.271,5.12718,4.0,2.0,77.81,4.0,0.05,0
C/C=C/C(=O)Nc1ccc2ncnc(Nc3cccc(Br)c3)c2c1,383.249,4.6505,4.0,2.0,66.91,4.0,0.055555556,1
C/C=C\C(=O)Nc1ccc2ncnc(Nc3cccc(Br)c3)c2c1,383.249,4.6505,4.0,2.0,66.91,4.0,0.055555556,1
C=C(C)C(=O)Nc1cc2c(Nc3cccc(Br)c3)ncnc2cn1,384.237,4.0455,5.0,2.0,79.8,4.0,0.05882353,1
C=C(C)C(=O)Nc1ccc2ncnc(Nc3cccc(Br)c3)c2c1,383.249,4.6505,4.0,2.0,66.91,4.0,0.055555556,1
C=C(CN(C)C)C(=O)Nc1cc2c(Nc3ccc(F)c(Cl)c3)c(C#N)cnc2cc1OCC,467.932,5.09758,6.0,2.0,90.28,8.0,0.20833333,0
C=C(CN(C)C)C(=O)Nc1cc2c(Nc3ccc(OCc4ccccc4)c(Cl)c3)c(C#N)cnc2cc1OCC,556.066,6.53748,7.0,2.0,99.51,11.0,0.19354838,1
C=C(CN(C)C)C(=O)c1ccc(OCc2ccccc2)c(O)c1,311.381,3.2717,4.0,1.0,49.77,7.0,0.21052632,0
C=C(CN(C)C)C(=O)c1ccc(OCc2ccccc2)cc1,295.382,3.5661,3.0,0.0,29.54,7.0,0.21052632,1
C=C(CN(C)C)C(=O)c1ccc(OS(=O)(=O)c2ccc(C(=O)N(C)C)cc2)cc1,416.499,2.4566,6.0,0.0,83.99,8.0,0.23809524,0
C=C(CN(C)C)C(=O)c1ccc(OS(=O)(=O)c2ccc(C(=O)O)c(O)c2)cc1,405.428,2.1586,7.0,2.0,121.21,8.0,0.15789473,0
C=C(CN(C)C)C(=O)c1ccc(OS(=O)(=O)c2ccc(C(=O)O)cc2)cc1,389.429,2.453,6.0,1.0,100.98,8.0,0.15789473,1
C=C(CN(C)C)C(=O)c1ccccc1,189.258,1.9871,2.0,0.0,20.31,4.0,0.25,0
C=C(CN1CCCCC1)C(=O)c1ccc(OCc2ccccc2)cc1,335.447,4.4904,3.0,0.0,29.54,7.0,0.3181818,0
C=C(CN1CCNCC1)C(=O)c1ccc(OCc2ccccc2)cc1,336.435,2.9097,4.0,1.0,41.57,7.0,0.2857143,0
C=C(CN1CCOCC1)C(=O)Nc1cc2c(Nc3ccc(OCc4ccccc4)c(Cl)c3)c(C#N)cnc2cc1OCC,598.103,6.30808,8.0,2.0,108.74,11.0,0.24242425,1
C=C(CN1CCOCC1)C(=O)Nc1ccc2ncc(C#N)c(Nc3ccc(F)c(Cl)c3)c2c1,465.916,4.46948,6.0,2.0,90.28,6.0,0.20833333,0
C=C(CN1CCOCC1)C(=O)Nc1ccc2ncnc(Nc3cccc(Br)c3)c2c1,468.355,3.9628,6.0,2.0,79.38,6.0,0.22727273,1
C=C(CN1CCOCC1)C(=O)c1ccc(OCc2ccccc2)cc1,337.419,3.3367,4.0,0.0,38.77,7.0,0.2857143,0
C=C(CNc1cc2c(Nc3ccc(OCc4ccccc4)c(Cl)c3)c(C#N)cnc2cc1OCC)C(=O)O,528.996,6.53388,7.0,3.0,116.5,11.0,0.13793103,0
C=C/C=C/C(=O)Nc1cc2c(Nc3cccc(Br)c3)ncnc2cn1,396.248,4.2116,5.0,2.0,79.8,5.0,0.0,1
C=C=CC(=O)Nc1ccc2ncnc(Nc3cccc(Br)c3)c2c1,381.233,4.4155,4.0,2.0,66.91,4.0,0.0,1
C=CC(=O)N(C)c1cc2c(Nc3cccc(Br)c3)ncnc2cn1,384.237,3.6797,5.0,1.0,71.01,4.0,0.05882353,1
C=CC(=O)N(C)c1nc2c(Nc3ccc(F)c(Cl)c3)ncnc2cc1OCCCN1CCOCC1,500.962,3.8108,8.0,1.0,92.71,9.0,0.33333334,1
C=CC(=O)N(CCCN1CCOCC1)c1cc2c(Nc3cccc(Br)c3)ncnc2cn1,497.397,3.7722,7.0,1.0,83.48,8.0,0.3043478,1
C=CC(=O)N(CCCN1CCOCC1)c1ccc2ncnc(Nc3cccc(Br)c3)c2c1,496.409,4.3772,6.0,1.0,70.59,8.0,0.29166666,1
C=CC(=O)N(CCN(C)C)c1cc2c(Nc3cccc(Br)c3)ncnc2cn1,441.333,3.6115,6.0,1.0,74.25,7.0,0.2,1
C=CC(=O)Nc1cc2c(Nc3cc(Cl)c(Cl)cc3F)ncnc2cc1N1CCN(C)CC1,475.355,4.6956,6.0,2.0,73.39,5.0,0.22727273,0
C=CC(=O)Nc1cc2c(Nc3ccc(F)c(Br)c3)ncnc2cc1OCCCN1CCOCC1,530.398,4.5006,7.0,2.0,88.61,9.0,0.29166666,1
C=CC(=O)Nc1cc2c(Nc3ccc(F)c(Br)c3)ncnc2cn1,388.2,3.7945,5.0,2.0,79.8,4.0,0.0,1
C=CC(=O)Nc1cc2c(Nc3ccc(F)c(Cl)c3)c(C#N)cnc2cc1OCCCN1CCOCC1,509.969,4.86818,7.0,2.0,99.51,9.0,0.26923078,1
C=CC(=O)Nc1cc2c(Nc3ccc(F)c(Cl)c3)ncnc2cc1OCCCN1CCOCC1,485.947,4.3915,7.0,2.0,88.61,9.0,0.29166666,1
C=CC(=O)Nc1cc2c(Nc3ccc(F)c(Cl)c3)ncnc2cc1OCCOCCCCO,474.92,4.4583,7.0,3.0,105.6,12.0,0.26086956,1
C=CC(=O)Nc1cc2c(Nc3ccc(F)c(Cl)c3)ncnc2cn1,343.749,3.6854,5.0,2.0,79.8,4.0,0.0,1
C=CC(=O)Nc1cc2c(Nc3cccc(Br)c3)c(C#N)cnc2cc1OC,423.27,4.74568,5.0,2.0,87.04,5.0,0.05,0
C=CC(=O)Nc1cc2c(Nc3cccc(Br)c3)ncnc2cc1N1CCN(C)CC1,467.371,4.0122,6.0,2.0,73.39,5.0,0.22727273,0
C=CC(=O)Nc1cc2c(Nc3cccc(Br)c3)ncnc2cc1OCCCCN(C)C,484.398,4.981,6.0,2.0,79.38,10.0,0.26086956,1
C=CC(=O)Nc1cc2c(Nc3cccc(Br)c3)ncnc2cc1OCCCN1CCN(C)CC1,525.451,4.2767,7.0,2.0,82.62,9.0,0.32,1
C=CC(=O)Nc1cc2c(Nc3cccc(Br)c3)ncnc2cc1OCCCN1CCOCC1,512.408,4.3615,7.0,2.0,88.61,9.0,0.29166666,1
C=CC(=O)Nc1cc2c(Nc3cccc(Br)c3)ncnc2cc1OCCCn1ccnc1,493.365,4.926,6.0,2.0,93.96,9.0,0.13043478,1
C=CC(=O)Nc1cc2c(Nc3cccc(Br)c3)ncnc2cc1SCCCN(CC)CC,514.493,6.0844,6.0,2.0,70.15,11.0,0.29166666,1
C=CC(=O)Nc1cc2c(Nc3cccc(Br)c3)ncnc2cn1,370.21,3.6554,5.0,2.0,79.8,4.0,0.0,1
C=CC(=O)Nc1cc2c(Nc3cccc(C)c3)ncnc2cc1OCCCN1CCN(C)CC1,460.582,3.82262,7.0,2.0,82.62,9.0,0.34615386,1
C=CC(=O)Nc1cc2c(Nc3cccc(C)c3)ncnc2cc1OCCCN1CCOCC1,447.539,3.90742,7.0,2.0,88.61,9.0,0.32,1
C=CC(=O)Nc1cc2c(Nc3cccc(C)c3)ncnc2cn1,305.341,3.20132,5.0,2.0,79.8,4.0,0.05882353,1
C=CC(=O)Nc1cc2ncnc(Nc3cccc(Br)c3)c2cn1,370.21,3.6554,5.0,2.0,79.8,4.0,0.0,1
C=CC(=O)Nc1ccc2c(Nc3cccc(Br)c3)ncnc2c1,369.222,4.2604,4.0,2.0,66.91,4.0,0.0,1
C=CC(=O)Nc1ccc2c(Nc3cccc(C)c3)ncnc2c1,304.353,3.80632,4.0,2.0,66.91,4.0,0.055555556,1
C=CC(=O)Nc1ccc2c(Nc3cccc(Cl)c3)ncnc2c1,324.771,4.1513,4.0,2.0,66.91,4.0,0.0,1
C=CC(=O)Nc1ccc2c(c1)CNc1c(Nc3ccc(F)c(Cl)c3)ncnc1O2,411.824,4.855,6.0,3.0,88.17,4.0,0.05,0
C=CC(=O)Nc1ccc2c(c1)CNc1c(Nc3cccc(Br)c3)ncnc1O2,438.285,4.825,6.0,3.0,88.17,4.0,0.05,0
C=CC(=O)Nc1ccc2ncc(C#N)c(Nc3cccc(Br)c3)c2c1,393.244,4.73708,4.0,2.0,77.81,4.0,0.0,1
C=CC(=O)Nc1ccc2ncnc(N3CCc4ccc(Br)cc43)c2c1,395.26,4.211,4.0,1.0,58.12,3.0,0.10526316,1
C=CC(=O)Nc1ccc2ncnc(Nc3cc(Cl)c(Cl)cc3F)c2c1,377.206,4.9438,4.0,2.0,66.91,4.0,0.0,1
C=CC(=O)Nc1ccc2ncnc(Nc3ccc(CN(C)C)c(Br)c3)c2c1,426.318,4.322,5.0,2.0,70.15,6.0,0.15,1
C=CC(=O)Nc1ccc2ncnc(Nc3ccc(F)c(Br)c3)c2c1,387.212,4.3995,4.0,2.0,66.91,4.0,0.0,1
C=CC(=O)Nc1ccc2ncnc(Nc3ccc(F)c(Br)c3)c2n1,388.2,3.7945,5.0,2.0,79.8,4.0,0.0,1
C=CC(=O)Nc1ccc2ncnc(Nc3ccc(F)c(Cl)c3)c2c1,342.761,4.2904,4.0,2.0,66.91,4.0,0.0,1
C=CC(=O)Nc1ccc2ncnc(Nc3ccc(F)c(Cl)c3)c2n1,343.749,3.6854,5.0,2.0,79.8,4.0,0.0,1
C=CC(=O)Nc1ccc2ncnc(Nc3ccc(OCCN(C)C)c(Br)c3)c2c1,456.344,4.2008,6.0,2.0,79.38,8.0,0.1904762,0
C=CC(=O)Nc1ccc2ncnc(Nc3ccc(OCc4ccccc4)cc3)c2c1,396.45,5.0769,5.0,2.0,76.14,7.0,0.041666668,1
C=CC(=O)Nc1ccc2ncnc(Nc3ccc(Oc4ccccc4)cc3)c2c1,382.423,5.2902,5.0,2.0,76.14,6.0,0.0,1
C=CC(=O)Nc1ccc2ncnc(Nc3cccc(Br)c3)c2c1,369.222,4.2604,4.0,2.0,66.91,4.0,0.0,1
C=CC(=O)Nc1ccc2ncnc(Nc3cccc(Br)c3)c2n1,370.21,3.6554,5.0,2.0,79.8,4.0,0.0,1
C=CC(=O)Nc1ccc2ncnc(Nc3cccc(C(F)(F)F)c3)c2c1,358.323,4.5167,4.0,2.0,66.91,4.0,0.055555556,1
C=CC(=O)Nc1ccc2ncnc(Nc3cccc(C)c3)c2c1,304.353,3.80632,4.0,2.0,66.91,4.0,0.055555556,1
C=CC(=O)Nc1ccc2ncnc(Nc3cccc(Cl)c3)c2c1,324.771,4.1513,4.0,2.0,66.91,4.0,0.0,1
C=CC(=O)Nc1cnc2ncc(C#N)c(Nc3cccc(Br)c3)c2c1,394.232,4.13208,5.0,2.0,90.7,4.0,0.0,0
C=CC(=O)Nc1nc2c(Nc3ccc(F)c(Cl)c3)ncnc2cc1C=CCCN1CCOCC1,482.947,4.4209,7.0,2.0,92.27,8.0,0.25,1
C=CC(=O)Nc1nc2c(Nc3ccc(F)c(Cl)c3)ncnc2cc1CCCCN1CCOCC1,484.963,4.3403,7.0,2.0,92.27,9.0,0.33333334,1
C=CC(=O)Nc1nc2c(Nc3ccc(F)c(Cl)c3)ncnc2cc1OC,373.775,3.694,6.0,2.0,89.03,5.0,0.05882353,1
C=CC(=O)Nc1nc2c(Nc3ccc(F)c(Cl)c3)ncnc2cc1OCCCN1CCN(C)CC1,499.978,3.7017,8.0,2.0,95.51,9.0,0.33333334,1
C=CC(=O)Nc1nc2c(Nc3ccc(F)c(Cl)c3)ncnc2cc1OCCCN1CCOCC1,486.935,3.7865,8.0,2.0,101.5,9.0,0.3043478,1
C=CC(=O)Nc1nc2c(Nc3ccc(F)c(Cl)c3)ncnc2cc1OCCOC,417.828,3.7106,7.0,2.0,98.26,8.0,0.15789473,1
C=CC(=O)c1ccc2ccccc2c1,182.222,3.2085,1.0,0.0,17.07,2.0,0.0,0
C=CCN(C)CC#CC(=O)Nc1ccc2ncnc(Nc3cccc(Br)c3)c2c1,450.34,4.1956,5.0,2.0,70.15,6.0,0.13636364,1
C=CCOc1ccc2ncnc(Nc3ccc(OCc4ccccc4)cc3)c2c1,383.451,5.5172,5.0,1.0,56.27,8.0,0.083333336,1
C=CS(=O)(=O)Nc1cc2c(Nc3ccc(OCc4ccccc4)c(Cl)c3)c(C#N)cnc2cc1OCC,535.025,6.36638,7.0,2.0,113.34,10.0,0.11111111,1
C=CS(=O)(=O)Nc1cc2c(Nc3cccc(Br)c3)ncnc2cn1,406.265,3.4161,6.0,2.0,96.87,5.0,0.0,1
C=CS(=O)(=O)Nc1ccc2ncnc(Nc3cccc(Br)c3)c2c1,405.277,4.0211,5.0,2.0,83.98,5.0,0.0,1
C=CS(=O)(=O)c1cc2c(Nc3cccc(Br)c3)ncnc2cn1,391.25,3.4481,6.0,1.0,84.84,4.0,0.0,1
C=C[S+]([O-])c1cc2c(Nc3cccc(Br)c3)ncnc2cn1,375.251,3.782,5.0,1.0,73.76,4.0,0.0,1
C=c1c(C(=O)N2CCC[C@@H]2CN2CCCC2)c(C)[nH]c1=Cc1c(O)[nH]c2ccc(S(=O)(=O)Cc3c(Cl)cccc3Cl)cc12,641.621,4.73022,5.0,3.0,109.5,7.0,0.34375,0
C=c1c(C(=O)N2CCN(C)CC2)c[nH]c1=Cc1c(O)[nH]c2ncnc(Nc3ccc(F)c(Cl)c3)c12,495.946,2.1544,6.0,4.0,113.17,4.0,0.20833333,0
C=c1c(C(=O)NCCN(CC)CC)c(C)[nH]c1=Cc1c(O)[nH]c2ccc(Br)cc12,459.388,2.58322,3.0,4.0,84.15,7.0,0.3181818,0
C=c1c(C(=O)NCCN(CC)CC)c(C)[nH]c1=Cc1c(O)[nH]c2ccc(Cl)cc12,414.937,2.47412,3.0,4.0,84.15,7.0,0.3181818,0
C=c1c(C(=O)NCCN(CC)CC)c(C)[nH]c1=Cc1c(O)[nH]c2ncnc(Nc3ccc(F)c(Cl)c3)c12,526.016,3.14682,6.0,5.0,121.96,9.0,0.26923078,1
C=c1c(CCC(=O)O)c(C)[nH]c1=Cc1c(O)[nH]c2cc(-c3cccc(OC)c3)ccc12,416.477,3.44192,3.0,4.0,98.34,6.0,0.16,0
C=c1c(CCC(=O)O)c(C)[nH]c1=Cc1c(O)[nH]c2cc(-c3ccccc3)ccc12,386.451,3.43332,2.0,4.0,89.11,5.0,0.125,0
C=c1c(CCC(=O)O)c(C)[nH]c1=Cc1c(O)[nH]c2cc(-c3ccccc3OC)ccc12,416.477,3.44192,3.0,4.0,98.34,6.0,0.16,0
C=c1c(CCC(=O)O)c(C)[nH]c1=Cc1c(O)[nH]c2ccc(S(N)(=O)=O)cc12,389.433,0.41372,4.0,5.0,149.27,5.0,0.16666667,0
C=c1c(CCC(=O)O)c(C)[nH]c1=Cc1c(O)[nH]c2ncnc(Nc3ccc(F)c(Cl)c3)c12,455.877,3.09242,5.0,5.0,126.92,6.0,0.13636364,1
C=c1c(CCC(=O)O)c[nH]c1=Cc1c(O)[nH]c2cc(-c3ccc(OC)cc3)ccc12,402.45,3.1335,3.0,4.0,98.34,6.0,0.125,0
C=c1c(CCC(=O)O)c[nH]c1=Cc1c(O)[nH]c2cc(-c3cccc(OC)c3)ccc12,402.45,3.1335,3.0,4.0,98.34,6.0,0.125,0
C=c1c(CCC(=O)O)c[nH]c1=Cc1c(O)[nH]c2cc(-c3ccccc3)ccc12,372.424,3.1249,2.0,4.0,89.11,5.0,0.08695652,0
C=c1c(CCC(=O)O)c[nH]c1=Cc1c(O)[nH]c2cc(-c3ccccc3OC)ccc12,402.45,3.1335,3.0,4.0,98.34,6.0,0.125,0
C=c1cc(C(=O)N2CC(C)NC(C)C2)[nH]c1=Cc1c(O)[nH]c2ncnc(Nc3ccc(F)c(Cl)c3)c12,509.973,2.5892,6.0,5.0,121.96,4.0,0.24,1
C=c1cc(C(=O)N2CCN(C)CC2)[nH]c1=Cc1c(O)[nH]c2ncnc(Nc3ccc(F)c(Cl)c3)c12,495.946,2.1544,6.0,4.0,113.17,4.0,0.20833333,1
C=c1cc(C(=O)N2CCN(CC)CC2)[nH]c1=Cc1c(O)[nH]c2ncnc(Nc3ccc(F)c(Cl)c3)c12,509.973,2.5445,6.0,4.0,113.17,5.0,0.24,1
C=c1cc(C(=O)N2CCOCC2)[nH]c1=Cc1c(O)[nH]c2ncnc(Nc3ccc(F)c(Cl)c3)c12,482.903,2.2392,6.0,4.0,119.16,4.0,0.17391305,1
C=c1cc(C(=O)N2CCOCC2)[nH]c1=Cc1c(O)[nH]c2ncnc(Nc3ccc4c(c3)CCC4)c12,470.533,1.9354,6.0,4.0,119.16,4.0,0.26923078,0
C=c1cc(C(=O)N2CCOCC2)[nH]c1=Cc1c(O)[nH]c2ncnc(Nc3ccc4c(ccn4Cc4ccccc4)c3)c12,559.63,3.4497,6.0,4.0,124.09,6.0,0.15625,1
C=c1cc(C(=O)N2CCOCC2)[nH]c1=Cc1c(O)[nH]c2ncnc(Nc3ccc4c(cnn4Cc4ccccc4)c3)c12,560.618,2.8447,7.0,4.0,136.98,6.0,0.16129032,1
C=c1cc(C(=O)NCC(O)CN(CC)CC)[nH]c1=Cc1c(O)[nH]c2ncnc(Nc3ccc(F)c(Cl)c3)c12,542.015,2.1993,7.0,6.0,142.19,10.0,0.26923078,1
C=c1cc(C(=O)NCCN(CC)CC)[nH]c1=Cc1c(O)[nH]c2ncnc(Nc3ccc(Cl)cc3F)c12,511.989,2.8384,6.0,5.0,121.96,9.0,0.24,0
C=c1cc(C(=O)NCCN(CC)CC)[nH]c1=Cc1c(O)[nH]c2ncnc(Nc3ccc(F)c(Cl)c3)c12,511.989,2.8384,6.0,5.0,121.96,9.0,0.24,1
C=c1cc(C(=O)NCCN2CCOCC2)[nH]c1=Cc1c(O)[nH]c2ncnc(Nc3ccc(F)c(Cl)c3)c12,525.972,1.8288,7.0,5.0,131.19,7.0,0.24,1
C=c1cc(C(=O)NCCN2CCOCC2)[nH]c1=Cc1c(O)[nH]c2ncnc(Nc3ccc4c(ccn4Cc4ccccc4)c3)c12,602.699,3.0393,7.0,5.0,136.12,9.0,0.20588236,1
C=c1cc(C(=O)NCCN2CCOCC2)[nH]c1=Cc1c(O)n(C)c2ncnc(Nc3ccc(F)c(Cl)c3)c12,539.999,1.8392,7.0,4.0,120.33,7.0,0.26923078,0
C=c1cc(C(=O)O)[nH]c1=Cc1c(O)[nH]c2ncnc(Nc3ccc(F)c(Cl)c3)c12,413.796,2.465,5.0,5.0,126.92,4.0,0.0,1
C=c1cc(C)[nH]c1=Cc1c(O)[nH]c2ncnc(Nc3ccc(F)c(Cl)c3)c12,383.814,3.07522,4.0,4.0,89.62,3.0,0.05263158,0
C=c1cc(CCC(=O)O)[nH]c1=Cc1c(O)[nH]c2ncnc(Nc3ccc(F)c(Cl)c3)c12,441.85,2.784,5.0,5.0,126.92,6.0,0.0952381,1
CC#CC(=O)Nc1cc2c(Nc3ccc(F)c(Cl)c3)ncnc2cn1,355.76,3.5227,5.0,2.0,79.8,3.0,0.05882353,1
CC#CC(=O)Nc1cc2c(Nc3cccc(Br)c3)c(C#N)cnc2cc1OC,435.281,4.58298,5.0,2.0,87.04,4.0,0.0952381,0
CC#CC(=O)Nc1ccc2ncc(C#N)c(Nc3ccc(F)c(Cl)c3)c2c1,378.794,4.60438,4.0,2.0,77.81,3.0,0.05,0
CC#CC(=O)Nc1ccc2ncc(C#N)c(Nc3cccc(Br)c3)c2c1,405.255,4.57438,4.0,2.0,77.81,3.0,0.05,0
CC#CC(=O)Nc1ccc2ncnc(Nc3cccc(Br)c3)c2c1,381.233,4.0977,4.0,2.0,66.91,3.0,0.055555556,1
CC#CC(=O)Nc1cnc2ncc(C#N)c(Nc3ccc(F)c(Cl)c3)c2c1,379.782,3.99938,5.0,2.0,90.7,3.0,0.05263158,0
CC#CC(=O)Nc1cnc2ncc(C#N)c(Nc3cccc(Br)c3)c2c1,406.243,3.96938,5.0,2.0,90.7,3.0,0.05263158,0
CC(=Cc1ccc(O)c(O)c1)[N+](=O)[O-],195.174,1.7353,4.0,2.0,83.6,2.0,0.11111111,0
CC(=O)/C=C/C(=O)Nc1ccc2ncnc(Nc3cccc(Br)c3)c2c1,411.259,4.2196,5.0,2.0,83.98,5.0,0.05263158,1
CC(=O)C(Nc1cc(O)c(NC(C(=O)O)C(C)O)cc1O)C(=O)O,342.304,-0.2022,8.0,7.0,176.42,8.0,0.35714287,0
CC(=O)N1CCC[C@@H]1C#Cc1cc2ncnc(Nc3ccc(OCc4cccc(F)c4)c(Cl)c3)c2s1,521.017,6.1688,6.0,1.0,67.35,5.0,0.22222222,1
CC(=O)N1CCN(CCOc2[nH]nc3ncnc(Nc4ccc(OCc5ccccn5)c(Cl)c4)c23)CC1,522.997,3.2668,9.0,2.0,121.39,9.0,0.32,1
CC(=O)N1CCN(Cc2ccn3ncnc(Nc4ccc5c(cnn5Cc5cccc(F)c5)c4)c23)CC1,498.566,3.6741,6.0,1.0,83.59,6.0,0.25925925,0
CC(=O)NC(Cc1c(SSc2[nH]c3ccccc3c2CC(NC(C)=O)C(=O)NCc2ccccc2)[nH]c2ccccc12)C(=O)NCc1ccccc1,732.932,6.1758,6.0,6.0,147.98,15.0,0.2,0
CC(=O)NC1CCN(Cc2ccn3ncnc(Nc4ccc5c(cnn5Cc5cccc(F)c5)c4)c23)CC1,512.593,4.1105,6.0,2.0,92.38,7.0,0.2857143,0
CC(=O)NCCNCc1ccc(-c2cc3nccc(Nc4ccc5[nH]ccc5c4)c3s2)cc1,455.587,5.4139,5.0,4.0,81.84,8.0,0.15384616,1
CC(=O)NCCNCc1ccc(-c2cc3ncnc(Nc4ccc5[nH]ccc5c4)c3s2)cc1,456.575,4.8089,6.0,4.0,94.73,8.0,0.16,1
CC(=O)NCc1cccc(C#Cc2cncnc2Nc2ccc(OCc3cccc(F)c3)c(Cl)c2)c1,500.961,5.6276,5.0,2.0,76.14,7.0,0.10714286,1
CC(=O)Nc1c(Br)cccc1Nc1ncnc2ccncc12,358.199,3.4893,5.0,2.0,79.8,3.0,0.06666667,1
CC(=O)Nc1cc2ncnc(NCc3ccccc3)c2cn1,293.33,2.5953,5.0,2.0,79.8,4.0,0.125,1
CC(=O)Nc1cc2ncnc(Nc3cccc(Br)c3)c2cc1[N+](=O)[O-],402.208,4.0025,6.0,2.0,110.05,4.0,0.0625,1
CC(=O)Nc1cc2ncnc(Nc3cccc(Br)c3)c2cn1,358.199,3.4893,5.0,2.0,79.8,3.0,0.06666667,1
CC(=O)Nc1ccc(C#Cc2cncnc2Nc2ccc(OCc3cccc(F)c3)c(Cl)c2)cc1,486.934,5.9499,5.0,2.0,76.14,6.0,0.074074075,0
CC(=O)Nc1ccc2c(Nc3cccc(Br)c3)ncnc2c1,357.211,4.0943,4.0,2.0,66.91,3.0,0.0625,1
CC(=O)Nc1cccc(C#Cc2cncnc2Nc2ccc(OCc3cccc(F)c3)c(Cl)c2)c1,486.934,5.9499,5.0,2.0,76.14,6.0,0.074074075,1
CC(=O)Nc1cccc(C#Cc2cncnc2Nc2ccc(OCc3cccc(F)c3)c(Cl)c2)n1,487.922,5.3449,6.0,2.0,89.03,6.0,0.07692308,1
CC(=O)OC(Cc1c(SSc2[nH]c3ccccc3c2CC(OC(C)=O)C(=O)NCc2ccccc2)[nH]c2ccccc12)C(=O)NCc1ccccc1,734.9,7.0298,8.0,4.0,142.38,15.0,0.2,0
CC(=O)O[C@@]12CO[C@@H]1C[C@H](O)[C@@]1(C)C(=O)C(=O)C3C(C)[C@@H](OC(=O)C(O)C(NC(=O)OC(C)(C)C)c4ccccc4)C[C@@](O)([C@@H](OC(=O)c4ccccc4)[C@H]21)C3(C)C,807.89,3.4036,14.0,4.0,221.29,8.0,0.5813953,1
CC(=O)Oc1ccc2c(c1)c(C(=O)Nc1ccccc1)c(SSc1c(C(=O)Nc3ccccc3)c3cc(OC(C)=O)ccc3n1C)n2C,678.792,7.8246,8.0,2.0,120.66,9.0,0.11111111,0
CC(=O)Oc1cccc2c(C(=O)Nc3ccccc3)c(SSc3c(C(=O)Nc4ccccc4)c4cccc(OC(C)=O)c4n3C)n(C)c12,678.792,7.8246,8.0,2.0,120.66,9.0,0.11111111,0
CC(=O)Oc1cccc2c1c(C(=O)Nc1ccccc1)c(SSc1c(C(=O)Nc3ccccc3)c3c(OC(C)=O)cccc3n1C)n2C,678.792,7.8246,8.0,2.0,120.66,9.0,0.11111111,0
CC(=O)c1c(SSc2c(C(C)=O)c3ccccc3n2C)n(C)c2ccccc12,408.548,5.8746,4.0,0.0,44.0,5.0,0.18181819,0
CC(=O)c1cc(NCc2c[nH]cn2)cc2c(Nc3ccc(F)c(Cl)c3)c(C#N)cnc12,434.862,5.18038,6.0,3.0,106.49,6.0,0.09090909,1
CC(C)(C)CCOC(=O)c1cc(NCc2cc(O)ccc2O)ccc1O,359.422,4.0085,6.0,4.0,99.02,6.0,0.35,0
CC(C)(C)NC(=O)Nc1nc2nc(N)ncc2cc1-c1c(Cl)cccc1Cl,405.289,4.5008,5.0,3.0,105.82,2.0,0.22222222,0
CC(C)(C)NC(=O)Nc1nc2nc(N)ncc2cc1-c1ccccc1,336.399,3.194,5.0,3.0,105.82,2.0,0.22222222,0
CC(C)(C)NC(=O)c1ccc(S(=O)(=O)Oc2ccc(/C=C/[N+](=O)[O-])cc2)cc1,404.444,3.23,6.0,1.0,115.61,6.0,0.21052632,0
CC(C)(C)OC(=O)N1CCC(n2cc(-c3cccc(O)c3)c3c(N)ncnc32)C1,395.463,3.568,6.0,2.0,106.5,2.0,0.3809524,0
CC(C)(C)OC(=O)N1CCC(n2cc(-c3ccccc3)c3c(N)ncnc32)C1,379.464,3.8624,5.0,1.0,86.27,2.0,0.3809524,0
CC(C)(C)OC(=O)NCCNC(=O)c1ccc(S(=O)(=O)Oc2ccc(/C=C/[N+](=O)[O-])cc2)cc1,491.522,2.9562,8.0,2.0,153.94,9.0,0.27272728,0
CC(C)(C)OC(=O)Nc1ccc(-c2[nH]nc3ncnc(Nc4cccc(Cl)c4)c23)cc1,436.903,5.7639,6.0,3.0,104.82,4.0,0.18181819,0
CC(C)(C)OC(=O)c1cc(NCc2cc(O)ccc2O)ccc1O,331.368,3.3708,6.0,4.0,99.02,4.0,0.2777778,0
CC(C)(C)ONC(=O)Cc1cc(N=Cc2cc(O)ccc2O)ccc1O,358.394,2.9428,6.0,4.0,111.38,5.0,0.2631579,0
CC(C)(C)ONC(=O)Cc1cc(NCc2cc(O)ccc2O)ccc1O,360.41,2.8043,6.0,5.0,111.05,6.0,0.31578946,0
CC(C)(C)ONC(=O)c1cc(NCc2cc(O)ccc2O)ccc1O,346.383,2.8754,6.0,5.0,111.05,5.0,0.2777778,1
CC(C)(C)c1cc(C=C(C#N)C(N)=O)cc(C(C)(C)C)c1O,300.402,3.37948,3.0,2.0,87.11,2.0,0.44444445,0
CC(C)(C)c1cc(C=C2C(=O)Nc3ccccc32)cc(C(C)(C)C)c1O,349.474,5.4799,2.0,2.0,49.33,1.0,0.3478261,0
CC(C)(C)c1cc(O)cc(-c2ccc(C(=O)NCc3ccccc3)cc2)c1,359.469,5.2867,2.0,2.0,49.33,4.0,0.20833333,0
CC(C)(C)n1nc(-c2ccc(Cl)cc2)c2c(N)ncnc21,301.781,3.4839,4.0,1.0,69.62,1.0,0.26666668,0
CC(C)(CO)NCc1ccc(-c2cc3ncnc(Nc4ccc5[nH]ccc5c4)c3s2)cc1,443.576,5.4437,6.0,4.0,85.86,7.0,0.2,1
CC(C)(O)C#Cc1ccc2ncnc(Nc3ccc(F)c(Cl)c3)c2c1,355.8,4.2883,4.0,2.0,58.04,2.0,0.15789473,1
CC(C)CC(NC(=O)C(CCCN=C(N)N)NC(=O)C(N)CCCNC(=N)N)C(=O)NC(CCC(=O)O)C(=O)NC(CCC(=O)O)C(=O)NC(CCC(=O)O)C(=O)NC(CCC(=O)O)C(=O)NC(CCC(=O)O)C(=O)NC(C)C(=O)NC(Cc1c(F)c(F)c(O)c(F)c1F)C(=O)NCC(=O)O,1452.395,-5.91073,20.0,23.0,687.35,48.0,0.57894737,0
CC(C)CCCC(C)CCOC(=O)c1cc(N=Cc2cc(O)ccc2O)ccc1O,413.514,5.5633,6.0,3.0,99.35,10.0,0.41666666,0
CC(C)CCCC(C)CCOC(=O)c1cc(NCc2cc(O)ccc2O)ccc1O,415.53,5.4248,6.0,4.0,99.02,11.0,0.45833334,0
CC(C)CON=Cc1c(N)ncnc1Nc1ccc2c(cnn2Cc2cccc(F)c2)c1,433.491,4.346,7.0,2.0,103.24,8.0,0.2173913,1
CC(C)N(C)CC#CC(=O)Nc1ccc2ncnc(Nc3cccc(Br)c3)c2c1,452.356,4.418,5.0,2.0,70.15,5.0,0.22727273,1
CC(C)N(CC#CC(=O)Nc1cc2c(Nc3ccc(F)c(Cl)c3)ncnc2cn1)C(C)C,454.937,4.6216,6.0,2.0,83.04,6.0,0.3043478,1
CC(C)N(CC#CC(=O)Nc1ccc2ncc(C#N)c(Nc3cccc(Br)c3)c2c1)C(C)C,504.432,5.67328,5.0,2.0,81.05,6.0,0.26923078,1
CC(C)N(CC#CC(=O)Nc1ccc2ncnc(Nc3ccc(F)c(Cl)c3)c2c1)C(C)C,453.949,5.2266,5.0,2.0,70.15,6.0,0.29166666,1
CC(C)N(CC#CC(=O)Nc1ccc2ncnc(Nc3cccc(Br)c3)c2c1)C(C)C,480.41,5.1966,5.0,2.0,70.15,6.0,0.29166666,1
CC(C)N(CCC(=O)c1ccc2ccccc2c1)Cc1ccccc1,331.459,5.3232,2.0,0.0,20.31,7.0,0.26086956,0
CC(C)NC(=O)c1ccc(S(=O)(=O)Oc2ccc(/C=C/[N+](=O)[O-])cc2)cc1,390.417,2.8399,6.0,1.0,115.61,7.0,0.16666667,0
CC(C)Nc1ncnc2oc(-c3ccc(OCCN4CCCC4)cc3)c(-c3ccccc3)c12,442.563,5.8517,6.0,1.0,63.42,8.0,0.33333334,0
CC(C)ON=Cc1c(N)ncnc1Nc1ccc2c(cnn2Cc2cccc(F)c2)c1,419.464,4.0984,7.0,2.0,103.24,7.0,0.18181819,1
CC(C)S(=O)(=O)CCNCc1ccc(-c2ccc3ncnc(Nc4ccc(OCc5cccc(F)c5)c(Cl)c4)c3c2)o1,609.123,6.9177,8.0,2.0,106.35,12.0,0.22580644,1
CC(C)c1cc(C=C(C#N)C(N)=O)cc(C(C)C)c1O,272.348,3.03128,3.0,2.0,87.11,4.0,0.375,0
CC(C)c1cc(C=C2C(=O)Nc3ccc(Cl)cc32)cc(C(C)C)c1O,355.865,5.7851,2.0,2.0,49.33,3.0,0.2857143,0
CC(C)c1cc(C=C2C(=O)Nc3ccccc32)cc(C(C)C)c1O,321.42,5.1317,2.0,2.0,49.33,3.0,0.2857143,0
CC(C)c1ccc(/C=C2/C(=O)Nc3ccccc32)cc1,263.34,4.3027,1.0,1.0,29.1,2.0,0.16666667,0
CC(C)c1ccc(COC(=O)c2cc(NCc3cc(O)ccc3O)ccc2O)cc1,407.466,4.8959,6.0,4.0,99.02,7.0,0.20833333,0
CC(CCOC(=O)c1cc(NCc2cc(O)ccc2O)ccc1O)CC(C)(C)C,401.503,5.0347,6.0,4.0,99.02,8.0,0.4347826,0
CC(CCOC(=O)c1cc(NCc2cc(O)ccc2O)ccc1O)c1ccccc1,407.466,4.7661,6.0,4.0,99.02,8.0,0.20833333,0
CC(CN(C)C)C(=O)c1ccc(OS(=O)(=O)c2ccc(C(=O)O)cc2)cc1,391.445,2.5329,6.0,1.0,100.98,8.0,0.2631579,0
CC(COC(=O)c1cc(N=Cc2cc(O)ccc2O)ccc1O)CC(C)(C)C,385.46,4.7831,6.0,3.0,99.35,6.0,0.36363637,0
CC(COC(=O)c1cc(NCc2cc(O)ccc2O)ccc1O)CC(C)(C)C,387.476,4.6446,6.0,4.0,99.02,7.0,0.4090909,0
CC(COC(=O)c1cc(NCc2cc(O)ccc2O)ccc1O)Cc1ccccc1,407.466,4.4511,6.0,4.0,99.02,8.0,0.20833333,0
CC(NC(=O)C(C#N)=Cc1ccc(O)c(O)c1)c1ccccc1,308.337,2.88218,4.0,3.0,93.35,4.0,0.11111111,0
CC(NC(=O)C(C)NC(=O)c1ccc(S(=O)(=O)Oc2ccc(/C=C/[N+](=O)[O-])cc2)cc1)C(=O)O,491.478,1.4093,8.0,3.0,182.01,10.0,0.1904762,0
CC(NC(=O)c1ccc(S(=O)(=O)Oc2ccc(/C=C/[N+](=O)[O-])cc2)cc1)C(=O)NC(C)C(=O)NCCN,533.563,0.3996,9.0,4.0,199.83,12.0,0.26086956,0
CC(NC(=O)c1ccc(S(=O)(=O)Oc2ccc(/C=C/[N+](=O)[O-])cc2)cc1)C(=O)NC(C)C(=O)OC(C)(C)C,547.586,2.6664,9.0,2.0,171.01,10.0,0.32,0
CC(O)C#Cc1ccc2ncnc(Nc3ccc(F)c(Cl)c3)c2c1,341.773,3.8982,4.0,2.0,58.04,2.0,0.11111111,1
CC(Oc1cccc2ncnc(Nc3ccc(OCc4ccccn4)c(Cl)c3)c12)C(=O)N(C)C,477.952,4.8563,7.0,1.0,89.47,8.0,0.2,1
CC(Oc1cccc2ncnc(Nc3ccc4c(cnn4Cc4ccccn4)c3)c12)C(=O)N(C)C,467.533,4.0219,7.0,1.0,98.06,7.0,0.1923077,1
CC(Oc1cccc2ncnc(Nc3ccc4c(cnn4Cc4nccs4)c3)c12)C(=O)N1CCOCC1,515.599,3.854,9.0,1.0,107.29,7.0,0.26923078,1
CC1(N)CCN(Cc2ccn3ncnc(Nc4ccc5c(cnn5Cc5cccc(F)c5)c4)c23)CC1,484.583,4.3232,6.0,2.0,89.3,6.0,0.2962963,1
CC1CNCCN(Cc2ccn3ncnc(Nc4ccc5c(cnn5Cc5cccc(F)c5)c4)c23)C1,484.583,4.0513,6.0,2.0,75.31,6.0,0.2962963,1
CCC(=O)Nc1ccc2ncnc(Nc3cccc(Br)c3)c2c1,371.238,4.4844,4.0,2.0,66.91,4.0,0.11764706,1
CCC(=O)O[C@H]1CN[C@H](C#Cc2cc3ncnc(Nc4ccc(OCc5cccc(F)c5)c(Cl)c4)c3s2)C1,551.043,5.8416,8.0,2.0,85.37,7.0,0.25,1
CCC(C)[C@@H]1[C@@](C)(C(=O)/C=C/OC)[C@H]2[C@H](C)C[C@@](C)(O)C[C@]2(O)C(=O)[C@@]1(C)O,396.524,2.2461,6.0,3.0,104.06,5.0,0.8181818,0
CCC(NC(=O)C(CC(C)C)NC(=O)C(NC(=O)C(CCCCN)NC(=O)C(Cc1c[nH]cn1)NC(=O)C(Cc1ccc(C)cc1)NC(=O)C(CCCCNC(=N)N)NC(=O)C(C)NC(=O)C(NC(=O)C(Cc1ccc(Cl)cc1)NC(=O)C(NC(=O)C(C)NC(=O)C(CC(=O)O)NC(=O)C(CCCNC(=N)N)NC(=O)C(Cc1ccc(O)cc1)NC(=O)Cc1ccccc1)[C@@H](C)CC)[C@@H](C)O)C(C)C)C(=O)NC(CCC(N)=O)C(=O)NC(CC(C)C)C(=O)NC(CO)C(=O)NC(C)C(=O)NC(Cc1cnc[nH]1)C(=O)NC(CCCCN)C(=O)NC(CC(C)C)C(=O)NC(CC(C)C)C(=O)NC(CCC(N)=O)C(=O)NC(CC(=O)O)C(=O)NC(C(=O)NC(C(=O)NC(CCCNC(=N)N)C(=O)NC(CCCCNC(=N)N)C(N)=O)[C@@H](C)CC)[C@@H](C)CC,3688.829,-7.5061,45.0,53.0,1465.46,124.0,0.6023392,1
CCCC#CC(=O)Nc1cc2c(Nc3ccc(F)c(Cl)c3)ncnc2cn1,383.814,4.3029,5.0,2.0,79.8,4.0,0.15789473,1
CCCCC#CC(=O)Nc1cc2c(Nc3ccc(F)c(Cl)c3)ncnc2cn1,397.841,4.693,5.0,2.0,79.8,5.0,0.2,1
CCCCC(O)CN(C)[C@H]1C[C@@H]2O[C@](C)([C@H]1OC)n1c3ccccc3c3c4c(c5c6ccccc6n2c5c31)C(=O)NC4,566.702,5.6175,5.0,2.0,80.89,7.0,0.44117647,0
CCCCCCCCCCCCCCNC(=O)c1cc(NCc2cc(O)ccc2O)ccc1O,470.654,6.8464,5.0,5.0,101.82,17.0,0.53571427,0
CCCCCCNC(=O)c1cc(NCc2cc(O)ccc2O)ccc1O,358.438,3.7256,5.0,5.0,101.82,9.0,0.35,0
CCCCCOc1ccc(Nc2c(C#N)cnc3cc(OCC)c(NC(=O)/C=C/CN(C)C)cc23)cc1Cl,536.076,6.52748,7.0,2.0,99.51,13.0,0.3448276,0
CCCCN(CC#CC(=O)Nc1cc2c(Nc3ccc(F)c(Cl)c3)ncnc2cn1)CCCC,482.991,5.405,6.0,2.0,83.04,10.0,0.36,1
CCCCN(CC#CC(=O)Nc1ccc2ncnc(Nc3ccc(F)c(Cl)c3)c2c1)CCCC,482.003,6.01,5.0,2.0,70.15,10.0,0.34615386,1
CCCCNC(=O)c1ccc(S(=O)(=O)Oc2ccc(/C=C/[N+](=O)[O-])cc2)cc1,404.444,3.2316,6.0,1.0,115.61,9.0,0.21052632,0
CCCCNc1ncc2cc(-c3c(Cl)cccc3Cl)c(=O)n(C)c2n1,377.275,4.5143,4.0,1.0,59.81,5.0,0.2777778,0
CCCCOc1cc2ncnc(Nc3cccc(Br)c3)c2cc1OCCCC,444.373,6.4937,5.0,1.0,56.27,10.0,0.36363637,1
CCCCc1cc(C=C(C#N)C(N)=O)cc(CCCC)c1O,300.402,3.46968,3.0,2.0,87.11,8.0,0.44444445,0
CCCN(C/C=C/C(=O)Nc1ccc2ncnc(Nc3cccc(Br)c3)c2c1)CCC,482.426,5.7526,5.0,2.0,70.15,10.0,0.29166666,1
CCCN(CC#CC(=O)Nc1ccc2ncc(C#N)c(Nc3cccc(Br)c3)c2c1)CCC,504.432,5.67648,5.0,2.0,81.05,8.0,0.26923078,1
CCCN(CC#CC(=O)Nc1ccc2ncnc(Nc3cccc(Br)c3)c2c1)CCC,480.41,5.1998,5.0,2.0,70.15,8.0,0.29166666,1
CCCN(CCS(C)(=O)=O)Cc1ccc(-c2ccc3ncnc(Nc4ccc(OCc5cccc(F)c5)c(Cl)c4)c3c2)o1,623.15,7.2615,8.0,1.0,97.56,13.0,0.25,1
CCCNN1C(=O)c2c(c3c4cccc(O)c4n(C4OC(CO)C(O)C(O)C4O)c3c3[nH]c4c(O)cccc4c23)C1=O,576.562,1.3232,10.0,8.0,200.74,5.0,0.31034482,0
CCCOc1cc2ncnc(Nc3cccc(Br)c3)c2cc1OCCC,416.319,5.7135,5.0,1.0,56.27,8.0,0.3,1
CCCS(=O)(=O)CCNCc1ccc(-c2ccc3ncnc(Nc4ccc(OCc5cccc(F)c5)c(Cl)c4)c3c2)o1,609.123,6.9193,8.0,2.0,106.35,13.0,0.22580644,1
CCCc1c(C(=O)OCC)cn2ncnc(Nc3ccc4c(cnn4Cc4ccccc4)c3)c12,454.534,5.0001,6.0,1.0,86.34,8.0,0.23076923,0
CCN(C)C(=O)O[C@H]1CN[C@H](C#Cc2cc3ncnc(Nc4ccc(OCc5cccc(F)c5)c(Cl)c4)c3s2)C1,580.085,5.9767,8.0,2.0,88.61,7.0,0.27586207,1
CCN(C)[C@H]1C[C@@H]2O[C@](C)([C@H]1OC)n1c3ccccc3c3c4c(c5c6ccccc6n2c5c31)C(=O)NC4,494.595,5.0863,4.0,1.0,60.66,3.0,0.36666667,0
CCN(CC)C(=O)O[C@H]1CN[C@H](C#Cc2cc3ncnc(Nc4ccc(OCc5cccc(F)c5)c(Cl)c4)c3s2)C1,594.112,6.3668,8.0,2.0,88.61,8.0,0.3,1
CCN(CC)C(C)/C=C/C(=O)Nc1cc2c(Nc3ccc(F)c(Cl)c3)c(C#N)cnc2cc1OC,495.986,5.87618,6.0,2.0,90.28,9.0,0.26923078,0
CCN(CC)C/C=C/C(=O)Nc1cc2c(Nc3ccc(F)c(Cl)c3)c(C#N)cnc2cc1OC,481.959,5.48768,6.0,2.0,90.28,9.0,0.24,0
CCN(CC)C/C=C/C(=O)Nc1ccc2ncnc(Nc3cccc(Br)c3)c2c1,454.372,4.9724,5.0,2.0,70.15,8.0,0.22727273,1
CCN(CC)CC#CC(=O)Nc1cc2c(Nc3ccc(F)c(Cl)c3)ncnc2cn1,426.883,3.8446,6.0,2.0,83.04,6.0,0.23809524,1
CCN(CC)CC#CC(=O)Nc1ccc2ncnc(Nc3ccc(F)c(Cl)c3)c2c1,425.895,4.4496,5.0,2.0,70.15,6.0,0.22727273,1
CCN(CC)CC#CC(=O)Nc1ccc2ncnc(Nc3cccc(Br)c3)c2c1,452.356,4.4196,5.0,2.0,70.15,6.0,0.22727273,1
CCN(CC)CC(O)CNc1cc2c(Nc3cccc(Br)c3)ncnc2cn1,445.365,3.6455,7.0,3.0,86.2,9.0,0.35,1
CCN(CC)CCC#CC(=O)Nc1ccc2ncnc(Nc3ccc(F)c(Cl)c3)c2c1,439.922,4.8397,5.0,2.0,70.15,7.0,0.26086956,1
CCN(CC)CCCCNc1ncc2cc(-c3c(Cl)cccc3Cl)c(NC(=O)NC(C)(C)C)nc2n1,532.52,6.4525,6.0,3.0,95.07,10.0,0.46153846,0
CCN(CC)CCCCNc1ncc2cc(-c3c(Cl)cccc3Cl)c(NC(=O)Nc3ccccc3)nc2n1,552.51,7.1765,6.0,3.0,95.07,11.0,0.2857143,0
CCN(CC)CCCNC(=O)/C=C/C(=O)Nc1cc2c(Nc3cccc(Br)c3)ncnc2cn1,526.439,3.8737,7.0,3.0,112.14,11.0,0.29166666,1
CCN(CC)CCCNc1ncc2cc(-c3c(Cl)cccc3Cl)c(=O)n(C)c2n1,434.371,4.4461,5.0,1.0,63.05,8.0,0.3809524,0
CCN(CC)CCCNc1ncc2cc(-c3c(Cl)cccc3Cl)c(NC(=O)NC(C)(C)C)nc2n1,518.493,6.0624,6.0,3.0,95.07,9.0,0.44,0
CCN(CC)CCCOc1cc2c(Nc3ccc(F)c(Cl)c3)ncnc2cc1OC,432.927,5.2852,6.0,1.0,59.51,10.0,0.36363637,1
CCN(CC)CCNC(=O)c1c([Se][Se]c2[nH]c3ccccc3c2C(=O)NCCN(CC)CC)[nH]c2ccccc12,674.61,2.0666,4.0,4.0,96.26,15.0,0.4,0
CCN(CC)CCNC(=O)c1c([Se][Se]c2c(C(=O)NCCN(CC)CC)c3ccccc3n2C)n(C)c2ccccc12,702.664,2.0874,4.0,2.0,74.54,15.0,0.4375,0
CCN(CC)CCOc1c(C(=O)OC)c2c3c(oc2c2ccccc12)C(=O)c1ccccc1C3=O,471.509,4.8686,7.0,0.0,86.05,7.0,0.25,0
CCN(CC)CCOc1cc2c(Nc3ccc(F)c(Cl)c3)ncnc2cc1OC,418.9,4.8951,6.0,1.0,59.51,9.0,0.33333334,1
CCN(CC)CCOc1ccc(Nc2cc(NC(=O)Nc3c(Cl)cccc3Cl)ncn2)cc1,489.407,5.8916,6.0,3.0,91.41,10.0,0.26086956,0
CCN(CC)CCOc1ccc(Nc2ncc3cc(-c4c(Cl)cccc4Cl)c(=O)n(C)c3n2)cc1,512.441,5.7665,6.0,1.0,72.28,9.0,0.26923078,0
CCN(CC)CCn1c([Se][Se]c2c(C(=O)NC)c3ccccc3n2CCN(CC)CC)c(C(=O)NC)c2ccccc21,702.664,2.273,4.0,2.0,74.54,15.0,0.4375,0
CCN(CC)CCn1c2ccc(OC)cc2c2c(Nc3cccc(Br)c3)ncnc21,468.399,5.441,5.0,1.0,55.21,8.0,0.3043478,0
CCN(CC)CCn1c2ccccc2c2c(Nc3cccc(Br)c3)ncnc21,438.373,5.4324,4.0,1.0,45.98,7.0,0.27272728,0
CCN(CC)[C@@](C)(C#Cc1ncnc2cc(OC)c(OC)cc12)CC1CCCCC1,409.574,5.0694,5.0,0.0,47.48,7.0,0.6,0
CCN(CC)[C@@](C)(C#Cc1ncnc2cc(OC)c(OC)cc12)CCc1ccccc1,417.553,4.7318,5.0,0.0,47.48,8.0,0.3846154,0
CCN(CC)[C@@](C)(C#Cc1ncnc2cc(OC)c(OC)cc12)Cc1ccccc1,403.526,4.3417,5.0,0.0,47.48,7.0,0.36,1
CCN(CC)[C@@](C)(C#Cc1ncnc2cc(OC)c(OC)cc12)Cc1ccncc1,404.514,3.7367,6.0,0.0,60.37,7.0,0.375,1
CCN(CC)[C@@](C)(C#Cc1ncnc2cc(OC)c(OC)cc12)c1ccccc1,389.499,4.2557,5.0,0.0,47.48,6.0,0.33333334,0
CCN(CC)[C@@](C)(CCc1ncnc2cc(OC)c(OC)cc12)Cc1ccccc1,407.558,4.9228,5.0,0.0,47.48,10.0,0.44,1
CCN(CC)c1ccc(Nc2cc3c(cc2Nc2ccc(N(CC)CC)cc2)C(=O)NC3=O)cc1,471.605,5.7498,6.0,3.0,76.71,10.0,0.2857143,0
CCN(c1ccccc1)c1ncnc2cc(OC)c(OC)cc12,309.369,3.805,5.0,0.0,47.48,5.0,0.22222222,0
CCN1CCN(CC#CC(=O)Nc2ccc3ncnc(Nc4cccc(Br)c4)c3c2)CC1,493.409,3.7153,6.0,2.0,73.39,5.0,0.29166666,1
CCNC(=O)Nc1nc2nc(N)ncc2cc1-c1c(Cl)cccc1Cl,377.235,3.7222,5.0,3.0,105.82,3.0,0.125,0
CCNC(=O)Nc1nc2nc(NCCCCN(CC)CC)ncc2cc1-c1c(Cl)cccc1Cl,504.466,5.6739,6.0,3.0,95.07,11.0,0.41666666,0
CCNC(=O)O[C@@H]1CN[C@@H](C#Cc2cc3ncnc(Nc4ccc(OCc5cccc(F)c5)c(Cl)c4)c3s2)C1,566.058,5.6345,8.0,3.0,97.4,7.0,0.25,1
CCNC(=O)O[C@@H]1CN[C@H](C#Cc2cc3ncnc(Nc4ccc(OCc5cccc(F)c5)c(Cl)c4)c3s2)C1,566.058,5.6345,8.0,3.0,97.4,7.0,0.25,1
CCNC(=O)O[C@H]1CN[C@@H](C#Cc2cc3ncnc(Nc4ccc(OCc5cccc(F)c5)c(Cl)c4)c3s2)C1,566.058,5.6345,8.0,3.0,97.4,7.0,0.25,1
CCNC(=O)O[C@H]1CN[C@H](C#Cc2cc3ncnc(Nc4ccc(OCc5cccc(F)c5)c(Cl)c4)c3s2)C1,566.058,5.6345,8.0,3.0,97.4,7.0,0.25,1
CCNCc1cn2ncnc(Nc3ccc4c(cnn4Cc4ccccc4)c3)c2c1CC,425.54,4.5428,5.0,2.0,72.07,8.0,0.24,0
CCNc1cc2sc3c(Nc4cccc(Br)c4)ncnc3c2cc1F,417.307,5.9215,5.0,2.0,49.84,4.0,0.11111111,1
CCNc1ccc2c(Nc3cccc(Br)c3)ncnc2c1,343.228,4.5677,4.0,2.0,49.84,4.0,0.125,1
CCNc1ncc2cc(-c3c(Cl)cccc3Cl)c(=O)n(C)c2n1,349.221,3.7341,4.0,1.0,59.81,3.0,0.1875,0
CCOC(=O)/C=C/C(=O)Nc1cc2c(Nc3cccc(Br)c3)ncnc2cn1,442.273,3.5887,7.0,2.0,106.1,6.0,0.10526316,1
CCOC(=O)/C=C/C(=O)Nc1ccc2ncnc(Nc3cccc(Br)c3)c2c1,441.285,4.1937,6.0,2.0,93.21,6.0,0.1,1
CCOC(=O)C(=O)Oc1ccc(-c2c(C(=O)OCC)oc3cc(O)cc(O)c3c2=O)cc1,442.376,2.5164,10.0,2.0,149.57,5.0,0.18181819,0
CCOC(=O)C(Cc1ccccc1)=NC(=O)C(C#N)Cc1ccc(O)c(O)c1,380.4,2.55348,6.0,2.0,119.98,7.0,0.23809524,0
CCOC(=O)C1CCN(CCC(=O)c2ccc(OCc3ccccc3)cc2)CC1,395.499,4.1135,5.0,0.0,55.84,9.0,0.41666666,1
CCOC(=O)CCCc1ccc(Nc2ncc3cc(-c4c(Cl)cccc4Cl)c(=O)n(C)c3n2)cc1,511.409,5.9317,6.0,1.0,86.11,8.0,0.23076923,0
CCOC(=O)Cc1cc(N=Cc2cc(O)ccc2O)ccc1O,315.325,2.6596,6.0,3.0,99.35,5.0,0.1764706,0
CCOC(=O)Cc1cc(NCc2cc(O)ccc2O)ccc1O,317.341,2.5211,6.0,4.0,99.02,6.0,0.23529412,0
CCOC(=O)N[C@H]1CN[C@H](C#Cc2cc3ncnc(Nc4ccc(OCc5cccc(F)c5)c(Cl)c4)c3s2)C1,566.058,5.6345,8.0,3.0,97.4,7.0,0.25,1
CCOC(=O)O[C@H]1CN[C@H](C#Cc2cc3ncnc(Nc4ccc(OCc5cccc(F)c5)c(Cl)c4)c3s2)C1,567.042,6.0615,9.0,2.0,94.6,7.0,0.25,1
CCOC(=O)c1cc(N=Cc2cc(O)ccc2O)ccc1O,301.298,2.7307,6.0,3.0,99.35,4.0,0.125,0
CCOC(=O)c1cc(NCc2cc(O)ccc2O)ccc1O,303.314,2.5922,6.0,4.0,99.02,5.0,0.1875,0
CCOC(=O)c1cc2c(Nc3ccc4c(cnn4Cc4ccccc4)c3)ncnn2c1,412.453,4.0476,6.0,1.0,86.34,6.0,0.13043478,1
CCOC(=O)c1ccc(-c2cn(-c3ccccc3)c3ncnc(N)c23)cc1,358.401,3.8464,5.0,1.0,83.03,4.0,0.0952381,0
CCOC(=O)c1cn2ncnc(NCc3ccccc3)c2c1CC,324.384,3.0805,5.0,1.0,68.52,6.0,0.2777778,1
CCOC(=O)c1cn2ncnc(Nc3ccc(F)c(Cl)c3)c2c1CC,362.792,4.0045,5.0,1.0,68.52,5.0,0.23529412,1
CCOC(=O)c1cn2ncnc(Nc3ccc(Oc4ccccc4)cc3)c2c1CC,402.454,5.0043,6.0,1.0,77.75,7.0,0.17391305,0
CCOC(=O)c1cn2ncnc(Nc3ccc4[nH]ncc4c3)c2c1CC,350.382,3.0883,6.0,2.0,97.2,5.0,0.22222222,1
CCOC(=O)c1cn2ncnc(Nc3ccc4c(cnn4Cc4ccccc4)c3)c2c1C,426.48,4.35602,6.0,1.0,86.34,6.0,0.16666667,1
CCOC(=O)c1cn2ncnc(Nc3ccc4c(cnn4Cc4ccccc4)c3)c2c1C(C)C,454.534,5.171,6.0,1.0,86.34,7.0,0.23076923,1
CCOC(=O)c1cn2ncnc(Nc3ccc4c(cnn4Cc4ccccc4)c3)c2c1CC,440.507,4.61,6.0,1.0,86.34,7.0,0.2,1
CCOC(=O)c1cn2ncnc(Nc3cccc(Br)c3)c2c1CC,389.253,3.9745,5.0,1.0,68.52,5.0,0.23529412,1
CCOCc1cn2ncnc(Nc3ccc4c(cnn4Cc4ccccc4)c3)c2c1CC,426.524,4.9698,5.0,1.0,69.27,8.0,0.24,0
CCON=Cc1c(N)ncnc1Nc1ccc2c(cnn2Cc2cccc(F)c2)c1,405.437,3.7099,7.0,2.0,103.24,7.0,0.14285715,1
CCOP(=O)(Cc1cc(N=Cc2cc(O)ccc2O)ccc1O)OCC,379.349,4.3201,7.0,3.0,108.58,8.0,0.2777778,0
CCOP(=O)(Cc1cc(NCc2cc(O)ccc2O)ccc1O)OCC,381.365,4.1816,7.0,4.0,108.25,9.0,0.33333334,0
CCO[C@H]1CN[C@H](C#Cc2cc3ncnc(Nc4ccc(OCc5cccc(F)c5)c(Cl)c4)c3s2)C1,523.033,5.9249,7.0,2.0,68.3,7.0,0.25925925,1
CCOc1cc(C=C(C#N)C(N)=O)cc(CSc2ccc(C)cc2)c1O,368.458,3.7839,5.0,2.0,96.34,7.0,0.2,0
CCOc1cc(C=C(C#N)C(N)=O)cc(CSc2ccc(O)cc2)c1O,370.43,3.18108,6.0,3.0,116.57,7.0,0.15789473,0
CCOc1cc(C=C(C#N)C(N)=O)cc(CSc2cccc(OC)c2)c1O,384.457,3.48408,6.0,2.0,105.57,8.0,0.2,0
CCOc1cc(C=C(C#N)C(N)=O)cc(CSc2ccccc2)c1O,354.431,3.47548,5.0,2.0,96.34,7.0,0.15789473,0
CCOc1cc(C=C2CCNC2=O)cc(CSc2ccccc2)c1O,355.459,3.9865,4.0,2.0,58.56,6.0,0.25,0
CCOc1cc2nc(C)nc(Nc3cccc(-c4csc(C)n4)c3)c2cc1OCC,420.538,5.91114,7.0,1.0,69.16,7.0,0.26086956,0
CCOc1cc2nc(CC)nc(Nc3cccc(-c4csc(C)n4)c3)c2cc1OCC,434.565,6.16512,7.0,1.0,69.16,8.0,0.29166666,0
CCOc1cc2ncc(C#N)c(Nc3cc(Cl)c(OCc4cccc(F)c4)c(Cl)c3)c2cc1NC(=O)/C=C/CN(C)C,608.501,7.32998,7.0,2.0,99.51,11.0,0.19354838,0
CCOc1cc2ncc(C#N)c(Nc3cc(Cl)c(OCc4ccccc4)c(Cl)c3)c2cc1NC(=O)/C=C/CN(C)C,590.511,7.19088,7.0,2.0,99.51,11.0,0.19354838,1
CCOc1cc2ncc(C#N)c(Nc3ccc(Cn4ccnc4)c(Cl)c3)c2cc1NC(=O)/C=C/CN(C)C,530.032,5.20328,7.0,2.0,108.1,10.0,0.21428572,0
CCOc1cc2ncc(C#N)c(Nc3ccc(F)c(Cl)c3)c2cc1NC(=O)/C=C/CN(C)C,467.932,5.09758,6.0,2.0,90.28,8.0,0.20833333,1
CCOc1cc2ncc(C#N)c(Nc3ccc(N(C)Cc4ccccc4)c(Cl)c3)c2cc1NC(=O)/C=C/CN(C)C,569.109,6.59488,7.0,2.0,93.52,11.0,0.21875,1
CCOc1cc2ncc(C#N)c(Nc3ccc(N4CCOCC4)c(Cl)c3)c2cc1NC(=O)/C=C/CN(C)C,535.048,4.79508,8.0,2.0,102.75,9.0,0.32142857,0
CCOc1cc2ncc(C#N)c(Nc3ccc(NCc4cccc5ccccc45)c(Cl)c3)c2cc1NC(=O)/C=C/CN(C)C,605.142,7.72378,7.0,3.0,102.31,11.0,0.17142858,1
CCOc1cc2ncc(C#N)c(Nc3ccc(NCc4ccccc4)c(Cl)c3)c2cc1NC(=O)/C=C/CN(C)C,555.082,6.57058,7.0,3.0,102.31,11.0,0.19354838,1
CCOc1cc2ncc(C#N)c(Nc3ccc(OCC4CCCCC4)c(Cl)c3)c2cc1NC(=O)/C=C/CN(C)C,562.114,6.91758,7.0,2.0,99.51,11.0,0.38709676,1
CCOc1cc2ncc(C#N)c(Nc3ccc(OCCc4ccccc4)c(Cl)c3)c2cc1NC(=O)/C=C/CN(C)C,570.093,6.57998,7.0,2.0,99.51,12.0,0.21875,1
CCOc1cc2ncc(C#N)c(Nc3ccc(OCc4cc(F)cc(F)c4)c(Cl)c3)c2cc1NC(=O)/C=C/CN(C)C,592.046,6.81568,7.0,2.0,99.51,11.0,0.19354838,1
CCOc1cc2ncc(C#N)c(Nc3ccc(OCc4ccc(Cl)cc4)c(Cl)c3)c2cc1NC(=O)/C=C/CN(C)C,590.511,7.19088,7.0,2.0,99.51,11.0,0.19354838,1
CCOc1cc2ncc(C#N)c(Nc3ccc(OCc4ccc(F)cc4)c(Cl)c3)c2cc1NC(=O)/C=C/CN(C)C,574.056,6.67658,7.0,2.0,99.51,11.0,0.19354838,1
CCOc1cc2ncc(C#N)c(Nc3ccc(OCc4ccc(F)cc4F)c(Cl)c3)c2cc1NC(=O)/C=C/CN(C)C,592.046,6.81568,7.0,2.0,99.51,11.0,0.19354838,1
CCOc1cc2ncc(C#N)c(Nc3ccc(OCc4ccc(OCc5ccccc5)cc4)c(Cl)c3)c2cc1NC(=O)/C=C/CN(C)C,662.19,8.11648,8.0,2.0,108.74,14.0,0.18421052,0
CCOc1cc2ncc(C#N)c(Nc3ccc(OCc4ccc5ccccc5c4)c(Cl)c3)c2cc1NC(=O)/C=C/CN(C)C,606.126,7.69068,7.0,2.0,99.51,11.0,0.17142858,1
CCOc1cc2ncc(C#N)c(Nc3ccc(OCc4cccc(C#N)c4)c(Cl)c3)c2cc1NC(=O)/C=C/CN(C)C,581.076,6.40916,8.0,2.0,123.3,11.0,0.1875,1
CCOc1cc2ncc(C#N)c(Nc3ccc(OCc4cccc(C)c4)c(Cl)c3)c2cc1NC(=O)/C=C/CN(C)C,570.093,6.8459,7.0,2.0,99.51,11.0,0.21875,1
CCOc1cc2ncc(C#N)c(Nc3ccc(OCc4cccc(Cl)c4)c(Cl)c3)c2cc1NC(=O)/C=C/CN(C)C,590.511,7.19088,7.0,2.0,99.51,11.0,0.19354838,1
CCOc1cc2ncc(C#N)c(Nc3ccc(OCc4cccc(F)c4)c(Cl)c3)c2cc1NC(=O)/C=C/CN(C)C,574.056,6.67658,7.0,2.0,99.51,11.0,0.19354838,1
CCOc1cc2ncc(C#N)c(Nc3ccc(OCc4cccc5ccccc45)c(Cl)c3)c2cc1NC(=O)/C=C/CN(C)C,606.126,7.69068,7.0,2.0,99.51,11.0,0.17142858,1
CCOc1cc2ncc(C#N)c(Nc3ccc(OCc4ccccc4)c(C#N)c3)c2cc1NC(=O)/C=C/CN(C)C,546.631,5.75576,8.0,2.0,123.3,11.0,0.1875,0
CCOc1cc2ncc(C#N)c(Nc3ccc(OCc4ccccc4)c(Cl)c3)c2cc1NC(=O)/C=C/CN(C(C)C)C(C)C,612.174,8.09468,7.0,2.0,99.51,13.0,0.2857143,1
CCOc1cc2ncc(C#N)c(Nc3ccc(OCc4ccccc4)c(Cl)c3)c2cc1NC(=O)/C=C/CN(C)C,556.066,6.53748,7.0,2.0,99.51,11.0,0.19354838,1
CCOc1cc2ncc(C#N)c(Nc3ccc(OCc4ccccc4)c(Cl)c3)c2cc1NC(=O)/C=C/CN(C)CCO,586.092,5.89998,8.0,3.0,119.74,13.0,0.21875,1
CCOc1cc2ncc(C#N)c(Nc3ccc(OCc4ccccc4)c(Cl)c3)c2cc1NC(=O)/C=C/CN(C)CCOC,600.119,6.55408,8.0,2.0,108.74,14.0,0.24242425,1
CCOc1cc2ncc(C#N)c(Nc3ccc(OCc4ccccc4)c(Cl)c3)c2cc1NC(=O)/C=C/CN(C)NC[C@H](O)[C@@H](O)[C@H](O)[C@H](O)CO,721.211,2.84818,13.0,8.0,212.69,18.0,0.30555555,0
CCOc1cc2ncc(C#N)c(Nc3ccc(OCc4ccccc4)c(Cl)c3)c2cc1NC(=O)/C=C/CN(CC(C)O)CC(C)O,644.172,6.03948,9.0,4.0,139.97,15.0,0.2857143,1
CCOc1cc2ncc(C#N)c(Nc3ccc(OCc4ccccc4)c(Cl)c3)c2cc1NC(=O)/C=C/CN1C(C)CCCC1C,624.185,8.23878,7.0,2.0,99.51,11.0,0.30555555,1
CCOc1cc2ncc(C#N)c(Nc3ccc(OCc4ccccc4)c(Cl)c3)c2cc1NC(=O)/C=C/CN1CC1C(=O)OC,612.086,5.83308,9.0,2.0,125.58,12.0,0.21212122,0
CCOc1cc2ncc(C#N)c(Nc3ccc(OCc4ccccc4)c(Cl)c3)c2cc1NC(=O)/C=C/CN1CCC(O)(O)CC1,628.129,5.75258,9.0,4.0,139.97,11.0,0.2647059,1
CCOc1cc2ncc(C#N)c(Nc3ccc(OCc4ccccc4)c(Cl)c3)c2cc1NC(=O)/C=C/CN1CCC(O)CC1,612.13,6.43258,8.0,3.0,119.74,11.0,0.2647059,1
CCOc1cc2ncc(C#N)c(Nc3ccc(OCc4ccccc4)c(Cl)c3)c2cc1NC(=O)/C=C/CN1CCC1,568.077,6.68158,7.0,2.0,99.51,11.0,0.21875,1
CCOc1cc2ncc(C#N)c(Nc3ccc(OCc4ccccc4)c(Cl)c3)c2cc1NC(=O)/C=C/CN1CCCC1,582.104,7.07168,7.0,2.0,99.51,11.0,0.24242425,1
CCOc1cc2ncc(C#N)c(Nc3ccc(OCc4ccccc4)c(Cl)c3)c2cc1NC(=O)/C=C/CN1CCCC1COC,626.157,7.08668,8.0,2.0,108.74,13.0,0.2857143,1
CCOc1cc2ncc(C#N)c(Nc3ccc(OCc4ccccc4)c(Cl)c3)c2cc1NC(=O)/C=C/CN1CCCCC1,596.131,7.46178,7.0,2.0,99.51,11.0,0.2647059,1
CCOc1cc2ncc(C#N)c(Nc3ccc(OCc4ccccc4)c(Cl)c3)c2cc1NC(=O)/C=C/CN1CCN(C)CC1,611.146,6.22328,8.0,2.0,102.75,11.0,0.2647059,0
CCOc1cc2ncc(C#N)c(Nc3ccc(OCc4ccccc4)c(Cl)c3)c2cc1NC(=O)/C=C/CN1CCOCC1,598.103,6.30808,8.0,2.0,108.74,11.0,0.24242425,1
CCOc1cc2ncc(C#N)c(Nc3ccc(OCc4ccccc4)c(Cl)c3)c2cc1NC(=O)/C=C/CN1CCOCCOCCOCC1,686.209,6.34128,10.0,2.0,127.2,11.0,0.3243243,0
CCOc1cc2ncc(C#N)c(Nc3ccc(OCc4ccccc4)c(Cl)c3)c2cc1NC(=O)/C=C/CN1CCSCC1,614.171,7.02468,8.0,2.0,99.51,11.0,0.24242425,1
CCOc1cc2ncc(C#N)c(Nc3ccc(OCc4ccccc4)c(Cl)c3)c2cc1NC(=O)/C=C/Cc1c[nH]cn1,579.06,6.94168,7.0,3.0,124.95,11.0,0.125,1
CCOc1cc2ncc(C#N)c(Nc3ccc(OCc4ccccc4)c(Cl)c3)c2cc1NC(=O)/C=C/c1cccc2cccnc12,626.116,8.68128,7.0,2.0,109.16,10.0,0.08108108,0
CCOc1cc2ncc(C#N)c(Nc3ccc(OCc4ccccc4)c(Cl)c3)c2cc1NC(=O)/C=C/c1ccccc1N(C)C,618.137,8.19908,7.0,2.0,99.51,11.0,0.1388889,0
CCOc1cc2ncc(C#N)c(Nc3ccc(OCc4ccccc4)c(Cl)c3)c2cc1NC(=O)/C=C/c1cn(C)cn1,579.06,6.86658,7.0,2.0,114.09,10.0,0.125,1
CCOc1cc2ncc(C#N)c(Nc3ccc(OCc4ccccc4)cc3)c2cc1NC(=O)/C=C/CN(C)C,521.621,5.88408,7.0,2.0,99.51,11.0,0.19354838,0
CCOc1cc2ncc(C#N)c(Nc3ccc(OCc4ccccc4Cl)c(Cl)c3)c2cc1NC(=O)/C=C/CN(C)C,590.511,7.19088,7.0,2.0,99.51,11.0,0.19354838,1
CCOc1cc2ncc(C#N)c(Nc3ccc(OCc4ccccc4F)c(Cl)c3)c2cc1NC(=O)/C=C/CN(C)C,574.056,6.67658,7.0,2.0,99.51,11.0,0.19354838,0
CCOc1cc2ncc(C#N)c(Nc3ccc(OCc4ccccc4OC)c(Cl)c3)c2cc1NC(=O)/C=C/CN(C)C,586.092,6.54608,8.0,2.0,108.74,12.0,0.21875,1
CCOc1cc2ncc(C#N)c(Nc3ccc(OCc4ccccn4)c(Cl)c3)c2cc1NC(=O)/C=C/CN(C)C,557.054,5.93248,8.0,2.0,112.4,11.0,0.2,1
CCOc1cc2ncc(C#N)c(Nc3ccc(OCc4cccnc4)c(Cl)c3)c2cc1NC(=O)/C=C/CN(C)C,557.054,5.93248,8.0,2.0,112.4,11.0,0.2,0
CCOc1cc2ncc(C#N)c(Nc3ccc(OCc4ccco4)c(Cl)c3)c2cc1NC(=O)/C=C/CN(C)C,546.027,6.13048,8.0,2.0,112.65,11.0,0.20689656,1
CCOc1cc2ncc(C#N)c(Nc3ccc(OCc4cccs4)c(Cl)c3)c2cc1NC(=O)/C=C/CN(C)C,562.095,6.59898,8.0,2.0,99.51,11.0,0.20689656,1
CCOc1cc2ncc(C#N)c(Nc3ccc(OCc4ccnc5ccccc45)c(Cl)c3)c2cc1NC(=O)/C=C/CN(C)C,607.114,7.08568,8.0,2.0,112.4,11.0,0.1764706,1
CCOc1cc2ncc(C#N)c(Nc3ccc(OCc4nc5ccccc5s4)c(Cl)c3)c2cc1NC(=O)/C=C/CN(C)C,613.143,7.14718,9.0,2.0,112.4,11.0,0.1875,1
CCOc1cc2ncc(C#N)c(Nc3ccc(OCc4nccn4C)c(Cl)c3)c2cc1NC(=O)/C=C/CN(C)C,560.058,5.27098,8.0,2.0,117.33,11.0,0.2413793,0
CCOc1cc2ncc(C#N)c(Nc3ccc(O[C@@H](C)c4ccccc4)c(Cl)c3)c2cc1NC(=O)/C=C/CN(C)C,570.093,7.09848,7.0,2.0,99.51,11.0,0.21875,0
CCOc1cc2ncc(C#N)c(Nc3ccc(O[C@@H]4CCc5ccccc54)c(Cl)c3)c2cc1NC(=O)/C=C/CN(C)C,582.104,7.02478,7.0,2.0,99.51,10.0,0.24242425,0
CCOc1cc2ncc(C#N)c(Nc3ccc(O[C@H](C)c4ccccc4)c(Cl)c3)c2cc1NC(=O)/C=C/CN(C)C,570.093,7.09848,7.0,2.0,99.51,11.0,0.21875,1
CCOc1cc2ncc(C#N)c(Nc3ccc(O[C@H]4CCc5ccccc54)c(Cl)c3)c2cc1NC(=O)/C=C/CN(C)C,582.104,7.02478,7.0,2.0,99.51,10.0,0.24242425,0
CCOc1cc2ncc(C#N)c(Nc3ccc(Oc4ccccc4)c(Cl)c3)c2cc1NC(=O)/C=C/CN(C)C,542.039,6.75078,7.0,2.0,99.51,10.0,0.16666667,0
CCOc1cc2ncc(C#N)c(Nc3ccc(Oc4ccncc4)c(Cl)c3)c2cc1NC(=O)/C=C/CN(C)C,543.027,6.14578,8.0,2.0,112.4,10.0,0.1724138,0
CCOc1cc2ncc(C#N)c(Nc3ccc(Sc4nc(-c5ccccc5)cs4)c(Cl)c3)c2cc1NC(=O)/C=C/CN(C)C,641.222,8.23318,9.0,2.0,103.17,11.0,0.15151516,1
CCOc1cc2ncc(C#N)c(Nc3ccc4c(c3)CCN4Cc3ccccc3)c2cc1NC(=O)/C=C/CN(C)C,546.675,5.86778,7.0,2.0,93.52,10.0,0.24242425,0
CCOc1cc2ncc(C#N)c(Nc3ccc4c(ccn4Cc4ccccc4)c3)c2cc1NC(=O)/C=C/CN(C)C,544.659,6.30808,6.0,2.0,95.21,10.0,0.18181819,1
CCOc1cc2ncc(C#N)c(Nc3ccc4c(ccn4S(=O)(=O)c4ccccc4)c3)c2cc1NC(=O)/C=C/CN(C)C,594.697,5.49678,8.0,2.0,129.35,10.0,0.15625,1
CCOc1cc2ncc(C#N)c(Nc3cccc(Br)c3)c2cc1NC(=O)/C=C/CN(C)C,494.393,5.06758,6.0,2.0,90.28,8.0,0.20833333,0
CCOc1cc2ncc(C#N)c(Nc3cccc(Br)c3)c2cc1NC(=O)/C=C/CN1CCOCC1,536.43,4.83818,7.0,2.0,99.51,8.0,0.26923078,0
CCOc1cc2ncc(C#N)c(Nc3cccc(OCc4ccccc4)c3)c2cc1NC(=O)/C=C/CN(C)C,521.621,5.88408,7.0,2.0,99.51,11.0,0.19354838,0
CCOc1cc2ncnc(/C=C/CCCc3ccccc3)c2cc1OCC,362.473,5.4633,4.0,0.0,44.24,9.0,0.3043478,1
CCOc1cc2ncnc(/C=C/CCc3ccccc3)c2cc1OCC,348.446,5.0732,4.0,0.0,44.24,8.0,0.27272728,1
CCOc1cc2ncnc(/C=C/c3ccccc3)c2cc1OCC,320.392,4.5976,4.0,0.0,44.24,6.0,0.2,1
CCOc1cc2ncnc(C#CC(C)(Cc3ccccc3)N3CCC(C(=O)O)CC3)c2cc1OCC,487.6,4.5767,6.0,1.0,84.78,8.0,0.41379312,1
CCOc1cc2ncnc(C#C[C@@](C)(Cc3ccccc3)N3CCC(C(=O)O)CC3)c2cc1OCC,487.6,4.5767,6.0,1.0,84.78,8.0,0.41379312,1
CCOc1cc2ncnc(C#C[C@](C)(Cc3ccccc3)N3CCC(C(=O)O)CC3)c2cc1OCC,487.6,4.5767,6.0,1.0,84.78,8.0,0.41379312,0
CCOc1cc2ncnc(C#Cc3[nH]ccc3-c3ccccc3)c2cc1OCC,383.451,4.8221,4.0,1.0,60.03,5.0,0.16666667,1
CCOc1cc2ncnc(C#Cc3c[nH]nc3-c3ccc(F)cc3)c2cc1OCC,402.429,4.3562,5.0,1.0,72.92,5.0,0.17391305,1
CCOc1cc2ncnc(C#Cc3nccn3-c3ccccc3)c2cc1OCC,384.439,4.0127,5.0,0.0,62.06,5.0,0.17391305,1
CCOc1cc2ncnc(NC3=CC(=O)C(OC(CF)CF)=CC3=O)c2cc1NC(=O)/C=C/CN(C)C,515.517,2.7405,9.0,2.0,122.75,12.0,0.32,0
CCOc1cc2ncnc(NC3=CC(=O)C(OC)=CC3=O)c2cc1NC(=O)/C=C/CN(C)C,451.483,2.0627,9.0,2.0,122.75,9.0,0.26086956,0
CCOc1cc2ncnc(NC3=CC(=O)C(OCc4ccc(F)c(F)c4)=CC3=O)c2cc1NC(=O)/C=C/CN(C)C,563.561,3.9113,9.0,2.0,122.75,11.0,0.20689656,0
CCOc1cc2ncnc(NC3=CC(=O)C(OCc4cccc(C)c4)=CC3=O)c2cc1NC(=O)/C=C/CN(C)C,541.608,3.94152,9.0,2.0,122.75,11.0,0.23333333,1
CCOc1cc2ncnc(NC3=CC(=O)C(OCc4cccc(Cl)c4)=CC3=O)c2cc1NC(=O)/C=C/CN(C)C,562.026,4.2865,9.0,2.0,122.75,11.0,0.20689656,1
CCOc1cc2ncnc(NC3=CC(=O)C(OCc4cccc(F)c4)=CC3=O)c2cc1NC(=O)/C=C/CN(C)C,545.571,3.7722,9.0,2.0,122.75,11.0,0.20689656,1
CCOc1cc2ncnc(NC3=CC(=O)C(OCc4cccc(OC)c4)=CC3=O)c2cc1NC(=O)/C=C/CN(C)C,557.607,3.6417,10.0,2.0,131.98,12.0,0.23333333,1
CCOc1cc2ncnc(NC3=CC(=O)C(OCc4ccccc4)=CC3=O)c2cc1NC(=O)/C=C/CN(C)C,527.581,3.6331,9.0,2.0,122.75,11.0,0.20689656,1
CCOc1cc2ncnc(NC3=CC(=O)C(OCc4ccccn4)=CC3=O)c2cc1NC(=O)/C=C/CN(C)C,528.569,3.0281,10.0,2.0,135.64,11.0,0.21428572,1
CCOc1cc2ncnc(NC3=CC(=O)C(OCc4cccs4)=CC3=O)c2cc1NC(=O)/C=C/CN(C)C,533.61,3.6946,10.0,2.0,122.75,11.0,0.22222222,1
CCOc1cc2ncnc(NCc3ccc(F)cc3)c2cc1OCC,341.386,4.1784,5.0,1.0,56.27,7.0,0.2631579,1
CCOc1cc2ncnc(Nc3cc(F)cc(C(F)(F)F)c3)c2cc1OCC,395.356,5.3287,5.0,1.0,56.27,6.0,0.2631579,1
CCOc1cc2ncnc(Nc3ccc(F)cc3)c2cc1OCC,327.359,4.3099,5.0,1.0,56.27,6.0,0.22222222,1
CCOc1cc2ncnc(Nc3cccc(-c4cc[nH]n4)c3)c2cc1OCC,375.432,4.5609,6.0,2.0,84.95,7.0,0.1904762,1
CCOc1cc2ncnc(Nc3cccc(-c4ccco4)c3)c2cc1OCC,375.428,5.4308,6.0,1.0,69.41,7.0,0.18181819,1
CCOc1cc2ncnc(Nc3cccc(-c4cncnc4)c3)c2cc1OCC,387.443,4.6278,7.0,1.0,82.05,7.0,0.18181819,0
CCOc1cc2ncnc(Nc3cccc(-c4cncs4)c3)c2cc1OCC,392.484,5.2943,7.0,1.0,69.16,7.0,0.1904762,1
CCOc1cc2ncnc(Nc3cccc(-c4cocn4)c3)c2cc1OCC,376.416,4.8258,7.0,1.0,82.3,7.0,0.1904762,0
CCOc1cc2ncnc(Nc3cccc(-c4csc(C)n4)c3)c2cc1OCC,406.511,5.60272,7.0,1.0,69.16,7.0,0.22727273,0
CCOc1cc2ncnc(Nc3cccc(-c4csc(N)n4)c3)c2cc1OCC,407.499,4.8765,8.0,2.0,95.18,7.0,0.1904762,0
CCOc1cc2ncnc(Nc3cccc(-c4cscn4)c3)c2cc1OCC,392.484,5.2943,7.0,1.0,69.16,7.0,0.1904762,1
CCOc1cc2ncnc(Nc3cccc(-c4nc[nH]n4)c3)c2cc1OCC,376.42,3.9559,7.0,2.0,97.84,7.0,0.2,0
CCOc1cc2ncnc(Nc3cccc(-c4nccs4)c3)c2cc1OCC,392.484,5.2943,7.0,1.0,69.16,7.0,0.1904762,1
CCOc1cc2ncnc(Nc3cccc(Br)c3)c2cc1OCC,388.265,4.9333,5.0,1.0,56.27,6.0,0.22222222,1
CCOc1cc2ncnc(Nc3cccc(Cl)c3)c2cc1OCC,343.814,4.8242,5.0,1.0,56.27,6.0,0.22222222,1
CCOc1cc2ncnc(Nc3cccc(F)c3)c2cc1OCC,327.359,4.3099,5.0,1.0,56.27,6.0,0.22222222,1
CCOc1cc2ncnc(Nc3cccc(I)c3)c2cc1OCC,435.265,4.7754,5.0,1.0,56.27,6.0,0.22222222,1
CCOc1cc2ncnc(Nc3ccccc3F)c2cc1OCC,327.359,4.3099,5.0,1.0,56.27,6.0,0.22222222,1
CCS(=O)(=O)N[C@H]1CN[C@H](C#Cc2cc3ncnc(Nc4ccc(OCc5cccc(F)c5)c(Cl)c4)c3s2)C1,586.114,4.8277,8.0,3.0,105.24,8.0,0.25925925,1
CC[N+](C)(C)[C@H]1C[C@@H]2O[C@](C)([C@H]1OC)n1c3ccccc3c3c4c(c5c6ccccc6n2c5c31)C(=O)NC4,509.63,5.2309,3.0,1.0,57.42,3.0,0.38709676,1
CCc1c(C(=O)N(C)C)cn2ncnc(Nc3ccc4c(cnn4Cc4ccccc4)c3)c12,439.523,4.1351,5.0,1.0,80.35,6.0,0.2,1
CCc1c(C(=O)NC)cn2ncnc(Nc3ccc4c(cnn4Cc4ccccc4)c3)c12,425.496,3.7929,5.0,2.0,89.14,6.0,0.16666667,1
CCc1c(C(=O)NCCCn2ccnc2)cn2ncnc(Nc3ccc4c(cnn4Cc4ccccc4)c3)c12,519.613,4.4499,6.0,2.0,106.96,10.0,0.20689656,1
CCc1c(C(=O)O)cn2ncnc(Nc3ccc4c(cnn4Cc4ccccc4)c3)c12,412.453,4.1315,5.0,2.0,97.34,6.0,0.13043478,1
CCc1c(C(=O)OCCCn2ccnc2)cn2ncnc(Nc3ccc4c(cnn4Cc4ccccc4)c3)c12,520.597,4.8769,7.0,1.0,104.16,10.0,0.20689656,1
CCc1c(C(N)=O)cn2ncnc(Nc3ccc4c(cnn4Cc4ccccc4)c3)c12,411.469,3.5322,5.0,2.0,103.13,6.0,0.13043478,1
CCc1c(CC(=O)O)cn2ncnc(Nc3ccc4c(cnn4Cc4ccccc4)c3)c12,426.48,4.0604,5.0,2.0,97.34,7.0,0.16666667,0
CCc1c(CC(N)=O)cn2ncnc(Nc3ccc4c(cnn4Cc4ccccc4)c3)c12,425.496,3.4611,5.0,2.0,103.13,7.0,0.16666667,0
CCc1c(CO)cn2ncnc(Nc3ccc4c(cnn4Cc4ccccc4)c3)c12,398.47,3.9256,5.0,2.0,80.27,6.0,0.17391305,0
CCc1c(NC(=O)OCCn2ccnc2)cn2ncnc(Nc3ccc4c(cnn4Cc4ccccc4)c3)c12,521.585,4.8785,7.0,2.0,116.19,9.0,0.17857143,1
CCc1c(NC(=O)OCc2ccccc2)cn2ncnc(Nc3ccc4c(cnn4Cc4ccccc4)c3)c12,517.593,6.182,6.0,2.0,98.37,8.0,0.13333334,1
CCc1ccc(/C=C2\C(=O)Nc3ccccc32)s1,255.342,3.8032,2.0,1.0,29.1,2.0,0.13333334,0
CCc1ccc(Nc2ncnc3[nH]c(C)c(C)c23)cc1,266.348,3.88074,3.0,2.0,53.6,3.0,0.25,0
CCn1c(=O)c(-c2c(Cl)cccc2Cl)cc2cnc(Nc3ccccc3)nc21,411.292,5.5288,4.0,1.0,59.81,4.0,0.0952381,1
CCn1c(=O)c(-c2c(Cl)cccc2Cl)cc2cnc(Nc3ccncc3)nc21,412.28,4.9238,5.0,1.0,72.7,4.0,0.1,0
CCn1cnc2c(Nc3cccc(Cl)c3)nc(N[C@@H]3CCCC[C@@H]3N)nc21,385.903,3.925,6.0,3.0,93.68,5.0,0.42105263,0
CCn1cnc2c(Nc3cccc(Cl)c3)nc(N[C@H]3CCC[C@@H](N)C3)nc21,385.903,3.925,6.0,3.0,93.68,5.0,0.42105263,0
CN(C(=O)N(CCCl)N=O)c1ccc2ncnc(Nc3cccc(Br)c3)c2c1,463.723,4.9143,6.0,1.0,90.79,6.0,0.16666667,1
CN(C(=O)N(CCCl)N=O)c1ccc2ncnc(Nc3cccc(Cl)c3)c2c1,419.272,4.8052,6.0,1.0,90.79,6.0,0.16666667,1
CN(C)/C=C/C(=O)Nc1ccc2ncnc(Nc3cccc(Br)c3)c2c1,412.291,4.1497,5.0,2.0,70.15,5.0,0.10526316,1
CN(C)/N=N/c1ccc2ncnc(N(C)c3ccccc3)c2c1,306.373,3.958,5.0,0.0,56.98,4.0,0.1764706,0
CN(C)C(=O)CCc1c(SSc2[nH]c3ccccc3c2CCC(=O)N(C)C)[nH]c2ccccc12,494.686,5.4902,4.0,2.0,72.2,9.0,0.30769232,0
CN(C)C(=O)CN1CCC(n2cc(-c3cccc(O)c3)c3c(N)ncnc32)CC1,394.479,2.1112,6.0,2.0,100.51,4.0,0.3809524,0
CN(C)C(=O)O[C@@H]1CN[C@@H](C#Cc2cc3ncnc(Nc4ccc(OCc5cccc(F)c5)c(Cl)c4)c3s2)C1,566.058,5.5866,8.0,2.0,88.61,6.0,0.25,1
CN(C)C(=O)O[C@@H]1CN[C@H](C#Cc2cc3ncnc(Nc4ccc(OCc5cccc(F)c5)c(Cl)c4)c3s2)C1,566.058,5.5866,8.0,2.0,88.61,6.0,0.25,1
CN(C)C(=O)O[C@H]1CN[C@@H](C#Cc2cc3ncnc(Nc4ccc(OCc5cccc(F)c5)c(Cl)c4)c3s2)C1,566.058,5.5866,8.0,2.0,88.61,6.0,0.25,1
CN(C)C(=O)O[C@H]1CN[C@H](C#Cc2cc3ncnc(Nc4ccc(OCc5cccc(F)c5)c(Cl)c4)c3s2)C1,566.058,5.5866,8.0,2.0,88.61,6.0,0.25,1
CN(C)C(=O)c1c(SSc2c(C(=O)N(C)C)c3ccccc3n2C)n(C)c2ccccc12,466.632,4.873,4.0,0.0,50.48,5.0,0.25,0
CN(C)C/C=C/C(=O)Nc1cc2c(Nc3ccc(F)c(Cl)c3)c(C#N)cnc2cc1OC(F)(F)F,507.875,5.59748,6.0,2.0,90.28,7.0,0.17391305,0
CN(C)C/C=C/C(=O)Nc1cc2c(Nc3ccc(F)c(Cl)c3)ncnc2cc1O[C@H]1CCOC1,485.947,4.3899,7.0,2.0,88.61,8.0,0.29166666,1
CN(C)C/C=C/C(=O)Nc1cc2c(Nc3cccc(Br)c3)c(C#N)cnc2cn1,451.328,4.06388,6.0,2.0,93.94,6.0,0.14285715,1
CN(C)C/C=C/C(=O)Nc1ccc2ncc(C#N)c(Nc3ccc(F)c(Cl)c3)c2c1,423.879,4.69888,5.0,2.0,81.05,6.0,0.13636364,0
CN(C)C/C=C/C(=O)Nc1ccc2ncc(C#N)c(Nc3cccc(Br)c3)c2c1,450.34,4.66888,5.0,2.0,81.05,6.0,0.13636364,1
CN(C)C/C=C/C(=O)Nc1ccc2ncnc(Nc3cc(Cl)c(Cl)cc3F)c2c1,434.302,4.8756,5.0,2.0,70.15,6.0,0.15,1
CN(C)C/C=C/C(=O)Nc1ccc2ncnc(Nc3ccc(Br)cc3F)c2c1,444.308,4.3313,5.0,2.0,70.15,6.0,0.15,0
CN(C)C/C=C/C(=O)Nc1ccc2ncnc(Nc3cccc(Br)c3)c2c1,426.318,4.1922,5.0,2.0,70.15,6.0,0.15,1
CN(C)C/C=C/C(=O)Nc1ccc2ncnc(Nc3cccc(I)c3)c2c1,473.318,4.0343,5.0,2.0,70.15,6.0,0.15,1
CN(C)C1CCN(Cc2ccn3ncnc(Nc4ccc5c(cnn5Cc5cccc(F)c5)c4)c23)CC1,498.61,4.536,6.0,1.0,66.52,7.0,0.32142857,1
CN(C)CC#CC(=O)Nc1ccc2ncnc(Nc3cccc(Br)c3)c2c1,424.302,3.6394,5.0,2.0,70.15,4.0,0.15,1
CN(C)CC(CNNC(N)=O)C(=O)c1ccc(OCc2ccccc2)cc1,370.453,1.799,5.0,3.0,96.69,10.0,0.3,0
CN(C)CC(CSCCN)C(=O)c1ccc(OCc2ccccc2)cc1,372.534,3.318,5.0,1.0,55.56,11.0,0.3809524,0
CN(C)CC(CSc1ccccc1)C(=O)c1ccc(OCc2ccccc2)cc1,405.563,5.4184,4.0,0.0,29.54,10.0,0.24,0
CN(C)CC=CC(=O)Nc1cnc2ncc(C#N)c(Nc3cccc(Br)c3)c2c1,451.328,4.06388,6.0,2.0,93.94,6.0,0.14285715,0
CN(C)CCC(=O)c1ccc(OCc2ccccc2)c(O)c1,299.37,3.1056,4.0,1.0,49.77,7.0,0.2777778,0
CN(C)CCC(=O)c1ccc(OCc2ccccc2)cc1,283.371,3.4,3.0,0.0,29.54,7.0,0.2777778,0
CN(C)CCCCCNc1c(Br)cccc1Nc1ncnc2ccncc12,429.366,4.6747,6.0,2.0,65.97,9.0,0.35,1
CN(C)CCCCCNc1cc2ncnc(Nc3cccc(Br)c3)c2cn1,429.366,4.6747,6.0,2.0,65.97,9.0,0.35,1
CN(C)CCCCNc1c(Br)cccc1Nc1ncnc2ccncc12,415.339,4.2846,6.0,2.0,65.97,8.0,0.31578946,1
CN(C)CCCCNc1cc2c(Nc3cccc(Br)c3)ncnc2cn1,415.339,4.2846,6.0,2.0,65.97,8.0,0.31578946,1
CN(C)CCCCNc1cc2ncnc(Nc3cccc(Br)c3)c2cn1,415.339,4.2846,6.0,2.0,65.97,8.0,0.31578946,1
CN(C)CCCNC(=O)/C=C/C(=O)N(C)c1cc2c(Nc3cccc(Br)c3)ncnc2cn1,512.412,3.1178,7.0,2.0,103.35,9.0,0.26086956,1
CN(C)CCCNC(=O)/C=C/C(=O)Nc1cc2c(Nc3cccc(Br)c3)ncnc2cn1,498.385,3.0935,7.0,3.0,112.14,9.0,0.22727273,1
CN(C)CCCNC(=O)/C=C/C(=O)Nc1ccc2ncnc(Nc3cccc(Br)c3)c2c1,497.397,3.6985,6.0,3.0,99.25,9.0,0.2173913,1
CN(C)CCCNc1c(Br)cccc1Nc1ncnc2ccncc12,401.312,3.8945,6.0,2.0,65.97,7.0,0.2777778,1
CN(C)CCCNc1cc2c(Nc3cccc(Br)c3)ncnc2cn1,401.312,3.8945,6.0,2.0,65.97,7.0,0.2777778,1
CN(C)CCCNc1cc2ncnc(Nc3cccc(Br)c3)c2cn1,401.312,3.8945,6.0,2.0,65.97,7.0,0.2777778,1
CN(C)CCCOC(=O)/C=C/C(=O)Nc1ccc2ncnc(Nc3cccc(Br)c3)c2c1,498.381,4.1255,7.0,2.0,96.45,9.0,0.2173913,1
CN(C)CCCOCc1ccn2ncnc(Nc3ccc4c(cnn4Cc4cccc(F)c4)c3)c12,473.556,4.4783,6.0,1.0,72.51,10.0,0.26923078,0
CN(C)CCCn1ccc2cc3c(Nc4cccc(Br)c4)ncnc3cc21,424.346,5.0423,4.0,1.0,45.98,6.0,0.23809524,1
CN(C)CCN(C)Cc1c[nH]c2cc3ncnc(Nc4cccc(Br)c4)c3cc12,453.388,4.6106,5.0,2.0,60.08,7.0,0.27272728,1
CN(C)CCN(C)c1c(Br)cccc1Nc1ncnc2ccncc12,401.312,3.5287,6.0,1.0,57.18,6.0,0.2777778,1
CN(C)CCN(C)c1cc2c(Nc3cccc(Br)c3)ncnc2cn1,401.312,3.5287,6.0,1.0,57.18,6.0,0.2777778,1
CN(C)CCN(C)c1cc2ncnc(Nc3cccc(Br)c3)c2cn1,401.312,3.5287,6.0,1.0,57.18,6.0,0.2777778,1
CN(C)CCN=NNc1ccc2ncnc(Nc3cccc(Br)c3)c2c1,414.311,4.4766,6.0,2.0,77.8,7.0,0.22222222,1
CN(C)CCN=NNc1ccc2ncnc(Nc3cccc(Cl)c3)c2c1,369.86,4.3675,6.0,2.0,77.8,7.0,0.22222222,1
CN(C)CCNC(=O)c1c(SSc2c(C(=O)NCCN(C)C)c3ccccc3n2C)n(C)c2ccccc12,552.77,4.0522,6.0,2.0,74.54,11.0,0.35714287,0
CN(C)CCNc1c(Br)cccc1Nc1ncnc2ccncc12,387.285,3.5044,6.0,2.0,65.97,6.0,0.23529412,1
CN(C)CCNc1cc2c(Nc3cccc(Br)c3)ncnc2cn1,387.285,3.5044,6.0,2.0,65.97,6.0,0.23529412,1
CN(C)CCNc1cc2ncnc(Nc3cccc(Br)c3)c2cn1,387.285,3.5044,6.0,2.0,65.97,6.0,0.23529412,1
CN(C)CCNc1ncc2ncnc(Nc3cccc(Br)c3)c2n1,388.273,2.8994,7.0,2.0,78.86,6.0,0.25,1
CN(C)CCc1ccc(-c2cc3ncnc(Nc4ccc5[nH]ccc5c4)c3s2)cc1,413.55,5.6873,5.0,2.0,56.84,6.0,0.16666667,1
CN(C)CCn1ccc2cc3c(Nc4cccc(Br)c4)ncnc3cc21,410.319,4.6522,4.0,1.0,45.98,5.0,0.2,1
CN(C)CCn1cnc2c(Cl)c3c(Nc4cccc(Br)c4)ncnc3cc21,445.752,4.7006,5.0,1.0,58.87,5.0,0.21052632,1
CN(C)CCn1cnc2cc3c(Nc4cccc(Br)c4)ncnc3cc21,411.307,4.0472,5.0,1.0,58.87,5.0,0.21052632,1
CN(C)CCn1cnc2cc3ncnc(Nc4cccc(Br)c4)c3cc21,411.307,4.0472,5.0,1.0,58.87,5.0,0.21052632,1
CN(C)CCn1ncc2cc3c(Nc4cccc(Br)c4)ncnc3cc21,411.307,4.0472,5.0,1.0,58.87,5.0,0.21052632,1
CN(C)Cc1c[nH]c2cc3ncnc(Nc4cccc(Br)c4)c3cc12,396.292,4.6788,4.0,2.0,56.84,4.0,0.15789473,1
CN(C)N=Nc1ccc2ncnc(NCc3ccccc3)c2c1,306.373,3.8022,5.0,1.0,65.77,5.0,0.1764706,0
CN(C)N=Nc1ccc2ncnc(Nc3cccc(Br)c3)c2c1,371.242,4.6962,5.0,1.0,65.77,4.0,0.125,1
CN(C)N=Nc1ccc2ncnc(Nc3cccc(Cl)c3)c2c1,326.791,4.5871,5.0,1.0,65.77,4.0,0.125,1
CN(C)c1cc2c(Nc3ccc4c(cnn4Cc4ccccc4)c3)ncnc2cn1,395.47,4.2324,6.0,1.0,71.76,5.0,0.13043478,1
CN(C)c1cc2c(Nc3cccc(Br)c3)ncnc2cn1,344.216,3.5969,5.0,1.0,53.94,3.0,0.13333334,1
CN(C)c1cc2ncnc(Nc3cccc(Br)c3)c2cc1N,358.243,3.7841,5.0,2.0,67.07,3.0,0.125,1
CN(C)c1cc2ncnc(Nc3cccc(Br)c3)c2cc1[N+](=O)[O-],388.225,4.1101,6.0,1.0,84.19,4.0,0.125,0
CN(C)c1cc2ncnc(Nc3cccc(Br)c3)c2cn1,344.216,3.5969,5.0,1.0,53.94,3.0,0.13333334,1
CN(C)c1ccc(Nc2[nH]nc3ncnc(Nc4cccc(Cl)c4)c23)cc1,379.855,4.5595,6.0,3.0,81.76,5.0,0.10526316,1
CN(C)c1ccc(Nc2ncnc3cc(-c4ccccc4)sc23)cc1,346.459,5.1679,5.0,1.0,41.05,4.0,0.1,1
CN(C)c1ccc(Nc2ncnc3cc(N)ncc23)cc1,280.335,2.4166,6.0,2.0,79.96,3.0,0.13333334,0
CN(C)c1ccc(Nc2ncnc3ccncc23)c(N)c1,280.335,2.4166,6.0,2.0,79.96,3.0,0.13333334,0
CN(C)c1ccc2c(Nc3cccc(Br)c3)ncnc2c1,343.228,4.2019,4.0,1.0,41.05,3.0,0.125,1
CN(C)c1ccc2c(Nc3cccc(Br)c3)ncnc2n1,344.216,3.5969,5.0,1.0,53.94,3.0,0.13333334,0
CN(C)c1ccc2cncnc2c1,173.219,1.6958,3.0,0.0,29.02,1.0,0.2,1
CN(C)c1ccc2ncnc(Nc3cccc(Br)c3)c2c1,343.228,4.2019,4.0,1.0,41.05,3.0,0.125,1
CN(C)c1ccc2ncnc(Nc3cccc(Br)c3)c2n1,344.216,3.5969,5.0,1.0,53.94,3.0,0.13333334,1
CN(C)c1ccc2ncncc2c1,173.219,1.6958,3.0,0.0,29.02,1.0,0.2,1
CN(C)c1ccc2sc3c(Nc4cccc(Br)c4)ncnc3c2c1,399.317,5.4166,5.0,1.0,41.05,3.0,0.11111111,1
CN(C)c1cccc(CNc2ncnc3cc(N)ncc23)c1,294.362,2.2851,6.0,2.0,79.96,4.0,0.1875,0
CN(C)c1cccc(Nc2ncnc3cc(N)ncc23)c1,280.335,2.4166,6.0,2.0,79.96,3.0,0.13333334,0
CN(C)c1cccc(Nc2ncnc3ccncc23)c1N,280.335,2.4166,6.0,2.0,79.96,3.0,0.13333334,0
CN(C)c1ccccc1Nc1ncnc2cc(N)ncc12,280.335,2.4166,6.0,2.0,79.96,3.0,0.13333334,0
CN(C)c1ncc2ncnc(Nc3cccc(Br)c3)c2n1,345.204,2.9919,6.0,1.0,66.83,3.0,0.14285715,1
CN(C/C=C/C(=O)Nc1ccc2ncnc(Nc3cccc(Br)c3)c2c1)CCO,456.344,3.5547,6.0,3.0,90.38,8.0,0.1904762,1
CN(CC(=O)O)Cc1c[nH]c2cc3ncnc(Nc4cccc(Br)c4)c3cc12,440.301,4.1336,5.0,3.0,94.14,6.0,0.15,1
CN(CC(=O)O)c1c(Br)cccc1Nc1ncnc2ccncc12,388.225,3.0517,6.0,2.0,91.24,5.0,0.125,1
CN(CC(=O)O)c1cc2c(Nc3cccc(Br)c3)ncnc2cn1,388.225,3.0517,6.0,2.0,91.24,5.0,0.125,1
CN(CC(=O)O)c1cc2ncnc(Nc3cccc(Br)c3)c2cn1,388.225,3.0517,6.0,2.0,91.24,5.0,0.125,1
CN(CC(O)C(O)C(O)C(O)CO)c1cc2ncnc(Nc3cccc(Br)c3)c2cn1,494.346,0.403,10.0,6.0,155.09,9.0,0.35,1
CN(CC(O)CO)c1c(Br)cccc1Nc1ncnc2ccncc12,404.268,2.3203,7.0,3.0,94.4,6.0,0.23529412,1
CN(CC(O)CO)c1cc2c(Nc3cccc(Br)c3)ncnc2cn1,404.268,2.3203,7.0,3.0,94.4,6.0,0.23529412,1
CN(CC(O)CO)c1cc2ncnc(Nc3cccc(Br)c3)c2cn1,404.268,2.3203,7.0,3.0,94.4,6.0,0.23529412,1
CN(CCCOc1ccc2ncnc(Nc3ccc(OCc4ccccc4)cc3)c2c1)CCS(C)(=O)=O,520.655,4.6977,8.0,1.0,93.65,13.0,0.2857143,0
CN(CCCl)C(=O)Nc1ccc2ncnc(Nc3cccc(Br)c3)c2c1,434.725,4.8384,4.0,2.0,70.15,5.0,0.16666667,1
CN(CCCl)C(=O)Nc1ccc2ncnc(Nc3cccc(Cl)c3)c2c1,390.274,4.7293,4.0,2.0,70.15,5.0,0.16666667,1
CN(CCCl)CCN=NNc1ccc2ncnc(Nc3cccc(Cl)c3)c2c1,418.332,4.9765,6.0,2.0,77.8,9.0,0.2631579,1
CN(CCO)CCNc1cc2c(Nc3cccc(Br)c3)ncnc2cn1,417.311,2.8669,7.0,3.0,86.2,8.0,0.2777778,1
CN(CCO)Cc1ccc(-c2cc3nccc(Nc4ccc5[nH]ccc5c4)c3s2)cc1,428.561,5.6123,5.0,3.0,64.18,7.0,0.16,1
CN(CCO)Cc1ccn2ncnc(Nc3ccc4c(cnn4Cc4cccc(F)c4)c3)c12,445.502,3.4341,6.0,2.0,83.51,8.0,0.20833333,1
CN(CCO)c1c(Br)cccc1Nc1ncnc2ccncc12,374.242,2.9594,6.0,2.0,74.17,5.0,0.1875,1
CN(CCO)c1cc2c(Nc3cccc(Br)c3)ncnc2cn1,374.242,2.9594,6.0,2.0,74.17,5.0,0.1875,1
CN(CCO)c1cc2ncnc(Nc3cccc(Br)c3)c2cn1,374.242,2.9594,6.0,2.0,74.17,5.0,0.1875,1
CN(CCOc1cccc2ncnc(Nc3ccc(OCc4ccccn4)c(Cl)c3)c12)C(=O)CO,493.951,3.8303,8.0,2.0,109.7,10.0,0.2,1
CN(c1ccccc1)c1cc2c(cc1Nc1ccccc1)C(=O)NC2=O,343.386,4.0817,4.0,2.0,61.44,4.0,0.04761905,0
CN(c1ccccc1)c1ncnc2[nH]cnc12,225.255,2.1208,4.0,1.0,57.7,2.0,0.083333336,0
CN(c1ccccc1)c1ncnc2ccc(N)cc12,250.305,2.9799,4.0,1.0,55.04,2.0,0.06666667,0
CN(c1ccccc1)c1ncnc2ccc(N=NNCc3ccccn3)cc12,369.432,4.5812,6.0,1.0,78.66,6.0,0.0952381,0
CN(c1ccccc1)c1ncnc2ccccc12,235.29,3.3977,3.0,0.0,29.02,2.0,0.06666667,0
CN1C(=O)C(=C(C#N)C#N)c2cc(O)ccc21,225.207,1.16936,4.0,1.0,88.12,0.0,0.083333336,0
CN1CCC(Nc2ncc3ncnc(Nc4ccc(F)c(Cl)c4)c3n2)CC1,387.85,3.462,7.0,2.0,78.86,4.0,0.33333334,1
CN1CCC(O)(c2nc(-c3ccc(F)cc3)c(-c3ccncc3)o2)CC1,353.397,3.4559,5.0,1.0,62.39,3.0,0.3,0
CN1CCC(Oc2cccc3ncnc(Nc4ccc(F)c(Cl)c4)c23)CC1,386.858,4.6389,5.0,1.0,50.28,4.0,0.3,1
CN1CCC(Oc2cccc3ncnc(Nc4ccc(OCc5cccc(F)c5)c(Cl)c4)c23)CC1,492.982,6.2179,6.0,1.0,59.51,7.0,0.25925925,1
CN1CCC(Oc2cccc3ncnc(Nc4ccc(OCc5ccccn5)c(Cl)c4)c23)CC1,475.98,5.4738,7.0,1.0,72.4,7.0,0.26923078,1
CN1CCC(Oc2cccc3ncnc(Nc4ccc(OCc5ccccn5)cc4)c23)CC1,441.535,4.8204,7.0,1.0,72.4,7.0,0.26923078,0
CN1CCC(Oc2cccc3ncnc(Nc4ccc(OCc5cnccn5)c(Cl)c4)c23)CC1,476.968,4.8688,8.0,1.0,85.29,7.0,0.28,0
CN1CCC(Oc2cccc3ncnc(Nc4ccc(OCc5cscn5)c(Cl)c4)c23)CC1,482.009,5.5353,8.0,1.0,72.4,7.0,0.29166666,0
CN1CCC(c2c(O)cc(O)c3c(=O)cc(-c4ccccc4Cl)oc23)[C@@H](O)C1,401.846,3.3046,6.0,3.0,94.14,2.0,0.2857143,0
CN1CCC(c2c(O)cc(O)c3c2O/C(=C\c2ccccc2Cl)C3=O)CC1,385.847,4.1766,5.0,2.0,70.0,2.0,0.2857143,0
CN1CCC=C(C(=O)Nc2ccc3ncnc(Nc4cccc(Br)c4)c3c2)C1,438.329,4.3363,5.0,2.0,70.15,4.0,0.1904762,1
CN1CCCN(Cc2ccn3ncnc(Nc4ccc5c(cnn5Cc5cccc(F)c5)c4)c23)CC1,484.583,4.1475,6.0,1.0,66.52,6.0,0.2962963,1
CN1CCN(CCC#CC(=O)Nc2cc3c(Nc4ccc(F)c(Br)c4)ncnc3cn2)CC1,512.387,3.2494,7.0,2.0,86.28,5.0,0.3043478,1
CN1CCN(CCC#CC(=O)Nc2cc3c(Nc4ccc(F)c(Cl)c4)ncnc3cn2)CC1,467.936,3.1403,7.0,2.0,86.28,5.0,0.3043478,1
CN1CCN(CCCCCNc2ncc3cc(-c4c(Cl)cccc4Cl)c(=O)n(C)c3n2)CC1,489.451,4.1319,6.0,1.0,66.29,8.0,0.45833334,0
CN1CCN(CCCCNc2ncc3cc(-c4c(Cl)cccc4Cl)c(=O)n(C)c3n2)CC1,475.424,3.7418,6.0,1.0,66.29,7.0,0.4347826,1
CN1CCN(CCCNc2c(Br)cccc2Nc2ncnc3ccncc23)CC1,456.392,3.5803,7.0,2.0,69.21,7.0,0.3809524,1
CN1CCN(CCCNc2cc3ncnc(Nc4cccc(Br)c4)c3cn2)CC1,456.392,3.5803,7.0,2.0,69.21,7.0,0.3809524,1
CN1CCN(CCCNc2ncc3cc(-c4c(Cl)cccc4Cl)c(=O)n(C)c3n2)CC1,461.397,3.3517,6.0,1.0,66.29,6.0,0.4090909,0
CN1CCN(CCCNc2ncc3cc(-c4c(Cl)cccc4Cl)c(NC(=O)NC(C)(C)C)nc3n2)CC1,545.519,4.968,7.0,3.0,98.31,7.0,0.46153846,1
CN1CCN(CCCNc2ncc3cc(-c4c(Cl)cccc4Cl)c(NC(=O)NC4CCCCC4)nc3n2)CC1,571.557,5.5022,7.0,3.0,98.31,8.0,0.5,0
CN1CCN(CCCNc2ncc3cc(-c4c(Cl)cccc4Cl)c(NC(=O)NCc4ccccc4)nc3n2)CC1,579.536,5.3697,7.0,3.0,98.31,9.0,0.31034482,0
CN1CCN(CCCOc2[nH]nc3ncnc(Nc4ccc(OCc5ccccn5)c(Cl)c4)c23)CC1,509.014,3.7402,9.0,2.0,104.32,10.0,0.36,1
CN1CCN(CCCOc2cc(OC3CCOCC3)c3c(Nc4ccc(F)c(Cl)c4)ncnc3c2)CC1,530.044,4.74,8.0,1.0,71.98,9.0,0.4814815,1
CN1CCN(CCOc2[nH]nc3ncnc(Nc4ccc(OCc5ccccn5)c(Cl)c4)c23)CC1,494.987,3.3501,9.0,2.0,104.32,9.0,0.33333334,1
CN1CCN(CCOc2cc(OC3CCOCC3)c3c(Nc4c(Cl)ccc5c4OCO5)ncnc3c2)CC1,542.036,3.9395,10.0,1.0,90.44,8.0,0.4814815,0
CN1CCN(Cc2ccn3ncnc(Nc4ccc5c(cnn5Cc5cccc(F)c5)c4)c23)CC1,470.556,3.7574,6.0,1.0,66.52,6.0,0.26923078,1
CN1CCN(NCCCNc2cc3c(Nc4cccc(Br)c4)ncnc3cn2)CC1,471.407,3.0849,8.0,3.0,81.24,8.0,0.3809524,1
CN1CCN(c2cc3c(Nc4cccc(Br)c4)ncnc3cn2)CC1,399.296,3.2827,6.0,1.0,57.18,3.0,0.2777778,1
CN1CCN(c2ccc3c(n2)nc(-c2ccc(F)cc2)n3-c2ccnc(NC3CCCC3)n2)CC1,472.572,4.1229,7.0,1.0,75.0,5.0,0.3846154,0
CN1CC[C@H](c2c(O)cc(O)c3c(=O)cc(-c4ccccc4Cl)oc23)[C@H](O)C1,401.846,3.3046,6.0,3.0,94.14,2.0,0.2857143,0
CN=NNc1ccc2ncnc(N(C)c3ccccc3)c2c1,292.346,3.8066,5.0,1.0,65.77,4.0,0.125,0
CN=NNc1ccc2ncnc(NCc3ccccc3)c2c1,292.346,3.6508,5.0,2.0,74.56,5.0,0.125,0
CN=NNc1ccc2ncnc(Nc3cccc(Br)c3)c2c1,357.215,4.5448,5.0,2.0,74.56,4.0,0.06666667,1
CN=NNc1ccc2ncnc(Nc3cccc(C)c3)c2c1,292.346,4.09072,5.0,2.0,74.56,4.0,0.125,1
CN=NNc1ccc2ncnc(Nc3cccc(Cl)c3)c2c1,312.764,4.4357,5.0,2.0,74.56,4.0,0.06666667,1
CNC(=O)C(C)N(C)Cc1cc2c(Nc3cccc(Cl)c3F)ncnc2cc1OC,431.899,3.7408,6.0,2.0,79.38,7.0,0.2857143,1
CNC(=O)C1CCCN1Cc1cc2c(Nc3cccc(Cl)c3F)ncnc2cc1OC,443.91,3.8849,6.0,2.0,79.38,6.0,0.3181818,1
CNC(=O)CCc1c(SSc2[nH]c3ccccc3c2CCC(=O)NC)[nH]c2ccccc12,466.632,4.8058,4.0,4.0,89.78,9.0,0.25,0
CNC(=O)NCc1cccc(C#Cc2cncnc2Nc2ccc(OCc3cccc(F)c3)c(Cl)c2)n1,516.964,4.8155,6.0,3.0,101.06,7.0,0.11111111,1
CNC(=O)O[C@H]1CN[C@H](C#Cc2cc3ncnc(Nc4ccc(OCc5cccc(F)c5)c(Cl)c4)c3s2)C1,552.031,5.2444,8.0,3.0,97.4,6.0,0.22222222,1
CNC(=O)c1c(SSc2[nH]c3ccccc3c2C(=O)NC)[nH]c2ccccc12,410.524,4.1678,4.0,4.0,89.78,5.0,0.1,0
CNC(=O)c1c(SSc2c(C(=O)NC)c3ccccc3n2C)n(C)c2ccccc12,438.578,4.1886,4.0,2.0,68.06,5.0,0.18181819,0
CNC(=O)c1c([Se][Se]c2[nH]c3ccccc3c2C(=O)NC)[nH]c2ccccc12,504.31,0.6426,2.0,4.0,89.78,5.0,0.1,0
CNC(=O)c1c([Se][Se]c2c(C(=O)NC)c3ccccc3n2C)n(C)c2ccccc12,532.364,0.6634,2.0,2.0,68.06,5.0,0.18181819,0
CNC(=O)c1cc(NCc2cc(O)ccc2O)ccc1O,288.303,1.7751,5.0,5.0,101.82,4.0,0.13333334,0
CNC(=O)c1ccc(S(=O)(=O)Oc2ccc(/C=C(\C)[N+](=O)[O-])cc2OC)cc1,406.416,2.46,7.0,1.0,124.84,7.0,0.16666667,0
CNC(=O)c1ccc(S(=O)(=O)Oc2ccc(/C=C/[N+](=O)[O-])cc2)cc1,362.363,2.0613,6.0,1.0,115.61,6.0,0.0625,0
CNC(=O)c1cccc(C#Cc2cncnc2Nc2ccc(OCc3cccc(F)c3)c(Cl)c2)c1,486.934,5.3511,5.0,2.0,76.14,6.0,0.074074075,1
CNC(=S)N(C)[C@H]1C[C@@H]2O[C@](C)([C@H]1OC)n1c3ccccc3c3c4c(c5c6ccccc6n2c5c31)C(=O)NC4,539.661,4.5707,4.0,2.0,72.69,2.0,0.33333334,0
CNC1=CC2N=CN(C)/C(=N\c3cccc(Br)c3)C2C=N1,346.232,2.5828,4.0,1.0,52.35,2.0,0.26666668,1
CNC1CCN(Cc2ccn3ncnc(Nc4ccc5c(cnn5Cc5cccc(F)c5)c4)c23)CC1,484.583,4.1938,6.0,2.0,75.31,7.0,0.2962963,1
CNCC(O)COc1cc2c(Nc3ccc(F)c(Cl)c3)ncnc2cc1OC,406.845,3.1336,7.0,3.0,88.53,8.0,0.2631579,1
CNCCOc1[nH]nc2ncnc(Nc3ccc(OCc4ccccn4)c(Cl)c3)c12,425.88,3.3221,8.0,3.0,109.87,9.0,0.2,1
CNCCOc1cc2c(Nc3ccc(F)c(Cl)c3)ncnc2cc1OC,376.819,3.7727,6.0,2.0,68.3,7.0,0.22222222,1
CNN1C(=O)c2c(c3c4cccc(O)c4n(C4OC(CO)C(O)C(O)C4O)c3c3[nH]c4c(O)cccc4c23)C1=O,548.508,0.543,10.0,8.0,200.74,3.0,0.25925925,0
CN[C@@H]1C[C@H]2O[C@@](C)([C@@H]1OC)n1c3ccccc3c3c4c(c5c6ccccc6n2c5c31)C(=O)NC4,466.541,4.354,4.0,2.0,69.45,2.0,0.32142857,1
CN[C@H]1C[C@@H]2O[C@](C)([C@H]1OC)n1c3ccccc3c3c4c(c5c6ccccc6n2c5c31)C(=O)NC4=O,480.524,3.9942,5.0,2.0,86.52,2.0,0.2857143,1
CN[C@H]1C[C@@H]2O[C@](C)([C@H]1OC)n1c3ccccc3c3c4c(c5c6ccccc6n2c5c31)C(=O)N[C@@H]4O,482.54,3.8449,5.0,3.0,89.68,2.0,0.32142857,1
CN[C@H]1C[C@@H]2O[C@](C)([C@H]1OC)n1c3ccccc3c3c4c(c5c6ccccc6n2c5c31)[C@H](O)NC4=O,482.54,3.8449,5.0,3.0,89.68,2.0,0.32142857,1
CNc1cc2c(Nc3cccc(Br)c3)ncnc2cn1,330.189,3.5726,5.0,2.0,62.73,3.0,0.071428575,1
CNc1cc2c(Nc3cccc(C(F)(F)F)c3)ncnc2cn1,319.29,3.8289,5.0,2.0,62.73,3.0,0.13333334,1
CNc1cc2c(Nc3cccc(C)c3)ncnc2cn1,265.32,3.11852,5.0,2.0,62.73,3.0,0.13333334,1
CNc1cc2c(Nc3cccc(Cl)c3)ncnc2cn1,285.738,3.4635,5.0,2.0,62.73,3.0,0.071428575,1
CNc1cc2c(Nc3ccccc3)ncnc2cn1,251.293,2.8101,5.0,2.0,62.73,3.0,0.071428575,1
CNc1cc2ncnc(Nc3cccc(Br)c3)c2cc1N,344.216,3.7598,5.0,3.0,75.86,3.0,0.06666667,1
CNc1cc2ncnc(Nc3cccc(Br)c3)c2cc1[N+](=O)[O-],374.198,4.0858,6.0,2.0,92.98,4.0,0.06666667,1
CNc1cc2ncnc(Nc3cccc(Br)c3)c2cn1,330.189,3.5726,5.0,2.0,62.73,3.0,0.071428575,1
CNc1cc2ncnc(Nc3cccc(C)c3)c2cn1,265.32,3.11852,5.0,2.0,62.73,3.0,0.13333334,1
CNc1ccc2c(Nc3cccc(Br)c3)ncnc2c1,329.201,4.1776,4.0,2.0,49.84,3.0,0.06666667,1
CNc1ccc2c(Nc3cccc(Br)c3)ncnc2n1,330.189,3.5726,5.0,2.0,62.73,3.0,0.071428575,1
CNc1ccc2cncnc2c1,159.192,1.6715,3.0,1.0,37.81,1.0,0.11111111,1
CNc1ccc2ncnc(Nc3cccc(Br)c3)c2c1,329.201,4.1776,4.0,2.0,49.84,3.0,0.06666667,1
CNc1ccc2ncnc(Nc3cccc(Br)c3)c2n1,330.189,3.5726,5.0,2.0,62.73,3.0,0.071428575,1
CNc1ccc2ncnc(Nc3cccc(C)c3)c2c1,264.332,3.72352,4.0,2.0,49.84,3.0,0.125,1
CNc1ccc2ncnc(Nc3cccc(Cl)c3)c2c1,284.75,4.0685,4.0,2.0,49.84,3.0,0.06666667,1
CNc1ccc2ncncc2c1,159.192,1.6715,3.0,1.0,37.81,1.0,0.11111111,1
CNc1ccc2sc3c(Nc4cccc(Br)c4)ncnc3c2c1,385.29,5.3923,5.0,2.0,49.84,3.0,0.05882353,1
CNc1ncc2cc(-c3c(Cl)cccc3Cl)c(=O)n(C)c2n1,335.194,3.344,4.0,1.0,59.81,2.0,0.13333334,0
CNc1ncc2ncnc(Nc3cccc(Br)c3)c2n1,331.177,2.9676,6.0,2.0,75.62,3.0,0.07692308,1
CNc1ncc2ncnc(Nc3cccc(C)c3)c2n1,266.308,2.51352,6.0,2.0,75.62,3.0,0.14285715,1
CNc1ncc2ncnc(Nc3ccccc3)c2n1,252.281,2.2051,6.0,2.0,75.62,3.0,0.07692308,1
CNc1ncnc(-c2cccnc2Oc2cc(NC(=O)c3cccc(OC(F)(F)C(F)F)c3)ccc2C)n1,528.466,5.56502,8.0,2.0,111.15,9.0,0.16,0
CNc1ncnc(-c2cccnc2Oc2ccc(F)c(C(=O)Nc3cc(C(F)(F)F)ccc3N(C)CCCN(C)C)c2)n1,598.605,5.5657,9.0,2.0,108.4,11.0,0.27586207,0
CNc1ncnc2c1c(-c1ccccc1)cn2-c1ccccc1,300.365,4.1292,3.0,1.0,42.74,3.0,0.05263158,0
COC(=O)C1CCN(Cc2ccn3ncnc(Nc4ccc5c(cnn5Cc5cccc(F)c5)c4)c23)CC1,513.577,4.395,7.0,1.0,89.58,7.0,0.2857143,0
COC(=O)CCCC(=O)Nc1cccc(C#Cc2cncnc2Nc2ccc(OCc3cccc(F)c3)c(Cl)c2)c1,573.024,6.2733,7.0,2.0,102.44,10.0,0.16129032,1
COC(=O)CCc1c(SSc2[nH]c3ccccc3c2CCC(=O)OC)[nH]c2ccccc12,468.6,5.6598,6.0,2.0,84.18,9.0,0.25,0
COC(=O)CN(C)Cc1c[nH]c2cc3ncnc(Nc4cccc(Br)c4)c3cc12,454.328,4.222,6.0,2.0,83.14,6.0,0.1904762,1
COC(=O)CN(C)[C@H]1C[C@@H]2O[C@](C)([C@H]1OC)n1c3ccccc3c3c4c(c5c6ccccc6n2c5c31)C(=O)NC4,538.604,4.2394,6.0,1.0,86.96,4.0,0.3548387,0
COC(=O)CN1CCC(n2cc(-c3cccc(O)c3)c3c(N)ncnc32)C1,367.409,1.8059,7.0,2.0,106.5,4.0,0.31578946,0
COC(=O)CN1CCC(n2cc(-c3cccc(O)c3)c3c(N)ncnc32)CC1,381.436,2.196,7.0,2.0,106.5,4.0,0.35,0
COC(=O)CN1CCC(n2cc(-c3cccc(OC)c3)c3c(N)ncnc32)C1,381.436,2.1089,7.0,1.0,95.5,5.0,0.35,0
COC(=O)CN1CCC(n2cc(-c3cccc(OC)c3)c3c(N)ncnc32)CC1,395.463,2.499,7.0,1.0,95.5,5.0,0.3809524,0
COC(=O)COCc1ccn2ncnc(Nc3ccc4c(cnn4Cc4cccc(F)c4)c3)c12,460.469,3.6996,7.0,1.0,95.57,8.0,0.16666667,0
COC(=O)Cc1c(S)[nH]c2ccccc12,221.281,2.1721,3.0,2.0,42.09,2.0,0.18181819,0
COC(=O)Cc1c(SSSc2[nH]c3ccccc3c2CC(=O)OC)[nH]c2ccccc12,472.613,5.5278,7.0,2.0,84.18,8.0,0.18181819,0
COC(=O)Cc1c(SSc2[nH]c3ccccc3c2CC(=O)OC)[nH]c2ccccc12,440.546,4.8796,6.0,2.0,84.18,7.0,0.18181819,0
COC(=O)Cc1c(SSc2c(CC(=O)OC)c3ccccc3n2C)n(C)c2ccccc12,468.6,4.9004,6.0,0.0,62.46,7.0,0.25,0
COC(=O)Cc1cc(N=Cc2cc(O)ccc2O)ccc1O,301.298,2.2695,6.0,3.0,99.35,4.0,0.125,0
COC(=O)Cc1cc(NCc2cc(O)ccc2O)ccc1O,303.314,2.131,6.0,4.0,99.02,5.0,0.1875,0
COC(=O)Cn1cc(-c2cccc(Cl)c2)c(=O)c2c(O)cc(OC)cc21,373.792,3.2091,5.0,1.0,77.76,4.0,0.15789473,0
COC(=O)N(C)[C@H]1C[C@@H]2O[C@](C)([C@H]1OC)n1c3ccccc3c3c4c(c5c6ccccc6n2c5c31)C(=O)NC4,524.577,4.8328,5.0,1.0,86.96,2.0,0.33333334,0
COC(=O)N1CCC[C@@H]1C#Cc1cc2ncnc(Nc3ccc(OCc4cccc(F)c4)c(Cl)c3)c2s1,537.016,6.3887,7.0,1.0,76.58,5.0,0.22222222,1
COC(=O)Nc1ccc2ncnc(Nc3cccc(Br)c3)c2c1,373.21,4.3142,5.0,2.0,76.14,3.0,0.0625,1
COC(=O)c1c(N)ncnc1Nc1ccc(OCc2ccccc2)c(Cl)c1,384.823,3.8214,7.0,2.0,99.36,6.0,0.10526316,1
COC(=O)c1c(OC)c2ccccc2c2oc3c(c12)C(=O)c1ccccc1C3=O,386.359,4.1566,6.0,0.0,82.81,2.0,0.08695652,0
COC(=O)c1c(OCCCN(C)C)c2ccccc2c2oc3c(c12)C(=O)c1ccccc1C3=O,457.482,4.4785,7.0,0.0,86.05,6.0,0.22222222,0
COC(=O)c1c(OCCN(C)C)c2ccccc2c2oc3c(c12)C(=O)c1ccccc1C3=O,443.455,4.0884,7.0,0.0,86.05,5.0,0.1923077,0
COC(=O)c1c(OCCN2CCCC2)c2ccccc2c2oc3c(c12)C(=O)c1ccccc1C3=O,469.493,4.6226,7.0,0.0,86.05,5.0,0.25,0
COC(=O)c1c(OCCN2CCCCC2)c2ccccc2c2oc3c(c12)C(=O)c1ccccc1C3=O,483.52,5.0127,7.0,0.0,86.05,5.0,0.27586207,0
COC(=O)c1cc(NCc2cc(O)ccc2O)ccc1O,289.287,2.2021,6.0,4.0,99.02,4.0,0.13333334,0
COC(=O)c1cc(NCc2cc(O)ccc2O)ccc1OC,303.314,2.5051,6.0,3.0,88.02,5.0,0.1875,0
COC(=O)c1cc(NCc2cccc(O)c2)ccc1O,273.288,2.4965,5.0,3.0,78.79,4.0,0.13333334,0
COC(=O)c1cc(NCc2ccccc2O)ccc1O,273.288,2.4965,5.0,3.0,78.79,4.0,0.13333334,0
COC(=O)c1ccc(-c2ccc(-c3ccccc3)cc2O)cc1,304.345,4.5128,3.0,1.0,46.53,3.0,0.05,0
COC(=O)c1ccc(C(=O)N(C)[C@H]2C[C@@H]3O[C@](C)([C@H]2OC)n2c4ccccc4c4c5c(c6c7ccccc7n3c6c42)C(=O)NC5)cc1,628.685,5.6934,6.0,1.0,104.03,4.0,0.27027026,0
COC(=O)c1ccc(C(=O)c2c(SSc3c(C(=O)c4ccc(C(=O)OC)cc4)c4ccccc4n3C)n(C)c3ccccc23)cc1,648.762,7.5046,8.0,0.0,96.6,9.0,0.11111111,0
COC(=O)c1ccc(CNC(=O)CCc2c(SSc3[nH]c4ccccc4c3CCC(=O)NCc3ccc(C(=O)OC)c(O)c3)[nH]c3ccccc23)cc1O,766.898,6.931,10.0,6.0,182.84,15.0,0.2,0
COC(=O)c1ccc(CNC(=O)CCc2c(SSc3[nH]c4ccccc4c3CCC(=O)NCc3ccc(C(=O)OC)cc3)[nH]c3ccccc23)cc1,734.9,7.5198,8.0,4.0,142.38,15.0,0.2,0
COC(=O)c1ccc(CNC(=O)c2c(SSc3c(C(=O)NCc4ccc(C(=O)OC)cc4)c4ccccc4n3C)n(C)c3ccccc23)cc1,706.846,6.9026,8.0,2.0,120.66,11.0,0.15789473,0
COC(=O)c1ccc(NCc2cc(O)ccc2O)cc1O,289.287,2.2021,6.0,4.0,99.02,4.0,0.13333334,0
COC(=O)c1ccc(S(=O)(=O)Oc2ccc(/C=C/[N+](=O)[O-])cc2)cc1,363.347,2.4883,7.0,0.0,112.81,6.0,0.0625,0
COC(=O)c1ccc(S(=O)(=O)Oc2ccc(/C=C/[N+](=O)[O-])cc2)cc1O,379.346,2.1939,8.0,1.0,133.04,6.0,0.0625,0
COC(=O)c1cccc(NCc2cc(O)ccc2O)c1,273.288,2.4965,5.0,3.0,78.79,4.0,0.13333334,0
COC(=O)c1ccccc1SCC(CN(C)C)C(=O)c1ccc(OCc2ccccc2)cc1,463.599,5.205,6.0,0.0,55.84,11.0,0.25925925,0
COC/C=C/C(=O)Nc1ccc2ncnc(Nc3cccc(Br)c3)c2c1,413.275,4.277,5.0,2.0,76.14,6.0,0.10526316,0
COC1CCN(CCOc2[nH]nc3ncnc(Nc4ccc(OCc5ccccn5)c(Cl)c4)c23)CC1,509.998,4.2135,9.0,2.0,110.31,10.0,0.36,1
COC1CNCCN(Cc2ccn3ncnc(Nc4ccc5c(cnn5Cc5cccc(F)c5)c4)c23)C1,500.582,3.4302,7.0,2.0,84.54,7.0,0.2962963,1
COCC#CC(=O)Nc1cc2c(Nc3cccc(Br)c3)c(C#N)cnc2cc1OC,465.307,4.20948,6.0,2.0,96.27,5.0,0.13636364,0
COCC#CC(=O)Nc1ccc2ncc(C#N)c(Nc3cccc(Br)c3)c2c1,435.281,4.20088,5.0,2.0,87.04,4.0,0.0952381,0
COCC#CC(=O)Nc1ccc2ncnc(Nc3cccc(Br)c3)c2c1,411.259,3.7242,5.0,2.0,76.14,4.0,0.10526316,1
COCC(=O)Nc1ccc2ncnc(Nc3cc(Cl)c(Cl)cc3F)c2c1,395.221,4.4042,5.0,2.0,76.14,5.0,0.11764706,0
COCC(=O)Nc1ccc2ncnc(Nc3cccc(Br)c3)c2c1,387.237,3.7208,5.0,2.0,76.14,5.0,0.11764706,1
COCC(=O)Nc1ccc2ncnc(Nc3cccc(I)c3)c2c1,434.237,3.5629,5.0,2.0,76.14,5.0,0.11764706,0
COCC(C(N)=O)N(C)Cc1cc2c(Nc3cccc(Cl)c3F)ncnc2cc1OC,447.898,3.1066,7.0,2.0,102.6,9.0,0.2857143,1
COCC1CCCN1CC#CC(=O)Nc1ccc2ncc(C#N)c(Nc3cccc(Br)c3)c2c1,518.415,4.66528,6.0,2.0,90.28,6.0,0.26923078,1
COCC1CCCN1CC#CC(=O)Nc1ccc2ncnc(Nc3cccc(Br)c3)c2c1,494.393,4.1886,6.0,2.0,79.38,6.0,0.29166666,1
COCCC(C(N)=O)N(C)Cc1cc2c(Nc3cccc(Cl)c3F)ncnc2cc1OC,461.925,3.4967,7.0,2.0,102.6,10.0,0.3181818,1
COCCN(C)C/C=C/C(=O)Nc1ccc2ncnc(Nc3cccc(Br)c3)c2c1,470.371,4.2088,6.0,2.0,79.38,9.0,0.22727273,1
COCCN(C)CCN1CCC(n2cc(-c3cccc(OC)c3)c3c(N)ncnc32)CC1,438.576,2.9042,7.0,1.0,81.67,9.0,0.5,0
COCCN(CCOC)CCOc1cc2c(Nc3ccc(F)c(Cl)c3)ncnc2cc1OC,478.952,4.1481,8.0,1.0,77.97,13.0,0.39130434,1
COCCN(Cc1cc2c(Nc3cccc(Cl)c3F)ncnc2cc1OC)C(C)C(N)=O,461.925,3.4967,7.0,2.0,102.6,10.0,0.3181818,1
COCCN1CC(C(N)=O)(N(C)Cc2cc3c(Nc4cccc(Cl)c4F)ncnc3cc2OC)C1,502.978,2.7924,8.0,2.0,105.84,10.0,0.375,1
COCCN1CCC(Oc2cc3c(Nc4cc(Cl)ccc4F)ncnc3cc2OC)CC1,460.937,4.6641,7.0,1.0,68.74,8.0,0.39130434,1
COCCN1CCC(Oc2cc3c(Nc4cccc(Cl)c4F)ncnc3cc2OC)CC1,460.937,4.6641,7.0,1.0,68.74,8.0,0.39130434,1
COCCN1CCC[C@@H]1C#Cc1cc2ncnc(Nc3ccc(OCc4cccc(F)c4)c(Cl)c3)c2s1,537.06,6.2687,7.0,1.0,59.51,8.0,0.2857143,1
COCCN=NNc1ccc2ncnc(Nc3cccc(Br)c3)c2c1,401.268,4.5614,6.0,2.0,83.79,7.0,0.1764706,1
COCCNCCN1CCC(n2cc(-c3cccc(OC)c3)c3c(N)ncnc32)CC1,424.549,2.562,7.0,2.0,90.46,9.0,0.47826087,1
COCCNCCOc1cc2c(Nc3ccc(F)c(Cl)c3)ncnc2cc1OC,420.872,3.7893,7.0,2.0,77.53,10.0,0.3,1
COCCOCC#CC(=O)Nc1ccc2ncc(C#N)c(Nc3cccc(Br)c3)c2c1,479.334,4.21748,6.0,2.0,96.27,7.0,0.17391305,0
COCCOCC#CC(=O)Nc1ccc2ncnc(Nc3cccc(Br)c3)c2c1,455.312,3.7408,6.0,2.0,85.37,7.0,0.1904762,1
COCCOCc1ccn2ncnc(Nc3ccc4c(cnn4Cc4cccc(F)c4)c3)c12,446.486,4.173,6.0,1.0,78.5,9.0,0.20833333,0
COCCON=Cc1c(N)ncnc1Nc1ccc2c(cnn2Cc2cccc(F)c2)c1,435.463,3.3364,8.0,2.0,112.47,9.0,0.18181819,1
COCCOc1cc(OC2CCOCC2)c2c(Nc3ccc(F)c(Cl)c3)ncnc2c1,447.894,4.7489,7.0,1.0,74.73,8.0,0.36363637,0
COCCOc1cc2ncc(C#N)c(N[C@@H]3C[C@H]3c3ccccc3)c2cc1OC,389.455,4.10828,6.0,1.0,76.4,8.0,0.3043478,1
COCCOc1cc2ncnc(NC3=CC(=O)C(OCc4cccc(OC)c4)=CC3=O)c2cc1OC,491.5,3.2205,10.0,1.0,118.1,11.0,0.23076923,0
COCCOc1cc2ncnc(Nc3ccc(Cl)cc3F)c2cc1OC,377.803,4.1997,6.0,1.0,65.5,7.0,0.22222222,1
COCOC#CC(=O)Nc1ccc2ncc(C#N)c(Nc3cccc(Br)c3)c2c1,451.28,4.13248,6.0,2.0,96.27,5.0,0.0952381,0
COCOCC#CC(=O)Nc1ccc2ncc(C#N)c(Nc3cccc(Br)c3)c2c1,465.307,4.17498,6.0,2.0,96.27,6.0,0.13636364,0
COCOCC#CC(=O)Nc1ccc2ncnc(Nc3cccc(Br)c3)c2c1,441.285,3.6983,6.0,2.0,85.37,6.0,0.15,1
COCOc1cc(-c2ccccc2)ccc1-c1ccc(C(=O)NCc2ccccc2)cc1,423.512,5.9333,3.0,1.0,47.56,8.0,0.10714286,0
COCOc1cc(-c2ccccc2)ccc1-c1ccc(C(=O)O)cc1,334.371,4.7015,3.0,1.0,55.76,6.0,0.0952381,0
COCOc1cc(C(C)(C)C)ccc1-c1ccc(C(=O)OC)cc1,328.408,4.4204,4.0,0.0,44.76,5.0,0.35,0
COC[C@@H]1CCCN1C/C=C/C(=O)Nc1ccc2ncnc(Nc3cccc(Br)c3)c2c1,496.409,4.7414,6.0,2.0,79.38,8.0,0.29166666,1
COC[C@@H]1CCCN1C/C=C\C(=O)Nc1ccc2ncnc(Nc3cccc(Br)c3)c2c1,496.409,4.7414,6.0,2.0,79.38,8.0,0.29166666,1
COC[C@@H]1CCCN1CC#CC(=O)Nc1ccc2ncc(C#N)c(Nc3cccc(Br)c3)c2c1,518.415,4.66528,6.0,2.0,90.28,6.0,0.26923078,1
COC[C@H]1CCCN1C/C=C/C(=O)Nc1ccc2ncnc(Nc3cccc(Br)c3)c2c1,496.409,4.7414,6.0,2.0,79.38,8.0,0.29166666,1
COCc1ccn2ncnc(Nc3ccc4c(cnn4Cc4cccc(F)c4)c3)c12,402.433,4.1564,5.0,1.0,69.27,6.0,0.13636364,0
CON=Cc1c(N)ncnc1NCc1ccc(F)c(Cl)c1,309.732,2.4437,6.0,2.0,85.42,5.0,0.15384616,0
CON=Cc1c(N)ncnc1Nc1ccc(F)c(Cl)c1,295.705,2.5752,6.0,2.0,85.42,4.0,0.083333336,1
CON=Cc1c(N)ncnc1Nc1ccc(OCc2cc(F)cc(F)c2)c(Cl)c1,419.819,4.2933,7.0,2.0,94.65,7.0,0.10526316,1
CON=Cc1c(N)ncnc1Nc1ccc(OCc2cccc(F)c2)c(Cl)c1,401.829,4.1542,7.0,2.0,94.65,7.0,0.10526316,1
CON=Cc1c(N)ncnc1Nc1ccc(OCc2ccccc2)c(Cl)c1,383.839,4.0151,7.0,2.0,94.65,7.0,0.10526316,1
CON=Cc1c(N)ncnc1Nc1ccc2[nH]c(Cc3cccc(F)c3)nc2c1,391.41,3.3889,7.0,3.0,114.1,6.0,0.1,1
CON=Cc1c(N)ncnc1Nc1ccc2[nH]ncc2c1,283.295,1.659,7.0,3.0,114.1,4.0,0.07692308,1
CON=Cc1c(N)ncnc1Nc1ccc2c(c1)CCN2Cc1cccc(F)c1,392.438,3.4845,7.0,2.0,88.66,6.0,0.1904762,1
CON=Cc1c(N)ncnc1Nc1ccc2c(ccn2Cc2cccc(F)c2)c1,390.422,3.9248,6.0,2.0,90.35,6.0,0.0952381,1
CON=Cc1c(N)ncnc1Nc1ccc2c(cnn2Cc2ccc(F)cc2)c1,391.41,3.3198,7.0,2.0,103.24,6.0,0.1,1
CON=Cc1c(N)ncnc1Nc1ccc2c(cnn2Cc2cccc(C#N)c2)c1,398.43,3.05238,8.0,2.0,127.03,6.0,0.0952381,1
CON=Cc1c(N)ncnc1Nc1ccc2c(cnn2Cc2cccc(Cl)c2)c1,407.865,3.8341,7.0,2.0,103.24,6.0,0.1,1
CON=Cc1c(N)ncnc1Nc1ccc2c(cnn2Cc2cccc(F)c2)c1,391.41,3.3198,7.0,2.0,103.24,6.0,0.1,1
CON=Cc1c(N)ncnc1Nc1ccc2c(cnn2Cc2cccc(OC)c2)c1,403.446,3.1893,8.0,2.0,112.47,7.0,0.14285715,1
CON=Cc1c(N)ncnc1Nc1ccc2c(cnn2Cc2ccccc2)c1,373.42,3.1807,7.0,2.0,103.24,6.0,0.1,1
CON=Cc1c(N)ncnc1Nc1cccc(Br)c1,322.166,2.5452,6.0,2.0,85.42,4.0,0.083333336,1
CONC(=O)CCc1c(SSc2[nH]c3ccccc3c2CCC(=O)NOC)[nH]c2ccccc12,498.63,4.669,6.0,4.0,108.24,11.0,0.25,0
CONC(=O)c1cc(N=Cc2cc(O)ccc2O)ccc1O,302.286,1.8452,6.0,4.0,111.38,4.0,0.06666667,0
CONC(=O)c1cc(NCc2cc(O)ccc2O)ccc1O,304.302,1.7067,6.0,5.0,111.05,5.0,0.13333334,0
CONC(=O)c1cc(Nc2ncnn3cc(NC(=O)OCC4CCCO4)c(C(C)C)c23)c(F)cc1F,504.494,3.8932,8.0,3.0,128.11,8.0,0.39130434,0
CONC(=O)c1cc(Nc2ncnn3cc(NC(=O)OCCCS(C)(=O)=O)c(C(C)C)c23)c(F)cc1F,540.549,3.1489,9.0,3.0,153.02,10.0,0.36363637,0
CO[C@H](C)c1c(O)cc2c(O)c3c(c(O)c2c1O)C(=O)C(=O)C(=O)C3,346.291,1.2466,8.0,4.0,141.36,2.0,0.23529412,0
CO[C@H](C)c1c(O)cc2c(c1O)C(=O)c1c(O)cc(O)cc1C2=O,330.292,1.9918,7.0,4.0,124.29,2.0,0.1764706,0
CO[C@H]1[C@@H](N(C)C(=O)C(F)(F)F)C[C@@H]2O[C@@]1(C)n1c3ccccc3c3c4c(c5c6ccccc6n2c5c31)C(=O)NC4,562.548,5.1553,4.0,1.0,77.73,2.0,0.33333334,0
CO[C@H]1[C@@H](N(C)C(=O)CCC(=O)O)C[C@@H]2O[C@@]1(C)n1c3ccccc3c3c4c(c5c6ccccc6n2c5c31)C(=O)NC4,566.614,4.4578,5.0,2.0,115.03,5.0,0.34375,1
CO[C@H]1[C@@H](N(C)C(=O)CN)C[C@@H]2O[C@@]1(C)n1c3ccccc3c3c4c(c5c6ccccc6n2c5c31)C(=O)NC4,523.593,3.5517,5.0,2.0,103.75,3.0,0.33333334,1
CO[C@H]1[C@@H](N(C)C(=O)CNC(=O)OC(C)(C)C)C[C@@H]2O[C@@]1(C)n1c3ccccc3c3c4c(c5c6ccccc6n2c5c31)C(=O)NC4,623.71,5.1177,6.0,2.0,116.06,4.0,0.4,0
CO[C@H]1[C@@H](N(C)C(=O)OC(C)(C)C)C[C@@H]2O[C@@]1(C)n1c3ccccc3c3c4c(c5c6ccccc6n2c5c31)C(=O)NC4,566.658,6.0015,5.0,1.0,86.96,2.0,0.3939394,0
CO[C@H]1[C@@H](N(C)C(=O)c2ccc(C(=O)O)cc2)C[C@@H]2O[C@@]1(C)n1c3ccccc3c3c4c(c5c6ccccc6n2c5c31)C(=O)NC4,614.658,5.605,5.0,2.0,115.03,4.0,0.25,1
CO[C@H]1[C@@H](N(C)C(=O)c2ccc(Cl)cc2)C[C@@H]2O[C@@]1(C)n1c3ccccc3c3c4c(c5c6ccccc6n2c5c31)C(=O)NC4,605.094,6.5602,4.0,1.0,77.73,3.0,0.25714287,0
CO[C@H]1[C@@H](N(C)C(=O)c2cccc(Cl)c2)C[C@@H]2O[C@@]1(C)n1c3ccccc3c3c4c(c5c6ccccc6n2c5c31)C(=O)NC4,605.094,6.5602,4.0,1.0,77.73,3.0,0.25714287,0
CO[C@H]1[C@@H](N(C)C(=O)c2cccc([N+](=O)[O-])c2)C[C@@H]2O[C@@]1(C)n1c3ccccc3c3c4c(c5c6ccccc6n2c5c31)C(=O)NC4,615.646,5.815,6.0,1.0,120.87,4.0,0.25714287,0
CO[C@H]1[C@@H](N(C)C(=O)c2ccccc2)C[C@@H]2O[C@@]1(C)n1c3ccccc3c3c4c(c5c6ccccc6n2c5c31)C(=O)NC4,570.649,5.9068,4.0,1.0,77.73,3.0,0.25714287,0
CO[C@H]1[C@@H](N(C)C(=O)c2ccccc2Cl)C[C@@H]2O[C@@]1(C)n1c3ccccc3c3c4c(c5c6ccccc6n2c5c31)C(=O)NC4,605.094,6.5602,4.0,1.0,77.73,3.0,0.25714287,0
CO[C@H]1[C@@H](N(C)C(=O)c2cccnc2)C[C@@H]2O[C@@]1(C)n1c3ccccc3c3c4c(c5c6ccccc6n2c5c31)C(=O)NC4,571.637,5.3018,5.0,1.0,90.62,3.0,0.2647059,0
CO[C@H]1[C@@H](N(C)C(=O)c2cnccn2)C[C@@H]2O[C@@]1(C)n1c3ccccc3c3c4c(c5c6ccccc6n2c5c31)C(=O)NC4,572.625,4.6968,6.0,1.0,103.51,3.0,0.27272728,0
CO[C@H]1[C@@H](N(C)C(C)=O)C[C@@H]2O[C@@]1(C)n1c3ccccc3c3c4c(c5c6ccccc6n2c5c31)C(=O)NC4,508.578,4.6129,4.0,1.0,77.73,2.0,0.33333334,0
CO[C@H]1[C@@H](N(C)CC(=O)O)C[C@@H]2O[C@@]1(C)n1c3ccccc3c3c4c(c5c6ccccc6n2c5c31)C(=O)NC4,524.577,4.151,5.0,2.0,97.96,4.0,0.33333334,1
CO[C@H]1[C@@H](N(C)CCC#N)C[C@@H]2O[C@@]1(C)n1c3ccccc3c3c4c(c5c6ccccc6n2c5c31)C(=O)NC4,519.605,4.98008,5.0,1.0,84.45,4.0,0.3548387,0
CO[C@H]1[C@@H](N(C)Cc2ccccc2)C[C@@H]2O[C@@]1(C)n1c3ccccc3c3c4c(c5c6ccccc6n2c5c31)C(=O)NC4,556.666,6.2666,4.0,1.0,60.66,4.0,0.2857143,0
CO[C@H]1[C@@H](N(C)S(C)(=O)=O)C[C@@H]2O[C@@]1(C)n1c3ccccc3c3c4c(c5c6ccccc6n2c5c31)C(=O)NC4,544.633,4.026,5.0,1.0,94.8,3.0,0.3448276,0
CO[C@H]1[C@@H]([N+](C)(C)C)C[C@@H]2O[C@@]1(C)n1c3ccccc3c3c4c(c5c6ccccc6n2c5c31)C(=O)NC4,495.603,4.8408,3.0,1.0,57.42,2.0,0.36666667,1
COc1c(Br)cc(/C=C2\C(=O)Nc3ccccc32)cc1C(C)(C)C,386.289,5.2479,2.0,1.0,38.33,2.0,0.25,0
COc1c(Br)cccc1Nc1ncnc2ccncc12,331.173,3.5395,5.0,1.0,59.93,3.0,0.071428575,1
COc1cc(/C=C(\C#N)S(=O)(=O)/C(C#N)=C/c2cc(O)c(O)c(OC)c2)cc(O)c1O,444.421,2.37016,10.0,4.0,181.1,6.0,0.1,0
COc1cc(/C=C(\C)[N+](=O)[O-])ccc1OS(=O)(=O)c1ccc(C(=O)O)cc1,393.373,2.7986,7.0,1.0,133.04,7.0,0.11764706,0
COc1cc(/C=C/[N+](=O)[O-])ccc1O,195.174,1.6482,4.0,1.0,72.6,3.0,0.11111111,0
COc1cc(/C=C/[N+](=O)[O-])ccc1OS(=O)(=O)c1ccc(C(=O)O)cc1,379.346,2.4085,7.0,1.0,133.04,7.0,0.0625,0
COc1cc(/C=C/[N+](=O)[O-])ccc1OS(=O)(=O)c1ccc(C(=O)OC[C@H]2O[C@@H](n3cnc4c(N)ncnc43)[C@H](O)[C@@H]2O)cc1,628.576,0.9084,15.0,3.0,241.35,10.0,0.23076923,0
COc1cc(C(C#N)=C(C#N)C#N)cc(O)c1O,241.206,1.43074,6.0,2.0,121.06,2.0,0.083333336,0
COc1cc(C2=C(c3c[nH]c4ccccc34)C(=O)NC2=O)cc(OC)c1OC,378.384,2.7609,5.0,2.0,89.65,5.0,0.14285715,0
COc1cc(C=C(C#N)C#N)cc(Br)c1O,279.093,2.59386,4.0,1.0,77.04,2.0,0.09090909,0
COc1cc(C=C(C#N)C#N)cc(C)c1O,214.224,2.13978,4.0,1.0,77.04,2.0,0.16666667,0
COc1cc(C=C(C#N)C#N)cc(CS(=O)(=O)c2ccc(C)cc2)c1O,368.414,3.11368,6.0,1.0,111.18,5.0,0.15789473,0
COc1cc(C=C(C#N)C#N)cc(CSCC(=O)O)c1O,304.327,2.14916,6.0,2.0,114.34,6.0,0.21428572,0
COc1cc(C=C(C#N)C#N)cc(CSc2ccccc2)c1O,322.389,4.12366,5.0,1.0,77.04,5.0,0.11111111,0
COc1cc(C=C(C#N)C#N)cc(CSc2ccccc2C(=O)O)c1O,366.398,3.82186,6.0,2.0,114.34,6.0,0.10526316,0
COc1cc(C=C(C#N)C#N)cc(O)c1O,216.196,1.53696,5.0,2.0,97.27,2.0,0.09090909,0
COc1cc(C=C(C#N)C#N)cc(SCC(=O)O)c1O,290.3,2.00806,6.0,2.0,114.34,5.0,0.15384616,0
COc1cc(C=C(C#N)C#N)cc([N+](=O)[O-])c1O,245.194,1.73956,6.0,1.0,120.18,3.0,0.09090909,0
COc1cc(C=C(C#N)C#N)ccc1O,200.197,1.83136,4.0,1.0,77.04,2.0,0.09090909,0
COc1cc(C=C(C#N)C(=N)C(C#N)C#N)cc(O)c1O,282.259,1.69651,7.0,3.0,144.91,4.0,0.14285715,0
COc1cc(C=C(C#N)C(=O)NCCCCNC(=O)C(C#N)=Cc2cc(Br)c(O)c(OC)c2)cc(Br)c1O,648.308,4.16676,8.0,4.0,164.7,11.0,0.23076923,0
COc1cc(C=C(C#N)C(=O)NCCCCNC(=O)C(C#N)=Cc2cc(OC)c(O)c([N+](=O)[O-])c2)cc([N+](=O)[O-])c1O,580.51,2.45816,12.0,4.0,250.98,13.0,0.23076923,0
COc1cc(C=C(C#N)C(=O)c2ccc(O)c(O)c2)cc(CSCc2ccccc2)c1O,447.512,5.03528,7.0,3.0,110.78,8.0,0.12,0
COc1cc(C=C(C#N)C(N)=O)cc(CSC2=NCCS2)c1O,349.437,2.12908,7.0,2.0,108.7,5.0,0.26666668,0
COc1cc(C=C(C#N)C(N)=O)cc(CSCCCC(=O)O)c1O,350.396,1.89108,6.0,3.0,133.64,9.0,0.3125,0
COc1cc(C=C(C#N)C(N)=O)cc(CSCc2ccc(Cl)cc2)c1O,388.876,3.87988,5.0,2.0,96.34,7.0,0.15789473,0
COc1cc(C=C(C#N)C(N)=O)cc(CSCc2ccccc2)c1O,354.431,3.22648,5.0,2.0,96.34,7.0,0.15789473,0
COc1cc(C=C(C#N)C(N)=O)cc(CSCc2ccccc2Cl)c1O,388.876,3.87988,5.0,2.0,96.34,7.0,0.15789473,0
COc1cc(C=C(C#N)C(N)=O)cc(CSc2ccc(C)cc2)c1O,354.431,3.3938,5.0,2.0,96.34,6.0,0.15789473,0
COc1cc(C=C(C#N)C(N)=O)cc(CSc2ccc(O)cc2)c1O,356.403,2.79098,6.0,3.0,116.57,6.0,0.11111111,0
COc1cc(C=C(C#N)C(N)=O)cc(CSc2ccc3ccccc3c2)c1O,390.464,4.23858,5.0,2.0,96.34,6.0,0.09090909,0
COc1cc(C=C(C#N)C(N)=O)cc(CSc2cccc3ccccc23)c1O,390.464,4.23858,5.0,2.0,96.34,6.0,0.09090909,0
COc1cc(C=C(C#N)C(N)=O)cc(CSc2ccccc2)c1O,340.404,3.08538,5.0,2.0,96.34,6.0,0.11111111,0
COc1cc(C=C(C#N)C(N)=O)cc(CSc2ccccc2C(=O)O)c1O,384.413,2.78358,6.0,3.0,133.64,7.0,0.10526316,0
COc1cc(C=C(C#N)C(N)=O)cc(CSc2ccccc2NC(C)=O)c1O,397.456,3.04378,6.0,3.0,125.44,7.0,0.15,0
COc1cc(C=C(C#N)C(N)=O)cc(CSc2ccccn2)c1O,341.392,2.48038,6.0,2.0,109.23,6.0,0.11764706,0
COc1cc(C=C(C#N)C(N)=O)cc(CSc2nc3cc(Cl)ccc3s2)c1O,431.926,4.34848,7.0,2.0,109.23,6.0,0.10526316,0
COc1cc(C=C(C#N)C(N)=O)cc(CSc2nc3ccccc3[nH]2)c1O,380.429,2.96168,6.0,3.0,125.02,6.0,0.10526316,0
COc1cc(C=C(C#N)C(N)=O)cc(CSc2nc3ccccc3o2)c1O,381.413,3.22658,7.0,2.0,122.37,6.0,0.10526316,0
COc1cc(C=C(C#N)C(N)=O)cc(CSc2nc3ccccc3s2)c1O,397.481,3.69508,7.0,2.0,109.23,6.0,0.10526316,0
COc1cc(C=C(C#N)C(N)=O)cc(SCCCC(=O)O)c1O,336.369,1.74998,6.0,3.0,133.64,8.0,0.26666668,0
COc1cc(C=C(C#N)C(N)=O)cc(Sc2nc3ccccc3s2)c1O,383.454,3.55398,7.0,2.0,109.23,5.0,0.055555556,0
COc1cc(C=C(C#N)c2ccccn2)ccc1O,252.273,2.85998,4.0,1.0,66.14,3.0,0.06666667,0
COc1cc(NC(=O)/C=C/CN(C)C)cc2c(Nc3cccc(Br)c3)c(C#N)cnc12,480.366,4.67748,6.0,2.0,90.28,7.0,0.17391305,0
COc1cc(NC(=O)/C=C/CN2CCOCC2)cc2c(Nc3cccc(Br)c3)c(C#N)cnc12,522.403,4.44808,7.0,2.0,99.51,7.0,0.24,0
COc1cc(NCc2c[nH]cn2)cc2c(Nc3ccc(F)c(Cl)c3)c(C#N)cnc12,422.851,4.98638,6.0,3.0,98.65,6.0,0.0952381,0
COc1cc(Nc2c(C#N)cnc3cc(-c4ccc(CN5CCN(C)CC5)cn4)sc23)c(Cl)cc1Cl,539.492,6.03638,8.0,1.0,77.31,6.0,0.26923078,0
COc1cc(Nc2c(C#N)cnc3cc(-c4ccc(CN5CCOCC5)cc4)ccc23)c(Cl)cc1Cl,519.432,6.66468,6.0,1.0,70.41,6.0,0.21428572,0
COc1cc(Nc2c(C#N)cnc3cc(-c4coc(CN5CCN(C)CC5)c4)c(OC)cc23)c(Cl)cc1Cl,552.462,6.18148,8.0,1.0,86.79,7.0,0.2857143,1
COc1cc(Nc2c(C#N)cnc3cc(C#CCCN4CCN(C)CC4)c(OC)cc23)c(Cl)cc1Cl,524.452,5.16308,7.0,1.0,73.65,6.0,0.33333334,0
COc1cc(Nc2c(C#N)cnc3cc4cc(OCCN5CCOCC5)c(OC)cc4cc23)c(Cl)cc1Cl,553.446,6.03828,8.0,1.0,88.87,8.0,0.2857143,0
COc1cc(Nc2ncc3cc(-c4c(Cl)cccc4Cl)c(=O)n(C)c3n2)cc(OC)c1,457.317,5.0631,6.0,1.0,78.27,5.0,0.13636364,0
COc1cc(Nc2nccc(-c3ccc(N4CCNCC4)nc3)n2)cc(OC)c1OC,422.489,2.7176,9.0,2.0,93.66,7.0,0.3181818,0
COc1cc(Nc2nccc(-c3ccc(NCCN)nc3)n2)cc(OC)c1OC,396.451,2.6786,9.0,3.0,116.44,9.0,0.25,0
COc1cc(Nc2ncnc3[nH]nc(OCCN4CCC(O)CC4)c23)ccc1OCc1cccc(F)c1,508.554,3.6587,9.0,3.0,117.65,10.0,0.34615386,1
COc1cc(Nc2ncnc3[nH]nc(OCCN4CCC(O)CC4)c23)ccc1OCc1ccccn1,491.552,2.9146,10.0,3.0,130.54,10.0,0.36,1
COc1cc(Nc2ncnc3cc(OC)c(OC)cc23)cc(OC)c1,341.367,3.4078,7.0,1.0,74.73,6.0,0.22222222,0
COc1cc(Nc2ncnc3ccc(-c4ccc(CNCCS(C)(=O)=O)o4)cc23)ccc1OCc1cccc(F)c1,576.65,5.4943,9.0,2.0,115.58,12.0,0.2,1
COc1cc(Nc2nn3c(N[C@H](CO)Cc4ccccc4)cc(C4CC4)nc3c2C(N)=O)cc(OC)c1,502.575,3.4819,8.0,4.0,136.03,11.0,0.2962963,0
COc1cc(O)c2c(=O)c(-c3cccc(Cl)c3)c[nH]c2c1,301.729,3.5627,3.0,2.0,62.32,2.0,0.0625,0
COc1cc(O)c2c(=O)c(-c3cccc(Cl)c3)cn(C)c2c1,315.756,3.5731,3.0,1.0,51.46,2.0,0.11764706,0
COc1cc(O)c2c(=O)c(-c3cccc(Cl)c3)cn(CCc3ccccc3)c2c1,405.881,5.2788,3.0,1.0,51.46,5.0,0.125,0
COc1cc(O)c2c(=O)c(-c3cccc(Cl)c3)coc2c1,302.713,3.8276,4.0,1.0,59.67,2.0,0.0625,0
COc1cc(OC(C)C)c2c(Nc3ccc(F)c(Cl)c3)ncnc2c1,361.804,4.9617,5.0,1.0,56.27,5.0,0.22222222,0
COc1cc(OC)c2c(c1)Oc1ncnc(Nc3cccc(Br)c3)c1NC2,429.274,4.7177,7.0,2.0,77.53,4.0,0.15789473,0
COc1cc(OC)cc(-c2cc3cnc(N)nc3nc2NC(=O)NC(C)(C)C)c1,396.451,3.2112,7.0,3.0,124.28,4.0,0.3,0
COc1cc(OC2CCN(C(C)=O)CC2)c2c(Nc3ccc(F)c(Cl)c3)ncnc2c1,444.894,4.5642,6.0,1.0,76.58,5.0,0.3181818,0
COc1cc(OC2CCN(C)CC2)c2c(Nc3ccc(F)c(Cl)c3)ncnc2c1,416.884,4.6475,6.0,1.0,59.51,5.0,0.33333334,1
COc1cc(OC2CCN(S(C)(=O)=O)CC2)c2c(Nc3ccc(F)c(Cl)c3)ncnc2c1,480.949,3.9773,7.0,1.0,93.65,6.0,0.33333334,0
COc1cc(OC2CCNCC2)c2c(Nc3ccc(F)c(Cl)c3)ncnc2c1,402.857,4.3053,6.0,2.0,68.3,5.0,0.3,1
COc1cc(OC2CCOC2)c2c(Nc3ccc(F)c(Cl)c3)ncnc2c1,389.814,4.3422,6.0,1.0,65.5,5.0,0.2631579,1
COc1cc(OC2CCOCC2)c2c(Nc3ccc(F)c(Cl)c3)ncnc2c1,403.841,4.7323,6.0,1.0,65.5,5.0,0.3,0
COc1cc(ON2CCC(C)CC2)c2c(Nc3ccc(OCc4ccccn4)c(Cl)c3)ncnc2c1,506.006,6.0351,8.0,1.0,81.63,8.0,0.2962963,1
COc1cc2c(NCc3ccccc3)ncnc2cc1O,281.315,2.9561,5.0,2.0,67.27,4.0,0.125,0
COc1cc2c(N[C@@H]3C[C@H]3c3ccccc3)c(C#N)cnc2cc1OC1CCN(C)CC1,428.536,4.55608,6.0,1.0,70.41,6.0,0.3846154,0
COc1cc2c(N[C@@H]3C[C@H]3c3ccccc3)c(C#N)cnc2cc1OCCCN1CCN(C)CC1,471.605,4.09938,7.0,1.0,73.65,9.0,0.42857143,1
COc1cc2c(N[C@@H]3C[C@H]3c3ccccc3)c(C#N)cnc2cc1OCCCN1CCOCC1,458.562,4.18418,7.0,1.0,79.64,9.0,0.4074074,1
COc1cc2c(N[C@@H]3C[C@H]3c3ccccc3)c(C#N)cnc2cc1OCCCc1cccnc1,450.542,5.48968,6.0,1.0,80.06,9.0,0.25,1
COc1cc2c(Nc3c(F)cc(Br)cc3F)ncnc2cc1OCC1CCN(C)CC1,493.352,5.1433,6.0,1.0,59.51,6.0,0.36363637,0
COc1cc2c(Nc3c(F)cc(Br)cc3F)ncnc2cc1OCC1CCNCC1,479.325,4.8011,6.0,2.0,68.3,6.0,0.33333334,0
COc1cc2c(Nc3c(F)cc(Cl)cc3F)ncnc2cc1OCC1CCN(C)CC1,448.901,5.0342,6.0,1.0,59.51,6.0,0.36363637,0
COc1cc2c(Nc3c(F)cc(Cl)cc3F)ncnc2cc1OCC1CCNCC1,434.874,4.692,6.0,2.0,68.3,6.0,0.33333334,0
COc1cc2c(Nc3cc(O)c(C)cc3F)ncnc2cc1OCC1CCN(C)CC1,426.492,4.25572,7.0,2.0,79.74,6.0,0.39130434,1
COc1cc2c(Nc3cc(O)c(Cl)cc3F)ncnc2cc1OCC1CCN(C)CC1,446.91,4.6007,7.0,2.0,79.74,6.0,0.36363637,1
COc1cc2c(Nc3ccc(Br)cc3F)ncnc2cc1OC/C=C/CN1CCCC1,487.373,5.3144,6.0,1.0,59.51,8.0,0.3043478,1
COc1cc2c(Nc3ccc(Br)cc3F)ncnc2cc1OCC1CCN(C)CC1,475.362,5.0042,6.0,1.0,59.51,6.0,0.36363637,1
COc1cc2c(Nc3ccc(Br)cc3F)ncnc2cc1OCCC1CCN(C)CC1,489.389,5.3943,6.0,1.0,59.51,7.0,0.39130434,1
COc1cc2c(Nc3ccc(Br)cc3F)ncnc2cc1OCCC1CCNCC1,475.362,5.0521,6.0,2.0,68.3,7.0,0.36363637,1
COc1cc2c(Nc3ccc(Br)cc3F)ncnc2cc1OCCCN1CCN(C)CC1,504.404,4.2999,7.0,1.0,62.75,8.0,0.39130434,1
COc1cc2c(Nc3ccc(Br)cc3F)ncnc2cc1OCCn1ccnn1,459.279,3.9541,7.0,1.0,86.98,7.0,0.15789473,1
COc1cc2c(Nc3ccc(Br)cc3F)ncnc2cc1OC[C@@H]1CCCN(C)C1,475.362,5.0042,6.0,1.0,59.51,6.0,0.36363637,1
COc1cc2c(Nc3ccc(Br)cc3F)ncnc2cc1OC[C@H]1CCCN(C)C1,475.362,5.0042,6.0,1.0,59.51,6.0,0.36363637,1
COc1cc2c(Nc3ccc(C#N)cc3F)ncnc2cc1OC/C=C/CN1CCCC1,433.487,4.42358,7.0,1.0,83.3,8.0,0.29166666,0
COc1cc2c(Nc3ccc(C)cc3F)ncnc2cc1OCC1CCN(C)CC1,410.493,4.55012,6.0,1.0,59.51,6.0,0.39130434,0
COc1cc2c(Nc3ccc(C)cc3F)ncnc2cc1OCC1CCNCC1,396.466,4.20792,6.0,2.0,68.3,6.0,0.36363637,0
COc1cc2c(Nc3ccc(Cl)cc3F)ncnc2cc1OC/C=C/CN1CCCC1,442.922,5.2053,6.0,1.0,59.51,8.0,0.3043478,1
COc1cc2c(Nc3ccc(Cl)cc3F)ncnc2cc1OCC1CCN(C)CC1,430.911,4.8951,6.0,1.0,59.51,6.0,0.36363637,1
COc1cc2c(Nc3ccc(Cl)cc3F)ncnc2cc1OCC1CCNCC1,416.884,4.5529,6.0,2.0,68.3,6.0,0.33333334,1
COc1cc2c(Nc3ccc(Cl)cc3F)ncnc2cc1OCCC1CCN(C)CC1,444.938,5.2852,6.0,1.0,59.51,7.0,0.39130434,1
COc1cc2c(Nc3ccc(Cl)cc3F)ncnc2cc1OCCCN1CCCC1,430.911,5.0392,6.0,1.0,59.51,8.0,0.36363637,1
COc1cc2c(Nc3ccc(Cl)cc3F)ncnc2cc1OCCCN1CCN(C)CC1,459.953,4.1908,7.0,1.0,62.75,8.0,0.39130434,1
COc1cc2c(Nc3ccc(Cl)cc3F)ncnc2cc1OCCCN1CCOCC1,446.91,4.2756,7.0,1.0,68.74,8.0,0.36363637,1
COc1cc2c(Nc3ccc(Cl)cc3F)ncnc2cc1OCCN(C)c1ccncc1,453.905,5.0847,7.0,1.0,72.4,8.0,0.17391305,1
COc1cc2c(Nc3ccc(Cl)cc3F)ncnc2cc1OCCN1CCN(C)CC1,445.926,3.8007,7.0,1.0,62.75,7.0,0.36363637,1
COc1cc2c(Nc3ccc(Cl)cc3F)ncnc2cc1OCCN1CCOCC1,432.883,3.8855,7.0,1.0,68.74,7.0,0.33333334,0
COc1cc2c(Nc3ccc(Cl)cc3F)ncnc2cc1OC[C@@H]1CCCN(C)C1,430.911,4.8951,6.0,1.0,59.51,6.0,0.36363637,1
COc1cc2c(Nc3cccc(Br)c3)ncnc2cn1,331.173,3.5395,5.0,1.0,59.93,3.0,0.071428575,1
COc1cc2c(Nc3ncc(CC(=O)Nc4cccc(F)c4)s3)ncnc2cc1OCCCN1CCC(CO)CC1,580.686,4.632,10.0,3.0,121.73,12.0,0.37931034,0
COc1cc2c(cc1O)=NC(=O)C=2C(C#N)C#N,241.206,-0.62534,5.0,1.0,106.47,2.0,0.16666667,0
COc1cc2c(cc1OC)Nc1[nH]cnc(=O)c1C2,259.265,1.4349,5.0,2.0,76.24,2.0,0.23076923,0
COc1cc2c(cc1OC)Nc1ncnc(NCc3ccc(F)c(Cl)c3)c1NC2,415.856,4.5675,7.0,3.0,80.33,5.0,0.2,0
COc1cc2c(cc1OC)Nc1ncnc(NCc3ccccc3)c1NC2,363.421,3.775,7.0,3.0,80.33,5.0,0.2,0
COc1cc2c(cc1OC)Nc1ncnc(N[C@H](C)c3ccccc3)c1NC2,377.448,4.336,7.0,3.0,80.33,5.0,0.23809524,1
COc1cc2c(cc1OC)Nc1ncnc(Nc3cccc(Br)c3)c1NC2,428.29,4.669,7.0,3.0,80.33,4.0,0.15789473,0
COc1cc2c(cc1OC)Oc1ncnc(Nc3cc(Cl)ccc3F)c1NC2,402.813,4.7477,7.0,2.0,77.53,4.0,0.15789473,0
COc1cc2c(cc1OC)Oc1ncnc(Nc3ccc(Br)cc3)c1NC2,429.274,4.7177,7.0,2.0,77.53,4.0,0.15789473,0
COc1cc2c(cc1OC)Oc1ncnc(Nc3ccc(F)c(Cl)c3)c1NC2,402.813,4.7477,7.0,2.0,77.53,4.0,0.15789473,0
COc1cc2c(cc1OC)Oc1ncnc(Nc3ccc(F)cc3)c1NC2,368.368,4.0943,7.0,2.0,77.53,4.0,0.15789473,0
COc1cc2c(cc1OC)Oc1ncnc(Nc3ccc(F)cc3Cl)c1NC2,402.813,4.7477,7.0,2.0,77.53,4.0,0.15789473,0
COc1cc2c(cc1OC)Oc1ncnc(Nc3ccc4c[nH]nc4c3)c1NC2,390.403,3.8315,8.0,3.0,106.21,4.0,0.15,0
COc1cc2c(cc1OC)Oc1ncnc(Nc3ccc4ccccc4c3)c1NC2,400.438,5.1084,7.0,2.0,77.53,4.0,0.13043478,0
COc1cc2c(cc1OC)Oc1ncnc(Nc3ccc4ncsc4c3)c1NC2,407.455,4.5649,9.0,2.0,90.42,4.0,0.15,0
COc1cc2c(cc1OC)Oc1ncnc(Nc3cccc(Br)c3)c1NC2,429.274,4.7177,7.0,2.0,77.53,4.0,0.15789473,0
COc1cc2c(cc1OC)Oc1ncnc(Nc3cccc(C)c3)c1NC2,364.405,4.26362,7.0,2.0,77.53,4.0,0.2,0
COc1cc2c(cc1OC)Oc1ncnc(Nc3cccc(Cl)c3F)c1NC2,402.813,4.7477,7.0,2.0,77.53,4.0,0.15789473,0
COc1cc2c(cc1OC)Oc1ncnc(Oc3ccc(F)c(Cl)c3)c1N(C)C2,417.824,4.8207,7.0,0.0,65.94,4.0,0.2,0
COc1cc2c(cc1OC)Oc1ncnc(Oc3cccc(Br)c3)c1N(C)C2,444.285,4.7907,7.0,0.0,65.94,4.0,0.2,0
COc1cc2c(cc1OC)Oc1ncnc(Oc3cccc(Br)c3)c1NC2,430.258,4.7664,7.0,1.0,74.73,4.0,0.15789473,0
COc1cc2c(cc1OC)Oc1ncnc(Oc3cccc(Cl)c3F)c1NC2,403.797,4.7964,7.0,1.0,74.73,4.0,0.15789473,0
COc1cc2c(cc1OC)Oc1ncnc(Sc3cccc(Br)c3)c1NC2,446.326,5.1253,7.0,1.0,65.5,4.0,0.15789473,0
COc1cc2c(cc1OC)Oc1ncnc(Sc3cccc(Cl)c3)c1NC2,401.875,5.0162,7.0,1.0,65.5,4.0,0.15789473,0
COc1cc2c(cc1OC)Sc1nc(C)nc(Nc3ccc(F)c(Cl)c3)c1NC2,432.908,5.41502,7.0,2.0,68.3,4.0,0.2,0
COc1cc2c(cc1OC)Sc1nc(C)nc(Nc3ccc4[nH]cnc4c3)c1NC2,420.498,4.49882,8.0,3.0,96.98,4.0,0.1904762,0
COc1cc2c(cc1OC)Sc1nc(C)nc(Nc3ccc4c(c3)CN=N4)c1NC2,420.498,5.21982,9.0,2.0,93.02,4.0,0.23809524,0
COc1cc2c(cc1OC)Sc1nc(C)nc(Nc3ccc4c[nH]nc4c3)c1NC2,420.498,4.49882,8.0,3.0,96.98,4.0,0.1904762,0
COc1cc2c(cc1OC)Sc1nc(C)nc(Nc3ccc4ccccc4c3)c1NC2,430.533,5.77572,7.0,2.0,68.3,4.0,0.16666667,0
COc1cc2c(cc1OC)Sc1nc(C)nc(Nc3ccc4ncsc4c3)c1NC2,437.55,5.23222,9.0,2.0,81.19,4.0,0.1904762,0
COc1cc2c(cc1OC)Sc1nc(C)nc(Nc3cccc(Br)c3)c1NC2,459.369,5.38502,7.0,2.0,68.3,4.0,0.2,0
COc1cc2c(cc1OC)Sc1ncnc(N(C)c3cccc(Cl)c3)c1NC2,414.918,4.9918,7.0,1.0,59.51,4.0,0.2,0
COc1cc2c(cc1OC)Sc1ncnc(Nc3ccc(F)c(Cl)c3)c1NC2,418.881,5.1066,7.0,2.0,68.3,4.0,0.15789473,0
COc1cc2c(cc1OC)Sc1ncnc(Nc3ccc4c[nH]nc4c3)c1NC2,406.471,4.1904,8.0,3.0,96.98,4.0,0.15,0
COc1cc2c(cc1OC)Sc1ncnc(Nc3cccc(Br)c3)c1NC2,445.342,5.0766,7.0,2.0,68.3,4.0,0.15789473,0
COc1cc2c(cc1OC)Sc1ncnc(Nc3cccc(Cl)c3F)c1NC2,418.881,5.1066,7.0,2.0,68.3,4.0,0.15789473,0
COc1cc2c(cc1OC)Sc1ncnc(Oc3cccc(Br)c3)c1NC2,446.326,5.1253,7.0,1.0,65.5,4.0,0.15789473,0
COc1cc2c(cc1OC)Sc1ncnc(Oc3cccc(Cl)c3F)c1NC2,419.865,5.1553,7.0,1.0,65.5,4.0,0.15789473,0
COc1cc2c(cc1OC)Sc1ncnc(Sc3cccc(Br)c3)c1NC2,462.394,5.4842,7.0,1.0,56.27,4.0,0.15789473,0
COc1cc2c(cc1OC)Sc1ncnc(Sc3cccc(Cl)c3)c1NC2,417.943,5.3751,7.0,1.0,56.27,4.0,0.15789473,0
COc1cc2cc3ncc(C#N)c(Nc4ccc(F)c(Cl)c4)c3cc2cc1OC,407.832,5.81298,5.0,1.0,67.17,4.0,0.09090909,0
COc1cc2nc(N)nc(Nc3cccc(Br)c3)c2cc1OC,375.226,3.7353,6.0,2.0,82.29,4.0,0.125,0
COc1cc2ncc(C#N)c(N[C@@H]3C[C@H]3c3ccc(Br)cc3)c2cc1OC,424.298,4.85418,5.0,1.0,67.17,5.0,0.23809524,1
COc1cc2ncc(C#N)c(N[C@@H]3C[C@H]3c3ccc(Cl)cc3)c2cc1OC,379.847,4.74508,5.0,1.0,67.17,5.0,0.23809524,1
COc1cc2ncc(C#N)c(N[C@@H]3C[C@H]3c3ccc(Oc4ccccc4)cc3)c2cc1OC,437.499,5.88398,6.0,1.0,76.4,7.0,0.18518518,1
COc1cc2ncc(C#N)c(N[C@@H]3C[C@H]3c3cccc(Br)c3)c2cc1OC,424.298,4.85418,5.0,1.0,67.17,5.0,0.23809524,1
COc1cc2ncc(C#N)c(N[C@@H]3C[C@H]3c3ccccc3)c2cc1OC,345.402,4.09168,5.0,1.0,67.17,5.0,0.23809524,1
COc1cc2ncc(C#N)c(N[C@@H]3C[C@H]3c3ccccc3)c2cc1OCCCN1CCOCC1,458.562,4.18418,7.0,1.0,79.64,9.0,0.4074074,1
COc1cc2ncc(C#N)c(N[C@@H]3C[C@H]3c3ccccc3)c2cc1OCCCc1cccnc1,450.542,5.48968,6.0,1.0,80.06,9.0,0.25,1
COc1cc2ncc(C#N)c(N[C@@H]3C[C@H]3c3ccccc3)c2cc1OCCN1CCOCC1,444.535,3.79408,7.0,1.0,79.64,8.0,0.3846154,1
COc1cc2ncc(C#N)c(N[C@@H]3C[C@H]3c3ccccc3)c2cc1OCc1ccccc1,421.5,5.66208,5.0,1.0,67.17,7.0,0.18518518,0
COc1cc2ncc(C#N)c(N[C@@H]3C[C@H]3c3ccccc3F)c2cc1OC,363.392,4.23078,5.0,1.0,67.17,5.0,0.23809524,1
COc1cc2ncc(C#N)c(Nc3ccc(-n4ccnc4)c(Cl)c3)c2cc1NC(=O)/C=C/CN(C)C,501.978,4.75408,7.0,2.0,108.1,8.0,0.15384616,0
COc1cc2ncc(C#N)c(Nc3ccc(Cc4nc(-c5ccccc5)cs4)c(Cl)c3)c2cc1NC(=O)/C=C/CN(C)C,609.155,7.28268,8.0,2.0,103.17,10.0,0.15151516,1
COc1cc2ncc(C#N)c(Nc3ccc(F)c(Cl)c3)c2cc1NC(=O)/C=C/C(C)N(C)C,467.932,5.09598,6.0,2.0,90.28,7.0,0.20833333,0
COc1cc2ncc(C#N)c(Nc3ccc(F)c(Cl)c3)c2cc1NC(=O)/C=C/C(C)N1CCOCC1,509.969,4.86658,7.0,2.0,99.51,7.0,0.26923078,0
COc1cc2ncc(C#N)c(Nc3ccc(F)c(Cl)c3)c2cc1NC(=O)/C=C/CN(C)C,453.905,4.70748,6.0,2.0,90.28,7.0,0.17391305,0
COc1cc2ncc(C#N)c(Nc3ccc(F)c(Cl)c3)c2cc1NC(=O)/C=C/CN1CCOCC1,495.942,4.47808,7.0,2.0,99.51,7.0,0.24,0
COc1cc2ncc(C#N)c(Nc3ccc(F)c(Cl)c3)c2cc1OC,357.772,4.65978,5.0,1.0,67.17,4.0,0.11111111,0
COc1cc2ncc(C#N)c(Nc3ccc(F)c(Cl)c3)c2cc1OCCCN1CCOCC1,470.932,4.75228,7.0,1.0,79.64,8.0,0.33333334,0
COc1cc2ncc(C#N)c(Nc3ccc(NCNc4ccccc4)c(Cl)c3)c2cc1NC(=O)/C=C/CN(C)C,556.07,6.04988,8.0,4.0,114.34,11.0,0.16666667,1
COc1cc2ncc(C#N)c(Nc3ccc(NCc4ccccc4)c(Cl)c3)c2cc1NC(=O)/C=C/CN(C)C,541.055,6.18048,7.0,3.0,102.31,10.0,0.16666667,0
COc1cc2ncc(C#N)c(Nc3ccc(NCc4cccnc4)c(Cl)c3)c2cc1NC(=O)/C=C/CN(C)C,542.043,5.57548,8.0,3.0,115.2,10.0,0.1724138,1
COc1cc2ncc(C#N)c(Nc3ccc(OCc4ccccc4)c(Cl)c3)c2cc1NC(=O)/C=C/CN(C)C,542.039,6.14738,7.0,2.0,99.51,10.0,0.16666667,1
COc1cc2ncc(C#N)c(Nc3ccc(OCc4ccccc4)cc3)c2cc1NC(=O)/C=C/CN(C)C,507.594,5.49398,7.0,2.0,99.51,10.0,0.16666667,1
COc1cc2ncc(C#N)c(Nc3ccc(Sc4ncc(-c5ccccc5)s4)c(Cl)c3)c2cc1NC(=O)/C=C/CN(C)C,627.195,7.84308,9.0,2.0,103.17,10.0,0.125,1
COc1cc2ncc(C#N)c(Nc3ccc(Sc4ncccn4)c(Cl)c3)c2cc1NC(=O)/C=C/CN(C)C,546.056,5.50958,9.0,2.0,116.06,9.0,0.14814815,0
COc1cc2ncc(C#N)c(Nc3ccc(Sc4nccn4C)c(Cl)c3)c2cc1NC(=O)/C=C/CN(C)C,548.072,5.45308,8.0,2.0,108.1,9.0,0.18518518,1
COc1cc2ncc(C#N)c(Nc3ccc(Sc4nccs4)c(Cl)c3)c2cc1NC(=O)/C=C/CN(C)C,551.097,6.17608,9.0,2.0,103.17,9.0,0.15384616,1
COc1cc2ncc(C#N)c(Nc3ccc4c(cnn4Cc4ccccc4)c3)c2cc1NC(=O)/C=C/CN(C)C,531.62,5.31298,7.0,2.0,108.1,9.0,0.16129032,1
COc1cc2ncc(C#N)c(Nc3cccc(Br)c3)c2cc1NC(=O)/C=C/CN(C)C,480.366,4.67748,6.0,2.0,90.28,7.0,0.17391305,0
COc1cc2ncc(C#N)c(Nc3cccc(Br)c3)c2cc1NC(=O)/C=C/CN1CCOCC1,522.403,4.44808,7.0,2.0,99.51,7.0,0.24,0
COc1cc2ncc(C#N)c(Nc3cccc(Br)c3)c2cc1NC(=O)C#CCN(C)C,478.35,4.12468,6.0,2.0,90.28,5.0,0.17391305,1
COc1cc2ncc(C#N)c(Nc3cccc(Br)c3)c2cc1OC,384.233,4.62978,5.0,1.0,67.17,4.0,0.11111111,1
COc1cc2ncc(N[C@H]3CC[C@H](O)CC3)nc2cc1OC,303.362,2.3624,6.0,2.0,76.5,4.0,0.5,0
COc1cc2nccc(Nc3cccc(Br)c3)c2cc1OC,359.223,4.7581,4.0,1.0,43.38,4.0,0.11764706,0
COc1cc2nccc(Oc3cccc(Br)c3)c2cc1OC,360.207,4.8068,4.0,0.0,40.58,4.0,0.11764706,0
COc1cc2ncnc(/C=C/CCc3ccccc3)c2cc1OC,320.392,4.293,4.0,0.0,44.24,6.0,0.2,1
COc1cc2ncnc(/N=N/c3ccc(F)c(Cl)c3)c2cc1OC,346.749,4.8549,6.0,0.0,68.96,4.0,0.125,0
COc1cc2ncnc(C#CC(C)(C)Cc3ccccc3)c2cc1OC,346.43,4.2674,4.0,0.0,44.24,4.0,0.27272728,1
COc1cc2ncnc(C#CC(C)(C)N(C)c3ccccc3)c2cc1OC,361.445,3.9135,5.0,0.0,47.48,4.0,0.27272728,1
COc1cc2ncnc(C#CCCc3ccccc3)c2cc1OC,318.376,3.6313,4.0,0.0,44.24,4.0,0.2,1
COc1cc2ncnc(C#CCOc3ccccc3)c2cc1OC,320.348,3.0775,5.0,0.0,53.47,4.0,0.15789473,1
COc1cc2ncnc(C#C[C@@](C)(Cc3ccccc3)N3CCC(C(=O)O)CC3)c2cc1OC,459.546,3.7965,6.0,1.0,84.78,6.0,0.37037036,1
COc1cc2ncnc(C#C[C@](C)(O)Cc3ccccc3)c2cc1OC,348.402,2.9922,5.0,1.0,64.47,4.0,0.23809524,1
COc1cc2ncnc(C#Cc3ccccc3)c2cc1OC,290.322,3.0468,4.0,0.0,44.24,2.0,0.11111111,0
COc1cc2ncnc(C#Cc3ccccc3-c3ccccc3)c2cc1OC,366.42,4.7138,4.0,0.0,44.24,3.0,0.083333336,1
COc1cc2ncnc(N(C)c3ccc(C)cc3)c2cc1OC,309.369,3.72332,5.0,0.0,47.48,4.0,0.22222222,0
COc1cc2ncnc(N(C)c3ccc(Cl)cc3)c2cc1OC,329.787,4.0683,5.0,0.0,47.48,4.0,0.1764706,0
COc1cc2ncnc(N(C)c3cccc(Br)c3)c2cc1OC,374.238,4.1774,5.0,0.0,47.48,4.0,0.1764706,1
COc1cc2ncnc(N(C)c3cccc(C(F)(F)F)c3)c2cc1OC,363.339,4.4337,5.0,0.0,47.48,4.0,0.22222222,0
COc1cc2ncnc(N(C)c3cccc(C)c3)c2cc1OC,309.369,3.72332,5.0,0.0,47.48,4.0,0.22222222,0
COc1cc2ncnc(N(C)c3cccc(Cl)c3)c2cc1OC,329.787,4.0683,5.0,0.0,47.48,4.0,0.1764706,1
COc1cc2ncnc(N(C)c3ccccc3)c2cc1OC,295.342,3.4149,5.0,0.0,47.48,4.0,0.1764706,0
COc1cc2ncnc(N3CCc4ccccc43)c2cc1OC,307.353,3.3412,5.0,0.0,47.48,3.0,0.22222222,0
COc1cc2ncnc(NC3CC3c3ccccc3)c2cc1O,307.353,3.312,5.0,2.0,67.27,4.0,0.22222222,0
COc1cc2ncnc(NC3CC3c3ccccc3)c2cc1OC,321.38,3.615,5.0,1.0,56.27,5.0,0.2631579,1
COc1cc2ncnc(NC3CC3c3ccccc3)c2cc1OC(C)=O,349.39,3.5317,6.0,1.0,73.34,5.0,0.25,0
COc1cc2ncnc(NC3CC3c3ccccc3)c2cc1OCCCN(C)C,392.503,3.9369,6.0,1.0,59.51,9.0,0.39130434,1
COc1cc2ncnc(NC3CC3c3ccccc3)c2cc1OCCN1CCOCC1,420.513,3.3174,7.0,1.0,68.74,8.0,0.41666666,0
COc1cc2ncnc(NC3CCc4ccccc43)c2cc1OC,321.38,3.7464,5.0,1.0,56.27,4.0,0.2631579,0
COc1cc2ncnc(NCc3ccc(F)cc3)c2cc1OC,313.332,3.3982,5.0,1.0,56.27,5.0,0.1764706,1
COc1cc2ncnc(NCc3cccc(C)c3)c2cc1OC,309.369,3.56752,5.0,1.0,56.27,5.0,0.22222222,0
COc1cc2ncnc(NCc3ccccc3)c2cc1O,281.315,2.9561,5.0,2.0,67.27,4.0,0.125,1
COc1cc2ncnc(NCc3ccccc3)c2cc1OC,295.342,3.2591,5.0,1.0,56.27,5.0,0.1764706,1
COc1cc2ncnc(NNc3ccc(F)c(Cl)c3)c2cc1OC,348.765,3.8785,6.0,2.0,68.3,5.0,0.125,0
COc1cc2ncnc(Nc3cc(Br)cc(Br)c3)c2cc1OC,439.107,4.9156,5.0,1.0,56.27,4.0,0.125,1
COc1cc2ncnc(Nc3cc(Cl)c(Cl)cc3F)c2cc1OC,368.195,4.8365,5.0,1.0,56.27,4.0,0.125,1
COc1cc2ncnc(Nc3cc(Cl)ccc3F)c2cc1OC1CCN(C)CC1,416.884,4.6475,6.0,1.0,59.51,5.0,0.33333334,1
COc1cc2ncnc(Nc3cc(Cl)ccc3F)c2cc1OC1CCN(CC(N)=O)CC1,459.909,3.503,7.0,2.0,102.6,7.0,0.3181818,1
COc1cc2ncnc(Nc3cc(Cl)ccc3F)c2cc1OC1CCN(S(C)(=O)=O)CC1,480.949,3.9773,7.0,1.0,93.65,6.0,0.33333334,1
COc1cc2ncnc(Nc3cc(Cl)ccc3F)c2cc1OCC1CCN(C)CC1,430.911,4.8951,6.0,1.0,59.51,6.0,0.36363637,1
COc1cc2ncnc(Nc3cc(Cl)ccc3F)c2cc1OCCCN1CCOCC1,446.91,4.2756,7.0,1.0,68.74,8.0,0.36363637,1
COc1cc2ncnc(Nc3cc(F)cc(C(F)(F)F)c3)c2cc1OC,367.302,4.5485,5.0,1.0,56.27,4.0,0.1764706,1
COc1cc2ncnc(Nc3cc(NC(=O)c4cccc(N(C)C)c4)ccc3Cl)c2cc1OC,477.952,5.3623,7.0,2.0,88.61,7.0,0.16,0
COc1cc2ncnc(Nc3cc(NC(=O)c4ccccc4)c(F)cc3F)c2cc1OC,436.418,4.9211,6.0,2.0,85.37,6.0,0.08695652,0
COc1cc2ncnc(Nc3cc(NC(=O)c4ccccc4)ccc3Cl)c2cc1OC,434.883,5.2963,6.0,2.0,85.37,6.0,0.08695652,0
COc1cc2ncnc(Nc3cc(OC)c(OC)c(OC)c3)c2cc1OC,371.393,3.4164,8.0,1.0,83.96,7.0,0.2631579,0
COc1cc2ncnc(Nc3cc4ccccc4cn3)c2cc1OC,332.363,3.9388,6.0,1.0,69.16,4.0,0.10526316,0
COc1cc2ncnc(Nc3ccc(Br)c(Br)c3)c2cc1OC,439.107,4.9156,5.0,1.0,56.27,4.0,0.125,1
COc1cc2ncnc(Nc3ccc(Br)cc3)c2cc1OC,360.211,4.1531,5.0,1.0,56.27,4.0,0.125,1
COc1cc2ncnc(Nc3ccc(C)c(NC(=O)c4ccccc4)c3)c2cc1OC,414.465,4.95132,6.0,2.0,85.37,6.0,0.125,0
COc1cc2ncnc(Nc3ccc(Cl)c(NC(=O)c4cccc(N(C)C)c4)c3)c2cc1OC,477.952,5.3623,7.0,2.0,88.61,7.0,0.16,0
COc1cc2ncnc(Nc3ccc(Cl)c(NC(=O)c4ccccc4)c3)c2cc1OC,434.883,5.2963,6.0,2.0,85.37,6.0,0.08695652,0
COc1cc2ncnc(Nc3ccc(F)c(Cl)c3)c2cc1CN1CCCC1C(N)=O,429.883,3.6242,6.0,2.0,93.37,6.0,0.2857143,1
COc1cc2ncnc(Nc3ccc(F)c(Cl)c3)c2cc1OC,333.75,4.1831,5.0,1.0,56.27,4.0,0.125,1
COc1cc2ncnc(Nc3ccc(F)c(Cl)c3)c2cc1OC1CCN(C)CC1,416.884,4.6475,6.0,1.0,59.51,5.0,0.33333334,1
COc1cc2ncnc(Nc3ccc(F)c(Cl)c3)c2cc1OCC(O)CN,392.818,2.8729,7.0,3.0,102.52,7.0,0.22222222,1
COc1cc2ncnc(Nc3ccc(F)c(Cl)c3)c2cc1OCC(O)CN(CCO)CCO,480.924,2.2008,9.0,4.0,120.2,12.0,0.36363637,1
COc1cc2ncnc(Nc3ccc(F)c(Cl)c3)c2cc1OCC(O)Cn1ccnc1,443.866,3.8109,7.0,2.0,94.32,8.0,0.1904762,1
COc1cc2ncnc(Nc3ccc(F)c(Cl)c3)c2cc1OCC1CCN(C)CC1,430.911,4.8951,6.0,1.0,59.51,6.0,0.36363637,1
COc1cc2ncnc(Nc3ccc(F)c(Cl)c3)c2cc1OCCCN(C)C,404.873,4.505,6.0,1.0,59.51,8.0,0.3,1
COc1cc2ncnc(Nc3ccc(F)c(Cl)c3)c2cc1OCCCN1CCCC1,430.911,5.0392,6.0,1.0,59.51,8.0,0.36363637,1
COc1cc2ncnc(Nc3ccc(F)c(Cl)c3)c2cc1OCCCN1CCCCC1,444.938,5.4293,6.0,1.0,59.51,8.0,0.39130434,1
COc1cc2ncnc(Nc3ccc(F)c(Cl)c3)c2cc1OCCCN1CCOCC1,446.91,4.2756,7.0,1.0,68.74,8.0,0.36363637,1
COc1cc2ncnc(Nc3ccc(F)c(Cl)c3)c2cc1OCCN(C)C,390.846,4.1149,6.0,1.0,59.51,7.0,0.2631579,1
COc1cc2ncnc(Nc3ccc(F)c(Cl)c3)c2cc1OCCN(CCO)CCO,450.898,2.8399,8.0,3.0,99.97,11.0,0.33333334,1
COc1cc2ncnc(Nc3ccc(F)c(Cl)c3)c2cc1OCCN1CCCC1,416.884,4.6491,6.0,1.0,59.51,7.0,0.33333334,1
COc1cc2ncnc(Nc3ccc(F)c(Cl)c3)c2cc1OCCN1CCCCC1,430.911,5.0392,6.0,1.0,59.51,7.0,0.36363637,1
COc1cc2ncnc(Nc3ccc(F)c(Cl)c3)c2cc1OCCN1CCN(C)CC1,445.926,3.8007,7.0,1.0,62.75,7.0,0.36363637,1
COc1cc2ncnc(Nc3ccc(F)c(Cl)c3)c2cc1OCCN1CCOCC1,432.883,3.8855,7.0,1.0,68.74,7.0,0.33333334,1
COc1cc2ncnc(Nc3ccc(F)c(Cl)c3)c2cc1OCCNC(C)(C)C,418.9,4.9414,6.0,2.0,68.3,7.0,0.33333334,1
COc1cc2ncnc(Nc3ccc(F)c(Cl)c3)c2cc1OCCNC(C)(CO)CO,450.898,2.8862,8.0,4.0,108.76,10.0,0.33333334,1
COc1cc2ncnc(Nc3ccc(F)c(Cl)c3)c2cc1OCCNC(C)C,404.873,4.5513,6.0,2.0,68.3,8.0,0.3,1
COc1cc2ncnc(Nc3ccc(F)c(Cl)c3)c2cc1OCCNCCN(C)C,433.915,3.7045,7.0,2.0,71.54,10.0,0.33333334,1
COc1cc2ncnc(Nc3ccc(F)c(Cl)c3)c2cc1OCCn1ccnc1,413.84,4.45,6.0,1.0,74.09,7.0,0.15,1
COc1cc2ncnc(Nc3ccc(F)c(Cl)c3)c2cc1OC[C@@H](O)CN1CCOCC1,462.909,3.2464,8.0,2.0,88.97,8.0,0.36363637,1
COc1cc2ncnc(Nc3ccc(F)c(Cl)c3)c2cc1OC[C@H](O)CN1CCOCC1,462.909,3.2464,8.0,2.0,88.97,8.0,0.36363637,1
COc1cc2ncnc(Nc3ccc(F)cc3)c2cc1OC,299.305,3.5297,5.0,1.0,56.27,4.0,0.125,1
COc1cc2ncnc(Nc3ccc(O)cc3)c2cc1OC,297.314,3.0962,6.0,2.0,76.5,4.0,0.125,1
COc1cc2ncnc(Nc3ccc(OCc4ccccn4)c(C)c3)c2cc1OC,402.454,4.67302,7.0,1.0,78.39,7.0,0.17391305,1
COc1cc2ncnc(Nc3ccc4c(c3)CCC4)c2cc1OC,321.38,3.8793,5.0,1.0,56.27,4.0,0.2631579,0
COc1cc2ncnc(Nc3cccc(Br)c3)c2c(OC)c1OC,390.237,4.1617,6.0,1.0,65.5,5.0,0.1764706,1
COc1cc2ncnc(Nc3cccc(Br)c3)c2cc1N,345.2,3.7267,5.0,2.0,73.06,3.0,0.06666667,1
COc1cc2ncnc(Nc3cccc(Br)c3)c2cc1OC,360.211,4.1531,5.0,1.0,56.27,4.0,0.125,1
COc1cc2ncnc(Nc3cccc(Br)c3)c2cc1[N+](=O)[O-],375.182,4.0527,6.0,1.0,90.18,4.0,0.06666667,1
COc1cc2ncnc(Nc3cccc(Br)c3)c2cn1,331.173,3.5395,5.0,1.0,59.93,3.0,0.071428575,1
COc1cc2ncnc(Nc3cccc(C#CC(C)(C)O)c3)c2cc1OC,363.417,3.513,6.0,2.0,76.5,4.0,0.23809524,1
COc1cc2ncnc(Nc3cccc(C#CCCCO)c3)c2cc1OC,363.417,3.5146,6.0,2.0,76.5,6.0,0.23809524,0
COc1cc2ncnc(Nc3cccc(C#CCCO)c3)c2cc1OC,349.39,3.1245,6.0,2.0,76.5,5.0,0.2,0
COc1cc2ncnc(Nc3cccc(C#CCO)c3)c2cc1OC,335.363,2.7344,6.0,2.0,76.5,4.0,0.15789473,0
COc1cc2ncnc(Nc3cccc(C#Cc4ccccc4)c3)c2cc1OC,381.435,4.7904,5.0,1.0,56.27,4.0,0.083333336,0
COc1cc2ncnc(Nc3cccc(C(F)(F)F)c3)c2cc1OC,349.312,4.4094,5.0,1.0,56.27,4.0,0.1764706,1
COc1cc2ncnc(Nc3cccc(C)c3)c2cc1OC,295.342,3.69902,5.0,1.0,56.27,4.0,0.1764706,1
COc1cc2ncnc(Nc3cccc(Cl)c3)c2cc1OC,315.76,4.044,5.0,1.0,56.27,4.0,0.125,1
COc1cc2ncnc(Nc3cccc(Cl)c3F)c2cc1CN(C(C)C)C(C)C(N)=O,445.926,4.2587,6.0,2.0,93.37,8.0,0.3181818,1
COc1cc2ncnc(Nc3cccc(Cl)c3F)c2cc1CN(C)C(C)C(=O)N(C)C,445.926,4.083,6.0,1.0,70.59,7.0,0.3181818,1
COc1cc2ncnc(Nc3cccc(Cl)c3F)c2cc1CN(C)C(C)C(N)=O,417.872,3.4801,6.0,2.0,93.37,7.0,0.25,1
COc1cc2ncnc(Nc3cccc(Cl)c3F)c2cc1CN(C)C(CN(C)C)C(N)=O,460.941,3.0218,7.0,2.0,96.61,9.0,0.3181818,1
COc1cc2ncnc(Nc3cccc(Cl)c3F)c2cc1CN(C)C(CO)C(N)=O,433.871,2.4525,7.0,3.0,113.6,8.0,0.25,1
COc1cc2ncnc(Nc3cccc(Cl)c3F)c2cc1CN(C)C1(C(N)=O)CCN(C(C)C)CC1,515.033,4.3346,7.0,2.0,96.61,8.0,0.42307693,1
COc1cc2ncnc(Nc3cccc(Cl)c3F)c2cc1CN(C)C1(C(N)=O)CCN(C)CC1,486.979,3.556,7.0,2.0,96.61,7.0,0.375,1
COc1cc2ncnc(Nc3cccc(Cl)c3F)c2cc1CN(C)C1(C(N)=O)CN(C(C)C)C1,486.979,3.5544,7.0,2.0,96.61,8.0,0.375,1
COc1cc2ncnc(Nc3cccc(Cl)c3F)c2cc1CN(C)C1(C(N)=O)CN(C)C1,458.925,2.7758,7.0,2.0,96.61,7.0,0.3181818,1
COc1cc2ncnc(Nc3cccc(Cl)c3F)c2cc1CN(C)C1CCNC1=O,429.883,3.4948,6.0,2.0,79.38,6.0,0.2857143,1
COc1cc2ncnc(Nc3cccc(Cl)c3F)c2cc1CN(C)CC(N)=O,403.845,3.0916,6.0,2.0,93.37,7.0,0.21052632,1
COc1cc2ncnc(Nc3cccc(Cl)c3F)c2cc1CN(CCN(C)C)C(C)C(N)=O,474.968,3.4119,7.0,2.0,96.61,10.0,0.3478261,1
COc1cc2ncnc(Nc3cccc(Cl)c3F)c2cc1CN1CC(C(N)=O)C1,415.856,3.0916,6.0,2.0,93.37,6.0,0.25,1
COc1cc2ncnc(Nc3cccc(Cl)c3F)c2cc1CN1CCC(C(N)=O)C1,429.883,3.4817,6.0,2.0,93.37,6.0,0.2857143,1
COc1cc2ncnc(Nc3cccc(Cl)c3F)c2cc1CN1CCC1C(N)=O,415.856,3.2341,6.0,2.0,93.37,6.0,0.25,1
COc1cc2ncnc(Nc3cccc(Cl)c3F)c2cc1CN1CCCC1,386.858,4.7703,5.0,1.0,50.28,5.0,0.3,0
COc1cc2ncnc(Nc3cccc(Cl)c3F)c2cc1CN1CCCC1C(=O)N(C)C,457.937,4.2271,6.0,1.0,70.59,6.0,0.3478261,0
COc1cc2ncnc(Nc3cccc(Cl)c3F)c2cc1CN1CCCC1C(N)=O,429.883,3.6242,6.0,2.0,93.37,6.0,0.2857143,1
COc1cc2ncnc(Nc3cccc(Cl)c3F)c2cc1CN1CCCCC1C(N)=O,443.91,4.0143,6.0,2.0,93.37,6.0,0.3181818,1
COc1cc2ncnc(Nc3cccc(Cl)c3F)c2cc1CN1CCC[C@H]1CC(N)=O,443.91,4.0143,6.0,2.0,93.37,7.0,0.3181818,1
COc1cc2ncnc(Nc3cccc(Cl)c3F)c2cc1CN1CCN(C)CC1C(N)=O,458.925,2.7758,7.0,2.0,96.61,6.0,0.3181818,1
COc1cc2ncnc(Nc3cccc(Cl)c3F)c2cc1CN1CCOCC1C(N)=O,445.882,2.8606,7.0,2.0,102.6,6.0,0.2857143,1
COc1cc2ncnc(Nc3cccc(Cl)c3F)c2cc1CN1C[C@H](OC)CC1C(N)=O,459.909,3.2491,7.0,2.0,102.6,7.0,0.3181818,1
COc1cc2ncnc(Nc3cccc(Cl)c3F)c2cc1CNC(C)C(N)=O,403.845,3.1379,6.0,3.0,102.16,7.0,0.21052632,1
COc1cc2ncnc(Nc3cccc(Cl)c3F)c2cc1OC1CCN(C)CC1,416.884,4.6475,6.0,1.0,59.51,5.0,0.33333334,1
COc1cc2ncnc(Nc3cccc(Cl)c3F)c2cc1OC1CCN(CC(N)=O)CC1,459.909,3.503,7.0,2.0,102.6,7.0,0.3181818,1
COc1cc2ncnc(Nc3cccc(Cl)c3F)c2cc1OC1CCN(S(C)(=O)=O)CC1,480.949,3.9773,7.0,1.0,93.65,6.0,0.33333334,1
COc1cc2ncnc(Nc3cccc(Cl)c3F)c2cc1OCC1CCN(C)CC1,430.911,4.8951,6.0,1.0,59.51,6.0,0.36363637,1
COc1cc2ncnc(Nc3cccc(Cl)c3F)c2cc1OCCCN1CCOCC1,446.91,4.2756,7.0,1.0,68.74,8.0,0.36363637,1
COc1cc2ncnc(Nc3cccc(F)c3)c2cc1OC,299.305,3.5297,5.0,1.0,56.27,4.0,0.125,1
COc1cc2ncnc(Nc3cccc(I)c3)c2cc1OC,407.211,3.9952,5.0,1.0,56.27,4.0,0.125,1
COc1cc2ncnc(Nc3cccc(NC(=O)c4ccccc4)c3)c2cc1OC,400.438,4.6429,6.0,2.0,85.37,6.0,0.08695652,0
COc1cc2ncnc(Nc3cccc(NC(=O)c4ccccc4)c3F)c2cc1OC,418.428,4.782,6.0,2.0,85.37,6.0,0.08695652,0
COc1cc2ncnc(Nc3ccccc3)c2cc1OC,281.315,3.3906,5.0,1.0,56.27,4.0,0.125,1
COc1cc2ncnc(Nc3ccccc3Br)c2cc1OC,360.211,4.1531,5.0,1.0,56.27,4.0,0.125,1
COc1cc2ncnc(Nc3ccccc3F)c2cc1OC,299.305,3.5297,5.0,1.0,56.27,4.0,0.125,1
COc1cc2ncnc(Nc3ccccc3N)c2cn1,267.292,2.3592,6.0,2.0,85.95,3.0,0.071428575,0
COc1cc2ncnc(Nc3cnc4ccccc4n3)c2cc1OC,333.351,3.3338,7.0,1.0,82.05,4.0,0.11111111,0
COc1cc2ncnc(Nc3cncc4ccccc34)c2cc1OC,332.363,3.9388,6.0,1.0,69.16,4.0,0.10526316,1
COc1cc2ncnc(Nc3nccc4ccccc34)c2cc1OC,332.363,3.9388,6.0,1.0,69.16,4.0,0.10526316,0
COc1cc2ncnc(Nc3nnc4ccccc4n3)c2cc1OC,334.339,2.7288,8.0,1.0,94.94,4.0,0.11764706,0
COc1cc2ncnc(Oc3cccc(Br)c3)c2cc1OC,361.195,4.2018,5.0,0.0,53.47,4.0,0.125,1
COc1cc2ncnc(Oc3cccc(Cl)c3)c2cc1OC,316.744,4.0927,5.0,0.0,53.47,4.0,0.125,1
COc1cc2ncnc(Sc3cccc(Cl)c3)c2cc1OC,332.812,4.4516,5.0,0.0,44.24,4.0,0.125,1
COc1cc2sc3c(Nc4cccc(Br)c4)ncnc3c2cc1OC,416.3,5.3678,6.0,1.0,56.27,4.0,0.11111111,0
COc1ccc(-c2[nH]nc3ncnc(Nc4cccc(Cl)c4)c23)cc1,351.797,4.4255,5.0,2.0,75.72,4.0,0.055555556,0
COc1ccc(-c2cn(-c3ccccc3)c3ncnc(N)c23)cc1,316.364,3.6783,4.0,1.0,65.96,3.0,0.05263158,0
COc1ccc(-c2cn(C3CCCC3)c3ncnc(N)c23)cc1,308.385,3.8042,4.0,1.0,65.96,3.0,0.33333334,0
COc1ccc(/C=C(\C#N)c2cccnc2)cc1OC,266.3,3.16298,4.0,0.0,55.14,4.0,0.125,0
COc1ccc(/C=C/c2cnc3cc(OC)c(OC)cc3c2)cc1,321.376,4.431,4.0,0.0,40.58,5.0,0.15,0
COc1ccc(C#CC(C)(C)N)cc1-c1[nH]nc2nc(Nc3ccc(F)cc3F)ncc12,434.45,4.1391,6.0,3.0,101.74,4.0,0.17391305,0
COc1ccc(C#CC(C)(C)N)cc1C(=O)c1ccc(Nc2ccc(F)cc2F)cc1,420.459,5.0368,4.0,2.0,64.35,5.0,0.16,0
COc1ccc(C(=O)N(C)[C@H]2C[C@@H]3O[C@](C)([C@H]2OC)n2c4ccccc4c4c5c(c6c7ccccc7n3c6c42)C(=O)NC5)cc1,600.675,5.9154,5.0,1.0,86.96,4.0,0.2777778,0
COc1ccc(C=C2C(=O)Nc3ccc(Cl)cc32)cc1C(C)(C)C,341.838,5.1388,2.0,1.0,38.33,2.0,0.25,0
COc1ccc(CC(CO)n2cc(-c3cccc(O)c3)c3c(N)ncnc32)cc1,390.443,3.1708,6.0,3.0,106.42,6.0,0.18181819,0
COc1ccc(CC(CO)n2cc(-c3cccc(OC)c3)c3c(N)ncnc32)cc1,404.47,3.4738,6.0,2.0,95.42,7.0,0.2173913,0
COc1ccc(CC(CO)n2cc(-c3ccccc3)c3c(N)ncnc32)cc1,374.444,3.4652,5.0,2.0,86.19,6.0,0.18181819,0
COc1ccc(CCNC(=O)C(C#N)=Cc2ccc(O)c(O)c2)cc1OC,368.389,2.38088,6.0,3.0,111.81,7.0,0.2,0
COc1ccc(CNc2[nH]nc3ncnc(Nc4cccc(Cl)c4)c23)cc1,380.839,4.3706,6.0,3.0,87.75,6.0,0.10526316,1
COc1ccc(CNc2cc3c(Nc4cccc(Br)c4)ncnc3cn2)cc1,436.313,5.1516,6.0,2.0,71.96,6.0,0.0952381,1
COc1ccc(CNc2ncnc3ccccc23)cc1,265.316,3.2505,4.0,1.0,47.04,4.0,0.125,0
COc1ccc(N(CCCl)CCN=NNc2ccc3ncnc(Nc4cccc(Cl)c4)c3c2)cc1,510.429,6.5599,7.0,2.0,87.03,11.0,0.2,0
COc1ccc(N(CCN=NNc2ccc3ncnc(Nc4cccc(Cl)c4)c3c2)CC(C)Cl)cc1,524.456,6.9484,7.0,2.0,87.03,11.0,0.23076923,0
COc1ccc(N2Cc3cnc(Nc4ccc(F)cc4)nc3N([C@@H]3CC[C@@H](O)C3)C2=O)cc1,449.486,4.2279,6.0,2.0,90.82,5.0,0.29166666,0
COc1ccc(NC(=O)C(C#N)=Cc2ccc(O)c(O)c2)c(OC)c1,340.335,2.66068,6.0,3.0,111.81,5.0,0.11111111,0
COc1ccc(NC(=O)Nc2nc3nc(NCCCN4CCN(C)CC4)ncc3cc2-c2c(Cl)cccc2Cl)cc1,595.535,5.7006,8.0,3.0,107.54,9.0,0.31034482,0
COc1ccc(Nc2[nH]nc3ncnc(Nc4cccc(Cl)c4)c23)cc1,366.812,4.5021,6.0,3.0,87.75,5.0,0.055555556,1
COc1ccc(Nc2cc3c(cc2Nc2ccccc2)C(=O)NC3=O)cc1,359.385,4.066,5.0,3.0,79.46,5.0,0.04761905,0
COc1ccc(Nc2ccnc3cc(OC)c(OC)cc23)cc1OC,340.379,4.0128,6.0,1.0,61.84,6.0,0.21052632,0
COc1ccc(Nc2ncc3cc(-c4c(Cl)cccc4Cl)c(=O)n(C)c3n2)cc1,427.291,5.0545,5.0,1.0,69.04,4.0,0.0952381,1
COc1ccc(Nc2ncc3cc(-c4c(Cl)cccc4Cl)c(=O)n(C)c3n2)cc1C,441.318,5.36292,5.0,1.0,69.04,4.0,0.13636364,1
COc1ccc(Nc2ncc3cc(-c4c(Cl)cccc4Cl)c(=O)n(C)c3n2)cn1,428.279,4.4495,6.0,1.0,81.93,4.0,0.1,0
COc1ccc(Nc2ncnc3cc(N)ncc23)cc1,267.292,2.3592,6.0,2.0,85.95,3.0,0.071428575,0
COc1ccc(Nc2ncnc3cc(OC)c(OC)cc23)cc1,311.341,3.3992,6.0,1.0,65.5,5.0,0.1764706,1
COc1ccc(Nc2ncnc3cc(OC)c(OC)cc23)cc1OC,341.367,3.4078,7.0,1.0,74.73,6.0,0.22222222,0
COc1ccc(Nc2ncnc3cccc(OC4CCN(C)CC4)c23)cc1Cl,398.894,4.5084,6.0,1.0,59.51,5.0,0.33333334,0
COc1ccc(Nc2ncnc3ccncc23)c(N)c1,267.292,2.3592,6.0,2.0,85.95,3.0,0.071428575,0
COc1ccc2[nH]c3ncnc(Nc4cccc(Br)c4)c3c2c1,369.222,4.6258,4.0,2.0,62.83,3.0,0.05882353,1
COc1ccc2c(C(=O)Nc3ccccc3)c(SSc3c(C(=O)Nc4ccccc4)c4ccc(OC)cc4n3C)n(C)c2c1,622.772,7.9912,6.0,2.0,86.52,9.0,0.11764706,0
COc1ccc2c(NCc3ccccc3)ncnc2c1,265.316,3.2505,4.0,1.0,47.04,4.0,0.125,1
COc1ccc2c(N[C@@H]3C[C@H]3c3ccccc3)c(C#N)cnc2c1,315.376,4.08308,4.0,1.0,57.94,4.0,0.2,0
COc1ccc2c(Nc3cccc(Br)c3)ncnc2c1,330.185,4.1445,4.0,1.0,47.04,3.0,0.06666667,1
COc1ccc2c(Nc3cccc(Br)c3)ncnc2n1,331.173,3.5395,5.0,1.0,59.93,3.0,0.071428575,1
COc1ccc2c(Nc3ccccc3)ncnc2c1,251.289,3.382,4.0,1.0,47.04,3.0,0.06666667,1
COc1ccc2c(c1)CNc1c(NCc3ccccc3)ncnc1O2,334.379,3.8151,6.0,2.0,68.3,4.0,0.15789473,0
COc1ccc2c(c1)CNc1c(Nc3ccc(Cl)cc3)ncnc1O2,354.797,4.6,6.0,2.0,68.3,3.0,0.11111111,0
COc1ccc2c(c1)CNc1c(Nc3ccc(F)c(Cl)c3)ncnc1O2,372.787,4.7391,6.0,2.0,68.3,3.0,0.11111111,0
COc1ccc2c(c1)CNc1c(Nc3cccc(-c4ccccc4)c3)ncnc1O2,396.45,5.6136,6.0,2.0,68.3,4.0,0.083333336,0
COc1ccc2c(c1)CNc1c(Nc3cccc(Br)c3)ncnc1O2,399.248,4.7091,6.0,2.0,68.3,3.0,0.11111111,0
COc1ccc2c(c1)CNc1c(Nc3ccccc3)ncnc1O2,320.352,3.9466,6.0,2.0,68.3,3.0,0.11111111,0
COc1ccc2c(c1)Oc1ncnc(Nc3ccc(F)c(Cl)c3)c1NC2,372.787,4.7391,6.0,2.0,68.3,3.0,0.11111111,0
COc1ccc2c(c1)Oc1ncnc(Nc3cccc(Br)c3)c1NC2,399.248,4.7091,6.0,2.0,68.3,3.0,0.11111111,0
COc1ccc2c(c1)sc1c(Nc3cccc(Br)c3)ncnc12,386.274,5.3592,5.0,1.0,47.04,3.0,0.05882353,1
COc1ccc2cncnc2c1,160.176,1.6384,3.0,0.0,35.01,1.0,0.11111111,1
COc1ccc2ncc(C#N)c(N[C@@H]3C[C@H]3c3ccccc3)c2c1,315.376,4.08308,4.0,1.0,57.94,4.0,0.2,0
COc1ccc2ncnc(NCc3ccccc3)c2c1,265.316,3.2505,4.0,1.0,47.04,4.0,0.125,1
COc1ccc2ncnc(Nc3cc(OC)c(OC)c(OC)c3)c2c1,341.367,3.4078,7.0,1.0,74.73,6.0,0.22222222,1
COc1ccc2ncnc(Nc3ccc(F)c(Cl)c3)c2c1OC1CCN(C)CC1,416.884,4.6475,6.0,1.0,59.51,5.0,0.33333334,1
COc1ccc2ncnc(Nc3ccc(OCc4ccccc4)cc3)c2c1,357.413,4.961,5.0,1.0,56.27,6.0,0.09090909,1
COc1ccc2ncnc(Nc3cccc(Br)c3)c2c1,330.185,4.1445,4.0,1.0,47.04,3.0,0.06666667,1
COc1ccc2ncnc(Nc3cccc(Br)c3)c2c1OC,360.211,4.1531,5.0,1.0,56.27,4.0,0.125,0
COc1ccc2ncnc(Nc3cccc(Br)c3)c2n1,331.173,3.5395,5.0,1.0,59.93,3.0,0.071428575,1
COc1ccc2ncnc(Nc3ccccc3)c2c1,251.289,3.382,4.0,1.0,47.04,3.0,0.06666667,1
COc1ccc2ncncc2c1,160.176,1.6384,3.0,0.0,35.01,1.0,0.11111111,1
COc1cccc(-c2ccc3c(C=c4[nH]c5c(c4=CCC(=O)O)CCCC5)c(O)[nH]c3c2)c1,442.515,3.84,3.0,4.0,98.34,5.0,0.22222222,0
COc1cccc(-c2ccc3c(C=c4[nH]cc(C)c4=CCC(=O)O)c(O)[nH]c3c2)c1,402.45,3.26962,3.0,4.0,98.34,5.0,0.125,0
COc1cccc(-c2cn(-c3ccc(CC(=O)NCCO)cc3)c3ncnc(N)c23)c1,417.469,2.3293,6.0,3.0,115.29,7.0,0.17391305,0
COc1cccc(-c2cn(-c3ccc(CCN(C)CCO)cc3)c3ncnc(N)c23)c1,417.513,3.1449,6.0,2.0,89.43,8.0,0.25,0
COc1cccc(-c2cn(-c3ccc(CNCCO)cc3)c3ncnc(N)c23)c1,389.459,2.7602,6.0,3.0,98.22,7.0,0.18181819,0
COc1cccc(-c2cn(-c3cccc(CO)c3)c3ncnc(N)c23)c1,346.39,3.1706,5.0,2.0,86.19,4.0,0.1,0
COc1cccc(-c2cn(-c3ccccc3)c3ncnc(N)c23)c1,316.364,3.6783,4.0,1.0,65.96,3.0,0.05263158,0
COc1cccc(-c2cn(C3CC(C(=O)NCCO)C3)c3ncnc(N)c23)c1,381.436,1.7487,6.0,3.0,115.29,6.0,0.35,0
COc1cccc(-c2cn(C3CC(CNCCO)C3)c3ncnc(N)c23)c1,367.453,2.2221,6.0,3.0,98.22,7.0,0.4,0
COc1cccc(-c2cn(C3CC(CO)C3)c3ncnc(N)c23)c1,324.384,2.6325,5.0,2.0,86.19,4.0,0.33333334,0
COc1cccc(-c2cn(C3CCC3)c3ncnc(N)c23)c1,294.358,3.4141,4.0,1.0,65.96,3.0,0.29411766,0
COc1cccc(-c2cn(C3CCCC3)c3ncnc(N)c23)c1,308.385,3.8042,4.0,1.0,65.96,3.0,0.33333334,0
COc1cccc(-c2cn(C3CCN(C(=O)OC(C)(C)C)C3)c3ncnc(N)c23)c1,409.49,3.871,6.0,1.0,95.5,3.0,0.4090909,0
COc1cccc(-c2cn(C3CCN(CC(=O)N(C)C)CC3)c3ncnc(N)c23)c1,408.506,2.4142,6.0,1.0,89.51,5.0,0.4090909,0
COc1cccc(-c2cn(C3CCN(CC(N)=O)C3)c3ncnc(N)c23)c1,366.425,1.4212,6.0,2.0,112.29,5.0,0.31578946,0
COc1cccc(-c2cn(C3CCN(CC(N)=O)CC3)c3ncnc(N)c23)c1,380.452,1.8113,6.0,2.0,112.29,5.0,0.35,0
COc1cccc(-c2cn(C3CCN(CCN(C)CCO)CC3)c3ncnc(N)c23)c1,424.549,2.2501,7.0,2.0,92.67,8.0,0.47826087,0
COc1cccc(-c2cn(C3CCN(CCO)CC3)c3ncnc(N)c23)c1,367.453,2.3183,6.0,2.0,89.43,5.0,0.4,0
COc1cccc(-c2cn(C3CCNC3)c3ncnc(N)c23)c1,309.373,2.2235,5.0,2.0,77.99,3.0,0.29411766,0
COc1cccc(CNc2[nH]nc3ncnc(Nc4cccc(Cl)c4)c23)c1,380.839,4.3706,6.0,3.0,87.75,6.0,0.10526316,1
COc1cccc(CNc2ncnc3c2NCc2cc(OC)c(OC)cc2N3)c1,393.447,3.7836,8.0,3.0,89.56,6.0,0.23809524,0
COc1cccc(CNc2ncnc3cc(N)ncc23)c1,281.319,2.2277,6.0,2.0,85.95,4.0,0.13333334,0
COc1cccc(Nc2[nH]nc3ncnc(Nc4cccc(Cl)c4)c23)c1,366.812,4.5021,6.0,3.0,87.75,5.0,0.055555556,1
COc1cccc(Nc2ncc3cc(-c4c(Cl)cccc4Cl)c(=O)n(C)c3n2)c1,427.291,5.0545,5.0,1.0,69.04,4.0,0.0952381,1
COc1cccc(Nc2ncnc3[nH]c(C)c(C)c23)c1,268.32,3.32694,4.0,2.0,62.83,3.0,0.2,0
COc1cccc(Nc2ncnc3[nH]c4c(c23)CCCC4)c1,294.358,3.5889,4.0,2.0,62.83,3.0,0.29411766,0
COc1cccc(Nc2ncnc3cc(N)ncc23)c1,267.292,2.3592,6.0,2.0,85.95,3.0,0.071428575,1
COc1cccc(Nc2ncnc3ccccc23)c1,251.289,3.382,4.0,1.0,47.04,3.0,0.06666667,0
COc1cccc(Nc2ncnc3ccncc23)c1N,267.292,2.3592,6.0,2.0,85.95,3.0,0.071428575,1
COc1cccc2c(C(=O)Nc3ccccc3)c(SSc3c(C(=O)Nc4ccccc4)c4cccc(OC)c4n3C)n(C)c12,622.772,7.9912,6.0,2.0,86.52,9.0,0.11764706,0
COc1cccc2c(Nc3cccc(Br)c3)ncnc12,330.185,4.1445,4.0,1.0,47.04,3.0,0.06666667,0
COc1cccc2c1sc1c(Nc3cccc(Br)c3)ncnc12,386.274,5.3592,5.0,1.0,47.04,3.0,0.05882353,1
COc1cccc2ncnc(NCc3ccccc3)c12,265.316,3.2505,4.0,1.0,47.04,4.0,0.125,0
COc1cccc2ncnc(Nc3ccc(OCc4ccccn4)c(Cl)c3)c12,392.846,5.0094,6.0,1.0,69.16,6.0,0.0952381,0
COc1cccc2ncnc(Nc3cccc(Br)c3)c12,330.185,4.1445,4.0,1.0,47.04,3.0,0.06666667,1
COc1cccc2sc3c(Nc4cccc(Br)c4)ncnc3c12,386.274,5.3592,5.0,1.0,47.04,3.0,0.05882353,1
COc1ccccc1C(=O)Nc1cccc(Nc2nccc(-c3cccnc3)n2)c1,397.438,4.5431,6.0,2.0,89.03,6.0,0.04347826,0
COc1ccccc1CNc1ncnc2cc(N)ncc12,281.319,2.2277,6.0,2.0,85.95,4.0,0.13333334,0
COc1ccccc1CON=Cc1c(N)ncnc1Nc1ccc2c(cnn2Cc2cccc(F)c2)c1,497.534,4.8988,8.0,2.0,112.47,9.0,0.11111111,1
COc1ccccc1Nc1ncc2cc(-c3c(Cl)cccc3Cl)c(=O)n(C)c2n1,427.291,5.0545,5.0,1.0,69.04,4.0,0.0952381,1
COc1ccccc1Nc1ncnc2cc(N)ncc12,267.292,2.3592,6.0,2.0,85.95,3.0,0.071428575,0
COc1cn2ncnc(Nc3ccc4c(cnn4Cc4cccc(F)c4)c3)c2c1CN1CCC(N)CC1,500.582,3.9417,7.0,2.0,98.53,7.0,0.2962963,1
COc1cn2ncnc(Nc3ccc4c(cnn4Cc4cccc(F)c4)c3)c2c1CN1CCCNCC1,500.582,3.8139,7.0,2.0,84.54,7.0,0.2962963,1
COc1cn2ncnc(Nc3ccc4c(cnn4Cc4cccc(F)c4)c3)c2c1COC[C@@H]1CNCCO1,517.565,3.5236,8.0,2.0,99.76,9.0,0.2962963,0
COc1ncc2ncnc(Nc3cccc(Br)c3)c2n1,332.161,2.9345,6.0,1.0,72.82,3.0,0.07692308,1
COc1nccc(-c2c(-c3ccc(F)cc3)ncn2[C@H]2CC[C@H](O)CC2)n1,368.412,3.6308,5.0,1.0,73.06,4.0,0.35,1
CS(=O)(=O)CCC(=O)Nc1cccc(C#Cc2cncnc2Nc2ccc(OCc3cccc(F)c3)c(Cl)c2)c1,579.053,5.3647,7.0,2.0,110.28,9.0,0.13793103,1
CS(=O)(=O)CCN(CC#N)Cc1ccc(-c2ccc3ncnc(Nc4ccc(OCc5cccc(F)c5)c(Cl)c4)c3c2)o1,620.106,6.37508,9.0,1.0,121.35,12.0,0.19354838,1
CS(=O)(=O)CCN(CCCCOc1ccc2ncnc(Nc3ccc(OCc4ccccc4)cc3)c2c1)C(=O)C(F)(F)F,616.662,5.5469,8.0,1.0,110.72,14.0,0.3,1
CS(=O)(=O)CCN(Cc1ccccc1)Cc1ccc(-c2ccc3ncnc(Nc4ccc(OCc5cccc(F)c5)c(Cl)c4)c3c2)o1,671.194,8.0517,8.0,1.0,97.56,13.0,0.16666667,1
CS(=O)(=O)CCNC(=O)NCc1cccc(C#Cc2cncnc2Nc2ccc(OCc3cccc(F)c3)c(Cl)c2)n1,609.083,4.2303,8.0,3.0,135.2,10.0,0.1724138,1
CS(=O)(=O)CCNC(=O)O[C@H]1CN[C@H](C#Cc2cc3ncnc(Nc4ccc(OCc5cccc(F)c5)c(Cl)c4)c3s2)C1,644.15,4.6592,10.0,3.0,131.54,9.0,0.27586207,1
CS(=O)(=O)CCNC1CCN(Cc2ccn3ncnc(Nc4ccc5c(cnn5Cc5cccc(F)c5)c4)c23)CC1,576.702,3.6086,8.0,2.0,109.45,10.0,0.3448276,1
CS(=O)(=O)CCNCCCCOc1ccc2ncnc(Nc3ccc(F)c(Cl)c3)c2c1,466.966,3.9591,7.0,2.0,93.21,11.0,0.33333334,1
CS(=O)(=O)CCNCCCCOc1ccc2ncnc(Nc3ccc(OCc4cccc(F)c4)c(Cl)c3)c2c1,573.09,5.5381,8.0,2.0,102.44,14.0,0.2857143,1
CS(=O)(=O)CCNCCCCOc1ccc2ncnc(Nc3ccc(OCc4ccccc4)cc3)c2c1,520.655,4.7456,8.0,2.0,102.44,14.0,0.2857143,1
CS(=O)(=O)CCNCCCCOc1ccc2ncnc(Nc3ccc(S(=O)(=O)c4ccccc4)cc3)c2c1,554.694,3.9994,9.0,2.0,127.35,13.0,0.25925925,1
CS(=O)(=O)CCNCCCCOc1ccc2ncnc(Nc3ccc4c(cnn4Cc4cccc(F)c4)c3)c2c1,562.671,4.7037,8.0,2.0,111.03,13.0,0.27586207,1
CS(=O)(=O)CCNCCCOc1ccc2ncnc(Nc3ccc(OCc4ccccc4)cc3)c2c1,506.628,4.3555,8.0,2.0,102.44,13.0,0.25925925,1
CS(=O)(=O)CCNCc1ccc(-c2ccc3ncnc(Nc4ccc(OCc5cccc(Br)c5)cc4)c3c2)o1,607.53,6.1091,8.0,2.0,106.35,11.0,0.1724138,1
CS(=O)(=O)CCNCc1ccc(-c2ccc3ncnc(Nc4ccc(OCc5cccc(C(F)(F)F)c5)cc4)c3c2)o1,596.631,6.3654,8.0,2.0,106.35,11.0,0.2,1
CS(=O)(=O)CCNCc1ccc(-c2ccc3ncnc(Nc4ccc(OCc5cccc(F)c5)c(C(F)(F)F)c4)c3c2)o1,614.621,6.5045,8.0,2.0,106.35,11.0,0.2,1
CS(=O)(=O)CCNCc1ccc(-c2ccc3ncnc(Nc4ccc(OCc5cccc(F)c5)c(Cl)c4)c3c2)o1,581.069,6.1391,8.0,2.0,106.35,11.0,0.1724138,1
CS(=O)(=O)CCNCc1ccc(-c2ccc3ncnc(Nc4ccc(OCc5cccc(F)c5)cc4)c3c2)o1,546.624,5.4857,8.0,2.0,106.35,11.0,0.1724138,1
CS(=O)(=O)CCNCc1ccc(-c2ccc3ncnc(Nc4ccc(OCc5ccccc5)c(Br)c4)c3c2)o1,607.53,6.1091,8.0,2.0,106.35,11.0,0.1724138,1
CS(=O)(=O)CCNCc1ccc(-c2ccc3ncnc(Nc4ccc(OCc5ccccc5)c(C(F)(F)F)c4)c3c2)o1,596.631,6.3654,8.0,2.0,106.35,11.0,0.2,1
CS(=O)(=O)CCNCc1ccc(-c2ccc3ncnc(Nc4ccc(OCc5ccccc5)c(Cl)c4)c3c2)o1,563.079,6.0,8.0,2.0,106.35,11.0,0.1724138,1
CS(=O)(=O)CCNCc1ccc(-c2ccc3ncnc(Nc4ccc(OCc5ccccc5)cc4)c3c2)o1,528.634,5.3466,8.0,2.0,106.35,11.0,0.1724138,1
CS(=O)(=O)CCNc1nc(-c2ccc3ncnc(Nc4ccc(F)c(Cl)c4)c3c2)cs1,477.974,4.7459,8.0,2.0,96.87,7.0,0.15,1
CS(=O)(=O)CCNc1nc(-c2ccc3ncnc(Nc4ccc(OCc5cccc(C(F)(F)F)c5)cc4)c3c2)cs1,599.66,6.5512,9.0,2.0,106.1,10.0,0.17857143,0
CS(=O)(=O)CCNc1nc(-c2ccc3ncnc(Nc4ccc(OCc5cccc(F)c5)c(Cl)c4)c3c2)cs1,584.098,6.3249,9.0,2.0,106.1,10.0,0.14814815,1
CS(=O)(=O)CCNc1nc(-c2ccc3ncnc(Nc4ccc(OCc5ccccc5)c(Cl)c4)c3c2)cs1,566.108,6.1858,9.0,2.0,106.1,10.0,0.14814815,1
CS(=O)(=O)CCNc1nc(-c2ccc3ncnc(Nc4ccc(OCc5ccccc5)cc4)c3c2)cs1,531.663,5.5324,9.0,2.0,106.1,10.0,0.14814815,0
CS(=O)(=O)CCNc1nc(-c2ccc3ncnc(Nc4ccc5c(cnn5Cc5ccccc5)c4)c3c2)cs1,555.689,5.3514,9.0,2.0,114.69,9.0,0.14285715,1
CS(=O)(=O)CCOCc1ccc(-c2ccc3ncnc(Nc4ccc(OCc5cccc(F)c5)c(Cl)c4)c3c2)o1,582.053,6.5661,8.0,1.0,103.55,11.0,0.1724138,1
CS(=O)(=O)N1CCCN(Cc2ccn3ncnc(Nc4ccc5c(cnn5Cc5cccc(F)c5)c4)c23)CC1,548.648,3.4773,7.0,1.0,100.66,7.0,0.2962963,1
CS(=O)(=O)N1CCC[C@@H]1C#Cc1cc2ncnc(Nc3ccc(OCc4cccc(F)c4)c(Cl)c3)c2s1,557.072,5.5819,7.0,1.0,84.42,6.0,0.23076923,1
CS(=O)(=O)Nc1ccc2c(c1)CNc1c(Nc3cccc(Br)c3)ncnc1O2,462.329,4.072,7.0,3.0,105.24,4.0,0.11111111,0
CS(=O)(=O)Nc1cccc(C#Cc2cncnc2Nc2ccc(OCc3cccc(F)c3)c(Cl)c2)c1,522.989,5.363,6.0,2.0,93.21,7.0,0.07692308,1
CS(=O)(=O)O[C@H]1CN[C@H](C#Cc2cc3ncnc(Nc4ccc(OCc5cccc(F)c5)c(Cl)c4)c3s2)C1,573.071,4.8646,9.0,2.0,102.44,7.0,0.23076923,1
CSCc1cc(C=C2C(=O)Nc3ccccc32)cc(CSC)c1O,357.5,4.6109,4.0,2.0,49.33,5.0,0.21052632,0
C[C@@H](CN(C)C(=O)CO)Oc1cccc2ncnc(Nc3ccc(OCc4ccccn4)c(Cl)c3)c12,507.978,4.2188,8.0,2.0,109.7,10.0,0.23076923,1
C[C@@H](COc1cccc2ncnc(Nc3ccc(OCc4ccccn4)c(Cl)c3)c12)N(C)C(=O)CO,507.978,4.2188,8.0,2.0,109.7,10.0,0.23076923,0
C[C@@H](Nc1ncnc2[nH]c(-c3ccccc3)cc12)c1ccccc1,314.392,4.798,3.0,2.0,53.6,4.0,0.1,1
C[C@@H](Nc1ncnc2c1[nH]c1ccccc12)c1ccccc1,288.354,4.2842,3.0,2.0,53.6,3.0,0.11111111,0
C[C@@H](Nc1ncnc2c1sc1ccccc12)c1ccccc1,305.406,5.0176,4.0,1.0,37.81,3.0,0.11111111,0
C[C@@H](O)c1c(O)cc2c(c1O)C(=O)c1c(O)cc(O)cc1C2=O,316.265,1.3377,7.0,5.0,135.29,1.0,0.125,0
C[C@@H](c1cccc(F)c1)n1ncc2cc(Nc3ncnn4ccc(COC[C@@H]5CNCCO5)c34)ccc21,501.566,4.076,7.0,2.0,90.53,8.0,0.2962963,0
C[C@@H](c1ccccc1)n1ncc2cc(Nc3ncnn4ccc(COC[C@@H]5CNCCO5)c34)ccc21,483.576,3.9369,7.0,2.0,90.53,8.0,0.2962963,0
C[C@H](CN(C)C(=O)CO)Oc1cccc2ncnc(Nc3ccc(OCc4ccccn4)c(Cl)c3)c12,507.978,4.2188,8.0,2.0,109.7,10.0,0.23076923,1
C[C@H](COc1cccc2ncnc(Nc3ccc(OCc4ccccn4)c(Cl)c3)c12)N(C)C(=O)CO,507.978,4.2188,8.0,2.0,109.7,10.0,0.23076923,1
C[C@H](Nc1cc(-c2sc(C3CCN(C)CC3)nc2-c2ccc(F)cc2)ccn1)c1ccccc1,472.633,6.9935,5.0,1.0,41.05,6.0,0.2857143,0
C[C@H](Nc1ncnc2c1[nH]c1ccccc12)c1ccccc1,288.354,4.2842,3.0,2.0,53.6,3.0,0.11111111,1
C[C@H](Nc1ncnc2c1sc1ccccc12)c1ccccc1,305.406,5.0176,4.0,1.0,37.81,3.0,0.11111111,0
C[C@H](c1cccc(F)c1)n1ncc2cc(Nc3ncnn4ccc(COC[C@@H]5CNCCO5)c34)ccc21,501.566,4.076,7.0,2.0,90.53,8.0,0.2962963,1
C[C@H](c1ccccc1)n1ncc2cc(Nc3ncnn4ccc(COC[C@@H]5CNCCO5)c34)ccc21,483.576,3.9369,7.0,2.0,90.53,8.0,0.2962963,1
C[S+]([O-])c1cc(NCc2c[nH]cn2)cc2c(Nc3ccc(F)c(Cl)c3)c(C#N)cnc12,454.918,4.71518,6.0,3.0,112.48,6.0,0.0952381,0
C[S+]([O-])c1ccc(-c2nc(-c3ccc(F)cc3)c(-c3ccncc3)[nH]2)cc1,377.444,4.6822,3.0,1.0,64.63,4.0,0.04761905,0
Cc1[nH]c(=O)c2c(ccc3[nH]c(Nc4c(Cl)cccc4Cl)nc32)c1C,373.243,5.07164,3.0,3.0,73.57,2.0,0.11111111,0
Cc1[nH]c2ncnc(N(C)c3cccc(Cl)c3)c2c1C,286.766,3.99604,3.0,1.0,44.81,2.0,0.2,0
Cc1[nH]c2ncnc(NC3CCCCC3)c2c1C,244.342,3.31934,3.0,2.0,53.6,2.0,0.5714286,0
Cc1[nH]c2ncnc(NCc3ccccc3)c2c1C,252.321,3.18684,3.0,2.0,53.6,3.0,0.2,0
Cc1[nH]c2ncnc(Nc3cc(Cl)cc(Cl)c3)c2c1C,307.184,4.62514,3.0,2.0,53.6,2.0,0.14285715,1
Cc1[nH]c2ncnc(Nc3ccc(F)cc3)c2c1C,256.284,3.45744,3.0,2.0,53.6,2.0,0.14285715,0
Cc1[nH]c2ncnc(Nc3cccc(Br)c3)c2c1C,317.19,4.08084,3.0,2.0,53.6,2.0,0.14285715,1
Cc1[nH]c2ncnc(Nc3cccc(C#N)c3)c2c1C,263.304,3.19002,4.0,2.0,77.39,2.0,0.13333334,1
Cc1[nH]c2ncnc(Nc3cccc(C(=O)O)c3)c2c1C,282.303,3.01654,4.0,3.0,90.9,3.0,0.13333334,0
Cc1[nH]c2ncnc(Nc3cccc(C(F)(F)F)c3)c2c1C,306.291,4.33714,3.0,2.0,53.6,2.0,0.2,0
Cc1[nH]c2ncnc(Nc3cccc(Cl)c3)c2c1-c1ccccc1,334.81,5.33032,3.0,2.0,53.6,3.0,0.05263158,0
Cc1[nH]c2ncnc(Nc3cccc(Cl)c3)c2c1C,272.739,3.97174,3.0,2.0,53.6,2.0,0.14285715,0
Cc1[nH]c2ncnc(Nc3cccc(F)c3)c2c1C,256.284,3.45744,3.0,2.0,53.6,2.0,0.14285715,0
Cc1[nH]c2ncnc(Nc3cccc(O)c3)c2c1C,254.293,3.02394,4.0,3.0,73.83,2.0,0.14285715,0
Cc1[nH]c2ncnc(Nc3ccccc3)c2c1C,238.294,3.31834,3.0,2.0,53.6,2.0,0.14285715,0
Cc1[nH]c2ncnc(Nc3ccccc3Cl)c2c1C,272.739,3.97174,3.0,2.0,53.6,2.0,0.14285715,0
Cc1[nH]c2ncnc(Oc3cccc(Cl)c3)c2c1C,273.723,4.02044,3.0,1.0,50.8,2.0,0.14285715,0
Cc1c(-c2ccccc2)[nH]c2ncnc(Nc3cccc(Cl)c3)c12,334.81,5.33032,3.0,2.0,53.6,3.0,0.05263158,1
Cc1c(C)n(-c2ccccc2)c2ncnc(N)c12,238.294,2.61954,3.0,1.0,56.73,1.0,0.14285715,0
Cc1c[nH]c(=Cc2c(O)[nH]c3cccc(C)c23)c1=CCC(=O)O,310.353,1.90244,2.0,4.0,89.11,3.0,0.16666667,0
Cc1c[nH]c2ccc(Nc3ncnc4cc(-c5ccccc5)sc34)cc12,356.454,5.89162,4.0,2.0,53.6,3.0,0.04761905,1
Cc1cc(C)c(C(=O)C(C#N)=Cc2ccc(O)c(O)c2)c(C)c1,307.349,3.81294,4.0,2.0,81.32,3.0,0.15789473,0
Cc1cc(C)c(C)c(-c2cc3cnc(N)nc3nc2NC(=O)NC(C)(C)C)c1C,392.507,4.42768,5.0,3.0,105.82,2.0,0.36363637,0
Cc1cc(C)c(C)c(-c2cc3cnc(NCCCN4CCN(C)CC4)nc3nc2NC(=O)NC(C)(C)C)c1C,532.737,4.89488,7.0,3.0,98.31,7.0,0.53333336,0
Cc1cc(C)c(NC(=O)C(C#N)=Cc2ccc(O)c(O)c2)c(C)c1,322.364,3.56874,4.0,3.0,93.35,3.0,0.15789473,0
Cc1cc(C)cc(COC(=O)c2cc(NCc3cc(O)ccc3O)ccc2O)c1,393.439,4.38934,6.0,4.0,99.02,6.0,0.17391305,0
Cc1cc(C=C(C#N)C#N)cc(O)c1O,200.197,1.83678,4.0,2.0,88.04,1.0,0.09090909,0
Cc1cc(C=C2C(=O)Nc3ncnc(Nc4ccc(F)c(Cl)c4)c32)[nH]c1C(=O)N1CCN(C)CC1,495.946,3.52952,6.0,3.0,106.25,4.0,0.25,1
Cc1cc(N2CCOCC2)cc2[nH]c(-c3c(NC[C@@H](O)c4cccc(Cl)c4)cc[nH]c3=O)nc12,479.968,3.86212,6.0,4.0,106.27,6.0,0.28,0
Cc1cc(Nc2ncc(C(=O)Nc3c(C)cccc3Cl)s2)nc(C)n1,373.869,4.50766,6.0,2.0,79.8,4.0,0.1764706,0
Cc1cc(Nc2ncnc3[nH]nc(OCCN4CCC(O)CC4)c23)ccc1OCc1ccccn1,475.553,3.21442,9.0,3.0,121.31,9.0,0.36,1
Cc1cc2c(Nc3ccc(C)c(O)c3)ncnn2c1,254.293,2.79534,4.0,2.0,62.45,2.0,0.14285715,0
Cc1cc2c(Nc3ccc(F)c(Cl)c3)ncnn2c1,276.702,3.57382,3.0,1.0,42.22,2.0,0.07692308,1
Cc1cc2cc(Nc3ccnc4cc(-c5ccc(CN(C)CCO)cc5)sc34)ccc2[nH]1,442.588,5.92072,5.0,3.0,64.18,7.0,0.1923077,1
Cc1cc2cc(Nc3ccnc4cc(-c5ccc(CN6CCOCC6)cc5)sc34)ccc2[nH]1,454.599,6.32882,5.0,2.0,53.18,5.0,0.22222222,0
Cc1cc2cc(Nc3ccnc4cc(-c5ccc(CNCCCO)cc5)sc34)ccc2[nH]1,442.588,5.96862,5.0,4.0,72.97,8.0,0.1923077,0
Cc1cc2cc(Nc3ccnc4cc(-c5ccc(CNCCN6CCNCC6)cc5)sc34)ccc2[nH]1,496.684,5.49142,6.0,4.0,68.01,8.0,0.27586207,1
Cc1cc2cc(Nc3ccnc4cc(-c5ccc(CNCCO)cc5)sc34)ccc2[nH]1,428.561,5.57852,5.0,4.0,72.97,7.0,0.16,0
Cc1cc2cc(Nc3ccnc4cc(-c5ccc(CNCCOCCO)cc5)sc34)ccc2[nH]1,472.614,5.59512,6.0,4.0,82.2,10.0,0.22222222,0
Cc1cc2cc(Nc3ncnc4cc(-c5ccccc5)sc34)ccc2[nH]1,356.454,5.89162,4.0,2.0,53.6,3.0,0.04761905,1
Cc1ccc(C(=O)C(C#N)=Cc2ccc(O)c(O)c2)cc1,279.295,3.1961,4.0,2.0,81.32,3.0,0.05882353,0
Cc1ccc(F)c(C(=O)n2nc(Nc3ccc(S(N)(=O)=O)cc3)nc2C)c1F,407.402,2.25264,6.0,2.0,119.97,4.0,0.11764706,0
Cc1ccc(N(C(=O)c2ccccc2)C(=O)c2ccccc2)cc1Nc1nccc(-c2cccnc2)n1,485.547,6.07782,6.0,1.0,88.08,6.0,0.033333335,0
Cc1ccc(N(C)C(=O)c2ccccc2)cc1Nc1nccc(-c2cccnc2)n1,395.466,4.86722,5.0,1.0,71.01,5.0,0.083333336,0
Cc1ccc(NC(=O)c2ccc(CN3CCN(C)CC3)cc2)cc1-c1ccc2ccncc2c1,450.586,5.20992,4.0,1.0,48.47,5.0,0.2413793,0
Cc1ccc(NC(=O)c2ccccc2)cc1Nc1nccc(-c2cccnc2)n1,381.439,4.84292,5.0,2.0,79.8,5.0,0.04347826,0
Cc1ccc(Nc2cc3c(cc2Nc2ccc(C)cc2)C(=O)NC3=O)cc1,357.413,4.67424,4.0,3.0,70.23,4.0,0.09090909,0
Cc1ccc(Nc2ncc3cc(-c4c(Cl)cccc4Cl)c(=O)n(C)c3n2)cc1,411.292,5.35432,4.0,1.0,59.81,3.0,0.0952381,0
Cc1ccc(Nc2ncnc3[nH]c(C)c(C)c23)cc1,252.321,3.62676,3.0,2.0,53.6,2.0,0.2,0
Cc1ccc(Nc2ncnc3[nH]c4c(c23)CCCC4)cc1,278.359,3.88872,3.0,2.0,53.6,2.0,0.29411766,1
Cc1ccc(Nc2ncnn3c(C)ccc23)cc1O,254.293,2.79534,4.0,2.0,62.45,2.0,0.14285715,0
Cc1ccc(Nc2ncnn3cc(C)c(C)c23)cc1O,268.32,3.10376,4.0,2.0,62.45,2.0,0.2,1
Cc1ccc(Nc2ncnn3ccc(C)c23)cc1O,254.293,2.79534,4.0,2.0,62.45,2.0,0.14285715,0
Cc1ccc(Nc2ncnn3cccc23)cc1O,240.266,2.48692,4.0,2.0,62.45,2.0,0.07692308,0
Cc1ccc(Oc2ccc(Nc3ncnc4[nH]nc(OCCN5CCC(O)CC5)c34)cc2C)cn1,475.553,3.73614,9.0,3.0,121.31,8.0,0.36,1
Cc1ccc(Oc2ccc(Nc3ncnc4[nH]nc(OCCN5CCC(O)CC5)c34)cc2Cl)cn1,495.971,4.08112,9.0,3.0,121.31,8.0,0.33333334,1
Cc1ccc(Oc2ccc(Nc3ncnc4[nH]nc(OCCN5CCC(O)CC5)c34)cc2F)cn1,479.516,3.56682,9.0,3.0,121.31,8.0,0.33333334,0
Cc1ccc(Oc2ccc(Nc3ncnc4cccc(OC(C)C(=O)N(C)C)c34)cc2C)cn1,457.534,5.03304,7.0,1.0,89.47,7.0,0.23076923,0
Cc1ccc(Oc2ccc(Nc3ncnc4cccc(OC(C)C(=O)N(C)CCO)c34)cc2C)cn1,487.56,4.39554,8.0,2.0,109.7,9.0,0.25925925,0
Cc1ccc(S(=O)(=O)c2c(SSc3[nH]c4ccccc4c3S(=O)(=O)c3ccc(C)cc3)[nH]c3ccccc23)cc1,604.8,7.73104,6.0,2.0,99.86,7.0,0.06666667,0
Cc1ccc(SCC(CN(C)C)C(=O)c2ccc(OCc3ccccc3)cc2)cc1C,433.617,6.03524,4.0,0.0,29.54,10.0,0.2962963,0
Cc1ccc2[nH]c(SSc3[nH]c4ccc(C)cc4c3CCC(=O)O)c(CCC(=O)O)c2c1,468.6,6.09984,4.0,4.0,106.18,9.0,0.25,0
Cc1ccc2c(CCC(=O)O)c(SSc3[nH]c4cc(C)ccc4c3CCC(=O)O)[nH]c2c1,468.6,6.09984,4.0,4.0,106.18,9.0,0.25,0
Cc1ccc2c(Nc3ccc(F)c(Cl)c3)ncnn12,276.702,3.57382,3.0,1.0,42.22,2.0,0.07692308,0
Cc1cccc(-n2ncc3c(NCc4ccc5c(c4)OCO5)ncnc32)c1,359.389,3.46472,6.0,1.0,74.09,4.0,0.15,0
Cc1cccc(C)c1-c1cc(C)c2nc(Nc3ccc(OCCN4CCCC4)cc3)nnc2c1,453.59,5.83526,6.0,1.0,63.17,7.0,0.32142857,0
Cc1cccc(C)c1-c1cc2cnc(N)nc2nc1NC(=O)NC(C)(C)C,364.453,3.81084,5.0,3.0,105.82,2.0,0.3,0
Cc1cccc(C)c1NC(=O)C(C#N)=Cc1ccc(O)c(O)c1,308.337,3.26032,4.0,3.0,93.35,3.0,0.11111111,0
Cc1cccc(C)c1Nc1ncc(-c2ccc(OCC3CCCN(C)C3)cc2)n2cncc12,441.579,5.47734,5.0,1.0,54.69,6.0,0.33333334,0
Cc1cccc(Cl)c1NC(=O)c1cnc(NC(=O)C2CC2)s1,335.816,3.70572,4.0,2.0,71.09,4.0,0.26666668,0
Cc1cccc(N(C)c2ncnc3cc(C)c(C)cc23)c1,277.371,4.32296,3.0,0.0,29.02,2.0,0.22222222,0
Cc1cccc(Nc2cc(NCCO)ncn2)c1,244.298,1.93282,5.0,3.0,70.07,5.0,0.23076923,1
Cc1cccc(Nc2ncnc3[nH]c(C)c(C)c23)c1,252.321,3.62676,3.0,2.0,53.6,2.0,0.2,0
Cc1cccc(Nc2ncnc3[nH]c4c(c23)CCCC4)c1,278.359,3.88872,3.0,2.0,53.6,2.0,0.29411766,0
Cc1cccc(Nc2ncnc3[nH]nc(Nc4cccc(Cl)c4)c23)c1,350.813,4.80192,5.0,3.0,78.52,4.0,0.055555556,1
Cc1cccc(Nc2ncnc3c2sc2ccc(N)cc23)c1,306.394,4.47872,5.0,2.0,63.83,2.0,0.05882353,1
Cc1cccc(Nc2ncnc3c2sc2ccc([N+](=O)[O-])cc23)c1,336.376,4.80472,6.0,1.0,80.95,3.0,0.05882353,1
Cc1cccc(Nc2ncnc3cc(N)ncc23)c1,251.293,2.65902,5.0,2.0,76.72,2.0,0.071428575,1
Cc1cccc(Nc2ncnc3cc(NCCCCN(C)C)ncc23)c1,350.47,3.83052,6.0,2.0,65.97,8.0,0.35,1
Cc1cccc(Nc2ncnc3cc(NCCCN4CCN(C)CC4)ncc23)c1,391.523,3.12622,7.0,2.0,69.21,7.0,0.4090909,1
Cc1cccc(Nc2ncnc3cc(NCCCN4CCOCC4)ncc23)c1,378.48,3.21102,7.0,2.0,75.2,7.0,0.3809524,1
Cc1cccc(Nc2ncnc3cc(NCCCn4ccnc4)ncc23)c1,359.437,3.77552,6.0,2.0,80.55,7.0,0.2,1
Cc1cccc(Nc2ncnc3cc(NCCc4c[nH]cn4)ncc23)c1,345.41,3.45452,6.0,3.0,91.41,6.0,0.15789473,1
Cc1cccc(Nc2ncnc3ccc(N(C)C(=O)N(CCCl)N=O)cc23)c1,398.854,4.46022,6.0,1.0,90.79,6.0,0.21052632,0
Cc1cccc(Nc2ncnc3ccc(N)cc23)c1,250.305,3.26402,4.0,2.0,63.83,2.0,0.06666667,0
Cc1cccc(Nc2ncnc3ccc(N=NN(C)C)cc23)c1,306.373,4.24212,5.0,1.0,65.77,4.0,0.1764706,1
Cc1cccc(Nc2ncnc3ccc(NC(=O)N(C)CCCl)cc23)c1,369.856,4.38432,4.0,2.0,70.15,5.0,0.21052632,0
Cc1cccc(Nc2ncnc3ccc(NC(=O)N(CCCl)N=O)cc23)c1,384.827,4.43592,6.0,2.0,99.58,6.0,0.16666667,0
Cc1cccc(Nc2ncnc3ccc(NC(=O)NCCCl)cc23)c1,355.829,4.04212,4.0,3.0,78.94,5.0,0.16666667,0
Cc1cccc(Nc2ncnc3ccccc23)c1,235.29,3.68182,3.0,1.0,37.81,2.0,0.06666667,0
Cc1cccc(Nc2ncnc3ccncc23)c1N,251.293,2.65902,5.0,2.0,76.72,2.0,0.071428575,1
Cc1cccc(Nc2ncnc3ccncc23)c1NCCCCN(C)C,350.47,3.83052,6.0,2.0,65.97,8.0,0.35,1
Cc1cccc(Nc2ncnc3ccncc23)c1NCCCN1CCN(C)CC1,391.523,3.12622,7.0,2.0,69.21,7.0,0.4090909,1
Cc1cccc(Nc2ncnc3ccncc23)c1NCCCN1CCOCC1,378.48,3.21102,7.0,2.0,75.2,7.0,0.3809524,1
Cc1cccc(Nc2ncnc3ccncc23)c1NCCCn1ccnc1,359.437,3.77552,6.0,2.0,80.55,7.0,0.2,1
Cc1cccc(Nc2ncnc3cnc(Cl)nc23)c1,271.711,3.12522,5.0,1.0,63.59,2.0,0.07692308,0
Cc1cccc(Nc2ncnc3cnc(N(C)C)cc23)c1,279.347,3.14282,5.0,1.0,53.94,3.0,0.1875,1
Cc1cccc(Nc2ncnc3cnc(N(C)C)nc23)c1,280.335,2.53782,6.0,1.0,66.83,3.0,0.2,1
Cc1cccc(Nc2ncnc3cnc(N)cc23)c1,251.293,2.65902,5.0,2.0,76.72,2.0,0.071428575,1
Cc1cccc(Nc2ncnc3cnc(N)nc23)c1,252.281,2.05402,6.0,2.0,89.61,2.0,0.07692308,1
Cc1cccc(Nc2ncnc3cnc(NCCCN4CCOCC4)cc23)c1,378.48,3.21102,7.0,2.0,75.2,7.0,0.3809524,1
Cc1cccc(Nc2ncnc3cnc(NCCN4CCOCC4)cc23)c1,364.453,2.82092,7.0,2.0,75.2,6.0,0.35,1
Cc1cccc(Nc2ncnc3cnc(NCCN4CCOCC4)nc23)c1,365.441,2.21592,8.0,2.0,88.09,6.0,0.36842105,1
Cc1cccc(Nc2ncnc3cnc(NCCc4c[nH]cn4)cc23)c1,345.41,3.45452,6.0,3.0,91.41,6.0,0.15789473,1
Cc1cccc(Nc2ncnc3cnc(NCCc4c[nH]cn4)nc23)c1,346.398,2.84952,7.0,3.0,104.3,6.0,0.16666667,1
Cc1cccc2c(CCC(=O)O)c(SSc3[nH]c4c(C)cccc4c3CCC(=O)O)[nH]c12,468.6,6.09984,4.0,4.0,106.18,9.0,0.25,0
Cc1ccccc1-c1cn(-c2ccccc2)c2ncnc(N)c12,300.365,3.97812,3.0,1.0,56.73,2.0,0.05263158,0
Cc1ccn2ncnc(Nc3ccc(F)c(Cl)c3)c12,276.702,3.57382,3.0,1.0,42.22,2.0,0.07692308,1
Cc1ccn2ncnc(Nc3ccc(OCc4cccc(F)c4)c(Cl)c3)c12,382.826,5.15282,4.0,1.0,51.45,5.0,0.1,1
Cc1ccn2ncnc(Nc3ccc4[nH]ncc4c3)c12,264.292,2.65762,4.0,2.0,70.9,2.0,0.071428575,1
Cc1ccn2ncnc(Nc3ccc4c(cnn4Cc4cccc(F)c4)c3)c12,372.407,4.31842,4.0,1.0,60.04,4.0,0.0952381,1
Cc1ccn2ncnc(Nc3ccc4c(cnn4Cc4ccccc4)c3)c12,354.417,4.17932,4.0,1.0,60.04,4.0,0.0952381,1
Cc1ccn2ncnc(Nc3ccc4c(cnn4Cc4ccccn4)c3)c12,355.405,3.57432,5.0,1.0,72.93,4.0,0.1,1
Cc1ccn2ncnc(Nc3ccc4c(cnn4Cc4cccnc4)c3)c12,355.405,3.57432,5.0,1.0,72.93,4.0,0.1,0
Cc1ccsc1C(=O)n1nc(Nc2ccc(S(N)(=O)=O)cc2)nc1N,378.439,1.30972,8.0,3.0,145.99,4.0,0.071428575,0
Cc1cncc(COc2ccc(Nc3ncnn4ccc(CN5CCC(N)CC5)c34)cc2Cl)c1,478.0,4.33182,7.0,2.0,93.6,7.0,0.32,1
Cc1cncc(Cn2ncc3cc(Nc4ncnn5ccc(CN6CCC(N)CC6)c45)ccc32)c1,467.581,3.49742,7.0,2.0,102.19,6.0,0.30769232,1
Cc1nc(Nc2cccc(Br)c2)c2cc(NCCN3CCOCC3)ncc2n1,443.349,3.58342,7.0,2.0,75.2,6.0,0.35,1
Cc1nc(Nc2ncc(C(=O)Nc3c(C)cccc3Cl)s2)cc(N2CCN(CCO)CC2)n1,488.017,3.31354,9.0,3.0,106.51,7.0,0.36363637,1
Cc1nc2cc3[nH]cnc(Nc4cccc(Br)c4)c3cc2n1,354.211,4.32062,4.0,2.0,66.49,2.0,0.0625,1
Cc1nnc(-c2cn3ncnc(Nc4cnc5[nH]ccc5c4)c3c2C(C)C)o1,374.408,3.83102,7.0,2.0,109.82,4.0,0.21052632,1
ClCCN(CCN=NNc1ccc2ncnc(Nc3cccc(Cl)c3)c2c1)Cc1ccccc1,494.43,6.5469,6.0,2.0,77.8,11.0,0.2,1
ClCCN(CCN=NNc1ccc2ncnc(Nc3cccc(Cl)c3)c2c1)c1ccc(Cl)cc1,514.848,7.2047,6.0,2.0,77.8,10.0,0.16666667,0
ClCCNc1ccc2ncnc(Nc3cccc(Br)c3)c2c1,377.673,4.7866,4.0,2.0,49.84,5.0,0.125,1
ClCCNc1ccc2ncnc(Nc3cccc(Cl)c3)c2c1,333.222,4.6775,4.0,2.0,49.84,5.0,0.125,1
Clc1cc(Nc2ncnc3[nH]nc(OCCCN4CCOCC4)c23)ccc1OCc1ccccn1,495.971,3.825,9.0,2.0,110.31,10.0,0.33333334,1
Clc1cc(Nc2ncnc3[nH]nc(OCCN4CCCC4)c23)ccc1OCc1ccccn1,465.945,4.1985,8.0,2.0,101.08,9.0,0.3043478,1
Clc1cc(Nc2ncnc3[nH]nc(OCCN4CCNCC4)c23)ccc1OCc1ccccn1,480.96,3.0079,9.0,3.0,113.11,9.0,0.3043478,1
Clc1cc(Nc2ncnc3[nH]nc(OCCN4CCOCC4)c23)ccc1OCc1ccccn1,481.944,3.4349,9.0,2.0,110.31,9.0,0.3043478,1
Clc1cc(Nc2ncnc3cccc(OC4CCOCC4)c23)ccc1OCc1ccccn1,462.937,5.5586,7.0,1.0,78.39,7.0,0.24,0
Clc1cc(Nc2ncnc3nn4ccccc4c23)ccc1OCc1ccccc1,401.857,5.2535,5.0,1.0,64.34,5.0,0.045454547,1
Clc1cc2c(Nc3cccc(Br)c3)ncnc2cn1,335.592,4.1843,4.0,1.0,50.7,2.0,0.0,1
Clc1ccc(CNc2ncnc3ccccc23)cc1,269.735,3.8953,3.0,1.0,37.81,3.0,0.06666667,0
Clc1ccc(Nc2nnc(Cc3ccncc3)c3ccccc23)cc1,346.821,5.0126,4.0,1.0,50.7,4.0,0.05,0
Clc1ccc2c(c1)CNc1c(Nc3cccc(Br)c3)ncnc1O2,403.667,5.3539,5.0,2.0,59.07,2.0,0.05882353,0
Clc1ccc2c(c1Nc1ncnc3cc(OCCCN4CCCC4)cc(OC4CCOCC4)c13)OCO2,527.021,5.178,9.0,1.0,87.2,9.0,0.4814815,0
Clc1ccc2ncnc(Nc3cccc(Br)c3)c2n1,335.592,4.1843,4.0,1.0,50.7,2.0,0.0,1
Clc1cccc(CNc2[nH]nc3ncnc(Nc4cccc(Cl)c4)c23)c1,385.258,5.0154,5.0,3.0,78.52,5.0,0.055555556,1
Clc1cccc(Nc2[nH]nc3ncnc(NCc4ccccc4)c23)c1,350.813,4.362,5.0,3.0,78.52,5.0,0.055555556,0
Clc1cccc(Nc2[nH]nc3ncnc(Nc4cccc(Br)c4)c23)c1,415.682,5.256,5.0,3.0,78.52,4.0,0.0,1
Clc1cccc(Nc2[nH]nc3ncnc(Nc4ccccc4)c23)c1,336.786,4.4935,5.0,3.0,78.52,4.0,0.0,1
Clc1cccc(Nc2[nH]nc3ncnc(Oc4cccc(Cl)c4)c23)c1,372.215,5.1956,5.0,2.0,75.72,4.0,0.0,0
Clc1cccc(Nc2ncnc3[nH]c(-c4ccccc4)c(-c4ccccc4)c23)c1,396.881,6.6889,3.0,2.0,53.6,4.0,0.0,0
Clc1cccc(Nc2ncnc3[nH]c4c(c23)CCCC4)c1,298.777,4.2337,3.0,2.0,53.6,2.0,0.25,1
Clc1cccc(Nc2ncnc3[nH]c4ccccc4c23)c1,294.745,4.5081,3.0,2.0,53.6,2.0,0.0,1
Clc1cccc(Nc2ncnc3[nH]nc(-c4ccccc4)c23)c1,321.771,4.4169,4.0,2.0,66.49,3.0,0.0,1
Clc1cccc(Nc2ncnc3[nH]nc(NCc4ccccc4)c23)c1,350.813,4.362,5.0,3.0,78.52,5.0,0.055555556,1
Clc1cccc(Nc2ncnc3[nH]nc(Nc4cccc(Cl)c4)c23)c1,371.231,5.1469,5.0,3.0,78.52,4.0,0.0,1
Clc1cccc(Nc2ncnc3ccccc23)c1,255.708,4.0268,3.0,1.0,37.81,2.0,0.0,1
Clc1ncc2ncnc(Nc3cccc(Br)c3)c2n1,336.58,3.5793,5.0,1.0,63.59,2.0,0.0,1
Clc1ncc2ncnc(Nc3ccccc3)c2n1,257.684,2.8168,5.0,1.0,63.59,2.0,0.0,0
Cn1c(=O)c(-c2c(Cl)cccc2Cl)cc2cnc(N)nc21,321.167,2.8845,4.0,1.0,73.8,1.0,0.071428575,0
Cn1c(=O)c(-c2c(Cl)cccc2Cl)cc2cnc(NCCCCCC(=O)O)nc21,435.311,4.3592,5.0,2.0,97.11,8.0,0.3,0
Cn1c(=O)c(-c2c(Cl)cccc2Cl)cc2cnc(Nc3ccc(CC(=O)O)cc3)nc21,455.301,4.673,5.0,2.0,97.11,5.0,0.09090909,1
Cn1c(=O)c(-c2c(Cl)cccc2Cl)cc2cnc(Nc3ccc(CCCC(=O)O)cc3)nc21,483.355,5.4532,5.0,2.0,97.11,7.0,0.16666667,1
Cn1c(=O)c(-c2c(Cl)cccc2Cl)cc2cnc(Nc3cccc(Br)c3)nc21,476.161,5.8084,4.0,1.0,59.81,3.0,0.05,0
Cn1c(=O)c(-c2c(Cl)cccc2Cl)cc2cnc(Nc3cccc(C(=O)O)c3)nc21,441.274,4.7441,5.0,2.0,97.11,4.0,0.04761905,1
Cn1c(=O)c(-c2c(Cl)cccc2Cl)cc2cnc(Nc3cccc(CO)c3)nc21,427.291,4.5382,5.0,2.0,80.04,4.0,0.0952381,1
Cn1c(=O)c(-c2c(Cl)cccc2Cl)cc2cnc(Nc3cccc(O)c3)nc21,413.264,4.7515,5.0,2.0,80.04,3.0,0.05,1
Cn1c(=O)c(-c2c(Cl)cccc2Cl)cc2cnc(Nc3ccccc3)nc21,397.265,5.0459,4.0,1.0,59.81,3.0,0.05,1
Cn1c(=O)c(-c2c(Cl)cccc2Cl)cc2cnc(Nc3cccnc3)nc21,398.253,4.4409,5.0,1.0,72.7,3.0,0.05263158,0
Cn1c(=O)c(-c2c(Cl)cccc2Cl)cc2cnc(Nc3ccncc3)nc21,398.253,4.4409,5.0,1.0,72.7,3.0,0.05263158,0
Cn1c(S)c(C(=O)Nc2ccccc2)c2ccccc21,282.368,3.7193,2.0,2.0,34.03,2.0,0.0625,0
Cn1c(S)c(CCC(=O)O)c2ccccc21,235.308,2.4842,2.0,2.0,42.23,3.0,0.25,0
Cn1c(SSc2c(C#N)c3ccccc3n2C)c(C#N)c2ccccc21,374.494,5.21276,4.0,0.0,57.44,3.0,0.1,0
Cn1c(SSc2c(C(=O)NCC(=O)O)c3ccccc3n2C)c(C(=O)NCC(=O)O)c2ccccc21,526.596,3.0982,6.0,4.0,142.66,9.0,0.16666667,0
Cn1c(SSc2c(C(=O)NCC(O)CO)c3ccccc3n2C)c(C(=O)NCC(O)CO)c2ccccc21,558.682,1.6354,8.0,6.0,148.98,11.0,0.30769232,0
Cn1c(SSc2c(C(=O)NCc3ccc(C(=O)O)cc3)c3ccccc3n2C)c(C(=O)NCc2ccc(C(=O)O)cc2)c2ccccc21,678.792,6.7258,6.0,4.0,142.66,11.0,0.11111111,0
Cn1c(SSc2c(C(=O)NCc3ccccc3)c3ccccc3n2C)c(C(=O)NCc2ccccc2)c2ccccc21,590.774,7.3294,4.0,2.0,68.06,9.0,0.11764706,0
Cn1c(SSc2c(C(=O)Nc3ccc(C(=O)O)cc3)c3ccccc3n2C)c(C(=O)Nc2ccc(C(=O)O)cc2)c2ccccc21,650.738,7.3704,6.0,4.0,142.66,9.0,0.05882353,0
Cn1c(SSc2c(C(=O)Nc3cccc(C(=O)O)c3)c3ccccc3n2C)c(C(=O)Nc2cccc(C(=O)O)c2)c2ccccc21,650.738,7.3704,6.0,4.0,142.66,9.0,0.05882353,0
Cn1c(SSc2c(C(=O)Nc3ccccc3)c3c(Cl)cccc3n2C)c(C(=O)Nc2ccccc2)c2c(Cl)cccc21,631.61,9.2808,4.0,2.0,68.06,7.0,0.0625,0
Cn1c(SSc2c(C(=O)Nc3ccccc3)c3cc(Br)ccc3n2C)c(C(=O)Nc2ccccc2)c2cc(Br)ccc21,720.512,9.499,4.0,2.0,68.06,7.0,0.0625,0
Cn1c(SSc2c(C(=O)Nc3ccccc3)c3cc(C#N)ccc3n2C)c(C(=O)Nc2ccccc2)c2cc(C#N)ccc21,612.74,7.71736,6.0,2.0,115.64,7.0,0.05882353,0
Cn1c(SSc2c(C(=O)Nc3ccccc3)c3cc(Cl)ccc3n2C)c(C(=O)Nc2ccccc2)c2cc(Cl)ccc21,631.61,9.2808,4.0,2.0,68.06,7.0,0.0625,0
Cn1c(SSc2c(C(=O)Nc3ccccc3)c3cc(O)ccc3n2C)c(C(=O)Nc2ccccc2)c2cc(O)ccc21,594.718,7.3852,6.0,4.0,108.52,7.0,0.0625,0
Cn1c(SSc2c(C(=O)Nc3ccccc3)c3cc([N+](=O)[O-])ccc3n2C)c(C(=O)Nc2ccccc2)c2cc([N+](=O)[O-])ccc21,652.714,7.7904,8.0,2.0,154.34,9.0,0.0625,0
Cn1c(SSc2c(C(=O)Nc3ccccc3)c3ccc(O)cc3n2C)c(C(=O)Nc2ccccc2)c2ccc(O)cc21,594.718,7.3852,6.0,4.0,108.52,7.0,0.0625,0
Cn1c(SSc2c(C(=O)Nc3ccccc3)c3cccc(O)c3n2C)c(C(=O)Nc2ccccc2)c2cccc(O)c21,594.718,7.3852,6.0,4.0,108.52,7.0,0.0625,0
Cn1c(SSc2c(C(=O)Nc3ccccc3)c3ccccc3n2C)c(C(=O)Nc2ccccc2)c2ccccc21,562.72,7.974,4.0,2.0,68.06,7.0,0.0625,0
Cn1c(SSc2c(C(=O)Nc3ccccc3)c3cccnc3n2C)c(C(=O)Nc2ccccc2)c2cccnc21,564.696,6.764,6.0,2.0,93.84,7.0,0.06666667,0
Cn1c(SSc2c(C(=O)Nc3ccccc3C(=O)O)c3ccccc3n2C)c(C(=O)Nc2ccccc2C(=O)O)c2ccccc21,650.738,7.3704,6.0,4.0,142.66,9.0,0.05882353,0
Cn1c(SSc2c(C(=O)Nc3ccccn3)c3ccccc3n2C)c(C(=O)Nc2ccccn2)c2ccccc21,564.696,6.764,6.0,2.0,93.84,7.0,0.06666667,0
Cn1c(SSc2c(C(=O)c3ccc(C(=O)O)cc3)c3ccccc3n2C)c(C(=O)c2ccc(C(=O)O)cc2)c2ccccc21,620.708,7.3278,6.0,2.0,118.6,9.0,0.05882353,0
Cn1c(SSc2c(C(=O)c3ccco3)c3ccccc3n2C)c(C(=O)c2ccco2)c2ccccc21,512.612,7.1174,6.0,0.0,70.28,7.0,0.071428575,0
Cn1c(SSc2c(C(N)=O)c3ccccc3n2C)c(C(N)=O)c2ccccc21,410.524,3.6672,4.0,2.0,96.04,5.0,0.1,0
Cn1c(SSc2c(CC(=O)O)c3ccccc3n2C)c(CC(=O)O)c2ccccc21,440.546,4.7236,4.0,2.0,84.46,7.0,0.18181819,0
Cn1c(SSc2c(CCC(=O)O)c3ccccc3n2C)c(CCC(=O)O)c2ccccc21,468.6,5.5038,4.0,2.0,84.46,9.0,0.25,0
Cn1c(SSc2c(CCCC(=O)O)c3ccccc3n2C)c(CCCC(=O)O)c2ccccc21,496.654,6.284,4.0,2.0,84.46,11.0,0.30769232,0
Cn1c([Se][Se]c2c(C(=O)O)c3ccccc3n2C)c(C(=O)O)c2ccccc21,506.278,1.3406,2.0,2.0,84.46,5.0,0.1,0
Cn1c2ccccc2c2c(Nc3cccc(Br)c3)ncnc21,353.223,4.6276,3.0,1.0,42.74,2.0,0.05882353,0
Cn1c2ccccc2c2ncnc(Nc3cccc(Br)c3)c21,353.223,4.6276,3.0,1.0,42.74,2.0,0.05882353,1
Cn1ccc2cc3c(Nc4cccc(Br)c4)ncnc3cc21,353.223,4.6276,3.0,1.0,42.74,2.0,0.05882353,1
Cn1ccnc1S(=O)(=O)CCNCc1ccc(-c2ccc3ncnc(Nc4ccc(OCc5cccc(F)c5)c(C(F)(F)F)c4)c3c2)o1,680.684,6.6673,9.0,2.0,124.17,12.0,0.18181819,1
Cn1cnc2cc3c(Nc4cccc(Br)c4)ncnc3cc21,354.211,4.0226,4.0,1.0,55.63,2.0,0.0625,1
Cn1cnc2cc3ncnc(Nc4cccc(Br)c4)c3cc21,354.211,4.0226,4.0,1.0,55.63,2.0,0.0625,1
Cn1ncc2cc3c(Nc4cccc(Br)c4)ncnc3cc21,354.211,4.0226,4.0,1.0,55.63,2.0,0.0625,1
FC(F)(F)c1cccc(Nc2ncnc3[nH]c4c(c23)CCCC4)c1,332.329,4.5991,3.0,2.0,53.6,2.0,0.29411766,0
FC(F)(F)c1cccc(Nc2ncnc3ccccc23)c1,289.26,4.3922,3.0,1.0,37.81,2.0,0.06666667,0
FC(F)C(F)(F)Oc1cccc(Nc2nccc(-c3c[nH]c4ccccc34)n2)c1,402.351,5.6052,4.0,2.0,62.83,6.0,0.1,0
Fc1c(Br)cccc1Nc1ncnc2ccncc12,319.137,3.67,4.0,1.0,50.7,2.0,0.0,1
Fc1cc2c(Nc3cccc(Br)c3)ncnc2cn1,319.137,3.67,4.0,1.0,50.7,2.0,0.0,1
Fc1cc2ncnc(Nc3cccc(Br)c3)c2cn1,319.137,3.67,4.0,1.0,50.7,2.0,0.0,1
Fc1ccc(-c2nn3ccccc3c2-c2ccncc2)cc1,289.313,4.2024,2.0,0.0,30.19,2.0,0.0,0
Fc1ccc(Nc2ncnc3c2NCc2cc(Br)ccc2O3)cc1Cl,421.657,5.493,5.0,2.0,59.07,2.0,0.05882353,0
Fc1ccc(Nc2ncnc3c2NCc2cc(Cl)ccc2O3)cc1Cl,377.206,5.3839,5.0,2.0,59.07,2.0,0.05882353,0
Fc1ccc(Nc2ncnc3c2NCc2ccccc2O3)cc1Cl,342.761,4.7305,5.0,2.0,59.07,2.0,0.05882353,0
Fc1ccc(Nc2ncnc3ccc(C#CCN4CCCCC4)cc23)cc1Cl,394.881,5.0033,4.0,1.0,41.05,3.0,0.27272728,1
Fc1ccc(Nc2ncnc3ccc(C#CCN4CCOCC4)cc23)cc1Cl,396.853,3.8496,5.0,1.0,50.28,3.0,0.23809524,1
Fc1ccc(Nc2ncnc3ccc(C#Cc4ccccc4)cc23)cc1Cl,373.818,5.5657,3.0,1.0,37.81,2.0,0.0,0
Fc1ccc(Nc2ncnc3ccc(C#Cc4cccs4)cc23)cc1Cl,379.847,5.6272,4.0,1.0,37.81,2.0,0.0,0
Fc1ccc(Nc2ncnc3nn4ccccc4c23)cc1Cl,313.723,3.8136,4.0,1.0,55.11,2.0,0.0,1
Fc1ccc(Nc2ncnn3cccc23)cc1Cl,262.675,3.2654,3.0,1.0,42.22,2.0,0.0,1
Fc1ccc2c(Nc3cccc(Br)c3)ncnc2n1,319.137,3.67,4.0,1.0,50.7,2.0,0.0,0
Fc1ccc2c(c1)CNc1c(NCc3ccccc3)ncnc1O2,322.343,3.9456,5.0,2.0,59.07,3.0,0.11111111,0
Fc1ccc2c(c1)CNc1c(Nc3ccc(F)c(Cl)c3)ncnc1O2,360.751,4.8696,5.0,2.0,59.07,2.0,0.05882353,0
Fc1ccc2c(c1)CNc1c(Nc3cccc(-c4ccccc4)c3)ncnc1O2,384.414,5.7441,5.0,2.0,59.07,3.0,0.04347826,0
Fc1ccc2c(c1)CNc1c(Nc3cccc(Br)c3)ncnc1O2,387.212,4.8396,5.0,2.0,59.07,2.0,0.05882353,0
Fc1ccc2c(c1)CNc1c(Nc3ccccc3)ncnc1O2,308.316,4.0771,5.0,2.0,59.07,2.0,0.05882353,0
Fc1ccc2ncnc(Nc3cccc(Br)c3)c2n1,319.137,3.67,4.0,1.0,50.7,2.0,0.0,1
Fc1cccc(COc2ccc(Nc3ccncn3)cc2Cl)c1,329.762,4.5917,4.0,1.0,47.04,5.0,0.05882353,1
Fc1cccc(COc2ccc(Nc3ncnc4cc(C#C[C@@H]5CCCN5)sc34)cc2Cl)c1,478.98,5.9099,6.0,2.0,59.07,5.0,0.2,1
Fc1cccc(COc2ccc(Nc3ncnc4cc(C#C[C@H]5CCCN5)sc34)cc2Cl)c1,478.98,5.9099,6.0,2.0,59.07,5.0,0.2,1
Fc1cccc(COc2ccc(Nc3ncnc4nn5ccccc5c34)cc2Cl)c1,419.847,5.3926,5.0,1.0,64.34,5.0,0.045454547,1
Fc1cccc(COc2ccc(Nc3ncncc3C#Cc3cc[nH]n3)cc2Cl)c1,419.847,4.7146,5.0,2.0,75.72,5.0,0.045454547,1
Fc1cccc(COc2ccc(Nc3ncncc3C#Cc3ccccc3)cc2Cl)c1,429.882,5.9915,4.0,1.0,47.04,5.0,0.04,1
Fc1cccc(COc2ccc(Nc3ncncc3C#Cc3ccccn3)cc2Cl)c1,430.87,5.3865,5.0,1.0,59.93,5.0,0.041666668,1
Fc1cccc(COc2ccc(Nc3ncncc3C#Cc3cccnc3)cc2Cl)c1,430.87,5.3865,5.0,1.0,59.93,5.0,0.041666668,1
Fc1cccc(COc2ccc(Nc3ncncc3C#Cc3ncccn3)cc2Cl)c1,431.858,4.7815,6.0,1.0,72.82,5.0,0.04347826,1
Fc1cccc(COc2ccc(Nc3ncnn4ccc(CN5CCCNCC5)c34)cc2Cl)c1,480.975,4.6397,6.0,2.0,66.72,7.0,0.28,1
Fc1cccc(COc2ccc(Nc3ncnn4ccc(COC[C@@H]5CNCCO5)c34)cc2Cl)c1,497.958,4.3494,7.0,2.0,81.94,9.0,0.28,0
Fc1cccc(Cn2ncc3cc(Nc4ncnn5ccc(CN6CCCC6)c45)ccc32)c1,441.514,4.6058,5.0,1.0,63.28,6.0,0.24,0
Fc1cccc(Cn2ncc3cc(Nc4ncnn5ccc(CN6CCCNCC6)c45)ccc32)c1,470.556,3.8053,6.0,2.0,75.31,6.0,0.26923078,1
Fc1cccc(Cn2ncc3cc(Nc4ncnn5ccc(CN6CCNCC6)c45)ccc32)c1,456.529,3.4152,6.0,2.0,75.31,6.0,0.24,1
Fc1cccc(Cn2ncc3cc(Nc4ncnn5ccc(CNC6CCNCC6)c45)ccc32)c1,470.556,3.8516,6.0,3.0,84.1,7.0,0.26923078,1
Fc1cccc(Cn2ncc3cc(Nc4ncnn5ccc(COC6CCNCC6)c45)ccc32)c1,471.54,4.2786,6.0,2.0,81.3,7.0,0.26923078,1
Fc1cccc(Cn2ncc3cc(Nc4ncnn5ccc(COCC6CCNCC6)c45)ccc32)c1,485.567,4.5262,6.0,2.0,81.3,8.0,0.2962963,1
Fc1cccc(Cn2ncc3cc(Nc4ncnn5ccc(COCC6CNCCOC6)c45)ccc32)c1,501.566,3.7626,7.0,2.0,90.53,8.0,0.2962963,1
Fc1cccc(Cn2ncc3cc(Nc4ncnn5ccc(COC[C@@H]6CNCCO6)c45)ccc32)c1,487.539,3.515,7.0,2.0,90.53,8.0,0.26923078,1
Fc1cccc(Cn2ncc3cc(Nc4ncnn5ccc(COC[C@@H]6COCCN6)c45)ccc32)c1,487.539,3.515,7.0,2.0,90.53,8.0,0.26923078,0
Fc1cccc(Cn2ncc3cc(Nc4ncnn5ccc(COC[C@H]6CCCNC6)c45)ccc32)c1,485.567,4.5262,6.0,2.0,81.3,8.0,0.2962963,1
Fc1cccc(Cn2ncc3cc(Nc4ncnn5ccc(COC[C@H]6CNCCO6)c45)ccc32)c1,487.539,3.515,7.0,2.0,90.53,8.0,0.26923078,1
Fc1cccc(Nc2ncnc3ccccc23)c1,239.253,3.5125,3.0,1.0,37.81,2.0,0.0,1
Ic1cccc(Nc2ncnc3ccccc23)c1,347.159,3.978,3.0,1.0,37.81,2.0,0.0,1
N#C/C(=C\c1cc(O)c(O)c(Br)c1)S(=O)(=O)/C(C#N)=C/c1cc(O)c(O)c(Br)c1,542.161,3.87796,8.0,4.0,162.64,4.0,0.0,0
N#C/C(=C\c1ccc(C=O)cc1)C(=O)O,201.181,1.49068,3.0,1.0,78.16,3.0,0.0,0
N#C/C(=C\c1ccc(O)c(O)c1)S(=O)(=O)/C(C#N)=C/c1ccc(O)c(O)c1,384.369,2.35296,8.0,4.0,162.64,4.0,0.0,0
N#C/C(=C\c1ccc(Oc2ccccc2)c(I)c1)c1ccccn1,424.241,5.54268,3.0,0.0,45.91,4.0,0.0,0
N#CC(=Cc1cc(-c2ccccc2)c(O)c(-c2ccccc2)c1)C(N)=O,340.382,4.11848,3.0,2.0,87.11,4.0,0.0,0
N#CC(=Cc1cc(CSc2ccccc2)c(O)c(OCc2ccccc2)c1)C(N)=O,416.502,4.65578,5.0,2.0,96.34,8.0,0.083333336,0
N#CC(=Cc1cc(Cc2ccccc2)c(O)c(Cc2ccccc2)c1)C(N)=O,368.436,3.96608,3.0,2.0,87.11,6.0,0.083333336,0
N#CC(=Cc1cc(O)c(O)c(Br)c1)C(=N)C(C#N)C#N,331.129,2.45041,6.0,3.0,135.68,3.0,0.07692308,0
N#CC(=Cc1cc(O)c(O)c(Br)c1)C(=O)NCCCNC(=O)C(C#N)=Cc1cc(O)c(O)c(Br)c1,606.227,3.17066,8.0,6.0,186.7,8.0,0.13043478,0
N#CC(=Cc1cc(O)c(O)c(CSCc2ccccc2)c1)C(N)=O,340.404,2.92348,5.0,3.0,107.34,6.0,0.11111111,0
N#CC(=Cc1cc(O)c(O)c(CSc2nc3ccccc3s2)c1)C(N)=O,383.454,3.39208,7.0,3.0,120.23,5.0,0.055555556,0
N#CC(=Cc1cc(O)c(O)c(O)c1)C(=N)C(C#N)C#N,268.232,1.39351,7.0,4.0,155.91,3.0,0.07692308,0
N#CC(=Cc1cc(O)c(O)c(O)c1)C(=O)NCCCCNC(=O)C(C#N)=Cc1cc(O)c(O)c(O)c1,494.46,1.44696,10.0,8.0,227.16,9.0,0.16666667,0
N#CC(=Cc1cc(O)c(O)c([N+](=O)[O-])c1)C(=O)NCCCNC(=O)C(C#N)=Cc1cc(O)c(O)c([N+](=O)[O-])c1,538.429,1.46206,12.0,6.0,272.98,10.0,0.13043478,0
N#CC(=Cc1cc(O)ccc1O)C(=O)O,205.169,1.08938,4.0,3.0,101.55,2.0,0.0,0
N#CC(=Cc1cc(O)ccc1O)C(N)=O,204.185,0.49008,4.0,3.0,107.34,2.0,0.0,0
N#CC(=Cc1ccc(O)c(O)c1)C(=N)C(C#N)C#N,252.233,1.68791,6.0,3.0,135.68,3.0,0.07692308,0
N#CC(=Cc1ccc(O)c(O)c1)C(=O)N1CCN(C(=O)C(C#N)=Cc2ccc(O)c(O)c2)CC1,460.446,1.69396,8.0,4.0,169.12,4.0,0.16666667,0
N#CC(=Cc1ccc(O)c(O)c1)C(=O)N1CCN(c2ccccc2)CC1,349.39,2.35358,5.0,2.0,87.8,3.0,0.2,0
N#CC(=Cc1ccc(O)c(O)c1)C(=O)N1CCc2ccccc21,306.321,2.59408,4.0,2.0,84.56,2.0,0.11111111,0
N#CC(=Cc1ccc(O)c(O)c1)C(=O)NC1CCC(CC2CCC(NC(=O)C(C#N)=Cc3ccc(O)c(O)c3)CC2)CC1,584.673,4.76326,8.0,6.0,186.7,8.0,0.3939394,0
N#CC(=Cc1ccc(O)c(O)c1)C(=O)NC1CCCCC1,286.331,2.45368,4.0,3.0,93.35,3.0,0.375,0
N#CC(=Cc1ccc(O)c(O)c1)C(=O)NC1CCCC[C@@H]1NC(=O)C(C#N)=Cc1ccc(O)c(O)c1,488.5,2.56676,8.0,6.0,186.7,6.0,0.23076923,0
N#CC(=Cc1ccc(O)c(O)c1)C(=O)NCC1CCCC(CNC(=O)C(C#N)=Cc2ccc(O)c(O)c2)C1,516.554,3.06196,8.0,6.0,186.7,8.0,0.2857143,0
N#CC(=Cc1ccc(O)c(O)c1)C(=O)NCCCCCCCCCCNC(=O)C(C#N)=Cc1ccc(O)c(O)c1,546.624,4.37636,8.0,6.0,186.7,15.0,0.33333334,0
N#CC(=Cc1ccc(O)c(O)c1)C(=O)NCCCCCCCCNC(=O)C(C#N)=Cc1ccc(O)c(O)c1,518.57,3.59616,8.0,6.0,186.7,13.0,0.2857143,0
N#CC(=Cc1ccc(O)c(O)c1)C(=O)NCCCCCCNC(=O)C(C#N)=Cc1ccc(O)c(O)c1,490.516,2.81596,8.0,6.0,186.7,11.0,0.23076923,0
N#CC(=Cc1ccc(O)c(O)c1)C(=O)NCCCCCNC(=O)C(C#N)=Cc1ccc(O)c(O)c1,476.489,2.42586,8.0,6.0,186.7,10.0,0.2,0
N#CC(=Cc1ccc(O)c(O)c1)C(=O)NCCCCNC(=O)C(C#N)=Cc1ccc(O)c(O)c1,462.462,2.03576,8.0,6.0,186.7,9.0,0.16666667,0
N#CC(=Cc1ccc(O)c(O)c1)C(=O)NCCCCc1ccccc1,336.391,3.14388,4.0,3.0,93.35,7.0,0.2,0
N#CC(=Cc1ccc(O)c(O)c1)C(=O)NCCCN1CCN(CCCNC(=O)C(C#N)=Cc2ccc(O)c(O)c2)CC1,574.638,1.65336,10.0,6.0,193.18,12.0,0.33333334,0
N#CC(=Cc1ccc(O)c(O)c1)C(=O)NCCCNC(=O)C(C#N)=Cc1ccc(O)c(O)c1,448.435,1.64566,8.0,6.0,186.7,8.0,0.13043478,0
N#CC(=Cc1ccc(O)c(O)c1)C(=O)NCCCc1ccccc1,322.364,2.75378,4.0,3.0,93.35,6.0,0.15789473,0
N#CC(=Cc1ccc(O)c(O)c1)C(=O)NCCN1CCN(C(=O)C(C#N)=Cc2ccc(O)c(O)c2)CC1,503.515,1.28356,9.0,5.0,181.15,7.0,0.23076923,0
N#CC(=Cc1ccc(O)c(O)c1)C(=O)NCCNC(=O)C(C#N)=Cc1ccc(O)c(O)c1,434.408,1.25556,8.0,6.0,186.7,7.0,0.09090909,0
N#CC(=Cc1ccc(O)c(O)c1)C(=O)NCCc1ccccc1,308.337,2.36368,4.0,3.0,93.35,5.0,0.11111111,0
N#CC(=Cc1ccc(O)c(O)c1)C(=O)NCN1CCN(C(=O)C(C#N)=Cc2ccc(O)c(O)c2)CC1,489.488,1.24106,9.0,5.0,181.15,6.0,0.2,0
N#CC(=Cc1ccc(O)c(O)c1)C(=O)NCc1ccc(O)cc1,310.309,2.02678,5.0,4.0,113.58,4.0,0.05882353,0
N#CC(=Cc1ccc(O)c(O)c1)C(=O)NCc1cccc(CNC(=O)C(C#N)=Cc2ccc(O)c(O)c2)c1,510.506,2.95576,8.0,6.0,186.7,8.0,0.071428575,0
N#CC(=Cc1ccc(O)c(O)c1)C(=O)NCc1ccccc1,294.31,2.32118,4.0,3.0,93.35,4.0,0.05882353,0
N#CC(=Cc1ccc(O)c(O)c1)C(=O)Nc1ccccc1,280.283,2.64348,4.0,3.0,93.35,3.0,0.0,0
N#CC(=Cc1ccc(O)c(O)c1)C(=O)Nc1ccccc1Cl,314.728,3.29688,4.0,3.0,93.35,3.0,0.0,0
N#CC(=Cc1ccc(O)c(O)c1)C(=O)O,205.169,1.08938,4.0,3.0,101.55,2.0,0.0,0
N#CC(=Cc1ccc(O)c(O)c1)C(=O)c1ccc(F)cc1,283.258,3.02678,4.0,2.0,81.32,3.0,0.0,0
N#CC(=Cc1ccc(O)c(O)c1)C(=O)c1ccc(O)c(O)c1,297.266,2.29888,6.0,4.0,121.78,3.0,0.0,0
N#CC(=Cc1ccc(O)c(O)c1)C(=O)c1ccc([N+](=O)[O-])cc1,310.265,2.79588,6.0,2.0,124.46,4.0,0.0,0
N#CC(=Cc1ccc(O)c(O)c1)C(=O)c1ccccc1,265.268,2.88768,4.0,2.0,81.32,3.0,0.0,0
N#CC(=Cc1ccc(O)c(O)c1)C(=O)c1ccccc1Cl,299.713,3.54108,4.0,2.0,81.32,3.0,0.0,0
N#CC(=Cc1ccc(O)c(O)c1)C(=O)c1cccs1,271.297,2.94918,5.0,2.0,81.32,3.0,0.0,0
N#CC(=Cc1ccc(O)c(O)c1)C(N)=O,204.185,0.49008,4.0,3.0,107.34,2.0,0.0,0
N#CC(=Cc1ccc(O)c(O)c1)C(N)=S,220.253,1.29088,4.0,3.0,90.27,2.0,0.0,0
N#CC(=Cc1ccc(O)c([N+](=O)[O-])c1)C(=N)C(C#N)C#N,281.231,1.89051,7.0,2.0,158.59,4.0,0.07692308,0
N#CC(=Cc1ccc(O)cc1)C(=N)C(C#N)C#N,236.234,1.98231,5.0,2.0,115.45,3.0,0.07692308,1
N#CC(=Cc1ccc(O)cc1)c1ccccn1,222.247,2.85138,3.0,1.0,56.91,2.0,0.0,0
N#CC(C#N)=C(C#N)c1cc(O)c(O)c(O)c1,227.179,1.12774,6.0,3.0,132.06,1.0,0.0,0
N#CC(C#N)=C(C#N)c1cc(O)cc(O)c1,211.18,1.42214,5.0,2.0,111.83,1.0,0.0,0
N#CC(C#N)=C(C#N)c1ccc(O)c(O)c1,211.18,1.42214,5.0,2.0,111.83,1.0,0.0,0
N#CC(C#N)=C1C(=O)Nc2cc(O)c(O)cc21,227.179,0.85066,5.0,3.0,117.14,0.0,0.0,0
N#CC(C#N)=C1C(=O)Nc2ccc(O)cc21,211.18,1.14506,4.0,2.0,96.91,0.0,0.0,0
N#CC(C#N)=C1C(=O)Nc2ccc([N+](=O)[O-])cc21,240.178,1.34766,5.0,1.0,119.82,1.0,0.0,0
N#CC(C#N)=C1CCc2c1ccc(O)c2O,212.208,1.84476,4.0,2.0,88.04,0.0,0.16666667,0
N#CC(C#N)=C1CCc2cc(O)c(O)cc21,212.208,1.84476,4.0,2.0,88.04,0.0,0.16666667,0
N#CC(C#N)=Cc1cc(O)c(O)c(O)c1,202.169,1.23396,5.0,3.0,108.27,1.0,0.0,0
N#CC(C#N)=Cc1cc(O)cc(O)c1,186.17,1.52836,4.0,2.0,88.04,1.0,0.0,0
N#CC(C#N)=Cc1cc(O)ccc1[N+](=O)[O-],215.168,1.73096,5.0,1.0,110.95,2.0,0.0,0
N#CC(C#N)=Cc1ccc(C=O)cc1,182.182,1.92966,3.0,0.0,64.65,2.0,0.0,0
N#CC(C#N)=Cc1ccc(O)c(O)c1,186.17,1.52836,4.0,2.0,88.04,1.0,0.0,0
N#CC(C#N)=Cc1ccc(O)c([N+](=O)[O-])c1,215.168,1.73096,5.0,1.0,110.95,2.0,0.0,0
N#CC(C#N)C(=O)c1cc(O)c(O)c(O)c1,218.168,0.64946,6.0,3.0,125.34,2.0,0.1,0
N#CC(Cc1ccc(O)c(O)c1)C(N)=S,222.269,1.06618,4.0,3.0,90.27,3.0,0.2,0
N#CCCc1c(SSc2[nH]c3ccccc3c2CCC#N)[nH]c2ccccc12,402.548,6.36096,4.0,2.0,79.16,7.0,0.18181819,0
N#CCc1c(SSc2[nH]c3ccccc3c2CC#N)[nH]c2ccccc12,374.494,5.58076,4.0,2.0,79.16,5.0,0.1,0
N#Cc1c(N)ncnc1Nc1ccc(OCc2ccccc2)c(Cl)c1,351.797,3.90648,6.0,2.0,96.85,5.0,0.055555556,1
N#Cc1cnc2c(Br)cc(NCc3c[nH]cn3)cc2c1Nc1ccc(F)c(Cl)c1,471.721,5.74028,5.0,3.0,89.42,5.0,0.05,0
N#Cc1cnc2c(Cl)cc(NCc3c[nH]cn3)cc2c1Nc1ccc(F)c(Cl)c1,427.27,5.63118,5.0,3.0,89.42,5.0,0.05,0
N#Cc1cnc2c(Cl)cc(NCc3cccc[n+]3[O-])cc2c1Nc1ccc(F)c(Cl)c1,454.292,5.54148,5.0,2.0,87.68,5.0,0.045454547,0
N#Cc1cnc2c(F)cc(NCc3c[nH]cn3)cc2c1Nc1ccc(F)c(Cl)c1,410.815,5.11688,5.0,3.0,89.42,5.0,0.05,0
N#Cc1cnc2cc(-c3ccc(CN4CCOCC4)cc3)ccc2c1N[C@@H]1C[C@H]1c1ccccc1,460.581,5.57368,5.0,1.0,61.18,6.0,0.26666668,1
N#Cc1cnc2ccc(-c3ccc(CN)cc3)cc2c1N[C@@H]1C[C@H]1c1ccccc1,390.49,5.20018,4.0,2.0,74.73,5.0,0.15384616,1
N#Cc1cnc2ccc(-c3ccc(CN4CCOCC4)cc3)cc2c1N[C@@H]1C[C@H]1c1ccccc1,460.581,5.57368,5.0,1.0,61.18,6.0,0.26666668,0
N#Cc1cnc2ccc(-c3cccc(CN4CCOCC4)c3)cc2c1N[C@@H]1C[C@H]1c1ccccc1,460.581,5.57368,5.0,1.0,61.18,6.0,0.26666668,0
N#Cc1cnc2ccc(NC(=O)/C=C/CN3CCOCC3)cc2c1Nc1ccc(F)c(Cl)c1,465.916,4.46948,6.0,2.0,90.28,6.0,0.20833333,0
N#Cc1cnc2ccc(NC(=O)C#CCN3CCSCC3)cc2c1Nc1cccc(Br)c1,506.429,4.60328,6.0,2.0,81.05,4.0,0.20833333,0
N#Cc1cnc2ccc(NCc3c[nH]cn3)cc2c1Nc1ccc(F)c(Cl)c1,392.825,4.97778,5.0,3.0,89.42,5.0,0.05,1
NC(=O)C1CCN(Cc2ccc(-c3cc4nccc(Nc5ccc6[nH]ccc6c5)c4s3)cc2)CC1,481.625,5.8855,5.0,3.0,87.04,6.0,0.21428572,1
NC(=O)C1CCN(Cc2ccc(-c3cc4ncnc(Nc5ccc6[nH]ccc6c5)c4s3)cc2)CC1,482.613,5.2805,6.0,3.0,99.93,6.0,0.22222222,1
NC(=O)C1CCN(Cc2ccn3ncnc(Nc4ccc5c(cnn5Cc5cccc(F)c5)c4)c23)CC1,498.566,3.7073,6.0,2.0,106.37,7.0,0.25925925,1
NC(=O)CCc1c(S)[nH]c2ccccc12,220.297,1.8745,2.0,3.0,58.88,3.0,0.18181819,0
NC(=O)CCc1c(SSc2[nH]c3ccccc3c2CCC(N)=O)[nH]c2ccccc12,438.578,4.2844,4.0,4.0,117.76,9.0,0.18181819,0
NC(=O)CN1CCC(n2cc(-c3cccc(O)c3)c3c(N)ncnc32)C1,352.398,1.1182,6.0,3.0,123.29,4.0,0.2777778,0
NC(=O)CN1CCC(n2cc(-c3cccc(O)c3)c3c(N)ncnc32)CC1,366.425,1.5083,6.0,3.0,123.29,4.0,0.31578946,1
NC(=O)COCc1ccn2ncnc(Nc3ccc4c(cnn4Cc4cccc(F)c4)c3)c12,445.458,3.0119,6.0,2.0,112.36,8.0,0.13043478,1
NC(=O)O[C@H]1CN[C@H](C#Cc2cc3ncnc(Nc4ccc(OCc5cccc(F)c5)c(Cl)c4)c3s2)C1,538.004,4.9837,8.0,3.0,111.39,6.0,0.1923077,1
NC(Cc1c(SSc2[nH]c3ccccc3c2CC(N)C(=O)NCc2ccccc2)[nH]c2ccccc12)C(=O)NCc1ccccc1,648.858,5.821,6.0,6.0,141.82,13.0,0.16666667,0
NC(Cc1c([Se][Se]c2[nH]c3ccccc3c2CC(N)C(=O)NCc2ccccc2)[nH]c2ccccc12)C(=O)NCc1ccccc1,742.644,2.2958,4.0,6.0,141.82,13.0,0.16666667,0
NC1CCN(Cc2ccn3ncnc(Nc4ccc(OCc5cccc(F)c5)c(Cl)c4)c23)CC1,480.975,4.7675,6.0,2.0,80.71,7.0,0.28,1
NC1CCN(Cc2ccn3ncnc(Nc4ccc(OCc5cccc[n+]5[O-])c(Cl)c4)c23)CC1,479.972,3.2618,7.0,2.0,107.65,7.0,0.29166666,1
NC1CCN(Cc2ccn3ncnc(Nc4ccc(OCc5ccccn5)c(Cl)c4)c23)CC1,463.973,4.0234,7.0,2.0,93.6,7.0,0.29166666,1
NC1CCN(Cc2ccn3ncnc(Nc4ccc(OCc5cccnc5)c(Cl)c4)c23)CC1,463.973,4.0234,7.0,2.0,93.6,7.0,0.29166666,1
NC1CCN(Cc2ccn3ncnc(Nc4ccc(OCc5cnccn5)c(Cl)c4)c23)CC1,464.961,3.4184,8.0,2.0,106.49,7.0,0.3043478,1
NC1CCN(Cc2ccn3ncnc(Nc4ccc5c(cnn5Cc5cccc(F)c5)c4)c23)CC1,470.556,3.9331,6.0,2.0,89.3,6.0,0.26923078,1
NC1CCN(Cc2ccn3ncnc(Nc4ccc5c(cnn5Cc5ccccn5)c4)c23)CC1,453.554,3.189,7.0,2.0,102.19,6.0,0.28,1
NC1CCN(Cc2ccn3ncnc(Nc4ccc5c(cnn5Cc5cccnc5)c4)c23)CC1,453.554,3.189,7.0,2.0,102.19,6.0,0.28,1
NC1CCN(Cc2ccn3ncnc(Nc4ccc5c(cnn5Cc5ccncc5)c4)c23)CC1,453.554,3.189,7.0,2.0,102.19,6.0,0.28,0
NCC1CCN(Cc2ccn3ncnc(Nc4ccc5c(cnn5Cc5cccc(F)c5)c4)c23)CC1,484.583,4.1807,6.0,2.0,89.3,7.0,0.2962963,1
NCCCCOCc1ccn2ncnc(Nc3ccc4c(cnn4Cc4cccc(F)c4)c3)c12,459.529,4.2655,6.0,2.0,95.29,10.0,0.24,1
NCCCNC(=O)c1cccc(Nc2nccc(-c3cccnc3)n2)c1,348.41,2.3608,6.0,3.0,105.82,7.0,0.15789473,0
NCCCOCc1ccn2ncnc(Nc3ccc4c(cnn4Cc4cccc(F)c4)c3)c12,445.502,3.8754,6.0,2.0,95.29,9.0,0.20833333,1
NCCCn1ccc2c(-c3ccnc(Nc4cccc(OC(F)(F)C(F)F)c4)n3)cccc21,459.447,5.4274,5.0,2.0,77.99,9.0,0.2173913,0
NCCNC(=O)c1ccc(S(=O)(=O)Oc2ccc(/C=C/[N+](=O)[O-])cc2)cc1,391.405,1.3902,7.0,2.0,141.63,8.0,0.11764706,0
NCCOCc1ccn2ncnc(Nc3ccc4c(cnn4Cc4cccc(F)c4)c3)c12,431.475,3.4853,6.0,2.0,95.29,8.0,0.17391305,1
NCc1ccc(-c2cc3ncnc(Nc4ccc5[nH]ccc5c4)c3s2)cc1,371.469,5.0419,5.0,3.0,79.62,4.0,0.04761905,1
NCc1cccc(C#Cc2cncnc2Nc2ccc(OCc3cccc(F)c3)c(Cl)c2)n1,459.912,4.8452,6.0,2.0,85.95,6.0,0.08,1
NNC(=O)c1c(N)ncnc1Nc1ccc(OCc2ccccc2)c(Cl)c1,384.827,2.6383,7.0,4.0,128.18,6.0,0.055555556,0
NNc1c(Br)cccc1Nc1ncnc2ccncc12,331.177,2.8165,6.0,3.0,88.75,3.0,0.0,1
NNc1cc2ncnc(Nc3cccc(Br)c3)c2cn1,331.177,2.8165,6.0,3.0,88.75,3.0,0.0,1
NS(=O)(=O)c1ccc2[nH]c(O)c(C=c3[nH]c4c(c3=CCC(=O)O)CCCC4)c2c1,415.471,0.8118,4.0,5.0,149.27,4.0,0.25,0
N[C@@H]1CCN(Cc2ccn3ncnc(Nc4ccc5c(cnn5Cc5cccc(F)c5)c4)c23)C1,456.529,3.543,6.0,2.0,89.3,6.0,0.24,1
N[C@H]1CCN(Cc2ccn3ncnc(Nc4ccc5c(cnn5Cc5cccc(F)c5)c4)c23)C1,456.529,3.543,6.0,2.0,89.3,6.0,0.24,1
Nc1c(Br)cccc1Nc1ncnc2ccncc12,316.162,3.1131,5.0,2.0,76.72,2.0,0.0,1
Nc1c(Cl)cccc1Nc1ncnc2ccncc12,271.711,3.004,5.0,2.0,76.72,2.0,0.0,1
Nc1c(F)cccc1Nc1ncnc2ccncc12,255.256,2.4897,5.0,2.0,76.72,2.0,0.0,0
Nc1c(Nc2ncnc3ccncc23)cccc1[N+](=O)[O-],282.263,2.2588,7.0,2.0,119.86,3.0,0.0,1
Nc1c(O)cccc1Nc1ncnc2ccncc12,253.265,2.0562,6.0,3.0,96.95,2.0,0.0,1
Nc1cc(Br)ccc1Nc1ncnc2ccncc12,316.162,3.1131,5.0,2.0,76.72,2.0,0.0,1
Nc1cc(C(F)(F)F)ccc1Nc1ncnc2ccncc12,305.263,3.3694,5.0,2.0,76.72,2.0,0.071428575,0
Nc1cc2c(Nc3cccc(Br)c3)ncnc2cc1Cl,349.619,4.3715,4.0,2.0,63.83,2.0,0.0,1
Nc1cc2c(Nc3cccc(Br)c3)ncnc2cn1,316.162,3.1131,5.0,2.0,76.72,2.0,0.0,1
Nc1cc2ncnc(NCc3ccc(Br)cc3)c2cn1,330.189,2.9816,5.0,2.0,76.72,3.0,0.071428575,0
Nc1cc2ncnc(NCc3ccc(C(F)(F)F)cc3)c2cn1,319.29,3.2379,5.0,2.0,76.72,3.0,0.13333334,0
Nc1cc2ncnc(NCc3cccc(Br)c3)c2cn1,330.189,2.9816,5.0,2.0,76.72,3.0,0.071428575,0
Nc1cc2ncnc(NCc3cccc(C(F)(F)F)c3)c2cn1,319.29,3.2379,5.0,2.0,76.72,3.0,0.13333334,0
Nc1cc2ncnc(NCc3cccc([N+](=O)[O-])c3)c2cn1,296.29,2.1273,7.0,2.0,119.86,4.0,0.071428575,0
Nc1cc2ncnc(NCc3ccccc3)c2cn1,251.293,2.2191,5.0,2.0,76.72,3.0,0.071428575,0
Nc1cc2ncnc(NCc3ccccc3Br)c2cn1,330.189,2.9816,5.0,2.0,76.72,3.0,0.071428575,0
Nc1cc2ncnc(NCc3ccccc3C(F)(F)F)c2cn1,319.29,3.2379,5.0,2.0,76.72,3.0,0.13333334,0
Nc1cc2ncnc(NCc3ccccc3N)c2cn1,266.308,1.8013,6.0,3.0,102.74,3.0,0.071428575,1
Nc1cc2ncnc(NCc3ccccc3[N+](=O)[O-])c2cn1,296.29,2.1273,7.0,2.0,119.86,4.0,0.071428575,0
Nc1cc2ncnc(Nc3ccc(Br)cc3)c2cn1,316.162,3.1131,5.0,2.0,76.72,2.0,0.0,1
Nc1cc2ncnc(Nc3ccc(C(F)(F)F)cc3)c2cn1,305.263,3.3694,5.0,2.0,76.72,2.0,0.071428575,0
Nc1cc2ncnc(Nc3ccc([N+](=O)[O-])cc3)c2cn1,282.263,2.2588,7.0,2.0,119.86,3.0,0.0,0
Nc1cc2ncnc(Nc3cccc(Br)c3)c2cc1N,330.189,3.3003,5.0,3.0,89.85,2.0,0.0,1
Nc1cc2ncnc(Nc3cccc(Br)c3)c2cc1[N+](=O)[O-],360.171,3.6263,6.0,2.0,106.97,3.0,0.0,1
Nc1cc2ncnc(Nc3cccc(Br)c3)c2cn1,316.162,3.1131,5.0,2.0,76.72,2.0,0.0,1
Nc1cc2ncnc(Nc3cccc(C(F)(F)F)c3)c2cn1,305.263,3.3694,5.0,2.0,76.72,2.0,0.071428575,1
Nc1cc2ncnc(Nc3cccc(Cl)c3)c2cn1,271.711,3.004,5.0,2.0,76.72,2.0,0.0,1
Nc1cc2ncnc(Nc3cccc(F)c3)c2cn1,255.256,2.4897,5.0,2.0,76.72,2.0,0.0,0
Nc1cc2ncnc(Nc3cccc(I)c3)c2cn1,363.162,2.9552,5.0,2.0,76.72,2.0,0.0,1
Nc1cc2ncnc(Nc3cccc(O)c3)c2cn1,253.265,2.0562,6.0,3.0,96.95,2.0,0.0,1
Nc1cc2ncnc(Nc3cccc([N+](=O)[O-])c3)c2cn1,282.263,2.2588,7.0,2.0,119.86,3.0,0.0,1
Nc1cc2ncnc(Nc3ccccc3)c2cn1,237.266,2.3506,5.0,2.0,76.72,2.0,0.0,1
Nc1cc2ncnc(Nc3ccccc3Br)c2cn1,316.162,3.1131,5.0,2.0,76.72,2.0,0.0,1
Nc1cc2ncnc(Nc3ccccc3C(F)(F)F)c2cn1,305.263,3.3694,5.0,2.0,76.72,2.0,0.071428575,0
Nc1cc2ncnc(Nc3ccccc3N)c2cn1,252.281,1.9328,6.0,3.0,102.74,2.0,0.0,0
Nc1cc2ncnc(Nc3ccccc3[N+](=O)[O-])c2cn1,282.263,2.2588,7.0,2.0,119.86,3.0,0.0,0
Nc1cc2sc3c(Nc4cccc(Br)c4)ncnc3c2cc1F,389.253,5.0719,5.0,2.0,63.83,2.0,0.0,1
Nc1ccc(-c2[nH]nc3ncnc(Nc4cccc(Cl)c4)c23)cc1,336.786,3.9991,5.0,3.0,92.51,3.0,0.0,1
Nc1ccc(-c2cc(=O)c3cc(N)c(O)cc3o2)cc1,268.272,2.33,5.0,3.0,102.48,1.0,0.0,0
Nc1ccc(-c2cc(=O)c3cc(N)ccc3o2)cc1,252.273,2.6244,4.0,2.0,82.25,1.0,0.0,0
Nc1ccc(C#Cc2cncnc2Nc2ccc(OCc3cccc(F)c3)c(Cl)c2)cc1,444.897,5.5737,5.0,2.0,73.06,5.0,0.04,1
Nc1ccc(Nc2[nH]nc3ncnc(Nc4cccc(Cl)c4)c23)cc1,351.801,4.0757,6.0,4.0,104.54,4.0,0.0,1
Nc1ccc(Nc2ncnc3cc(N)ncc23)cc1,252.281,1.9328,6.0,3.0,102.74,2.0,0.0,0
Nc1ccc2c(Nc3cccc(Br)c3)ncnc2c1,315.174,3.7181,4.0,2.0,63.83,2.0,0.0,1
Nc1ccc2c(Nc3cccc(Br)c3)ncnc2n1,316.162,3.1131,5.0,2.0,76.72,2.0,0.0,0
Nc1ccc2c(Nc3cccc(C(F)(F)F)c3)ncnc2c1,304.275,3.9744,4.0,2.0,63.83,2.0,0.06666667,1
Nc1ccc2c(Nc3cccc(Cl)c3)ncnc2c1,270.723,3.609,4.0,2.0,63.83,2.0,0.0,1
Nc1ccc2c(Nc3cccc(F)c3)ncnc2c1,254.268,3.0947,4.0,2.0,63.83,2.0,0.0,1
Nc1ccc2c(Nc3cccc(I)c3)ncnc2c1,362.174,3.5602,4.0,2.0,63.83,2.0,0.0,1
Nc1ccc2c(Nc3ccccc3)ncnc2c1,236.278,2.9556,4.0,2.0,63.83,2.0,0.0,1
Nc1ccc2c(c1)CNc1c(Nc3ccc(F)c(Cl)c3)ncnc1O2,357.776,4.3127,6.0,3.0,85.09,2.0,0.05882353,0
Nc1ccc2c(c1)CNc1c(Nc3cccc(Br)c3)ncnc1O2,384.237,4.2827,6.0,3.0,85.09,2.0,0.05882353,0
Nc1ccc2c(c1)sc1c(Nc3cccc(Br)c3)ncnc12,371.263,4.9328,5.0,2.0,63.83,2.0,0.0,1
Nc1ccc2cncnc2c1,145.165,1.212,3.0,1.0,51.8,0.0,0.0,1
Nc1ccc2ncnc(NCc3ccccc3)c2c1,250.305,2.8241,4.0,2.0,63.83,3.0,0.06666667,0
Nc1ccc2ncnc(Nc3cccc(Br)c3)c2c1,315.174,3.7181,4.0,2.0,63.83,2.0,0.0,1
Nc1ccc2ncnc(Nc3cccc(Br)c3)c2n1,316.162,3.1131,5.0,2.0,76.72,2.0,0.0,1
Nc1ccc2ncnc(Nc3cccc(C(F)(F)F)c3)c2c1,304.275,3.9744,4.0,2.0,63.83,2.0,0.06666667,0
Nc1ccc2ncnc(Nc3cccc(Cl)c3)c2c1,270.723,3.609,4.0,2.0,63.83,2.0,0.0,1
Nc1ccc2ncnc(Nc3ccccc3)c2c1,236.278,2.9556,4.0,2.0,63.83,2.0,0.0,0
Nc1ccc2ncncc2c1,145.165,1.212,3.0,1.0,51.8,0.0,0.0,1
Nc1ccc2sc3c(Nc4cccc(Br)c4)ncnc3c2c1,371.263,4.9328,5.0,2.0,63.83,2.0,0.0,1
Nc1ccc2sc3c(Nc4cccc(C(F)(F)F)c4)ncnc3c2c1,360.364,5.1891,5.0,2.0,63.83,2.0,0.05882353,1
Nc1ccc2sc3c(Nc4ccccc4)ncnc3c2c1,292.367,4.1703,5.0,2.0,63.83,2.0,0.0,1
Nc1cccc(-c2[nH]nc3ncnc(Nc4cccc(Cl)c4)c23)c1,336.786,3.9991,5.0,3.0,92.51,3.0,0.0,1
Nc1cccc(-c2cc(=O)c3c(N)c(O)c(N)cc3o2)c1,283.287,1.9122,6.0,4.0,128.5,1.0,0.0,0
Nc1cccc(C#Cc2cncnc2Nc2ccc(OCc3cccc(F)c3)c(Cl)c2)c1,444.897,5.5737,5.0,2.0,73.06,5.0,0.04,1
Nc1cccc(Nc2nccc(-c3cccnc3)n2)c1,263.304,2.8644,5.0,2.0,76.72,3.0,0.0,0
Nc1cccc(Nc2ncnc3cc(N)ncc23)c1,252.281,1.9328,6.0,3.0,102.74,2.0,0.0,0
Nc1cccc2c(Nc3cccc(Br)c3)ncnc12,315.174,3.7181,4.0,2.0,63.83,2.0,0.0,1
Nc1cccc2c1sc1c(Nc3cccc(Br)c3)ncnc12,371.263,4.9328,5.0,2.0,63.83,2.0,0.0,1
Nc1cccc2ncnc(Nc3cccc(Br)c3)c12,315.174,3.7181,4.0,2.0,63.83,2.0,0.0,0
Nc1ccccc1C#Cc1cncnc1Nc1ccc(OCc2cccc(F)c2)c(Cl)c1,444.897,5.5737,5.0,2.0,73.06,5.0,0.04,1
Nc1ccccc1Nc1ncnc2cc(Br)ncc12,316.162,3.1131,5.0,2.0,76.72,2.0,0.0,1
Nc1ccccc1Nc1ncnc2ccncc12,237.266,2.3506,5.0,2.0,76.72,2.0,0.0,1
Nc1nc(N)c2c(Nc3cccc(Cl)c3)[nH]nc2n1,275.703,1.9143,6.0,4.0,118.53,2.0,0.0,0
Nc1nc(Nc2cccc(Br)c2)c2c(n1)[nH]c1ccccc12,354.211,4.1994,4.0,3.0,79.62,2.0,0.0,1
Nc1ncc2ncnc(Nc3cccc(Br)c3)c2n1,317.15,2.5081,6.0,2.0,89.61,2.0,0.0,1
Nc1nccc(C#Cc2cncnc2Nc2ccc(OCc3cccc(F)c3)c(Cl)c2)n1,446.873,4.3637,7.0,2.0,98.84,5.0,0.04347826,1
Nc1nccn2c1c(-c1ccc3ccc(-c4ccccc4)nc3c1)nc2[C@H]1C[C@@H](CN2CCC2)C1,460.585,5.393,5.0,1.0,72.34,5.0,0.27586207,0
Nc1ncnc(Nc2ccc(OCc3ccccc3)c(Cl)c2)c1-c1nnc(CCN2CCOCC2)o1,507.982,3.9595,10.0,2.0,124.45,9.0,0.28,1
Nc1ncnc(Nc2ccc(OCc3ccccc3)c(Cl)c2)c1C(=O)NNC(=O)CCN1CCOCC1,525.997,2.5181,9.0,4.0,143.73,9.0,0.28,0
Nc1ncnc(Nc2ccc(OCc3ccccc3)c(Cl)c2)c1C(=O)Nc1ccccc1,445.91,5.2871,6.0,3.0,102.16,7.0,0.041666668,1
Nc1ncnc(Nc2ccc(OCc3ccccc3)c(Cl)c2)c1C(=O)O,370.796,3.733,6.0,3.0,110.36,6.0,0.055555556,1
Nc1ncnc(Nc2ccc(OCc3ccccc3)c(Cl)c2)c1C(=O)OCCN1CCOCC1,483.956,3.5238,9.0,2.0,111.83,9.0,0.29166666,1
Nc1ncnc(Nc2ccc(OCc3ccccc3)c(Cl)c2)c1C=O,354.797,3.8473,6.0,2.0,90.13,6.0,0.055555556,1
Nc1ncnc(Nc2ccc3c(cnn3Cc3cccc(F)c3)c2)c1C=NO,377.383,3.1476,7.0,3.0,114.24,5.0,0.05263158,1
Nc1ncnc(Nc2ccc3c(cnn3Cc3cccc(F)c3)c2)c1C=NOCc1ccccc1,467.508,4.8902,7.0,2.0,103.24,8.0,0.07692308,1
Nc1ncnc2[nH]nc(Nc3cccc(Cl)c3)c12,260.688,2.3321,5.0,3.0,92.51,2.0,0.0,0
Nc1ncnc2c1c(-c1ccc(O)cc1)cn2C1CCC1,280.331,3.1111,4.0,2.0,76.96,2.0,0.25,0
Nc1ncnc2c1c(-c1ccc(O)cc1)cn2C1CCCC1,294.358,3.5012,4.0,2.0,76.96,2.0,0.29411766,1
Nc1ncnc2c1c(-c1ccc(O)cc1)cn2C1CCNC1,295.346,1.9205,5.0,3.0,88.99,2.0,0.25,0
Nc1ncnc2c1c(-c1ccc(Oc3ccccc3)cc1)cn2C1CCCC1,370.456,5.5879,4.0,1.0,65.96,4.0,0.2173913,0
Nc1ncnc2c1c(-c1cccc(Cl)c1)cn2-c1ccccc1,320.783,4.3231,3.0,1.0,56.73,2.0,0.0,0
Nc1ncnc2c1c(-c1cccc(O)c1)cn2C1CCC1,280.331,3.1111,4.0,2.0,76.96,2.0,0.25,1
Nc1ncnc2c1c(-c1cccc(O)c1)cn2C1CCCC1,294.358,3.5012,4.0,2.0,76.96,2.0,0.29411766,1
Nc1ncnc2c1c(-c1cccc(O)c1)cn2C1CCN(CCO)CC1,353.426,2.0153,6.0,3.0,100.43,4.0,0.36842105,0
Nc1ncnc2c1c(-c1cccc(O)c1)cn2C1CCNC1,295.346,1.9205,5.0,3.0,88.99,2.0,0.25,0
Nc1ncnc2c1c(-c1ccccc1)cn2-c1ccc(CNCCO)cc1,359.433,2.7516,5.0,3.0,88.99,6.0,0.14285715,0
Nc1ncnc2c1c(-c1ccccc1)cn2-c1ccc(CO)cc1,316.364,3.162,4.0,2.0,76.96,3.0,0.05263158,0
Nc1ncnc2c1c(-c1ccccc1)cn2-c1cccc(CNCCO)c1,359.433,2.7516,5.0,3.0,88.99,6.0,0.14285715,0
Nc1ncnc2c1c(-c1ccccc1)cn2-c1cccc(CO)c1,316.364,3.162,4.0,2.0,76.96,3.0,0.05263158,0
Nc1ncnc2c1c(-c1ccccc1)cn2-c1ccccc1,286.338,3.6697,3.0,1.0,56.73,2.0,0.0,0
Nc1ncnc2c1c(-c1ccccc1)cn2-c1ccccc1CNCCO,359.433,2.7516,5.0,3.0,88.99,6.0,0.14285715,0
Nc1ncnc2c1c(-c1ccccc1)cn2-c1ccccc1CO,316.364,3.162,4.0,2.0,76.96,3.0,0.05263158,0
Nc1ncnc2c1c(-c1ccccc1)cn2C(CO)Cc1ccc(O)cc1,360.417,3.1622,5.0,3.0,97.19,5.0,0.14285715,0
Nc1ncnc2c1c(-c1ccccc1)cn2C(CO)Cc1ccccc1,344.418,3.4566,4.0,2.0,76.96,5.0,0.14285715,0
Nc1ncnc2c1c(-c1ccccc1)cn2C1CC(O)C1,280.331,2.3763,4.0,2.0,76.96,2.0,0.25,0
Nc1ncnc2c1c(-c1ccccc1)cn2C1CCC(O)C1,294.358,2.7664,4.0,2.0,76.96,2.0,0.29411766,0
Nc1ncnc2c1c(-c1ccccc1)cn2C1CCC1,264.332,3.4055,3.0,1.0,56.73,2.0,0.25,0
Nc1ncnc2c1c(-c1ccccc1)cn2C1CCCC1,278.359,3.7956,3.0,1.0,56.73,2.0,0.29411766,0
Nc1ncnc2c1c(-c1ccccc1)cn2C1CCNC1,279.347,2.2149,4.0,2.0,68.76,2.0,0.25,0
Nc1ncnc2c1c(-c1ccccc1)nn2-c1ccccc1,287.326,3.0647,4.0,1.0,69.62,2.0,0.0,0
Nc1ncnc2c1cnn2-c1ccccc1,211.228,1.3977,4.0,1.0,69.62,1.0,0.0,0
Nc1ncnc2c1ncn2-c1ccccc1,211.228,1.3977,4.0,1.0,69.62,1.0,0.0,0
Nc1ncnc2c1ncn2[C@@H]1O[C@H](CO)[C@@H](O)[C@H]1S,283.313,-1.0425,8.0,4.0,119.31,2.0,0.5,0
Nc1ncnc2c1ncn2[C@@H]1O[C@H](COC(=O)c2ccc(S(=O)(=O)Oc3ccc(/C=C/[N+](=O)[O-])cc3)cc2)[C@@H](O)[C@H]1O,598.55,0.8998,14.0,3.0,232.12,9.0,0.2,0
Nc1ncnc2occ(-c3ccc(NC(=O)Nc4cc(C(F)(F)F)ccc4F)cc3)c12,431.349,5.2739,5.0,3.0,106.07,3.0,0.05,0
O=C(/C=C/C(=O)Nc1cc2c(Nc3ccc(F)c(Cl)c3)ncnc2cn1)NCCCN1CCOCC1,513.961,2.8941,8.0,3.0,121.37,9.0,0.29166666,1
O=C(/C=C/C(=O)Nc1cc2c(Nc3cccc(Br)c3)ncnc2cn1)NCCCN1CCOCC1,540.422,2.8641,8.0,3.0,121.37,9.0,0.29166666,1
O=C(/C=C/C(=O)Nc1cc2c(Nc3cccc(Br)c3)ncnc2cn1)NCCCn1ccnc1,521.379,3.4286,7.0,3.0,126.72,9.0,0.13043478,1
O=C(/C=C/C(F)(F)F)Nc1ccc2ncnc(Nc3cccc(Br)c3)c2c1,437.219,5.1929,4.0,2.0,66.91,4.0,0.055555556,1
O=C(/C=C/CN1CCC(N2CCCCC2)CC1)Nc1ccc2ncnc(Nc3cccc(Br)c3)c2c1,549.517,5.5809,6.0,2.0,73.39,7.0,0.39285713,1
O=C(/C=C/CN1CCCCC1)Nc1ccc2ncnc(Nc3cccc(Br)c3)c2c1,466.383,5.1165,5.0,2.0,70.15,6.0,0.26086956,1
O=C(/C=C/CN1CCOCC1)Nc1ccc2ncnc(Nc3cccc(Br)c3)c2c1,468.355,3.9628,6.0,2.0,79.38,6.0,0.22727273,1
O=C(/C=C/CN1CCSCC1)Nc1ccc2ncnc(Nc3cccc(Br)c3)c2c1,484.423,4.6794,6.0,2.0,70.15,6.0,0.22727273,1
O=C(/C=C/Cl)Nc1cc2c(Nc3cccc(Br)c3)ncnc2cn1,404.655,4.2219,5.0,2.0,79.8,4.0,0.0,1
O=C(/C=C/Cn1cccn1)Nc1ccc2ncnc(Nc3cccc(Br)c3)c2c1,449.312,4.5273,5.0,2.0,84.73,6.0,0.04761905,0
O=C(/C=C/N1CCOCC1)Nc1ccc2ncnc(Nc3cccc(Br)c3)c2c1,454.328,3.9203,6.0,2.0,79.38,5.0,0.1904762,1
O=C(/C=C/c1ccccc1)Nc1cc2c(Nc3cccc(Br)c3)ncnc2cn1,446.308,5.1828,5.0,2.0,79.8,5.0,0.0,1
O=C(C#CCCN1CCCCC1)Nc1cc2c(Nc3ccc(F)c(Cl)c3)ncnc2cn1,452.921,4.3788,6.0,2.0,83.04,5.0,0.3043478,1
O=C(C#CCCN1CCOCC1)Nc1cc2c(Nc3ccc(F)c(Br)c3)ncnc2cn1,499.344,3.3342,7.0,2.0,92.27,5.0,0.27272728,1
O=C(C#CCCN1CCOCC1)Nc1cc2c(Nc3ccc(F)c(Cl)c3)ncnc2cn1,454.893,3.2251,7.0,2.0,92.27,5.0,0.27272728,1
O=C(C#CCCN1CCOCC1)Nc1ccc2ncnc(Nc3ccc(F)c(Cl)c3)c2c1,453.905,3.8301,6.0,2.0,79.38,5.0,0.26086956,1
O=C(C#CCN1CCCCC1)Nc1ccc2ncnc(Nc3cccc(Br)c3)c2c1,464.367,4.5637,5.0,2.0,70.15,4.0,0.26086956,1
O=C(C#CCN1CCOCC1)Nc1cc2c(Nc3ccc(F)c(Cl)c3)ncnc2cn1,440.866,2.835,7.0,2.0,92.27,4.0,0.23809524,1
O=C(C#CCN1CCOCC1)Nc1ccc2ncnc(Nc3ccc(F)c(Cl)c3)c2c1,439.878,3.44,6.0,2.0,79.38,4.0,0.22727273,1
O=C(C#CCN1CCOCC1)Nc1ccc2ncnc(Nc3cccc(Br)c3)c2c1,466.339,3.41,6.0,2.0,79.38,4.0,0.22727273,1
O=C(C#CCN1CCSCC1)Nc1ccc2ncnc(Nc3cccc(Br)c3)c2c1,482.407,4.1266,6.0,2.0,70.15,4.0,0.22727273,1
O=C(C#CCO)Nc1ccc2ncnc(Nc3ccc(F)c(Cl)c3)c2c1,370.771,3.1001,5.0,3.0,87.14,3.0,0.055555556,1
O=C(C#CCO)Nc1ccc2ncnc(Nc3cccc(Br)c3)c2c1,397.232,3.0701,5.0,3.0,87.14,3.0,0.055555556,1
O=C(C=Cc1ccc(O)c(O)c1)c1ccc(O)cc1O,272.256,2.4051,5.0,4.0,97.99,3.0,0.0,0
O=C(CCCc1c(SSc2[nH]c3ccccc3c2CCCC(=O)NCc2ccccc2)[nH]c2ccccc12)NCc1ccccc1,646.882,8.7268,4.0,4.0,89.78,15.0,0.21052632,0
O=C(CCN1CCCCC1)c1ccc(OCc2ccccc2)cc1,323.436,4.3243,3.0,0.0,29.54,7.0,0.3809524,0
O=C(CCN1CCOCC1)c1ccc(OCc2ccccc2)cc1,325.408,3.1706,4.0,0.0,38.77,7.0,0.35,0
O=C(CCc1c(S)[nH]c2ccccc12)NCc1ccccc1,310.422,3.7056,2.0,3.0,44.89,5.0,0.16666667,0
O=C(CCc1c(SSc2[nH]c3ccccc3c2CCC(=O)NCCc2ccccc2)[nH]c2ccccc12)NCCc1ccccc1,646.882,8.0316,4.0,4.0,89.78,15.0,0.21052632,0
O=C(CCc1c(SSc2[nH]c3ccccc3c2CCC(=O)NCc2ccc(C(=O)O)c(O)c2)[nH]c2ccccc12)NCc1ccc(C(=O)O)c(O)c1,738.844,6.7542,8.0,8.0,204.84,15.0,0.15789473,0
O=C(CCc1c(SSc2[nH]c3ccccc3c2CCC(=O)NCc2ccc(C(=O)O)cc2)[nH]c2ccccc12)NCc1ccc(C(=O)O)cc1,706.846,7.343,6.0,6.0,164.38,15.0,0.15789473,0
O=C(CCc1c(SSc2[nH]c3ccccc3c2CCC(=O)NCc2ccccc2)[nH]c2ccccc12)NCc1ccccc1,618.828,7.9466,4.0,4.0,89.78,13.0,0.16666667,0
O=C(CCc1c(SSc2[nH]c3ccccc3c2CCC(=O)Nc2ccccc2)[nH]c2ccccc12)Nc1ccccc1,590.774,8.5912,4.0,4.0,89.78,11.0,0.11764706,0
O=C(CCl)Nc1ccc2ncnc(Nc3cc(Cl)c(Cl)cc3F)c2c1,399.64,4.9966,4.0,2.0,66.91,4.0,0.0625,1
O=C(CCl)Nc1ccc2ncnc(Nc3cccc(Br)c3)c2c1,391.656,4.3132,4.0,2.0,66.91,4.0,0.0625,1
O=C(CCl)Nc1ccc2ncnc(Nc3cccc(I)c3)c2c1,438.656,4.1553,4.0,2.0,66.91,4.0,0.0625,1
O=C(CO)N1CCC[C@@H]1COc1cccc2ncnc(Nc3ccc(OCc4ccccn4)c(Cl)c3)c12,519.989,4.3629,8.0,2.0,109.7,9.0,0.25925925,1
O=C(CO)N1CCC[C@H]1COc1cccc2ncnc(Nc3ccc(OCc4ccccn4)c(Cl)c3)c12,519.989,4.3629,8.0,2.0,109.7,9.0,0.25925925,0
O=C(CO)NC1CCN(Cc2ccn3ncnc(Nc4ccc5c(cnn5Cc5cccc(F)c5)c4)c23)CC1,528.592,3.0829,7.0,3.0,112.61,8.0,0.2857143,1
O=C(Cc1c(S)[nH]c2ccccc12)NCc1ccccc1,296.395,3.3155,2.0,3.0,44.89,4.0,0.11764706,0
O=C(Cc1c(SSc2[nH]c3ccccc3c2CC(=O)NCc2ccccc2)[nH]c2ccccc12)NCc1ccccc1,590.774,7.1664,4.0,4.0,89.78,11.0,0.11764706,0
O=C(Cc1cc(N=Cc2cc(O)ccc2O)ccc1O)NOCc1ccccc1,392.411,3.3445,6.0,4.0,111.38,7.0,0.09090909,0
O=C(Cc1cc(NCc2cc(O)ccc2O)ccc1O)NOCc1ccccc1,394.427,3.206,6.0,5.0,111.05,8.0,0.13636364,0
O=C(NCCCCOc1ccc2ncnc(Nc3ccc(OCc4ccccc4)cc3)c2c1)C(F)(F)F,510.516,5.7899,6.0,2.0,85.37,11.0,0.22222222,1
O=C(NCCCl)Nc1ccc2ncnc(Nc3cccc(Br)c3)c2c1,420.698,4.4962,4.0,3.0,78.94,5.0,0.11764706,1
O=C(NCCCl)Nc1ccc2ncnc(Nc3cccc(Cl)c3)c2c1,376.247,4.3871,4.0,3.0,78.94,5.0,0.11764706,1
O=C(NCCc1ccccc1)c1cc2ccc(O)c(O)c2cn1,308.337,2.6185,4.0,3.0,82.45,4.0,0.11111111,0
O=C(NCc1ccccc1)C(Cc1c([Se][Se]c2[nH]c3ccccc3c2CC(NC(=O)C(F)(F)F)C(=O)NCc2ccccc2)[nH]c2ccccc12)NC(=O)C(F)(F)F,934.658,3.7354,4.0,6.0,147.98,15.0,0.2,0
O=C(NCc1ccccc1)C(O)Cc1c(SSc2[nH]c3ccccc3c2CC(O)C(=O)NCc2ccccc2)[nH]c2ccccc12,650.826,5.8882,6.0,6.0,130.24,13.0,0.16666667,0
O=C(NCc1ccccc1)c1c(SSc2[nH]c3ccccc3c2C(=O)NCc2ccccc2)[nH]c2ccccc12,562.72,7.3086,4.0,4.0,89.78,9.0,0.0625,0
O=C(NCc1ccccc1)c1cc2cc(O)c(O)cc2cn1,294.31,2.576,4.0,3.0,82.45,3.0,0.05882353,0
O=C(NCc1ccccc1)c1cc2ccc(O)c(O)c2cn1,294.31,2.576,4.0,3.0,82.45,3.0,0.05882353,0
O=C(NCc1ccccc1)c1ccc(-c2cc(O)cc(-c3ccccc3)c2)cc1,379.459,5.6562,2.0,2.0,49.33,5.0,0.03846154,0
O=C(NCc1ccccc1)c1ccc(-c2ccc(-c3ccccc3)cc2O)cc1,379.459,5.6562,2.0,2.0,49.33,5.0,0.03846154,0
O=C(NOCc1ccccc1)c1cc(NCc2cc(O)ccc2O)ccc1O,380.4,3.2771,6.0,5.0,111.05,7.0,0.0952381,1
O=C(Nc1ccc(Cl)cc1)c1ccccc1NCc1ccncc1,337.81,4.5994,3.0,2.0,54.02,5.0,0.05263158,0
O=C(Nc1ccc2ncnc(Nc3cccc(Br)c3)c2c1)C1CCSS1,447.383,5.2281,6.0,2.0,66.91,4.0,0.16666667,1
O=C(Nc1cccc(C(F)(F)F)c1)c1ccccc1NCc1ccncc1,371.362,4.9648,3.0,2.0,54.02,5.0,0.1,0
O=C(Nc1cccc(Nc2cc(Nc3cccc(C(F)(F)F)c3)ncn2)c1)C1CC1,413.403,5.3311,5.0,3.0,78.94,6.0,0.1904762,1
O=C(Nc1ccccc1)NN1C(=O)c2c(c3c4cccc(O)c4n(C4OC(CO)C(O)C(O)C4O)c3c3[nH]c4c(O)cccc4c23)C1=O,653.604,2.1453,10.0,9.0,229.84,4.0,0.18181819,0
O=C(Nc1ccccc1)c1c(SSc2[nH]c3ccccc3c2C(=O)Nc2ccccc2)[nH]c2ccccc12,534.666,7.9532,4.0,4.0,89.78,7.0,0.0,0
O=C(Nc1ccccc1)c1cc2cc(O)c(O)cc2cn1,280.283,2.8983,4.0,3.0,82.45,2.0,0.0,0
O=C(Nc1ccccc1)c1cc2ccc(O)c(O)c2cn1,280.283,2.8983,4.0,3.0,82.45,2.0,0.0,0
O=C(O)/C=C/C(=O)Nc1ccc2ncnc(Nc3cccc(Br)c3)c2c1,413.231,3.7152,5.0,3.0,104.21,5.0,0.0,1
O=C(O)/C=C/c1cc(CO)ccc1CO,208.213,0.769,3.0,3.0,77.76,4.0,0.18181819,0
O=C(O)C1CCN(Cc2ccn3ncnc(Nc4ccc5c(cnn5Cc5cccc(F)c5)c4)c23)CC1,499.55,4.3066,6.0,2.0,100.58,7.0,0.25925925,1
O=C(O)C=Cc1c(Cc2c(O)[nH]c3ccc(C(=O)O)cc23)[nH]c2c1CCCC2,380.4,3.4672,3.0,5.0,126.41,5.0,0.23809524,0
O=C(O)CCCNc1c(Br)cccc1Nc1ncnc2ccncc12,402.252,3.8076,6.0,3.0,100.03,7.0,0.1764706,1
O=C(O)CCCNc1cc2ncnc(Nc3cccc(Br)c3)c2cn1,402.252,3.8076,6.0,3.0,100.03,7.0,0.1764706,1
O=C(O)CCCc1c(S)[nH]c2ccccc12,235.308,2.8639,2.0,3.0,53.09,4.0,0.25,0
O=C(O)CCCc1c(SSc2[nH]c3ccccc3c2CCCC(=O)O)[nH]c2ccccc12,468.6,6.2632,4.0,4.0,106.18,11.0,0.25,0
O=C(O)CCNc1c(Br)cccc1Nc1ncnc2ccncc12,388.225,3.4175,6.0,3.0,100.03,6.0,0.125,1
O=C(O)CCNc1cc2c(Nc3cccc(Br)c3)ncnc2cn1,388.225,3.4175,6.0,3.0,100.03,6.0,0.125,1
O=C(O)CCNc1cc2ncnc(Nc3cccc(Br)c3)c2cn1,388.225,3.4175,6.0,3.0,100.03,6.0,0.125,1
O=C(O)CCc1c(S)[nH]c2ccccc12,221.281,2.4738,2.0,3.0,53.09,3.0,0.18181819,0
O=C(O)CCc1c(SSc2[nH]c3ccccc3c2CCC(=O)O)[nH]c2ccccc12,440.546,5.483,4.0,4.0,106.18,9.0,0.18181819,0
O=C(O)CNc1c(Br)cccc1Nc1ncnc2ccncc12,374.198,3.0274,6.0,3.0,100.03,5.0,0.06666667,1
O=C(O)CNc1cc2c(Nc3cccc(Br)c3)ncnc2cn1,374.198,3.0274,6.0,3.0,100.03,5.0,0.06666667,1
O=C(O)CNc1cc2ncnc(Nc3cccc(Br)c3)c2cn1,374.198,3.0274,6.0,3.0,100.03,5.0,0.06666667,1
O=C(O)COCc1ccn2ncnc(Nc3ccc4c(cnn4Cc4cccc(F)c4)c3)c12,446.442,3.6112,6.0,2.0,106.57,8.0,0.13043478,1
O=C(O)Cc1c(S)[nH]c2ccccc12,207.254,2.0837,2.0,3.0,53.09,2.0,0.1,0
O=C(O)Cc1c(SSSc2[nH]c3ccccc3c2CC(=O)O)[nH]c2ccccc12,444.559,5.351,5.0,4.0,106.18,8.0,0.1,0
O=C(O)Cc1c(SSc2[nH]c3ccccc3c2CC(=O)O)[nH]c2ccccc12,412.492,4.7028,4.0,4.0,106.18,7.0,0.1,0
O=C(O)Cc1cc(N=Cc2cc(O)ccc2O)ccc1O,287.271,2.1811,5.0,4.0,110.35,4.0,0.06666667,0
O=C(O)Cc1cc(NCc2cc(O)ccc2O)ccc1O,289.287,2.0426,5.0,5.0,110.02,5.0,0.13333334,0
O=C(O)Cn1ccc2cc3c(Nc4cccc(Br)c4)ncnc3cc21,397.232,4.1752,4.0,2.0,80.04,4.0,0.055555556,1
O=C(O)Cn1ncc2cc3c(Nc4cccc(Br)c4)ncnc3cc21,398.22,3.5702,5.0,2.0,92.93,4.0,0.05882353,1
O=C(O)c1cc(CCc2cc(O)ccc2O)ccc1O,274.272,2.2868,4.0,4.0,97.99,4.0,0.13333334,0
O=C(O)c1cc(N(Cc2ccccc2O)Cc2cc(O)ccc2O)ccc1O,381.384,3.414,6.0,5.0,121.46,6.0,0.0952381,0
O=C(O)c1cc(N=Cc2cc(O)ccc2O)ccc1O,273.244,2.2522,5.0,4.0,110.35,3.0,0.0,0
O=C(O)c1cc(NCc2cc(O)ccc2O)ccc1O,275.26,2.1137,5.0,5.0,110.02,4.0,0.071428575,0
O=C(O)c1ccc(-c2cc(O)cc(-c3ccccc3)c2)cc1,290.318,4.4244,2.0,2.0,57.53,3.0,0.0,0
O=C(O)c1ccc(NN2C(=O)c3c(c4c5cccc(O)c5n(C5OC(CO)C(O)C(O)C5O)c4c4[nH]c5c(O)cccc5c34)C2=O)cc1,654.588,2.1339,11.0,9.0,238.04,5.0,0.18181819,0
O=C(O)c1ccc(S(=O)(=O)Oc2ccc(/C=C/[N+](=O)[O-])cc2)c(O)c1,365.319,2.1055,7.0,2.0,144.04,6.0,0.0,1
O=C(O)c1ccc(S(=O)(=O)Oc2ccc(/C=C/[N+](=O)[O-])cc2)cc1,349.32,2.3999,6.0,1.0,123.81,6.0,0.0,0
O=C(O)c1ccc(S(=O)(=O)Oc2ccc(/C=C/[N+](=O)[O-])cc2)cc1O,365.319,2.1055,7.0,2.0,144.04,6.0,0.0,1
O=C(O)c1ccc2c(c1)CNc1c(Nc3ccc(F)c(Cl)c3)ncnc1O2,386.77,4.4287,6.0,3.0,96.37,3.0,0.055555556,0
O=C(O)c1ccc2c(c1)CNc1c(Nc3cccc(Br)c3)ncnc1O2,413.231,4.3987,6.0,3.0,96.37,3.0,0.055555556,0
O=C(O)c1cccc(Nc2ncnc3[nH]c4c(c23)CCCC4)c1,308.341,3.2785,4.0,3.0,90.9,3.0,0.23529412,0
O=C(OC/C=C/c1ccccc1)c1cc(NCc2cc(O)ccc2O)ccc1O,391.423,4.2857,6.0,4.0,99.02,7.0,0.08695652,0
O=C(OCC1CCCCC1)c1cc(NCc2cc(O)ccc2O)ccc1O,371.433,4.1526,6.0,4.0,99.02,6.0,0.3809524,0
O=C(OCCC12C[C@H]3C[C@@H](C1)C[C@@H](C2)C3)c1cc(NCc2cc(O)ccc2O)ccc1O,437.536,5.1788,6.0,4.0,99.02,7.0,0.5,0
O=C(OCCCCc1ccccc1)c1cc(NCc2cc(O)ccc2O)ccc1O,407.466,4.5952,6.0,4.0,99.02,9.0,0.20833333,0
O=C(OCCCc1ccccc1)c1cc(NCc2cc(O)ccc2O)ccc1O,393.439,4.2051,6.0,4.0,99.02,8.0,0.17391305,1
O=C(OCCc1ccccc1)c1cc(NCc2cc(O)ccc2O)ccc1O,379.412,3.815,6.0,4.0,99.02,7.0,0.13636364,0
O=C(OCc1ccccc1)c1cc(NCc2cc(O)ccc2O)ccc1O,365.385,3.7725,6.0,4.0,99.02,6.0,0.0952381,0
O=C(O[C@@H]1CN[C@@H](C#Cc2cc3ncnc(Nc4ccc(OCc5cccc(F)c5)c(Cl)c4)c3s2)C1)N1CCOCC1,608.095,5.3572,9.0,2.0,97.84,6.0,0.3,1
O=C(O[C@@H]1CN[C@H](C#Cc2cc3ncnc(Nc4ccc(OCc5cccc(F)c5)c(Cl)c4)c3s2)C1)N1CCOCC1,608.095,5.3572,9.0,2.0,97.84,6.0,0.3,1
O=C(O[C@H]1CN[C@@H](C#Cc2cc3ncnc(Nc4ccc(OCc5cccc(F)c5)c(Cl)c4)c3s2)C1)N1CCOCC1,608.095,5.3572,9.0,2.0,97.84,6.0,0.3,1
O=C(O[C@H]1CN[C@H](C#Cc2cc3ncnc(Nc4ccc(OCc5cccc(F)c5)c(Cl)c4)c3s2)C1)N1CCCC1,592.096,6.1208,8.0,2.0,88.61,6.0,0.3,1
O=C(O[C@H]1CN[C@H](C#Cc2cc3ncnc(Nc4ccc(OCc5cccc(F)c5)c(Cl)c4)c3s2)C1)N1CCNCC1,607.111,4.9302,9.0,3.0,100.64,6.0,0.3,1
O=C(O[C@H]1CN[C@H](C#Cc2cc3ncnc(Nc4ccc(OCc5cccc(F)c5)c(Cl)c4)c3s2)C1)N1CCOCC1,608.095,5.3572,9.0,2.0,97.84,6.0,0.3,1
O=C(Oc1ccc(-c2ccccc2)cc1)c1cc(NCc2cc(O)ccc2O)ccc1O,427.456,5.3017,6.0,4.0,99.02,6.0,0.03846154,0
O=C(Oc1ccc2ccccc2c1)c1cc(NCc2cc(O)ccc2O)ccc1O,401.418,4.7879,6.0,4.0,99.02,5.0,0.041666668,1
O=C(Oc1cccc(O)c1)c1cc(NCc2cc(O)ccc2O)ccc1O,367.357,3.3403,7.0,5.0,119.25,5.0,0.05,1
O=C(Oc1cccc2ccccc12)c1cc(NCc2cc(O)ccc2O)ccc1O,401.418,4.7879,6.0,4.0,99.02,5.0,0.041666668,0
O=C(Oc1ccccc1)c1cc(NCc2cc(O)ccc2O)ccc1O,351.358,3.6347,6.0,4.0,99.02,5.0,0.05,0
O=C(c1ccccc1)c1cc2ncnc(Nc3ccc4[nH]ccc4c3)c2s1,370.437,5.1472,5.0,2.0,70.67,4.0,0.0,1
O=C1CCN(Cc2ccn3ncnc(Nc4ccc5c(cnn5Cc5cccc(F)c5)c4)c23)CCN1,484.539,3.3319,6.0,2.0,92.38,6.0,0.23076923,1
O=C1CN(Cc2ccn3ncnc(Nc4ccc5c(cnn5Cc5cccc(F)c5)c4)c23)CCN1,470.512,2.9418,6.0,2.0,92.38,6.0,0.2,0
O=C1CNCCN(Cc2ccn3ncnc(Nc4ccc5c(cnn5Cc5cccc(F)c5)c4)c23)C1,484.539,2.9843,7.0,2.0,92.38,6.0,0.23076923,0
O=C1N=c2ncnc(Nc3ccc(F)c(Cl)c3)c2=C1Cc1ccc(C(=O)NCCN2CCOCC2)[nH]1,511.945,0.956,7.0,3.0,124.6,8.0,0.29166666,1
O=C1NC(=O)N(CCc2ccccc2)C1=Cc1ccc(O)cc1,308.337,2.5276,3.0,2.0,69.64,4.0,0.11111111,0
O=C1NC(=O)c2c1c1c3cccc(O)c3[nH]c1c1[nH]c3c(O)cccc3c21,357.325,3.2504,4.0,5.0,118.21,0.0,0.0,0
O=C1NC(=O)c2c1c1c3cccc(O)c3[nH]c1c1c2c2cccc(O)c2n1C1OC(CO)C(O)C(O)C1O,519.466,0.6962,9.0,8.0,197.5,2.0,0.23076923,0
O=C1NC(=O)c2cc(Nc3ccc(F)cc3)c(Nc3ccc(F)cc3)cc21,365.339,4.3356,4.0,3.0,70.23,4.0,0.0,0
O=C1NC(=O)c2cc(Nc3ccc(O)cc3)c(Nc3ccc(O)cc3)cc21,361.357,3.4686,6.0,5.0,110.69,4.0,0.0,0
O=C1NC(=O)c2cc(Nc3ccccc3)c(Nc3ccccc3)cc21,329.359,4.0574,4.0,3.0,70.23,4.0,0.0,1
O=C1Nc2ccccc2C1=Cc1cc2c([nH]1)CCC(Br)C2,343.224,3.7596,1.0,2.0,44.89,1.0,0.23529412,0
O=CN=CCc1cc(O)ccc1O,179.175,0.8675,3.0,2.0,69.89,3.0,0.11111111,0
O=CN=CCc1ccc(O)c(O)c1,179.175,0.8675,3.0,2.0,69.89,3.0,0.11111111,0
O=NN(CCCl)C(=O)Nc1ccc2ncnc(Nc3cccc(Br)c3)c2c1,449.696,4.89,6.0,2.0,99.58,6.0,0.11764706,1
O=NN(CCCl)C(=O)Nc1ccc2ncnc(Nc3cccc(Cl)c3)c2c1,405.245,4.7809,6.0,2.0,99.58,6.0,0.11764706,1
O=P(O)(O)Cc1cc(NCc2cc(O)ccc2O)ccc1O,325.257,2.0932,5.0,6.0,130.25,5.0,0.14285715,0
O=S(=O)(CCCCNCc1ccc(-c2ccc3ncnc(Nc4ccc(OCc5ccccc5)c(Cl)c4)c3c2)o1)c1ccccc1,653.204,8.2095,8.0,2.0,106.35,14.0,0.16666667,1
O=S(=O)(CCNCc1ccc(-c2ccc3ncnc(Nc4ccc(OCc5cccc(F)c5)c(C(F)(F)F)c4)c3c2)o1)c1ccccn1,677.68,7.3288,9.0,2.0,119.24,12.0,0.14705883,1
O=S(=O)(CCNCc1ccc(-c2ccc3ncnc(Nc4ccc(OCc5cccc(F)c5)c(Cl)c4)c3c2)o1)c1ccccc1,643.14,7.5684,8.0,2.0,106.35,12.0,0.11764706,1
O=S(=O)(CCO)c1cc2c(Nc3cccc(Br)c3)ncnc2cn1,409.265,2.2969,7.0,2.0,105.07,5.0,0.13333334,1
O=S(=O)(CCOCc1ccc(-c2ccc3ncnc(Nc4ccc(OCc5cccc(F)c5)c(Cl)c4)c3c2)o1)c1ccccc1,644.124,7.9954,8.0,1.0,103.55,12.0,0.11764706,1
O=S(=O)(O)CCNc1c(Br)cccc1Nc1ncnc2ccncc12,424.28,2.8306,7.0,3.0,117.1,6.0,0.13333334,1
O=S(=O)(O)CCNc1cc2ncnc(Nc3cccc(Br)c3)c2cn1,424.28,2.8306,7.0,3.0,117.1,6.0,0.13333334,1
O=S(=O)(O)c1cc(NCc2cc(O)ccc2O)ccc1O,311.315,1.6622,6.0,5.0,127.09,4.0,0.07692308,0
O=[N+]([O-])/C=C/c1ccc(O)c(O)c1,181.147,1.3452,4.0,2.0,83.6,2.0,0.0,0
O=[N+]([O-])/C=C/c1ccc(O)cc1,165.148,1.6396,3.0,1.0,63.37,2.0,0.0,0
O=[N+]([O-])CCc1c(SSc2[nH]c3ccccc3c2CC[N+](=O)[O-])[nH]c2ccccc12,442.522,5.087,6.0,2.0,117.86,9.0,0.2,0
O=[N+]([O-])c1cc(NCc2cc(O)ccc2O)ccc1O,276.248,2.3237,6.0,4.0,115.86,4.0,0.07692308,0
O=[N+]([O-])c1cc2c(Nc3cccc(Br)c3)ncnc2cc1Cl,379.601,4.6975,5.0,1.0,80.95,3.0,0.0,1
O=[N+]([O-])c1ccc2c(NCc3ccccc3)ncnc2c1,280.287,3.1501,5.0,1.0,80.95,4.0,0.06666667,0
O=[N+]([O-])c1ccc2c(Nc3cccc(Br)c3)ncnc2c1,345.156,4.0441,5.0,1.0,80.95,3.0,0.0,0
O=[N+]([O-])c1ccc2c(Nc3cccc(Cl)c3)ncnc2c1,300.705,3.935,5.0,1.0,80.95,3.0,0.0,0
O=[N+]([O-])c1ccc2c(Nc3cccc(F)c3)ncnc2c1,284.25,3.4207,5.0,1.0,80.95,3.0,0.0,0
O=[N+]([O-])c1ccc2c(Nc3cccc(I)c3)ncnc2c1,392.156,3.8862,5.0,1.0,80.95,3.0,0.0,0
O=[N+]([O-])c1ccc2c(Nc3ccccc3)ncnc2c1,266.26,3.2816,5.0,1.0,80.95,3.0,0.0,0
O=[N+]([O-])c1ccc2c(c1)sc1c(Nc3cccc(Br)c3)ncnc12,401.245,5.2588,6.0,1.0,80.95,3.0,0.0,1
O=[N+]([O-])c1ccc2ncnc(Nc3cccc(Br)c3)c2c1,345.156,4.0441,5.0,1.0,80.95,3.0,0.0,0
O=[N+]([O-])c1ccc2ncnc(Nc3ccccc3)c2c1,266.26,3.2816,5.0,1.0,80.95,3.0,0.0,0
O=[N+]([O-])c1ccc2sc3c(Nc4cccc(Br)c4)ncnc3c2c1,401.245,5.2588,6.0,1.0,80.95,3.0,0.0,1
O=[N+]([O-])c1ccc2sc3c(Nc4cccc(C(F)(F)F)c4)ncnc3c2c1,390.346,5.5151,6.0,1.0,80.95,3.0,0.05882353,0
O=[N+]([O-])c1ccc2sc3c(Nc4ccccc4)ncnc3c2c1,322.349,4.4963,6.0,1.0,80.95,3.0,0.0,1
O=[N+]([O-])c1cccc(-c2[nH]nc3ncnc(Nc4cccc(Cl)c4)c23)c1,366.768,4.3251,6.0,2.0,109.63,4.0,0.0,1
O=[N+]([O-])c1cccc(Nc2nccc(-c3cccnc3)n2)c1,293.286,3.1904,6.0,1.0,93.84,4.0,0.0,0
O=[N+]([O-])c1cccc2c1sc1c(Nc3cccc(Br)c3)ncnc12,401.245,5.2588,6.0,1.0,80.95,3.0,0.0,1
O=[N+]([O-])c1cccc2ncnc(NCc3ccccc3)c12,280.287,3.1501,5.0,1.0,80.95,4.0,0.06666667,0
O=[N+]([O-])c1cccc2ncnc(Nc3cccc(Br)c3)c12,345.156,4.0441,5.0,1.0,80.95,3.0,0.0,0
O=c1c(-c2ccc(O)cc2)coc2cc(O)cc(O)c12,270.24,2.5768,5.0,3.0,90.9,1.0,0.0,0
O=c1c(-c2cccc(Cl)c2)c[nH]c2cc(O)cc(O)c12,287.702,3.2597,3.0,3.0,73.32,1.0,0.0,1
O=c1c(-c2cccc(Cl)c2)coc2cc(O)cc(O)c12,288.686,3.5246,4.0,2.0,70.67,1.0,0.0,0
O=c1c(-c2cccc(Cl)c2)coc2cc(O)ccc12,272.687,3.819,3.0,1.0,50.44,1.0,0.0,0
O=c1ccc2ccc(O)c(O)c2o1,178.143,1.2042,4.0,2.0,70.67,0.0,0.0,0
OC1(c2nc(-c3ccc(F)cc3)c(-c3ccnc(NC4CCCCC4)c3)o2)CCNCC1,436.531,4.8583,6.0,3.0,83.21,5.0,0.44,0
OC1CCN(CCCOc2[nH]nc3ncnc(Nc4ccc(OCc5ccccn5)c(Cl)c4)c23)CC1,509.998,3.9495,9.0,3.0,121.31,10.0,0.36,1
OC1CCN(CCOc2[nH]nc3ncnc(Nc4ccc(OCc5ccccn5)c(Cl)c4)c23)CC1,495.971,3.5594,9.0,3.0,121.31,9.0,0.33333334,1
OC1CCN(Cc2ccn3ncnc(Nc4ccc5c(cnn5Cc5cccc(F)c5)c4)c23)CC1,471.54,3.9667,6.0,2.0,83.51,6.0,0.26923078,1
OCC#Cc1ccc2ncnc(Nc3ccc(F)c(Cl)c3)c2c1,327.746,3.5097,4.0,2.0,58.04,2.0,0.05882353,1
OCC(CO)Nc1cc2ncnc(Nc3cccc(Br)c3)c2cn1,390.241,2.296,7.0,4.0,103.19,6.0,0.1875,1
OCC(O)C(O)C(O)C(O)CNc1cc2ncnc(Nc3cccc(Br)c3)c2cn1,480.319,0.3787,10.0,7.0,163.88,9.0,0.31578946,1
OCC(O)CNc1c(Br)cccc1Nc1ncnc2ccncc12,390.241,2.296,7.0,4.0,103.19,6.0,0.1875,1
OCC(O)CNc1cc2c(Nc3cccc(Br)c3)ncnc2cn1,390.241,2.296,7.0,4.0,103.19,6.0,0.1875,1
OCC(O)CNc1cc2ncnc(Nc3cccc(Br)c3)c2cn1,390.241,2.296,7.0,4.0,103.19,6.0,0.1875,1
OCC(O)Cn1ccc2cc3c(Nc4cccc(Br)c4)ncnc3cc21,413.275,3.4438,5.0,3.0,83.2,5.0,0.15789473,1
OCC(O)Cn1ncc2cc3c(Nc4cccc(Br)c4)ncnc3cc21,414.263,2.8388,6.0,3.0,96.09,5.0,0.16666667,1
OCCC#Cc1ccc2ncnc(Nc3ccc(F)c(Cl)c3)c2c1,341.773,3.8998,4.0,2.0,58.04,3.0,0.11111111,1
OCCCC#Cc1ccc2ncnc(Nc3ccc(F)c(Cl)c3)c2c1,355.8,4.2899,4.0,2.0,58.04,4.0,0.15789473,1
OCCCCNc1cncc(-c2cncc(Nc3cccc(Cl)c3)n2)c1,369.856,4.12,6.0,3.0,82.96,8.0,0.21052632,0
OCCCNCc1ccc(-c2cc3nccc(Nc4ccc5[nH]ccc5c4)c3s2)cc1,428.561,5.6602,5.0,4.0,72.97,8.0,0.16,1
OCCCNc1cncc(-c2cncc(Nc3cccc(Cl)c3)n2)c1,355.829,3.7299,6.0,3.0,82.96,7.0,0.16666667,0
OCCN(CCO)CCCNc1c(Br)cccc1Nc1ncnc2ccncc12,461.364,2.6195,8.0,4.0,106.43,11.0,0.35,1
OCCN(CCO)CCCNc1cc2c(Nc3cccc(Br)c3)ncnc2cn1,461.364,2.6195,8.0,4.0,106.43,11.0,0.35,1
OCCN(CCO)CCCNc1cc2ncnc(Nc3cccc(Br)c3)c2cn1,461.364,2.6195,8.0,4.0,106.43,11.0,0.35,1
OCCN(CCO)CCNc1c(Br)cccc1Nc1ncnc2ccncc12,447.337,2.2294,8.0,4.0,106.43,10.0,0.31578946,1
OCCN(CCO)CCNc1cc2c(Nc3cccc(Br)c3)ncnc2cn1,447.337,2.2294,8.0,4.0,106.43,10.0,0.31578946,1
OCCN(CCO)CCNc1cc2ncnc(Nc3cccc(Br)c3)c2cn1,447.337,2.2294,8.0,4.0,106.43,10.0,0.31578946,1
OCCN(CCO)Cc1c[nH]c2cc3ncnc(Nc4cccc(Br)c4)c3cc12,456.344,3.4038,6.0,4.0,97.3,8.0,0.23809524,1
OCCN(CCO)c1c(Br)cccc1Nc1ncnc2ccncc12,404.268,2.3219,7.0,3.0,94.4,7.0,0.23529412,1
OCCN(CCO)c1cc2ncnc(Nc3cccc(Br)c3)c2cn1,404.268,2.3219,7.0,3.0,94.4,7.0,0.23529412,1
OCCNC1CCN(Cc2ccn3ncnc(Nc4ccc5c(cnn5Cc5cccc(F)c5)c4)c23)CC1,514.609,3.5563,7.0,3.0,95.54,9.0,0.32142857,1
OCCNCc1ccc(-c2cc3nccc(Nc4ccc5[nH]ccc5c4)c3s2)cc1,414.534,5.2701,5.0,4.0,72.97,7.0,0.125,1
OCCNCc1ccn2ncnc(Nc3ccc4c(cnn4Cc4cccc(F)c4)c3)c12,431.475,3.0919,6.0,3.0,92.3,8.0,0.17391305,1
OCCNc1c(Br)cccc1Nc1ncnc2ccncc12,360.215,2.9351,6.0,3.0,82.96,5.0,0.13333334,1
OCCNc1cc2c(Nc3cccc(Br)c3)ncnc2cn1,360.215,2.9351,6.0,3.0,82.96,5.0,0.13333334,1
OCCNc1cc2ncnc(Nc3cccc(Br)c3)c2cn1,360.215,2.9351,6.0,3.0,82.96,5.0,0.13333334,1
OCCOCCNCc1ccc(-c2cc3nccc(Nc4ccc5[nH]ccc5c4)c3s2)cc1,458.587,5.2867,6.0,4.0,82.2,10.0,0.1923077,1
OCCOc1[nH]nc2ncnc(Nc3ccc(OCc4ccccn4)c(Cl)c3)c12,412.837,3.095,8.0,3.0,118.07,8.0,0.15789473,1
OCN(CO)c1c(Br)cccc1Nc1ncnc2ccncc12,376.214,2.2369,7.0,3.0,94.4,5.0,0.13333334,1
OCc1ccc(-c2cc3ncnc(Nc4ccc5[nH]ccc5c4)c3s2)cc1,372.453,5.0755,5.0,3.0,73.83,4.0,0.04761905,1
OCc1ccc(C#Cc2cncnc2Nc2ccc(OCc3cccc(F)c3)c(Cl)c2)o1,449.869,5.0768,6.0,2.0,80.41,6.0,0.083333336,1
OCc1cccc(C#Cc2cncnc2Nc2ccc(OCc3cccc(F)c3)c(Cl)c2)n1,460.896,4.8788,6.0,2.0,80.16,6.0,0.08,1
OCc1ccn2ncnc(Nc3ccc4c(cnn4Cc4cccc(F)c4)c3)c12,388.406,3.5023,5.0,2.0,80.27,5.0,0.0952381,1
OCc1nc(C#Cc2cncnc2Nc2ccc(OCc3cccc(F)c3)c(Cl)c2)cs1,466.925,4.9403,7.0,2.0,80.16,6.0,0.08695652,1
ON=C(O)c1cc(NCc2cc(O)ccc2O)ccc1O,290.275,2.1093,6.0,6.0,125.54,4.0,0.071428575,0
O[C@@H]1CNCCN(Cc2ccn3ncnc(Nc4ccc5c(cnn5Cc5cccc(F)c5)c4)c23)C1,486.555,2.7761,7.0,3.0,95.54,6.0,0.26923078,1
O[C@H]1CNCCN(Cc2ccn3ncnc(Nc4ccc5c(cnn5Cc5cccc(F)c5)c4)c23)C1,486.555,2.7761,7.0,3.0,95.54,6.0,0.26923078,1
O[C@H]1CN[C@H](C#Cc2cc3ncnc(Nc4ccc(OCc5cccc(F)c5)c(Cl)c4)c3s2)C1,494.979,4.8807,7.0,3.0,79.3,5.0,0.2,1
Oc1cc2cc(-c3cccnc3)cnc2cc1O,238.246,2.708,4.0,2.0,66.24,1.0,0.0,0
Oc1cc2cc(-c3ccncc3)cnc2cc1O,238.246,2.708,4.0,2.0,66.24,1.0,0.0,0
Oc1cc2ncnc(Nc3cccc(Br)c3)c2cc1O,332.157,3.5471,5.0,3.0,78.27,2.0,0.0,1
Oc1ccc(-c2[nH]nc3ncnc(Nc4cccc(Cl)c4)c23)cc1,337.77,4.1225,5.0,3.0,86.72,3.0,0.0,1
Oc1ccc(-c2nc(-c3ccc(F)cc3)c(-c3ccncc3)[nH]2)cc1,331.35,4.6504,3.0,2.0,61.8,3.0,0.0,0
Oc1ccc(N=Nc2ccc(O)cc2O)cc1,230.223,3.2188,5.0,3.0,85.41,2.0,0.0,0
Oc1ccc(NCc2cc(O)ccc2O)cc1,231.251,2.4155,4.0,4.0,72.72,3.0,0.07692308,0
Oc1ccc(Nc2[nH]nc3ncnc(Nc4cccc(Cl)c4)c23)cc1,352.785,4.1991,6.0,4.0,98.75,4.0,0.0,1
Oc1ccc2c(Nc3cccc(Br)c3)ncnc2c1,316.158,3.8415,4.0,2.0,58.04,2.0,0.0,1
Oc1ccc2ncnc(Nc3ccc(OCc4ccccc4)cc3)c2c1,343.386,4.658,5.0,2.0,67.27,5.0,0.04761905,1
Oc1cccc(-c2[nH]nc3ncnc(Nc4cccc(Cl)c4)c23)c1,337.77,4.1225,5.0,3.0,86.72,3.0,0.0,1
Oc1cccc(Nc2[nH]nc3ncnc(Nc4cccc(Cl)c4)c23)c1,352.785,4.1991,6.0,4.0,98.75,4.0,0.0,1
Oc1cccc(Nc2ncnc3[nH]c4c(c23)CCCC4)c1,280.331,3.2859,4.0,3.0,73.83,2.0,0.25,0
[O-][N+]1(CCCNc2cc3ncnc(Nc4cccc(Br)c4)c3cn2)CCOCC1,459.348,3.6777,7.0,2.0,95.02,7.0,0.35,1
[O-][S+]1CCN(Cc2ccc(-c3ccc4ncnc(Nc5ccc(OCc6cccc(F)c6)c(C(F)(F)F)c5)c4c3)o2)CC1,610.633,6.9346,7.0,1.0,86.48,8.0,0.22580644,1
[O-][S+]1CCN(Cc2ccc(-c3ccc4ncnc(Nc5ccc(OCc6cccc(F)c6)c(Cl)c5)c4c3)o2)CC1,577.081,6.5692,7.0,1.0,86.48,8.0,0.2,1
[O-][S+]1CCN(Cc2ccc(-c3ccc4ncnc(Nc5ccc(OCc6ccccc6)c(Cl)c5)c4c3)o2)CC1,559.091,6.4301,7.0,1.0,86.48,8.0,0.2,1
[O-][S+]1CCN(Cc2ccc(-c3ccc4ncnc(Nc5ccc(OCc6ccccc6)c(F)c5)c4c3)o2)CC1,542.636,5.9158,7.0,1.0,86.48,8.0,0.2,1
c1cc(Nc2ccc3[nH]ccc3c2)c2sc(-c3ccc(CN4CCOCC4)cc3)cc2n1,440.572,6.0204,5.0,2.0,53.18,5.0,0.1923077,1
c1cc(Nc2ccc3[nH]ccc3c2)c2sc(-c3ccc(CNCCN4CCNCC4)cc3)cc2n1,482.657,5.183,6.0,4.0,68.01,8.0,0.25,1
c1cc(Nc2nccc(-c3cccnc3)n2)cc(OCCn2ccnc2)c1,358.405,3.5577,6.0,1.0,77.75,7.0,0.1,0
c1ccc(-c2c(-c3ccc(OCCN4CCCC4)cc3)oc3ncnc(NCCN4CCNCC4)c23)cc1,512.658,4.3485,8.0,2.0,78.69,10.0,0.4,0
c1ccc(-c2c(SSc3[nH]c4ccccc4c3-c3ccccc3)[nH]c3ccccc23)cc1,448.616,8.7826,2.0,2.0,31.58,5.0,0.0,0
c1ccc(-c2cc3ncnc(Nc4ccc5[nH]ccc5c4)c3s2)cc1,342.427,5.5832,4.0,2.0,53.6,3.0,0.0,1
c1ccc(-c2cc3ncnc(Nc4ccc5[nH]ncc5c4)c3s2)cc1,343.415,4.9782,5.0,2.0,66.49,3.0,0.0,0
c1ccc(CCCN(c2cc3ncnc(Nc4ccc5[nH]ccc5c4)c3s2)n2ccnc2)cc1,465.586,6.0152,6.0,2.0,74.66,8.0,0.115384616,1
c1ccc(CCNc2ncnc3ccccc23)cc1,249.317,3.2844,3.0,1.0,37.81,4.0,0.125,0
c1ccc(CNc2ncnc3c2[nH]c2ccccc23)cc1,274.327,3.7232,3.0,2.0,53.6,3.0,0.05882353,0
c1ccc(CNc2ncnc3c2sc2ccccc23)cc1,291.379,4.4566,4.0,1.0,37.81,3.0,0.05882353,1
c1ccc(CNc2ncnc3ccccc23)cc1,235.29,3.2419,3.0,1.0,37.81,3.0,0.06666667,1
c1ccc(CNc2ncnc3cccnc23)cc1,236.278,2.6369,4.0,1.0,50.7,3.0,0.071428575,0
c1ccc(CNc2ncnc3ccncc23)cc1,236.278,2.6369,4.0,1.0,50.7,3.0,0.071428575,0
c1ccc(CNc2ncnc3cnccc23)cc1,236.278,2.6369,4.0,1.0,50.7,3.0,0.071428575,0
c1ccc(Cc2nc3cc(Nc4ncnc5nn6ccccc6c45)ccc3[nH]2)cc1,391.438,4.4882,5.0,2.0,83.79,4.0,0.04347826,0
c1ccc(Cn2ncc3cc(Nc4ncnn5ccc(COC[C@@H]6CNCCO6)c45)ccc32)nc1,470.537,2.7709,8.0,2.0,103.42,8.0,0.28,0
c1ccc(NCCN(c2cc3ncnc(Nc4ccc5[nH]ccc5c4)c3s2)n2cccc2)cc1,465.586,6.0995,6.0,3.0,73.8,8.0,0.07692308,1
c1ccc(Nc2nccc(-c3cccnc3)n2)cc1,248.289,3.2822,4.0,1.0,50.7,3.0,0.0,0
c1ccc(Nc2ncnc3[nH]c4c(c23)CCCC4)cc1,264.332,3.5803,3.0,2.0,53.6,2.0,0.25,0
c1ccc(Nc2ncnc3[nH]c4ccccc4c23)cc1,260.3,3.8547,3.0,2.0,53.6,2.0,0.0,1
c1ccc(Nc2ncnc3[nH]nc(Nc4ccccc4)c23)cc1,302.341,3.8401,5.0,3.0,78.52,4.0,0.0,0
c1ccc(Nc2ncnc3c2[nH]c2ccccc23)cc1,260.3,3.8547,3.0,2.0,53.6,2.0,0.0,0
c1ccc(Nc2ncnc3ccccc23)cc1,221.263,3.3734,3.0,1.0,37.81,2.0,0.0,0
c1ccc2ncncc2c1,130.15,1.6298,2.0,0.0,25.78,0.0,0.0,1
c1cncc(Cn2ncc3cc(Nc4ncnn5ccc(COC[C@@H]6CNCCO6)c45)ccc32)c1,470.537,2.7709,8.0,2.0,103.42,8.0,0.28,0
c1csc(-c2cc3nccc(Nc4ccc5[nH]ccc5c4)c3s2)c1,347.468,6.2497,4.0,2.0,40.71,3.0,0.0,1
c1csc(-c2cc3ncnc(Nc4ccc5[nH]ccc5c4)c3s2)c1,348.456,5.6447,5.0,2.0,53.6,3.0,0.0,1
c1nc(Nc2ccc3[nH]ccc3c2)c2sccc2n1,266.329,3.9162,4.0,2.0,53.6,2.0,0.0,0
