molecule_chembl_id,smiles,standard_type,standard_value,standard_units,standard_relation,assay_chembl_id,target_chembl_id,pchembl_value
CHEMBL68920,Cc1cc(C)c(/C=C2\C(=O)Nc3ncnc(Nc4ccc(F)c(Cl)c4)c32)[nH]1,IC50,41.0,nM,=,CHEMBL674637,CHEMBL203,7.39
CHEMBL68920,Cc1cc(C)c(/C=C2\C(=O)Nc3ncnc(Nc4ccc(F)c(Cl)c4)c32)[nH]1,IC50,300.0,nM,=,CHEMBL621151,CHEMBL203,6.52
CHEMBL68920,Cc1cc(C)c(/C=C2\C(=O)Nc3ncnc(Nc4ccc(F)c(Cl)c4)c32)[nH]1,IC50,7820.0,nM,=,CHEMBL615325,CHEMBL203,5.11
CHEMBL69960,Cc1cc(C(=O)N2CCOCC2)[nH]c1/C=C1\C(=O)Nc2ncnc(Nc3ccc(F)c(Cl)c3)c21,IC50,170.0,nM,=,CHEMBL674637,CHEMBL203,6.77
CHEMBL69960,Cc1cc(C(=O)N2CCOCC2)[nH]c1/C=C1\C(=O)Nc2ncnc(Nc3ccc(F)c(Cl)c3)c21,IC50,40.0,nM,=,CHEMBL621151,CHEMBL203,7.40
CHEMBL69960,Cc1cc(C(=O)N2CCOCC2)[nH]c1/C=C1\C(=O)Nc2ncnc(Nc3ccc(F)c(Cl)c3)c21,IC50,440.0,nM,=,CHEMBL615325,CHEMBL203,6.36
CHEMBL137635,CN(c1ccccc1)c1ncnc2ccc(N/N=N/Cc3ccccn3)cc12,IC50,9300.0,nM,=,CHEMBL677833,CHEMBL203,5.03
CHEMBL306988,CC(=C(C#N)C#N)c1ccc(NC(=O)CCC(=O)O)cc1,IC50,500000.0,nM,=,CHEMBL674643,CHEMBL203,
CHEMBL306988,CC(=C(C#N)C#N)c1ccc(NC(=O)CCC(=O)O)cc1,Ki,,nM,,CHEMBL675639,CHEMBL203,
CHEMBL66879,O=C(O)/C=C/c1ccc(O)cc1,IC50,3000000.0,nM,=,CHEMBL674643,CHEMBL203,
CHEMBL66879,O=C(O)/C=C/c1ccc(O)cc1,Ki,1000000.0,nM,=,CHEMBL675636,CHEMBL203,
CHEMBL77085,N#CC(C#N)=Cc1cc(O)ccc1[N+](=O)[O-],IC50,96000.0,nM,=,CHEMBL674643,CHEMBL203,4.02
CHEMBL77085,N#CC(C#N)=Cc1cc(O)ccc1[N+](=O)[O-],Ki,24000.0,nM,=,CHEMBL675636,CHEMBL203,4.62
CHEMBL443268,Cc1cc(C(=O)NCCN2CCOCC2)[nH]c1/C=C1\C(=O)N(C)c2ncnc(Nc3ccc(F)c(Cl)c3)c21,IC50,5310.0,nM,=,CHEMBL674637,CHEMBL203,5.28
CHEMBL76979,COc1cc(/C=C(\C#N)C(=O)O)cc(OC)c1O,IC50,264000.0,nM,=,CHEMBL674643,CHEMBL203,
CHEMBL76979,COc1cc(/C=C(\C#N)C(=O)O)cc(OC)c1O,Ki,700000.0,nM,=,CHEMBL675636,CHEMBL203,
CHEMBL76589,N#CC(C#N)=C(N)/C(C#N)=C/c1ccc(O)cc1,IC50,125.0,nM,=,CHEMBL674643,CHEMBL203,6.90
CHEMBL76589,N#CC(C#N)=C(N)/C(C#N)=C/c1ccc(O)cc1,Ki,,nM,,CHEMBL675637,CHEMBL203,
CHEMBL77724,COc1cc(C=C(C#N)C#N)cc(OC)c1,IC50,1250000.0,nM,>,CHEMBL674643,CHEMBL203,
CHEMBL77724,COc1cc(C=C(C#N)C#N)cc(OC)c1,Ki,400000.0,nM,>,CHEMBL675636,CHEMBL203,
CHEMBL420385,N#CC(C#N)=Cc1ccc(N2CCOCC2)cc1,IC50,625000.0,nM,>,CHEMBL674643,CHEMBL203,
CHEMBL420385,N#CC(C#N)=Cc1ccc(N2CCOCC2)cc1,Ki,250000.0,nM,>,CHEMBL675636,CHEMBL203,
CHEMBL76904,N#CC(C#N)=Cc1ccc(O)c(O)c1,IC50,35000.0,nM,=,CHEMBL674643,CHEMBL203,4.46
CHEMBL76904,N#CC(C#N)=Cc1ccc(O)c(O)c1,Ki,11000.0,nM,=,CHEMBL675636,CHEMBL203,4.96
CHEMBL1009,N[C@@H](Cc1ccc(O)c(O)c1)C(=O)O,IC50,900000.0,nM,=,CHEMBL674643,CHEMBL203,
CHEMBL1009,N[C@@H](Cc1ccc(O)c(O)c1)C(=O)O,Ki,,nM,,CHEMBL676063,CHEMBL203,
CHEMBL304271,CCN(CC)CC(O)CNC(=O)c1cc(C)c(/C=C2\C(=O)Nc3ncnc(Nc4ccc(F)c(Cl)c4)c32)[nH]1,IC50,0.45,nM,=,CHEMBL674637,CHEMBL203,9.35
CHEMBL296407,N#C/C(=C\c1ccc(O)c(O)c1)C(N)=O,IC50,10000.0,nM,=,CHEMBL674643,CHEMBL203,5.00
CHEMBL296407,N#C/C(=C\c1ccc(O)c(O)c1)C(N)=O,Ki,3500.0,nM,=,CHEMBL675636,CHEMBL203,5.46
CHEMBL309625,N#CC(C#N)=C(N)/C(C#N)=C/c1ccc(O)c([N+](=O)[O-])c1,IC50,60000.0,nM,=,CHEMBL674643,CHEMBL203,4.22
CHEMBL77825,COc1ccc(NN=C(C#N)C#N)cc1,IC50,600000.0,nM,=,CHEMBL674643,CHEMBL203,
CHEMBL77825,COc1ccc(NN=C(C#N)C#N)cc1,Ki,,nM,,CHEMBL675637,CHEMBL203,
CHEMBL421877,COc1cc(C=C(C#N)C#N)cc(OC)c1O,IC50,850000.0,nM,=,CHEMBL674643,CHEMBL203,
CHEMBL421877,COc1cc(C=C(C#N)C#N)cc(OC)c1O,Ki,300000.0,nM,=,CHEMBL675636,CHEMBL203,
CHEMBL77278,Cc1ccc(/C=C(\C#N)C(=O)O)cc1,Ki,1350000.0,nM,=,CHEMBL675636,CHEMBL203,
CHEMBL310798,N#CC(C#N)=Cc1cc(O)c(O)c(O)c1,IC50,3000.0,nM,=,CHEMBL674643,CHEMBL203,5.52
CHEMBL310798,N#CC(C#N)=Cc1cc(O)c(O)c(O)c1,Ki,1000.0,nM,=,CHEMBL675636,CHEMBL203,6.00
CHEMBL135592,C/N=N/Nc1ccc2ncnc(N(C)c3ccccc3)c2c1,IC50,8000.0,nM,=,CHEMBL677833,CHEMBL203,5.10
CHEMBL309866,N#C/C(=C\c1ccc([N+](=O)[O-])cc1)C(=O)O,IC50,1300000.0,nM,=,CHEMBL674643,CHEMBL203,
CHEMBL77381,N#C/C(=C/c1ccc[nH]1)C(=O)O,IC50,1360000.0,nM,=,CHEMBL674643,CHEMBL203,
CHEMBL77381,N#C/C(=C/c1ccc[nH]1)C(=O)O,Ki,,nM,,CHEMBL675640,CHEMBL203,
CHEMBL76602,N#C/C(=C\c1ccc(O)cc1)C(=O)O,IC50,165000.0,nM,=,CHEMBL674643,CHEMBL203,
CHEMBL76602,N#C/C(=C\c1ccc(O)cc1)C(=O)O,Ki,308000.0,nM,=,CHEMBL675636,CHEMBL203,
CHEMBL77737,N#CC(C#N)=Cc1ccncc1,IC50,250000.0,nM,=,CHEMBL674643,CHEMBL203,
CHEMBL77737,N#CC(C#N)=Cc1ccncc1,Ki,,nM,,CHEMBL675639,CHEMBL203,
CHEMBL76983,N#CC(C#N)=Cc1ccc(F)cc1,IC50,1250000.0,nM,>,CHEMBL674643,CHEMBL203,
CHEMBL76983,N#CC(C#N)=Cc1ccc(F)cc1,Ki,400000.0,nM,>,CHEMBL675636,CHEMBL203,
CHEMBL308134,N#CC(C#N)=Cc1ccc(O)c([N+](=O)[O-])c1,IC50,125000.0,nM,=,CHEMBL674643,CHEMBL203,
CHEMBL308134,N#CC(C#N)=Cc1ccc(O)c([N+](=O)[O-])c1,Ki,49000.0,nM,=,CHEMBL675636,CHEMBL203,4.31
CHEMBL136491,CN(C)/N=N/c1ccc2ncnc(Nc3cccc(Cl)c3)c2c1,IC50,14.0,nM,=,CHEMBL677833,CHEMBL203,7.85
CHEMBL77280,CC(=C(C#N)C#N)c1ccc(N)cc1,IC50,1250000.0,nM,>,CHEMBL674643,CHEMBL203,
CHEMBL42423,O=[N+]([O-])c1ccc(O)c(O)c1,IC50,,nM,,CHEMBL674645,CHEMBL203,
CHEMBL42423,O=[N+]([O-])c1ccc(O)c(O)c1,Ki,,nM,,CHEMBL675638,CHEMBL203,
CHEMBL76557,N#CCNC(=O)/C(C#N)=C/c1ccc(O)cc1,IC50,625000.0,nM,=,CHEMBL674643,CHEMBL203,
CHEMBL76557,N#CCNC(=O)/C(C#N)=C/c1ccc(O)cc1,Ki,360000.0,nM,=,CHEMBL675636,CHEMBL203,
CHEMBL336113,Cc1cccc(Nc2ncnc3ccc(N)cc23)c1,IC50,1000.0,nM,=,CHEMBL677833,CHEMBL203,6.00
CHEMBL133024,C/N=N/Nc1ccc2ncnc(Nc3cccc(Cl)c3)c2c1,IC50,100.0,nM,=,CHEMBL677833,CHEMBL203,7.00
CHEMBL344652,CN(C)/N=N/c1ccc2ncnc(N(C)c3ccccc3)c2c1,IC50,13350.0,nM,=,CHEMBL677833,CHEMBL203,4.88
CHEMBL77814,N#CC(C#N)=CNc1ccc(O)cc1,IC50,350000.0,nM,=,CHEMBL674643,CHEMBL203,
CHEMBL47986,O=CN/C=C/c1cc(O)ccc1O,IC50,14000.0,nM,=,CHEMBL674643,CHEMBL203,4.85
CHEMBL441343,O=C(O)c1ccc(O)cc1,IC50,,nM,,CHEMBL674646,CHEMBL203,
CHEMBL441343,O=C(O)c1ccc(O)cc1,Ki,,nM,,CHEMBL676065,CHEMBL203,
CHEMBL138125,Brc1cccc(Nc2ncnc3ccc(N/N=N/Cc4ccccn4)cc23)c1,IC50,238.0,nM,=,CHEMBL677833,CHEMBL203,6.62
CHEMBL137364,Brc1cccc(Nc2ncnc3ccc(N/N=N/CCN4CCOCC4)cc23)c1,IC50,64.0,nM,=,CHEMBL677833,CHEMBL203,7.19
CHEMBL308339,N#CC(C#N)=C1C(=O)NC(=O)NC1=O,IC50,1400000.0,nM,=,CHEMBL674643,CHEMBL203,
CHEMBL78174,N#CC(C#N)=Cc1ccc(C(=O)O)cc1,IC50,430000.0,nM,=,CHEMBL674643,CHEMBL203,
CHEMBL78174,N#CC(C#N)=Cc1ccc(C(=O)O)cc1,Ki,143000.0,nM,=,CHEMBL675636,CHEMBL203,
CHEMBL302552,O=C1Nc2ncnc(Nc3ccc(F)c(Cl)c3)c2/C1=C/c1ccc(C(=O)NCCN2CCOCC2)[nH]1,IC50,22.0,nM,=,CHEMBL674637,CHEMBL203,7.66
CHEMBL309598,N#CC(C#N)=C(O)c1cc(O)c(O)c(O)c1,IC50,13500.0,nM,=,CHEMBL674643,CHEMBL203,4.87
CHEMBL309598,N#CC(C#N)=C(O)c1cc(O)c(O)c(O)c1,Ki,4500.0,nM,=,CHEMBL675636,CHEMBL203,5.35
CHEMBL78302,COc1ccc(C=C(C#N)C#N)cc1O,IC50,250000.0,nM,>,CHEMBL674643,CHEMBL203,
CHEMBL67057,Cc1cc(C(=O)N2CCOCC2)[nH]c1/C=C1\C(=O)Nc2ncnc(Nc3ccc4c(ccn4Cc4ccccc4)c3)c21,IC50,4.5,nM,=,CHEMBL674637,CHEMBL203,8.35
CHEMBL67057,Cc1cc(C(=O)N2CCOCC2)[nH]c1/C=C1\C(=O)Nc2ncnc(Nc3ccc4c(ccn4Cc4ccccc4)c3)c21,IC50,100.0,nM,=,CHEMBL621151,CHEMBL203,7.00
CHEMBL67057,Cc1cc(C(=O)N2CCOCC2)[nH]c1/C=C1\C(=O)Nc2ncnc(Nc3ccc4c(ccn4Cc4ccccc4)c3)c21,IC50,,nM,,CHEMBL615490,CHEMBL203,
CHEMBL332096,Nc1ccc2ncnc(NCc3ccccc3)c2c1,IC50,508.0,nM,=,CHEMBL677833,CHEMBL203,6.29
CHEMBL77387,N#CC(C#N)=Cc1ccc([N+](=O)[O-])c(O)c1,IC50,450000.0,nM,=,CHEMBL674643,CHEMBL203,
CHEMBL77387,N#CC(C#N)=Cc1ccc([N+](=O)[O-])c(O)c1,Ki,150000.0,nM,=,CHEMBL675636,CHEMBL203,
CHEMBL432903,CCN(CC)CCNC(=O)c1c(C)[nH]c(/C=C2\C(=O)Nc3ncnc(Nc4ccc(F)c(Cl)c4)c32)c1C,IC50,200.0,nM,=,CHEMBL674637,CHEMBL203,6.70
CHEMBL69964,Cc1cc(/C=C2\C(=O)Nc3ncnc(Nc4ccc(F)c(Cl)c4)c32)[nH]c1C(=O)N1CCN(C)CC1,IC50,210.0,nM,=,CHEMBL674637,CHEMBL203,6.68
CHEMBL65848,Cc1cc(C(=O)N2CCOCC2)[nH]c1/C=C1\C(=O)Nc2ncnc(Nc3ccc4c(c3)CCC4)c21,IC50,1410.0,nM,=,CHEMBL674637,CHEMBL203,5.85
CHEMBL65848,Cc1cc(C(=O)N2CCOCC2)[nH]c1/C=C1\C(=O)Nc2ncnc(Nc3ccc4c(c3)CCC4)c21,IC50,5000.0,nM,=,CHEMBL621151,CHEMBL203,5.30
CHEMBL65848,Cc1cc(C(=O)N2CCOCC2)[nH]c1/C=C1\C(=O)Nc2ncnc(Nc3ccc4c(c3)CCC4)c21,IC50,4320.0,nM,=,CHEMBL615325,CHEMBL203,5.37
CHEMBL69129,Nc1ncnc2c1c(-c1ccc(Oc3ccccc3)cc1)cn2C1CCC(O)C1,IC50,,nM,,CHEMBL679675,CHEMBL203,
CHEMBL78184,N#C/C(=C\c1ccc(F)cc1)C(=O)O,IC50,833000.0,nM,=,CHEMBL674643,CHEMBL203,
CHEMBL78184,N#C/C(=C\c1ccc(F)cc1)C(=O)O,Ki,2500000.0,nM,=,CHEMBL675636,CHEMBL203,
CHEMBL76985,N#C/C(=C\c1ccc(C=O)cc1)C(=O)O,IC50,47000.0,nM,=,CHEMBL674643,CHEMBL203,4.33
CHEMBL76985,N#C/C(=C\c1ccc(C=O)cc1)C(=O)O,Ki,140000.0,nM,=,CHEMBL675636,CHEMBL203,
CHEMBL145,O=C(O)/C=C/c1ccc(O)c(O)c1,IC50,1200000.0,nM,=,CHEMBL674643,CHEMBL203,
CHEMBL145,O=C(O)/C=C/c1ccc(O)c(O)c1,Ki,400000.0,nM,=,CHEMBL675636,CHEMBL203,
CHEMBL69629,Cc1cc(C(=O)NCCN2CCOCC2)[nH]c1/C=C1\C(=O)Nc2ncnc(Nc3ccc(F)c(Cl)c3)c21,IC50,6.5,nM,=,CHEMBL674637,CHEMBL203,8.19
CHEMBL69629,Cc1cc(C(=O)NCCN2CCOCC2)[nH]c1/C=C1\C(=O)Nc2ncnc(Nc3ccc(F)c(Cl)c3)c21,IC50,40.0,nM,=,CHEMBL621151,CHEMBL203,7.40
CHEMBL69629,Cc1cc(C(=O)NCCN2CCOCC2)[nH]c1/C=C1\C(=O)Nc2ncnc(Nc3ccc(F)c(Cl)c3)c21,IC50,2050.0,nM,=,CHEMBL615325,CHEMBL203,5.69
CHEMBL136492,CN(c1ccccc1)c1ncnc2ccc(N)cc12,IC50,8400.0,nM,=,CHEMBL677833,CHEMBL203,5.08
CHEMBL77197,COc1cc(/C(C)=C(\C#N)C(=O)O)ccc1O,IC50,1100000.0,nM,=,CHEMBL674643,CHEMBL203,
CHEMBL77197,COc1cc(/C(C)=C(\C#N)C(=O)O)ccc1O,Ki,341000.0,nM,=,CHEMBL675636,CHEMBL203,
CHEMBL305695,N#CC(C#N)=Cc1ccc(O)cc1,IC50,560000.0,nM,=,CHEMBL674643,CHEMBL203,
CHEMBL305695,N#CC(C#N)=Cc1ccc(O)cc1,Ki,160000.0,nM,=,CHEMBL675636,CHEMBL203,
CHEMBL68258,Cc1cc(C(=O)N2CCOCC2)[nH]c1/C=C1\C(=O)Nc2ncnc(N3CCCCC3)c21,IC50,20000.0,nM,>,CHEMBL674637,CHEMBL203,
CHEMBL76587,N#CC(C#N)Cc1ccc(O)cc1,IC50,6500000.0,nM,=,CHEMBL674643,CHEMBL203,
CHEMBL76587,N#CC(C#N)Cc1ccc(O)cc1,Ki,,nM,,CHEMBL675641,CHEMBL203,
CHEMBL77456,COc1ccc(C=C(C#N)C#N)cc1,IC50,1250000.0,nM,>,CHEMBL674643,CHEMBL203,
CHEMBL77456,COc1ccc(C=C(C#N)C#N)cc1,Ki,400000.0,nM,>,CHEMBL676064,CHEMBL203,
CHEMBL66570,CCN1CCN(C(=O)c2cc(C)c(/C=C3\C(=O)Nc4ncnc(Nc5ccc(F)c(Cl)c5)c43)[nH]2)CC1,IC50,13.0,nM,=,CHEMBL674637,CHEMBL203,7.89
CHEMBL66570,CCN1CCN(C(=O)c2cc(C)c(/C=C3\C(=O)Nc4ncnc(Nc5ccc(F)c(Cl)c5)c43)[nH]2)CC1,IC50,200.0,nM,=,CHEMBL621151,CHEMBL203,6.70
CHEMBL66570,CCN1CCN(C(=O)c2cc(C)c(/C=C3\C(=O)Nc4ncnc(Nc5ccc(F)c(Cl)c5)c43)[nH]2)CC1,IC50,7500.0,nM,=,CHEMBL615325,CHEMBL203,5.12
CHEMBL308048,N#C/C(=C\c1ccc(O)cc1)C(N)=O,IC50,800000.0,nM,=,CHEMBL674643,CHEMBL203,
CHEMBL311119,N#CC(C#N)=Cc1ccc(C=O)cc1,IC50,60000.0,nM,=,CHEMBL674643,CHEMBL203,4.22
CHEMBL311119,N#CC(C#N)=Cc1ccc(C=O)cc1,Ki,20000.0,nM,=,CHEMBL675636,CHEMBL203,4.70
CHEMBL76905,N#CC(C#N)=Cc1cc(O)cc(O)c1,IC50,37000.0,nM,=,CHEMBL674643,CHEMBL203,4.43
CHEMBL76905,N#CC(C#N)=Cc1cc(O)cc(O)c1,Ki,10000.0,nM,=,CHEMBL675636,CHEMBL203,5.00
CHEMBL77524,COc1ccc(/C=C(\C#N)C(=O)O)cc1,IC50,833000.0,nM,=,CHEMBL674643,CHEMBL203,
CHEMBL77524,COc1ccc(/C=C(\C#N)C(=O)O)cc1,Ki,2500000.0,nM,=,CHEMBL675636,CHEMBL203,
CHEMBL305194,Cc1cc(C(=O)O)[nH]c1/C=C1\C(=O)Nc2ncnc(Nc3ccc(F)c(Cl)c3)c21,IC50,29.0,nM,=,CHEMBL674637,CHEMBL203,7.54
CHEMBL305194,Cc1cc(C(=O)O)[nH]c1/C=C1\C(=O)Nc2ncnc(Nc3ccc(F)c(Cl)c3)c21,IC50,5000.0,nM,>,CHEMBL621151,CHEMBL203,
CHEMBL305194,Cc1cc(C(=O)O)[nH]c1/C=C1\C(=O)Nc2ncnc(Nc3ccc(F)c(Cl)c3)c21,IC50,50000.0,nM,>,CHEMBL615325,CHEMBL203,
CHEMBL307250,COc1cc(/C=C(\C#N)C(=O)O)ccc1O,IC50,325000.0,nM,=,CHEMBL674643,CHEMBL203,
CHEMBL307250,COc1cc(/C=C(\C#N)C(=O)O)ccc1O,Ki,800000.0,nM,=,CHEMBL675636,CHEMBL203,
CHEMBL80155,COc1cc(C=C(C#N)C#N)cc(O)c1O,IC50,6000.0,nM,=,CHEMBL674643,CHEMBL203,5.22
CHEMBL80155,COc1cc(C=C(C#N)C#N)cc(O)c1O,Ki,2200.0,nM,=,CHEMBL675636,CHEMBL203,5.66
CHEMBL343352,Nc1ccc2ncnc(Nc3cccc(Cl)c3)c2c1,IC50,200.0,nM,=,CHEMBL677833,CHEMBL203,6.70
CHEMBL52765,Nc1ccc2ncnc(Nc3cccc(Br)c3)c2c1,IC50,44.0,nM,=,CHEMBL677833,CHEMBL203,7.36
CHEMBL77436,CN(C)c1ccc(/C=C(\C#N)C(=O)O)cc1,IC50,,nM,,CHEMBL674644,CHEMBL203,
CHEMBL77436,CN(C)c1ccc(/C=C(\C#N)C(=O)O)cc1,Ki,1400000.0,nM,=,CHEMBL675636,CHEMBL203,
CHEMBL311564,COc1ccc(C(O)=C(C#N)C#N)cc1,IC50,450000.0,nM,=,CHEMBL674643,CHEMBL203,
CHEMBL76642,N#C/C(=C/c1cc(O)ccc1O)C(=O)O,IC50,75000.0,nM,=,CHEMBL674643,CHEMBL203,4.12
CHEMBL76642,N#C/C(=C/c1cc(O)ccc1O)C(=O)O,Ki,24000.0,nM,=,CHEMBL675636,CHEMBL203,4.62
CHEMBL308645,Cc1cc(CCC(=O)O)[nH]c1/C=C1\C(=O)Nc2ncnc(Nc3ccc(F)c(Cl)c3)c21,IC50,4.7,nM,=,CHEMBL674637,CHEMBL203,8.33
CHEMBL67003,Cc1cc(C(=O)N2CCOCC2)[nH]c1/C=C1\C(=O)Nc2ncnc(Nc3ccc4c(cnn4Cc4ccccc4)c3)c21,IC50,1.8,nM,=,CHEMBL674637,CHEMBL203,8.74
CHEMBL67003,Cc1cc(C(=O)N2CCOCC2)[nH]c1/C=C1\C(=O)Nc2ncnc(Nc3ccc4c(cnn4Cc4ccccc4)c3)c21,IC50,100.0,nM,=,CHEMBL621151,CHEMBL203,7.00
CHEMBL67003,Cc1cc(C(=O)N2CCOCC2)[nH]c1/C=C1\C(=O)Nc2ncnc(Nc3ccc4c(cnn4Cc4ccccc4)c3)c21,IC50,,nM,,CHEMBL615490,CHEMBL203,
CHEMBL307248,N#CC(C#N)=Cc1ccc(NC(=O)CCC(=O)O)cc1,IC50,640000.0,nM,=,CHEMBL674643,CHEMBL203,
CHEMBL307248,N#CC(C#N)=Cc1ccc(NC(=O)CCC(=O)O)cc1,Ki,240000.0,nM,=,CHEMBL675636,CHEMBL203,
CHEMBL310958,N#CC(C#N)=NNc1ccc(O)cc1,IC50,225000.0,nM,=,CHEMBL674643,CHEMBL203,
CHEMBL78005,N#CC(C#N)=Cc1ccc2c(c1)OCO2,IC50,350000.0,nM,=,CHEMBL674643,CHEMBL203,
CHEMBL78005,N#CC(C#N)=Cc1ccc2c(c1)OCO2,Ki,117000.0,nM,=,CHEMBL675636,CHEMBL203,
CHEMBL134312,CN(C)/N=N/c1ccc2ncnc(Nc3cccc(Br)c3)c2c1,IC50,11.0,nM,=,CHEMBL677833,CHEMBL203,7.96
CHEMBL77243,CCCCc1cc(/C=C(\C#N)C(N)=O)cc(CCCC)c1O,IC50,55000.0,nM,=,CHEMBL674643,CHEMBL203,4.26
CHEMBL80745,COc1cc(/C=C(\C#N)C(N)=C(C#N)C#N)cc(O)c1O,IC50,1200.0,nM,=,CHEMBL674643,CHEMBL203,5.92
CHEMBL80745,COc1cc(/C=C(\C#N)C(N)=C(C#N)C#N)cc(O)c1O,Ki,,nM,,CHEMBL675637,CHEMBL203,
CHEMBL77778,N#CC(C#N)=Cc1ccc(/C=C/C(=O)O)cc1,IC50,450000.0,nM,=,CHEMBL674643,CHEMBL203,
CHEMBL77778,N#CC(C#N)=Cc1ccc(/C=C/C(=O)O)cc1,Ki,150000.0,nM,=,CHEMBL675636,CHEMBL203,
CHEMBL305246,Cc1cc(C(=O)N2CCN(C)CC2)[nH]c1/C=C1\C(=O)Nc2ncnc(Nc3ccc(F)c(Cl)c3)c21,IC50,2.8,nM,=,CHEMBL674637,CHEMBL203,8.55
CHEMBL305246,Cc1cc(C(=O)N2CCN(C)CC2)[nH]c1/C=C1\C(=O)Nc2ncnc(Nc3ccc(F)c(Cl)c3)c21,IC50,100.0,nM,=,CHEMBL621151,CHEMBL203,7.00
CHEMBL305246,Cc1cc(C(=O)N2CCN(C)CC2)[nH]c1/C=C1\C(=O)Nc2ncnc(Nc3ccc(F)c(Cl)c3)c21,IC50,750.0,nM,=,CHEMBL615325,CHEMBL203,6.12
CHEMBL69966,C#Cc1cccc(Nc2ncnc3c2/C(=C/c2[nH]c(C(=O)NCCN4CCOCC4)cc2C)C(=O)N3)c1,IC50,18.0,nM,=,CHEMBL674637,CHEMBL203,7.75
CHEMBL69966,C#Cc1cccc(Nc2ncnc3c2/C(=C/c2[nH]c(C(=O)NCCN4CCOCC4)cc2C)C(=O)N3)c1,IC50,40.0,nM,=,CHEMBL621151,CHEMBL203,7.40
CHEMBL69966,C#Cc1cccc(Nc2ncnc3c2/C(=C/c2[nH]c(C(=O)NCCN4CCOCC4)cc2C)C(=O)N3)c1,IC50,620.0,nM,=,CHEMBL615325,CHEMBL203,6.21
CHEMBL47940,Nc1ncnc2c1c(-c1ccc(Oc3ccccc3)cc1)cn2C1CCCC1,IC50,3200.0,nM,=,CHEMBL679674,CHEMBL203,5.50
CHEMBL57712,N#CC(C#N)=Cc1cc[n+]([O-])cc1,IC50,1300000.0,nM,=,CHEMBL674643,CHEMBL203,
CHEMBL77869,COc1cc(C=C(C#N)C#N)ccc1O,IC50,200000.0,nM,=,CHEMBL674643,CHEMBL203,
CHEMBL77869,COc1cc(C=C(C#N)C#N)ccc1O,Ki,67000.0,nM,=,CHEMBL675636,CHEMBL203,4.17
CHEMBL69358,CCN(CC)CCNC(=O)c1cc(C)c(/C=C2\C(=O)Nc3ncnc(Nc4ccc(F)c(Cl)c4)c32)[nH]1,IC50,1.2,nM,=,CHEMBL674637,CHEMBL203,8.92
CHEMBL69358,CCN(CC)CCNC(=O)c1cc(C)c(/C=C2\C(=O)Nc3ncnc(Nc4ccc(F)c(Cl)c4)c32)[nH]1,IC50,200.0,nM,=,CHEMBL621151,CHEMBL203,6.70
CHEMBL69358,CCN(CC)CCNC(=O)c1cc(C)c(/C=C2\C(=O)Nc3ncnc(Nc4ccc(F)c(Cl)c4)c32)[nH]1,IC50,1290.0,nM,=,CHEMBL615325,CHEMBL203,5.89
CHEMBL137189,C/N=N/Nc1ccc2ncnc(Nc3cccc(C)c3)c2c1,IC50,200.0,nM,=,CHEMBL677833,CHEMBL203,6.70
CHEMBL137617,C/N=N/Nc1ccc2ncnc(Nc3cccc(Br)c3)c2c1,IC50,39.0,nM,=,CHEMBL677833,CHEMBL203,7.41
CHEMBL137027,CN(C)/N=N/c1ccc2ncnc(NCc3ccccc3)c2c1,IC50,482.0,nM,=,CHEMBL677833,CHEMBL203,6.32
CHEMBL78257,N#CC(C#N)=C(N)/C(C#N)=C/c1cc(O)c(O)c(O)c1,IC50,800.0,nM,=,CHEMBL674643,CHEMBL203,6.10
CHEMBL78257,N#CC(C#N)=C(N)/C(C#N)=C/c1cc(O)c(O)c(O)c1,Ki,,nM,,CHEMBL675637,CHEMBL203,
CHEMBL76082,N#CC(C#N)=Cc1cc2c(cc1[N+](=O)[O-])OCO2,IC50,560000.0,nM,=,CHEMBL674643,CHEMBL203,
CHEMBL77595,N#C/C(=C\c1ccccc1)C(=O)O,IC50,850000.0,nM,=,CHEMBL674643,CHEMBL203,
CHEMBL77595,N#C/C(=C\c1ccccc1)C(=O)O,Ki,2500000.0,nM,>,CHEMBL675636,CHEMBL203,
CHEMBL309334,N#CC(C#N)=C(N)/C(C#N)=C/c1ccc(O)c(O)c1,IC50,2500.0,nM,=,CHEMBL674643,CHEMBL203,5.60
CHEMBL309334,N#CC(C#N)=C(N)/C(C#N)=C/c1ccc(O)c(O)c1,Ki,,nM,,CHEMBL675637,CHEMBL203,
CHEMBL310514,N#CC(C#N)=Cc1ccc[nH]1,IC50,260000.0,nM,=,CHEMBL674643,CHEMBL203,
CHEMBL304971,Cc1c(C(=O)N2CCN(C)CC2)c[nH]c1/C=C1\C(=O)Nc2ncnc(Nc3ccc(F)c(Cl)c3)c21,IC50,410.0,nM,=,CHEMBL674637,CHEMBL203,6.39
CHEMBL69071,Cc1cc(C(=O)N2CC(C)NC(C)C2)[nH]c1/C=C1\C(=O)Nc2ncnc(Nc3ccc(F)c(Cl)c3)c21,IC50,5.9,nM,=,CHEMBL674637,CHEMBL203,8.23
CHEMBL69071,Cc1cc(C(=O)N2CC(C)NC(C)C2)[nH]c1/C=C1\C(=O)Nc2ncnc(Nc3ccc(F)c(Cl)c3)c21,IC50,2580.0,nM,=,CHEMBL615325,CHEMBL203,5.59
CHEMBL137534,CN(C)CC/N=N/Nc1ccc2ncnc(Nc3cccc(Br)c3)c2c1,IC50,38.0,nM,=,CHEMBL677833,CHEMBL203,7.42
CHEMBL137788,C/N=N/Nc1ccc2ncnc(NCc3ccccc3)c2c1,IC50,335.0,nM,=,CHEMBL677833,CHEMBL203,6.47
CHEMBL69709,Cc1cc(C)c(/C=C2\C(=O)N(C)c3ncnc(Nc4ccc(F)c(Cl)c4)c32)[nH]1,IC50,20000.0,nM,>,CHEMBL674637,CHEMBL203,
CHEMBL424093,Brc1cccc(Nc2ncnc3ccc(N/N=N/Cc4ccccc4)cc23)c1,IC50,25.0,nM,=,CHEMBL677833,CHEMBL203,7.60
CHEMBL77030,N#C/C(=C\c1ccc(O)c(O)c1)C(N)=S,IC50,2400.0,nM,=,CHEMBL674643,CHEMBL203,5.62
CHEMBL77030,N#C/C(=C\c1ccc(O)c(O)c1)C(N)=S,Ki,850.0,nM,=,CHEMBL675636,CHEMBL203,6.07
CHEMBL78150,CC(C)(C)c1cc(C=C(C#N)C#N)cc(C(C)(C)C)c1O,IC50,460000.0,nM,=,CHEMBL674643,CHEMBL203,
CHEMBL78150,CC(C)(C)c1cc(C=C(C#N)C#N)cc(C(C)(C)C)c1O,Ki,155000.0,nM,=,CHEMBL675636,CHEMBL203,
CHEMBL69106,O=C1Nc2ncnc(Nc3ccc(F)c(Cl)c3)c2/C1=C/c1ccc[nH]1,IC50,20000.0,nM,>,CHEMBL674637,CHEMBL203,
CHEMBL264382,Cc1cc(C(=O)NCCN2CCOCC2)[nH]c1/C=C1\C(=O)Nc2ncnc(Nc3ccc4c(ccn4Cc4ccccc4)c3)c21,IC50,1.1,nM,=,CHEMBL674637,CHEMBL203,8.96
CHEMBL264382,Cc1cc(C(=O)NCCN2CCOCC2)[nH]c1/C=C1\C(=O)Nc2ncnc(Nc3ccc4c(ccn4Cc4ccccc4)c3)c21,IC50,200.0,nM,=,CHEMBL621151,CHEMBL203,6.70
CHEMBL264382,Cc1cc(C(=O)NCCN2CCOCC2)[nH]c1/C=C1\C(=O)Nc2ncnc(Nc3ccc4c(ccn4Cc4ccccc4)c3)c21,IC50,1950.0,nM,=,CHEMBL615325,CHEMBL203,5.71
CHEMBL308133,O=C(O)C(=Cc1ccc(O)cc1)C(=O)O,IC50,1500000.0,nM,=,CHEMBL674643,CHEMBL203,
CHEMBL308133,O=C(O)C(=Cc1ccc(O)cc1)C(=O)O,Ki,,nM,,CHEMBL675641,CHEMBL203,
CHEMBL307179,COc1cc(C=C(C#N)C#N)cc([N+](=O)[O-])c1O,IC50,160000.0,nM,=,CHEMBL674643,CHEMBL203,
CHEMBL307179,COc1cc(C=C(C#N)C#N)cc([N+](=O)[O-])c1O,Ki,55000.0,nM,=,CHEMBL675636,CHEMBL203,4.26
CHEMBL305782,Cc1[nH]c(/C=C2\C(=O)Nc3ncnc(Nc4ccc(F)c(Cl)c4)c32)c(C)c1CCC(=O)O,IC50,180.0,nM,=,CHEMBL674637,CHEMBL203,6.75
CHEMBL308672,CCN(CC)CCNC(=O)c1cc(C)c(/C=C2\C(=O)Nc3ncnc(Nc4ccc(Cl)cc4F)c32)[nH]1,IC50,450.0,nM,=,CHEMBL674637,CHEMBL203,6.35
CHEMBL308672,CCN(CC)CCNC(=O)c1cc(C)c(/C=C2\C(=O)Nc3ncnc(Nc4ccc(Cl)cc4F)c32)[nH]1,IC50,500.0,nM,=,CHEMBL621151,CHEMBL203,6.30
CHEMBL308672,CCN(CC)CCNC(=O)c1cc(C)c(/C=C2\C(=O)Nc3ncnc(Nc4ccc(Cl)cc4F)c32)[nH]1,IC50,,nM,,CHEMBL615490,CHEMBL203,
CHEMBL133023,Cc1cccc(Nc2ncnc3ccc(/N=N/N(C)C)cc23)c1,IC50,24.0,nM,=,CHEMBL677833,CHEMBL203,7.62
CHEMBL310400,N#CC(C#N)=Cc1cccc(O)c1,IC50,375000.0,nM,=,CHEMBL674643,CHEMBL203,
CHEMBL310400,N#CC(C#N)=Cc1cccc(O)c1,Ki,123000.0,nM,=,CHEMBL675636,CHEMBL203,
CHEMBL136674,COCC/N=N/Nc1ccc2ncnc(Nc3cccc(Br)c3)c2c1,IC50,71.0,nM,=,CHEMBL677833,CHEMBL203,7.15
CHEMBL73820,N#C/C(=C\c1ccc(O)c(O)c1)C(=O)O,IC50,25000.0,nM,=,CHEMBL674643,CHEMBL203,4.60
CHEMBL73820,N#C/C(=C\c1ccc(O)c(O)c1)C(=O)O,Ki,70000.0,nM,=,CHEMBL675636,CHEMBL203,4.16
CHEMBL79064,N#CC(C#N)=C(O)c1ccc(O)cc1,IC50,230000.0,nM,=,CHEMBL674643,CHEMBL203,
CHEMBL77803,N#CC(C#N)=C(N)/C(C#N)=C/c1cc(O)c(O)c(Br)c1,IC50,500.0,nM,=,CHEMBL674643,CHEMBL203,6.30
CHEMBL75718,N#C/C=C/c1ccc(O)cc1,IC50,2400000.0,nM,=,CHEMBL674643,CHEMBL203,
CHEMBL77298,COc1cc(C=C(C#N)C#N)cc(Br)c1O,IC50,153000.0,nM,=,CHEMBL674643,CHEMBL203,
CHEMBL77298,COc1cc(C=C(C#N)C#N)cc(Br)c1O,Ki,50000.0,nM,=,CHEMBL675636,CHEMBL203,4.30
CHEMBL432941,COc1cccc(-c2ccc3c(c2)NC(=O)/C3=C\c2[nH]c3c(c2CCC(=O)O)CCCC3)c1,IC50,8880.0,nM,=,CHEMBL679949,CHEMBL203,5.05
CHEMBL420609,COc1ccc2c(c1)NC(=O)/C2=C\c1[nH]c2c(c1CCC(=O)O)CCCC2,IC50,100000.0,nM,>,CHEMBL679949,CHEMBL203,
CHEMBL419682,COc1cccc(-c2ccc3c(c2)NC(=O)/C3=C\c2cc3c([nH]2)CCCC3)c1,IC50,100000.0,nM,>,CHEMBL679949,CHEMBL203,
CHEMBL322395,COc1cc(Nc2c(C#N)cnc3cc(-c4ccc(CN5CCOCC5)cc4)ccc23)c(Cl)cc1Cl,IC50,3000.0,nM,=,CHEMBL674698,CHEMBL203,5.52
CHEMBL88462,COc1ccccc1-c1ccc2c(c1)NC(=O)/C2=C\c1cc2c([nH]1)CCCC2,IC50,100000.0,nM,>,CHEMBL679949,CHEMBL203,
CHEMBL431996,O=C(O)CCc1c(/C=C2\C(=O)Nc3ccc(C(=O)O)cc32)[nH]c2c1CCCC2,IC50,56500.0,nM,=,CHEMBL679949,CHEMBL203,4.25
CHEMBL91250,COc1ccc2c(c1)NC(=O)/C2=C\c1cc2c([nH]1)CCCC2,IC50,100000.0,nM,>,CHEMBL679949,CHEMBL203,
CHEMBL88771,O=C(O)CCc1c(/C=C2\C(=O)Nc3cc(-c4ccccc4)ccc32)[nH]c2c1CCCC2,IC50,100000.0,nM,>,CHEMBL679949,CHEMBL203,
CHEMBL91815,COc1ccc(-c2ccc3c(c2)NC(=O)/C3=C\c2[nH]c3c(c2CCC(=O)O)CCCC3)cc1,IC50,100000.0,nM,>,CHEMBL679949,CHEMBL203,
CHEMBL328029,O=C1Nc2ccccc2/C1=C/c1cc2c([nH]1)CCCC2,IC50,100000.0,nM,>,CHEMBL679949,CHEMBL203,
CHEMBL314995,O=C(O)CCc1c(/C=C2\C(=O)Nc3ccc(Br)cc32)[nH]c2c1CCCC2,IC50,100000.0,nM,>,CHEMBL679949,CHEMBL203,
CHEMBL88483,NS(=O)(=O)c1ccc2c(c1)/C(=C/c1cc3c([nH]1)CCCC3)C(=O)N2,IC50,100000.0,nM,>,CHEMBL679949,CHEMBL203,
CHEMBL313746,O=C1Nc2cc(-c3ccccc3)ccc2/C1=C/c1cc2c([nH]1)CCCC2,IC50,100000.0,nM,>,CHEMBL679949,CHEMBL203,
CHEMBL89363,Cc1c[nH]c(/C=C2\C(=O)Nc3ccccc32)c1CCC(=O)O,IC50,100000.0,nM,>,CHEMBL679949,CHEMBL203,
CHEMBL276711,Cc1cc(C)c(/C=C2\C(=O)Nc3ccccc32)[nH]1,IC50,100000.0,nM,>,CHEMBL679949,CHEMBL203,
CHEMBL313500,COc1ccc(-c2ccc3c(c2)NC(=O)/C3=C\c2cc3c([nH]2)CCCC3)cc1,IC50,100000.0,nM,>,CHEMBL679949,CHEMBL203,
CHEMBL89010,O=C1Nc2ccc(C(=O)O)cc2/C1=C/c1cc2c([nH]1)CCCC2,IC50,100000.0,nM,>,CHEMBL679949,CHEMBL203,
CHEMBL86531,NS(=O)(=O)c1ccc2c(c1)/C(=C/c1[nH]c3c(c1CCC(=O)O)CCCC3)C(=O)N2,IC50,29100.0,nM,=,CHEMBL679949,CHEMBL203,4.54
CHEMBL315753,O=C(O)CCc1c(/C=C2\C(=O)Nc3ccccc32)[nH]c2c1CCCC2,IC50,100000.0,nM,>,CHEMBL679949,CHEMBL203,
CHEMBL88606,O=C1Nc2ccc(Br)cc2/C1=C/c1cc2c([nH]1)CCCC2,IC50,100000.0,nM,>,CHEMBL679949,CHEMBL203,
CHEMBL313821,COc1ccccc1-c1ccc2c(c1)NC(=O)/C2=C\c1[nH]c2c(c1CCC(=O)O)CCCC2,IC50,100000.0,nM,>,CHEMBL679949,CHEMBL203,
CHEMBL266969,O=C1NC(=O)c2cc(NC3CCCCC3)c(NC3CCCCC3)cc21,IC50,50000.0,nM,>,CHEMBL679549,CHEMBL203,
CHEMBL138691,C=CC(=O)N(CCN(C)C)c1cc2c(Nc3cccc(Br)c3)ncnc2cn1,IC50,4.2,nM,=,CHEMBL673925,CHEMBL203,8.38
CHEMBL138691,C=CC(=O)N(CCN(C)C)c1cc2c(Nc3cccc(Br)c3)ncnc2cn1,IC50,2282.0,nM,=,CHEMBL677216,CHEMBL203,5.64
CHEMBL138691,C=CC(=O)N(CCN(C)C)c1cc2c(Nc3cccc(Br)c3)ncnc2cn1,Inhibition,80.0,%,=,CHEMBL623728,CHEMBL203,
CHEMBL51283,CN1CCN(c2ccc(Nc3ncc4cc(-c5c(Cl)cccc5Cl)c(=O)n(C)c4n3)cc2)CC1,IC50,,nM,,CHEMBL680020,CHEMBL203,
CHEMBL52829,Cc1cccc(Nc2ncnc3cnc(N(C)C)nc23)c1,IC50,4.0,nM,=,CHEMBL679947,CHEMBL203,8.40
CHEMBL52823,Cc1cccc(Nc2ncnc3cnc(Cl)nc23)c1,IC50,380.0,nM,=,CHEMBL679947,CHEMBL203,6.42
CHEMBL8000,O=C1c2cc(Nc3ccccc3)c(Nc3ccccc3)cc2C(=O)N1c1ccccc1,IC50,100000.0,nM,>,CHEMBL679549,CHEMBL203,
CHEMBL8000,O=C1c2cc(Nc3ccccc3)c(Nc3ccccc3)cc2C(=O)N1c1ccccc1,IC50,50000.0,nM,>,CHEMBL621149,CHEMBL203,
CHEMBL139307,C=CC(=O)N(CCCN1CCOCC1)c1ccc2ncnc(Nc3cccc(Br)c3)c2c1,IC50,3.3,nM,=,CHEMBL673925,CHEMBL203,8.48
CHEMBL139307,C=CC(=O)N(CCCN1CCOCC1)c1ccc2ncnc(Nc3cccc(Br)c3)c2c1,IC50,194.0,nM,=,CHEMBL677216,CHEMBL203,6.71
CHEMBL139307,C=CC(=O)N(CCCN1CCOCC1)c1ccc2ncnc(Nc3cccc(Br)c3)c2c1,Inhibition,20.0,%,<,CHEMBL623728,CHEMBL203,
CHEMBL111913,CC(=O)Nc1ncc2cc(-c3c(Cl)cccc3Cl)c(=O)n(C)c2n1,IC50,,nM,,CHEMBL680020,CHEMBL203,
CHEMBL322298,CCn1c(=O)c(-c2c(Cl)cccc2Cl)cc2cnc(Nc3ccccc3)nc21,IC50,200.0,nM,=,CHEMBL680019,CHEMBL203,6.70
CHEMBL111434,Cn1c(=O)c(-c2c(Cl)cccc2Cl)cc2cnc(Nc3cccc(Br)c3)nc21,IC50,670.0,nM,=,CHEMBL680019,CHEMBL203,6.17
CHEMBL111197,COc1cccc(Nc2ncc3cc(-c4c(Cl)cccc4Cl)c(=O)n(C)c3n2)c1,IC50,30.0,nM,=,CHEMBL680019,CHEMBL203,7.52
CHEMBL291667,Cn1c(SSc2c(C(=O)Nc3ccccc3)c3cccc(Cl)c3n2C)c(C(=O)Nc2ccccc2)c2cccc(Cl)c21,IC50,100000.0,nM,>,CHEMBL677391,CHEMBL203,
CHEMBL8091,COC(=O)c1cc(Nc2ccc(F)cc2)c(Nc2ccc(F)cc2)cc1C(=O)OC,IC50,100000.0,nM,>,CHEMBL679549,CHEMBL203,
CHEMBL136058,O=C(/C=C/C(=O)Nc1cc2c(Nc3cccc(Br)c3)ncnc2cn1)NCCCN1CCOCC1,IC50,0.81,nM,=,CHEMBL673925,CHEMBL203,9.09
CHEMBL136058,O=C(/C=C/C(=O)Nc1cc2c(Nc3cccc(Br)c3)ncnc2cn1)NCCCN1CCOCC1,IC50,8.8,nM,=,CHEMBL677216,CHEMBL203,8.06
CHEMBL136058,O=C(/C=C/C(=O)Nc1cc2c(Nc3cccc(Br)c3)ncnc2cn1)NCCCN1CCOCC1,Inhibition,80.0,%,>,CHEMBL623728,CHEMBL203,
CHEMBL136058,O=C(/C=C/C(=O)Nc1cc2c(Nc3cccc(Br)c3)ncnc2cn1)NCCCN1CCOCC1,IC50,8.8,nM,=,CHEMBL677213,CHEMBL203,8.06
CHEMBL113128,Cn1c(=O)c(-c2c(Cl)cccc2Cl)cc2cnc(NC3CCCCC3)nc21,IC50,50000.0,nM,>,CHEMBL680019,CHEMBL203,
CHEMBL109547,CCOC(=O)c1cccc(Nc2ncc3cc(-c4c(Cl)cccc4Cl)c(=O)n(C)c3n2)c1,IC50,,nM,,CHEMBL680020,CHEMBL203,
CHEMBL51854,COc1ncc2ncnc(Nc3cccc(Br)c3)c2n1,IC50,3.8,nM,=,CHEMBL679947,CHEMBL203,8.42
CHEMBL939,COc1cc2ncnc(Nc3ccc(F)c(Cl)c3)c2cc1OCCCN1CCOCC1,IC50,515.0,nM,=,CHEMBL683041,CHEMBL203,6.29
CHEMBL95320,C#Cc1cccc(Nc2c(C#N)cnc3cc(OCCOC)c(OCCOC)cc23)c1,IC50,850.0,nM,=,CHEMBL683041,CHEMBL203,6.07
CHEMBL8271,O=C1NC(=O)c2cc(Sc3ccccc3)c(Sc3ccccc3)cc21,IC50,100000.0,nM,>,CHEMBL679549,CHEMBL203,
CHEMBL323775,Cn1c(=O)c(-c2c(Cl)cccc2Cl)cc2cnc(Nc3ccc(OCCN4CCCCC4)cc3)nc21,IC50,,nM,,CHEMBL680020,CHEMBL203,
CHEMBL298931,Cc1cccc(Nc2ncnc3cnc(N)nc23)c1,IC50,17.0,nM,=,CHEMBL679947,CHEMBL203,7.77
CHEMBL292323,COc1cccc2c(C(=O)Nc3ccccc3)c(SSc3c(C(=O)Nc4ccccc4)c4cccc(OC)c4n3C)n(C)c12,IC50,6500.0,nM,=,CHEMBL677391,CHEMBL203,5.19
CHEMBL334334,COC(=O)c1cccc(NCc2cc(O)ccc2O)c1,IC50,9000.0,nM,=,CHEMBL676146,CHEMBL203,5.05
CHEMBL316764,O=C(O)c1cc(/N=C/c2cc(O)ccc2O)ccc1O,IC50,100000.0,nM,>,CHEMBL676146,CHEMBL203,
CHEMBL545315,C=CC(=O)Nc1cc2c(Nc3ccc(F)c(Cl)c3)ncnc2cc1OCCCN1CCOCC1.Cl.Cl,IC50,1.5,nM,=,CHEMBL673925,CHEMBL203,8.82
CHEMBL545315,C=CC(=O)Nc1cc2c(Nc3ccc(F)c(Cl)c3)ncnc2cc1OCCCN1CCOCC1.Cl.Cl,IC50,7.4,nM,=,CHEMBL677216,CHEMBL203,8.13
CHEMBL545315,C=CC(=O)Nc1cc2c(Nc3ccc(F)c(Cl)c3)ncnc2cc1OCCCN1CCOCC1.Cl.Cl,Inhibition,80.0,%,>,CHEMBL623728,CHEMBL203,
CHEMBL545315,C=CC(=O)Nc1cc2c(Nc3ccc(F)c(Cl)c3)ncnc2cc1OCCCN1CCOCC1.Cl.Cl,IC50,7.4,nM,=,CHEMBL677213,CHEMBL203,8.13
CHEMBL111365,COc1ccc(Nc2ncc3cc(-c4c(Cl)cccc4Cl)c(=O)n(C)c3n2)cn1,IC50,1300.0,nM,=,CHEMBL680019,CHEMBL203,5.89
CHEMBL113521,CCNCCOc1ccc(Nc2ncc3cc(-c4c(Cl)cccc4Cl)c(=O)n(C)c3n2)cc1,IC50,,nM,,CHEMBL680020,CHEMBL203,
CHEMBL52591,CNc1ncc2ncnc(Nc3cccc(C)c3)c2n1,IC50,4.3,nM,=,CHEMBL679947,CHEMBL203,8.37
CHEMBL64459,Cc1ccc2c(C(=O)Nc3ccccc3)c(SSc3c(C(=O)Nc4ccccc4)c4ccc(C)cc4n3C)n(C)c2c1,IC50,100000.0,nM,>,CHEMBL677391,CHEMBL203,
CHEMBL129989,COC(=O)c1cc(/N=C/c2cc(O)ccc2O)ccc1OC,IC50,100000.0,nM,>,CHEMBL676146,CHEMBL203,
CHEMBL132907,COC(=O)c1cc(NCc2ccccc2O)ccc1O,IC50,20000.0,nM,=,CHEMBL676146,CHEMBL203,4.70
CHEMBL268368,O=C1NC(=O)c2c1c1c3ccccc3[nH]c1c1[nH]c3ccccc3c21,IC50,100000.0,nM,>,CHEMBL679549,CHEMBL203,
CHEMBL422292,CCOC(=O)/C=C/C(=O)Nc1cc2c(Nc3cccc(Br)c3)ncnc2cn1,IC50,1.5,nM,=,CHEMBL673925,CHEMBL203,8.82
CHEMBL422292,CCOC(=O)/C=C/C(=O)Nc1cc2c(Nc3cccc(Br)c3)ncnc2cn1,IC50,51.0,nM,=,CHEMBL677216,CHEMBL203,7.29
CHEMBL422292,CCOC(=O)/C=C/C(=O)Nc1cc2c(Nc3cccc(Br)c3)ncnc2cn1,Inhibition,80.0,%,=,CHEMBL623728,CHEMBL203,
CHEMBL51573,Cc1ncc2cc(-c3c(Cl)cccc3Cl)c(=O)n(C)c2n1,IC50,,nM,,CHEMBL680020,CHEMBL203,
CHEMBL110034,Cn1c(=O)c(-c2c(Cl)cccc2Cl)cc2cnc(NCc3cccnc3)nc21,IC50,5000.0,nM,>,CHEMBL680019,CHEMBL203,
CHEMBL113023,COc1ccc(Nc2ncc3cc(-c4c(Cl)cccc4Cl)c(=O)n(C)c3n2)cc1C,IC50,250.0,nM,=,CHEMBL680019,CHEMBL203,6.60
CHEMBL417420,Brc1cccc(Nc2ncnc3cnc(NCCCN4CCOCC4)nc23)c1,IC50,2.9,nM,=,CHEMBL679947,CHEMBL203,8.54
CHEMBL304414,Cn1c(SSc2c(C(=O)Nc3ccccc3)c3ccccc3n2C)c(C(=O)Nc2ccccc2)c2ccccc21,IC50,10000.0,nM,=,CHEMBL677391,CHEMBL203,5.00
CHEMBL106232,CN1CCN(CCCCCNc2ncc3cc(-c4c(Cl)cccc4Cl)c(=O)n(C)c3n2)CC1,IC50,4500.0,nM,=,CHEMBL680019,CHEMBL203,5.35
CHEMBL327127,Cn1c(=O)c(-c2c(Cl)cccc2Cl)cc2cnc(Nc3cccc(CO)c3)nc21,IC50,90.0,nM,=,CHEMBL680019,CHEMBL203,7.05
CHEMBL294475,Brc1cccc(Nc2ncnc3cnc(NCCN4CCOCC4)nc23)c1,IC50,0.81,nM,=,CHEMBL679947,CHEMBL203,9.09
CHEMBL294475,Brc1cccc(Nc2ncnc3cnc(NCCN4CCOCC4)nc23)c1,IC50,3.1,nM,=,CHEMBL680026,CHEMBL203,8.51
CHEMBL266487,O=C1NC(=O)C(c2c[nH]c3ccccc23)=C1c1c[nH]c2ccccc12,IC50,50000.0,nM,>,CHEMBL679549,CHEMBL203,
CHEMBL293261,O=C(CCc1c(SSc2[nH]c3ccccc3c2CCC(=O)NCc2ccccc2)[nH]c2ccccc12)NCc1ccccc1,IC50,850.0,nM,=,CHEMBL677390,CHEMBL203,6.07
CHEMBL323405,Cn1c(=O)c(-c2c(Cl)cccc2Cl)cc2cnc(Nc3ccc(O)cc3)nc21,IC50,,nM,,CHEMBL680020,CHEMBL203,
CHEMBL331366,Cn1c(=O)c(-c2c(Cl)cccc2Cl)cc2cnc(Nc3ccc(OCCN)cc3)nc21,IC50,,nM,,CHEMBL680020,CHEMBL203,
CHEMBL53310,CNc1ncc2ncnc(Nc3ccccc3)c2n1,IC50,13.0,nM,=,CHEMBL679947,CHEMBL203,7.89
CHEMBL267019,O=C1NC(=O)c2cc(Nc3ccc(O)cc3)c(Nc3ccc(O)cc3)cc21,IC50,2500.0,nM,=,CHEMBL679549,CHEMBL203,5.60
CHEMBL285063,C=CC(=O)Nc1ccc2ncnc(Nc3cccc(Br)c3)c2c1,IC50,0.7,nM,=,CHEMBL673925,CHEMBL203,9.15
CHEMBL285063,C=CC(=O)Nc1ccc2ncnc(Nc3cccc(Br)c3)c2c1,IC50,2.7,nM,=,CHEMBL677216,CHEMBL203,8.57
CHEMBL285063,C=CC(=O)Nc1ccc2ncnc(Nc3cccc(Br)c3)c2c1,Inhibition,80.0,%,>,CHEMBL623728,CHEMBL203,
CHEMBL136404,C/C=C/C(=O)Nc1cc2c(Nc3cccc(Br)c3)ncnc2cn1,IC50,0.5,nM,=,CHEMBL673925,CHEMBL203,9.30
CHEMBL136404,C/C=C/C(=O)Nc1cc2c(Nc3cccc(Br)c3)ncnc2cn1,IC50,7.7,nM,=,CHEMBL677216,CHEMBL203,8.11
CHEMBL136404,C/C=C/C(=O)Nc1cc2c(Nc3cccc(Br)c3)ncnc2cn1,Inhibition,80.0,%,=,CHEMBL623728,CHEMBL203,
CHEMBL113356,Cn1c(=O)c(-c2c(Cl)cccc2Cl)cc2cnc(NCc3ccccc3)nc21,IC50,50000.0,nM,>,CHEMBL680019,CHEMBL203,
CHEMBL291979,Cn1c(SSc2c(C(=O)Nc3ccccc3)c3cc(C#N)ccc3n2C)c(C(=O)Nc2ccccc2)c2cc(C#N)ccc21,IC50,54100.0,nM,=,CHEMBL677391,CHEMBL203,4.27
CHEMBL62843,Cn1c(SSc2c(C(=O)Nc3ccccc3)c3cccc(O)c3n2C)c(C(=O)Nc2ccccc2)c2cccc(O)c21,IC50,100000.0,nM,=,CHEMBL677391,CHEMBL203,4.00
CHEMBL63009,CN1C(=S)C(C)(C(=O)Nc2ccccc2)c2ccccc21,IC50,100000.0,nM,>,CHEMBL677391,CHEMBL203,
CHEMBL267941,CN(c1ccccc1)c1cc2c(cc1N(C)c1ccccc1)C(=O)NC2=O,IC50,50000.0,nM,>,CHEMBL679549,CHEMBL203,
CHEMBL334697,C=CC(=O)N(C)c1cc2c(Nc3cccc(Br)c3)ncnc2cn1,IC50,0.17,nM,=,CHEMBL673925,CHEMBL203,9.77
CHEMBL334697,C=CC(=O)N(C)c1cc2c(Nc3cccc(Br)c3)ncnc2cn1,IC50,13.0,nM,=,CHEMBL677217,CHEMBL203,7.89
CHEMBL334697,C=CC(=O)N(C)c1cc2c(Nc3cccc(Br)c3)ncnc2cn1,Inhibition,80.0,%,>,CHEMBL623727,CHEMBL203,
CHEMBL434827,CCN(CC)CCCNC(=O)/C=C/C(=O)Nc1cc2c(Nc3cccc(Br)c3)ncnc2cn1,IC50,0.73,nM,=,CHEMBL673925,CHEMBL203,9.14
CHEMBL434827,CCN(CC)CCCNC(=O)/C=C/C(=O)Nc1cc2c(Nc3cccc(Br)c3)ncnc2cn1,IC50,21.0,nM,=,CHEMBL677216,CHEMBL203,7.68
CHEMBL434827,CCN(CC)CCCNC(=O)/C=C/C(=O)Nc1cc2c(Nc3cccc(Br)c3)ncnc2cn1,Inhibition,80.0,%,>,CHEMBL623728,CHEMBL203,
CHEMBL434827,CCN(CC)CCCNC(=O)/C=C/C(=O)Nc1cc2c(Nc3cccc(Br)c3)ncnc2cn1,IC50,21.0,nM,=,CHEMBL679948,CHEMBL203,7.68
CHEMBL292287,Cc1cccc2c1c(C(=O)Nc1ccccc1)c(SSc1c(C(=O)Nc3ccccc3)c3c(C)cccc3n1C)n2C,IC50,100000.0,nM,>,CHEMBL677391,CHEMBL203,
CHEMBL64430,Cn1c(SSc2c(C(=O)Nc3ccccc3)c3cc([N+](=O)[O-])ccc3n2C)c(C(=O)Nc2ccccc2)c2cc([N+](=O)[O-])ccc21,IC50,5000.0,nM,=,CHEMBL677391,CHEMBL203,5.30
CHEMBL64068,CC(=O)Oc1ccc2c(C(=O)Nc3ccccc3)c(SSc3c(C(=O)Nc4ccccc4)c4ccc(OC(C)=O)cc4n3C)n(C)c2c1,IC50,100000.0,nM,>,CHEMBL677391,CHEMBL203,
CHEMBL62067,CN1C(=S)C(C(=O)Nc2ccccc2)c2cc(Cl)ccc21,IC50,100000.0,nM,>,CHEMBL677391,CHEMBL203,
CHEMBL64814,CSc1c(C(=O)Nc2ccccc2)c2ccccc2n1C,IC50,100000.0,nM,>,CHEMBL677391,CHEMBL203,
CHEMBL137082,C=CC(=O)N(CCCN1CCOCC1)c1cc2c(Nc3cccc(Br)c3)ncnc2cn1,IC50,2.7,nM,=,CHEMBL673925,CHEMBL203,8.57
CHEMBL137082,C=CC(=O)N(CCCN1CCOCC1)c1cc2c(Nc3cccc(Br)c3)ncnc2cn1,IC50,156.0,nM,=,CHEMBL677216,CHEMBL203,6.81
CHEMBL137082,C=CC(=O)N(CCCN1CCOCC1)c1cc2c(Nc3cccc(Br)c3)ncnc2cn1,Inhibition,80.0,%,<,CHEMBL623728,CHEMBL203,
CHEMBL299347,CN(C)c1ncc2cc(-c3c(Cl)cccc3Cl)c(=O)n(C)c2n1,IC50,50000.0,nM,>,CHEMBL680019,CHEMBL203,
CHEMBL324926,COc1cc(Nc2ncc3cc(-c4c(Cl)cccc4Cl)c(=O)n(C)c3n2)cc(OC)c1,IC50,330.0,nM,=,CHEMBL680019,CHEMBL203,6.48
CHEMBL53311,Clc1ncc2ncnc(Nc3cccc(Br)c3)c2n1,IC50,82.0,nM,=,CHEMBL679947,CHEMBL203,7.09
CHEMBL62176,CN1C(=S)C(C(=O)Nc2ccccc2)c2ccccc21,IC50,1000.0,nM,=,CHEMBL677391,CHEMBL203,6.00
CHEMBL130694,O=C(O)c1cc(/N=C/c2ccccc2O)ccc1O,IC50,20000.0,nM,>,CHEMBL676146,CHEMBL203,
CHEMBL423159,COC(=O)c1cc(NCc2cccc(O)c2)ccc1O,IC50,21000.0,nM,=,CHEMBL676146,CHEMBL203,4.68
CHEMBL109759,CC(C)Nc1ncc2cc(-c3c(Cl)cccc3Cl)c(=O)n(C)c2n1,IC50,5000.0,nM,>,CHEMBL680019,CHEMBL203,
CHEMBL299622,CNc1ncc2ncnc(Nc3cccc(Br)c3)c2n1,IC50,0.76,nM,=,CHEMBL679947,CHEMBL203,9.12
CHEMBL299622,CNc1ncc2ncnc(Nc3cccc(Br)c3)c2n1,IC50,30.0,nM,=,CHEMBL680026,CHEMBL203,7.52
CHEMBL138363,C=C(C)C(=O)Nc1cc2c(Nc3cccc(Br)c3)ncnc2cn1,IC50,1.6,nM,=,CHEMBL673925,CHEMBL203,8.80
CHEMBL138363,C=C(C)C(=O)Nc1cc2c(Nc3cccc(Br)c3)ncnc2cn1,IC50,44.0,nM,=,CHEMBL677216,CHEMBL203,7.36
CHEMBL138363,C=C(C)C(=O)Nc1cc2c(Nc3cccc(Br)c3)ncnc2cn1,Inhibition,20.0,%,<,CHEMBL623728,CHEMBL203,
CHEMBL93464,C/C=C/C(=O)Nc1ccc2ncnc(Nc3cccc(Br)c3)c2c1,IC50,0.55,nM,=,CHEMBL673925,CHEMBL203,9.26
CHEMBL93464,C/C=C/C(=O)Nc1ccc2ncnc(Nc3cccc(Br)c3)c2c1,IC50,8.7,nM,=,CHEMBL677216,CHEMBL203,8.06
CHEMBL93464,C/C=C/C(=O)Nc1ccc2ncnc(Nc3cccc(Br)c3)c2c1,Inhibition,80.0,%,=,CHEMBL623728,CHEMBL203,
CHEMBL112080,CN(C)CCOc1ccc(Nc2ncc3cc(-c4c(Cl)cccc4Cl)c(=O)n(C)c3n2)cc1,IC50,,nM,,CHEMBL680020,CHEMBL203,
CHEMBL53831,Nc1ncc2ncnc(Nc3cccc(Br)c3)c2n1,IC50,1.5,nM,=,CHEMBL679947,CHEMBL203,8.82
CHEMBL299881,Cc1cccc(Nc2ncnc3cnc(NCCN4CCOCC4)nc23)c1,IC50,2.3,nM,=,CHEMBL679947,CHEMBL203,8.64
CHEMBL50027,Clc1ncc2ncnc(Nc3ccccc3)c2n1,IC50,2550.0,nM,=,CHEMBL679947,CHEMBL203,5.59
CHEMBL31965,C=CC(=O)Nc1cc2c(Nc3ccc(F)c(Cl)c3)ncnc2cc1OCCCN1CCOCC1,IC50,74.0,nM,=,CHEMBL683041,CHEMBL203,7.13
CHEMBL344486,CCOC(=O)/C=C/C(=O)Nc1ccc2ncnc(Nc3cccc(Br)c3)c2c1,IC50,2.7,nM,=,CHEMBL673925,CHEMBL203,8.57
CHEMBL344486,CCOC(=O)/C=C/C(=O)Nc1ccc2ncnc(Nc3cccc(Br)c3)c2c1,IC50,64.0,nM,=,CHEMBL677216,CHEMBL203,7.19
CHEMBL344486,CCOC(=O)/C=C/C(=O)Nc1ccc2ncnc(Nc3cccc(Br)c3)c2c1,Inhibition,80.0,%,=,CHEMBL623728,CHEMBL203,
CHEMBL138940,O=C(/C=C/C(=O)Nc1cc2c(Nc3ccc(F)c(Cl)c3)ncnc2cn1)NCCCN1CCOCC1,IC50,0.61,nM,=,CHEMBL673925,CHEMBL203,9.21
CHEMBL138940,O=C(/C=C/C(=O)Nc1cc2c(Nc3ccc(F)c(Cl)c3)ncnc2cn1)NCCCN1CCOCC1,IC50,14.0,nM,=,CHEMBL677216,CHEMBL203,7.85
CHEMBL138940,O=C(/C=C/C(=O)Nc1cc2c(Nc3ccc(F)c(Cl)c3)ncnc2cn1)NCCCN1CCOCC1,Inhibition,80.0,%,>,CHEMBL623728,CHEMBL203,
CHEMBL138940,O=C(/C=C/C(=O)Nc1cc2c(Nc3ccc(F)c(Cl)c3)ncnc2cn1)NCCCN1CCOCC1,IC50,14.0,nM,=,CHEMBL677213,CHEMBL203,7.85
CHEMBL112706,CN1CCN(Cc2ccc(Nc3ncc4cc(-c5c(Cl)cccc5Cl)c(=O)n(C)c4n3)cc2)CC1,IC50,,nM,,CHEMBL680020,CHEMBL203,
CHEMBL321193,Cn1c(=O)c(-c2c(Cl)cccc2Cl)cc2cnc(Nc3cccc(O)c3)nc21,IC50,150.0,nM,=,CHEMBL680019,CHEMBL203,6.82
CHEMBL419022,CCOC(=O)CCCc1ccc(Nc2ncc3cc(-c4c(Cl)cccc4Cl)c(=O)n(C)c3n2)cc1,IC50,700.0,nM,=,CHEMBL680019,CHEMBL203,6.16
CHEMBL53426,Brc1cccc(Nc2ncnc3cnc(NCCc4c[nH]cn4)nc23)c1,IC50,0.25,nM,=,CHEMBL679947,CHEMBL203,9.60
CHEMBL53426,Brc1cccc(Nc2ncnc3cnc(NCCc4c[nH]cn4)nc23)c1,IC50,5.1,nM,=,CHEMBL680026,CHEMBL203,8.29
CHEMBL53711,CN(C)c1cc2c(Nc3cccc(Br)c3)ncnc2cn1,IC50,2.6,nM,=,CHEMBL680030,CHEMBL203,8.59
CHEMBL53711,CN(C)c1cc2c(Nc3cccc(Br)c3)ncnc2cn1,IC50,12.0,nM,=,CHEMBL680031,CHEMBL203,7.92
CHEMBL344177,O=C(/C=C/Cl)Nc1cc2c(Nc3cccc(Br)c3)ncnc2cn1,IC50,0.69,nM,=,CHEMBL673925,CHEMBL203,9.16
CHEMBL344177,O=C(/C=C/Cl)Nc1cc2c(Nc3cccc(Br)c3)ncnc2cn1,IC50,20.0,nM,=,CHEMBL677216,CHEMBL203,7.70
CHEMBL344177,O=C(/C=C/Cl)Nc1cc2c(Nc3cccc(Br)c3)ncnc2cn1,Inhibition,80.0,%,>,CHEMBL623728,CHEMBL203,
CHEMBL136178,CC(=O)/C=C/C(=O)Nc1ccc2ncnc(Nc3cccc(Br)c3)c2c1,IC50,1.2,nM,=,CHEMBL673925,CHEMBL203,8.92
CHEMBL136178,CC(=O)/C=C/C(=O)Nc1ccc2ncnc(Nc3cccc(Br)c3)c2c1,IC50,1039.0,nM,=,CHEMBL677216,CHEMBL203,5.98
CHEMBL136178,CC(=O)/C=C/C(=O)Nc1ccc2ncnc(Nc3cccc(Br)c3)c2c1,Inhibition,80.0,%,=,CHEMBL623728,CHEMBL203,
CHEMBL136511,C=CS(=O)(=O)Nc1ccc2ncnc(Nc3cccc(Br)c3)c2c1,IC50,1.4,nM,=,CHEMBL673925,CHEMBL203,8.85
CHEMBL136511,C=CS(=O)(=O)Nc1ccc2ncnc(Nc3cccc(Br)c3)c2c1,IC50,2.7,nM,=,CHEMBL677216,CHEMBL203,8.57
CHEMBL136511,C=CS(=O)(=O)Nc1ccc2ncnc(Nc3cccc(Br)c3)c2c1,Inhibition,80.0,%,>,CHEMBL623728,CHEMBL203,
CHEMBL320339,CC[N+]([O-])(CC)CCOc1ccc(Nc2ncc3cc(-c4c(Cl)cccc4Cl)c(=O)n(C)c3n2)cc1,IC50,,nM,,CHEMBL680020,CHEMBL203,
CHEMBL416307,Cc1cccc(Nc2ncnc3cnc(NCCc4c[nH]cn4)nc23)c1,IC50,3.0,nM,=,CHEMBL679947,CHEMBL203,8.52
CHEMBL64165,Cc1cccc2c(C(=O)Nc3ccccc3)c(SSc3c(C(=O)Nc4ccccc4)c4cccc(C)c4n3C)n(C)c12,IC50,100000.0,nM,>,CHEMBL677391,CHEMBL203,
CHEMBL130116,O=C(O)c1cccc(/N=C/c2cc(O)ccc2O)c1,IC50,20000.0,nM,>,CHEMBL676146,CHEMBL203,
CHEMBL44,O=c1c(-c2ccc(O)cc2)coc2cc(O)cc(O)c12,IC50,1000.0,nM,=,CHEMBL679549,CHEMBL203,6.00
CHEMBL136102,CN(C)CCCNC(=O)/C=C/C(=O)N(C)c1cc2c(Nc3cccc(Br)c3)ncnc2cn1,IC50,1.45,nM,=,CHEMBL673925,CHEMBL203,8.84
CHEMBL136102,CN(C)CCCNC(=O)/C=C/C(=O)N(C)c1cc2c(Nc3cccc(Br)c3)ncnc2cn1,IC50,193.0,nM,=,CHEMBL677216,CHEMBL203,6.71
CHEMBL136102,CN(C)CCCNC(=O)/C=C/C(=O)N(C)c1cc2c(Nc3cccc(Br)c3)ncnc2cn1,Inhibition,80.0,%,=,CHEMBL623728,CHEMBL203,
CHEMBL336264,C=CS(=O)(=O)c1cc2c(Nc3cccc(Br)c3)ncnc2cn1,IC50,0.43,nM,=,CHEMBL673925,CHEMBL203,9.37
CHEMBL336264,C=CS(=O)(=O)c1cc2c(Nc3cccc(Br)c3)ncnc2cn1,IC50,500.0,nM,>,CHEMBL677216,CHEMBL203,
CHEMBL336264,C=CS(=O)(=O)c1cc2c(Nc3cccc(Br)c3)ncnc2cn1,Inhibition,80.0,%,>,CHEMBL623728,CHEMBL203,
CHEMBL104153,COc1ccc(Nc2ncc3cc(-c4c(Cl)cccc4Cl)c(=O)n(C)c3n2)cc1,IC50,220.0,nM,=,CHEMBL680019,CHEMBL203,6.66
CHEMBL53156,CNc1ccc2ncnc(Nc3cccc(Br)c3)c2n1,IC50,3.1,nM,=,CHEMBL680030,CHEMBL203,8.51
CHEMBL53156,CNc1ccc2ncnc(Nc3cccc(Br)c3)c2n1,IC50,20.0,nM,=,CHEMBL680031,CHEMBL203,7.70
CHEMBL95774,C=CC(=O)Nc1cc2c(Nc3ccc(F)c(Cl)c3)c(C#N)cnc2cc1OCCCN1CCOCC1,IC50,80.0,nM,=,CHEMBL683041,CHEMBL203,7.10
CHEMBL130893,COC(=O)c1ccc(/N=C/c2cc(O)ccc2O)cc1O,IC50,10000.0,nM,>,CHEMBL676146,CHEMBL203,
CHEMBL340449,COC(=O)c1cc(/N=C/c2cc(OC)ccc2OC)ccc1O,Inhibition,14.0,%,=,CHEMBL676148,CHEMBL203,
CHEMBL129907,O=C(O)c1cccc(NCc2cc(O)ccc2O)c1,IC50,20000.0,nM,>,CHEMBL676146,CHEMBL203,
CHEMBL131653,COC(=O)c1cc(NCc2cc(O)ccc2O)ccc1O,IC50,9000.0,nM,=,CHEMBL676146,CHEMBL203,5.05
CHEMBL334739,COC(=O)c1cc(NCc2cc(OC)ccc2OC)ccc1O,Inhibition,18.0,%,=,CHEMBL676149,CHEMBL203,
CHEMBL268868,O=C1NC(=O)c2cc(Nc3ccccc3)c(Nc3ccccc3)cc21,IC50,300.0,nM,=,CHEMBL679549,CHEMBL203,6.52
CHEMBL268868,O=C1NC(=O)c2cc(Nc3ccccc3)c(Nc3ccccc3)cc21,Ki,160.0,nM,=,CHEMBL642000,CHEMBL203,6.80
CHEMBL268868,O=C1NC(=O)c2cc(Nc3ccccc3)c(Nc3ccccc3)cc21,IC50,4500.0,nM,>,CHEMBL621149,CHEMBL203,
CHEMBL7352,COc1ccc(Nc2cc3c(cc2Nc2ccc(OC)cc2)C(=O)NC3=O)cc1,IC50,50000.0,nM,>,CHEMBL679549,CHEMBL203,
CHEMBL7352,COc1ccc(Nc2cc3c(cc2Nc2ccc(OC)cc2)C(=O)NC3=O)cc1,IC50,100000.0,nM,>,CHEMBL621149,CHEMBL203,
CHEMBL7775,CN(c1ccccc1)c1cc2c(cc1Nc1ccccc1)C(=O)NC2=O,IC50,8700.0,nM,=,CHEMBL679549,CHEMBL203,5.06
CHEMBL7775,CN(c1ccccc1)c1cc2c(cc1Nc1ccccc1)C(=O)NC2=O,IC50,100000.0,nM,>,CHEMBL621149,CHEMBL203,
CHEMBL8222,COC(=O)c1cc(Nc2ccccc2)c(Nc2ccccc2)cc1C(=O)OC,IC50,100000.0,nM,>,CHEMBL679549,CHEMBL203,
CHEMBL53711,CN(C)c1cc2c(Nc3cccc(Br)c3)ncnc2cn1,IC50,0.006,nM,=,CHEMBL680030,CHEMBL203,
CHEMBL53711,CN(C)c1cc2c(Nc3cccc(Br)c3)ncnc2cn1,IC50,21.0,nM,=,CHEMBL680031,CHEMBL203,7.68
CHEMBL60200,Cc1ccc2c(c1)c(C(=O)Nc1ccccc1)c(SSc1c(C(=O)Nc3ccccc3)c3cc(C)ccc3n1C)n2C,IC50,100000.0,nM,>,CHEMBL677391,CHEMBL203,
CHEMBL61119,CC(=O)Oc1ccc2c(c1)c(C(=O)Nc1ccccc1)c(SSc1c(C(=O)Nc3ccccc3)c3cc(OC(C)=O)ccc3n1C)n2C,IC50,5300.0,nM,=,CHEMBL677391,CHEMBL203,5.28
CHEMBL64231,Cn1c(SSCc2ccccc2)c(C(=O)Nc2ccccc2)c2ccccc21,IC50,100000.0,nM,>,CHEMBL677391,CHEMBL203,
CHEMBL335440,O=S(=O)(CCO)c1cc2c(Nc3cccc(Br)c3)ncnc2cn1,IC50,93.5,nM,=,CHEMBL673925,CHEMBL203,7.03
CHEMBL335440,O=S(=O)(CCO)c1cc2c(Nc3cccc(Br)c3)ncnc2cn1,Inhibition,80.0,%,<,CHEMBL623728,CHEMBL203,
CHEMBL50647,Cn1c(=O)c(-c2c(Cl)cccc2Cl)cc2cnc(Nc3ccc(CC(=O)O)cc3)nc21,IC50,220.0,nM,=,CHEMBL680019,CHEMBL203,6.66
CHEMBL320705,COc1ccccc1Nc1ncc2cc(-c3c(Cl)cccc3Cl)c(=O)n(C)c2n1,IC50,66.0,nM,=,CHEMBL680019,CHEMBL203,7.18
CHEMBL51228,Brc1cccc(Nc2ncnc3cnc(NCCCn4ccnc4)nc23)c1,IC50,2.3,nM,=,CHEMBL679947,CHEMBL203,8.64
CHEMBL130117,COC(=O)c1cc(/N=C/c2ccc(O)cc2)ccc1O,IC50,10000.0,nM,>,CHEMBL676147,CHEMBL203,
CHEMBL129930,COC(=O)c1cc(NCc2cc(O)ccc2O)ccc1OC,IC50,9500.0,nM,=,CHEMBL676146,CHEMBL203,5.02
CHEMBL48172,Cn1c(=O)c(-c2c(Cl)cccc2Cl)cc2cnc(NCCCN3CCOCC3)nc21,IC50,5000.0,nM,>,CHEMBL680019,CHEMBL203,
CHEMBL113863,Cn1c(=O)c(-c2c(Cl)cccc2Cl)cc2cnc(NCCCCCC(=O)O)nc21,IC50,1000.0,nM,=,CHEMBL680019,CHEMBL203,6.00
CHEMBL553,C#Cc1cccc(Nc2ncnc3cc(OCCOC)c(OCCOC)cc23)c1,IC50,1450.0,nM,=,CHEMBL683041,CHEMBL203,5.84
CHEMBL62699,CN1C(=S)C(C(=O)Nc2ccccc2)c2cccnc21,IC50,100000.0,nM,>,CHEMBL677391,CHEMBL203,
CHEMBL92086,C=C(C)C(=O)Nc1ccc2ncnc(Nc3cccc(Br)c3)c2c1,IC50,1.2,nM,=,CHEMBL673925,CHEMBL203,8.92
CHEMBL92086,C=C(C)C(=O)Nc1ccc2ncnc(Nc3cccc(Br)c3)c2c1,IC50,16.0,nM,=,CHEMBL677216,CHEMBL203,7.80
CHEMBL92086,C=C(C)C(=O)Nc1ccc2ncnc(Nc3cccc(Br)c3)c2c1,Inhibition,20.0,%,<,CHEMBL623728,CHEMBL203,
CHEMBL109631,Cn1c(=O)c(-c2c(Cl)cccc2Cl)cc2cnc(Nc3cccc(C(=O)O)c3)nc21,IC50,190.0,nM,=,CHEMBL680019,CHEMBL203,6.72
CHEMBL52015,CN(C)c1ccc2ncnc(Nc3cccc(Br)c3)c2c1,IC50,84.0,nM,=,CHEMBL680030,CHEMBL203,7.08
CHEMBL53796,CN(C)c1ccc2ncnc(Nc3cccc(Br)c3)c2n1,IC50,9.6,nM,=,CHEMBL680030,CHEMBL203,8.02
CHEMBL53796,CN(C)c1ccc2ncnc(Nc3cccc(Br)c3)c2n1,IC50,32.0,nM,=,CHEMBL680031,CHEMBL203,7.50
CHEMBL51853,Nc1cc2c(Nc3cccc(Br)c3)ncnc2cn1,IC50,0.13,nM,=,CHEMBL680030,CHEMBL203,9.89
CHEMBL51853,Nc1cc2c(Nc3cccc(Br)c3)ncnc2cn1,IC50,16.0,nM,=,CHEMBL680031,CHEMBL203,7.80
CHEMBL294205,COc1cccc2c1c(C(=O)Nc1ccccc1)c(SSc1c(C(=O)Nc3ccccc3)c3c(OC)cccc3n1C)n2C,IC50,100000.0,nM,>,CHEMBL677391,CHEMBL203,
CHEMBL293913,Cn1c(SSc2c(C(=O)Nc3ccccc3)c3ccc(O)cc3n2C)c(C(=O)Nc2ccccc2)c2ccc(O)cc21,IC50,44000.0,nM,=,CHEMBL677391,CHEMBL203,4.36
CHEMBL133283,COC(=O)c1ccc(NCc2cc(O)ccc2O)cc1O,IC50,10000.0,nM,=,CHEMBL676146,CHEMBL203,5.00
CHEMBL7914,Cc1ccc(Nc2cc3c(cc2Nc2ccc(C)cc2)C(=O)NC3=O)cc1,IC50,2500.0,nM,=,CHEMBL679549,CHEMBL203,5.60
CHEMBL7914,Cc1ccc(Nc2cc3c(cc2Nc2ccc(C)cc2)C(=O)NC3=O)cc1,IC50,4500.0,nM,=,CHEMBL621149,CHEMBL203,5.35
CHEMBL7929,O=C1NC(=O)c2cc(Nc3ccc(-c4ccccc4)cc3)c(Nc3ccc(-c4ccccc4)cc3)cc21,IC50,50000.0,nM,>,CHEMBL679549,CHEMBL203,
CHEMBL7929,O=C1NC(=O)c2cc(Nc3ccc(-c4ccccc4)cc3)c(Nc3ccc(-c4ccccc4)cc3)cc21,IC50,100000.0,nM,>,CHEMBL621149,CHEMBL203,
CHEMBL334801,CN(C)CCCNC(=O)/C=C/C(=O)Nc1cc2c(Nc3cccc(Br)c3)ncnc2cn1,IC50,1.1,nM,=,CHEMBL673925,CHEMBL203,8.96
CHEMBL334801,CN(C)CCCNC(=O)/C=C/C(=O)Nc1cc2c(Nc3cccc(Br)c3)ncnc2cn1,IC50,57.0,nM,=,CHEMBL677216,CHEMBL203,7.24
CHEMBL334801,CN(C)CCCNC(=O)/C=C/C(=O)Nc1cc2c(Nc3cccc(Br)c3)ncnc2cn1,Inhibition,80.0,%,>,CHEMBL623728,CHEMBL203,
CHEMBL334801,CN(C)CCCNC(=O)/C=C/C(=O)Nc1cc2c(Nc3cccc(Br)c3)ncnc2cn1,IC50,57.0,nM,=,CHEMBL679948,CHEMBL203,7.24
CHEMBL111618,Cn1c(=O)c(-c2c(Cl)cccc2Cl)cc2cnc(NCCO)nc21,IC50,5000.0,nM,>,CHEMBL680019,CHEMBL203,
CHEMBL325589,Cn1c(=O)c(-c2c(Cl)cccc2Cl)cc2cnc(Nc3cccnc3)nc21,IC50,510.0,nM,=,CHEMBL680019,CHEMBL203,6.29
CHEMBL99024,COc1cc2ncc(C#N)c(Nc3ccc(F)c(Cl)c3)c2cc1OCCCN1CCOCC1,IC50,1040.0,nM,=,CHEMBL683041,CHEMBL203,5.98
CHEMBL59812,CC(=O)Oc1cccc2c1c(C(=O)Nc1ccccc1)c(SSc1c(C(=O)Nc3ccccc3)c3c(OC(C)=O)cccc3n1C)n2C,IC50,20000.0,nM,=,CHEMBL677391,CHEMBL203,4.70
CHEMBL130523,COC(=O)c1cc(/N=C/c2ccc(O)cc2O)ccc1O,Inhibition,65.0,%,=,CHEMBL676149,CHEMBL203,
CHEMBL130337,COC(=O)c1cc(NCc2ccc(O)cc2)ccc1O,IC50,10000.0,nM,>,CHEMBL676146,CHEMBL203,
CHEMBL434828,O=C(/C=C/c1ccccc1)Nc1cc2c(Nc3cccc(Br)c3)ncnc2cn1,IC50,9.1,nM,=,CHEMBL673925,CHEMBL203,8.04
CHEMBL434828,O=C(/C=C/c1ccccc1)Nc1cc2c(Nc3cccc(Br)c3)ncnc2cn1,IC50,77.0,nM,=,CHEMBL677216,CHEMBL203,7.11
CHEMBL434828,O=C(/C=C/c1ccccc1)Nc1cc2c(Nc3cccc(Br)c3)ncnc2cn1,Inhibition,80.0,%,=,CHEMBL623728,CHEMBL203,
CHEMBL49596,Cn1c(=O)c(-c2c(Cl)cccc2Cl)cc2cnc(N)nc21,IC50,5600.0,nM,=,CHEMBL680019,CHEMBL203,5.25
CHEMBL50519,COc1ccc2ncnc(Nc3cccc(Br)c3)c2n1,IC50,4.3,nM,=,CHEMBL680030,CHEMBL203,8.37
CHEMBL63455,Cn1c(SSc2c(C(=O)Nc3ccccc3)c3cc(F)ccc3n2C)c(C(=O)Nc2ccccc2)c2cc(F)ccc21,IC50,100000.0,nM,>,CHEMBL677391,CHEMBL203,
CHEMBL293250,Cn1c(SSc2c(C(=O)Nc3ccccc3)c3cc(O)ccc3n2C)c(C(=O)Nc2ccccc2)c2cc(O)ccc21,IC50,40500.0,nM,=,CHEMBL677391,CHEMBL203,4.39
CHEMBL62701,Cn1c(SSc2c(C(=O)Nc3ccccc3)c3cccnc3n2C)c(C(=O)Nc2ccccc2)c2cccnc21,IC50,22300.0,nM,=,CHEMBL677391,CHEMBL203,4.65
CHEMBL51659,C=CC(=O)Nc1cc2c(Nc3cccc(Br)c3)ncnc2cn1,IC50,0.91,nM,=,CHEMBL673925,CHEMBL203,9.04
CHEMBL51659,C=CC(=O)Nc1cc2c(Nc3cccc(Br)c3)ncnc2cn1,IC50,3.4,nM,=,CHEMBL677216,CHEMBL203,8.47
CHEMBL51659,C=CC(=O)Nc1cc2c(Nc3cccc(Br)c3)ncnc2cn1,Inhibition,80.0,%,>,CHEMBL623727,CHEMBL203,
CHEMBL135142,O=C(/C=C/C(F)(F)F)Nc1ccc2ncnc(Nc3cccc(Br)c3)c2c1,IC50,1.75,nM,=,CHEMBL673925,CHEMBL203,8.76
CHEMBL135142,O=C(/C=C/C(F)(F)F)Nc1ccc2ncnc(Nc3cccc(Br)c3)c2c1,IC50,35.0,nM,=,CHEMBL677216,CHEMBL203,7.46
CHEMBL135142,O=C(/C=C/C(F)(F)F)Nc1ccc2ncnc(Nc3cccc(Br)c3)c2c1,Inhibition,80.0,%,>,CHEMBL623728,CHEMBL203,
CHEMBL343722,C=C=CC(=O)Nc1ccc2ncnc(Nc3cccc(Br)c3)c2c1,IC50,1.6,nM,=,CHEMBL673925,CHEMBL203,8.80
CHEMBL343722,C=C=CC(=O)Nc1ccc2ncnc(Nc3cccc(Br)c3)c2c1,IC50,120.0,nM,=,CHEMBL677216,CHEMBL203,6.92
CHEMBL343722,C=C=CC(=O)Nc1ccc2ncnc(Nc3cccc(Br)c3)c2c1,Inhibition,80.0,%,=,CHEMBL623728,CHEMBL203,
CHEMBL448154,CCn1c(=O)c(-c2c(Cl)cccc2Cl)cc2cnc(Nc3ccncc3)nc21,IC50,490.0,nM,=,CHEMBL680019,CHEMBL203,6.31
CHEMBL303127,Cn1c(SSc2c(C(=O)Nc3ccccc3)c3ccc(Cl)cc3n2C)c(C(=O)Nc2ccccc2)c2ccc(Cl)cc21,IC50,100000.0,nM,>,CHEMBL677391,CHEMBL203,
CHEMBL50470,CCN(CC)CCCNc1ncc2cc(-c3c(Cl)cccc3Cl)c(=O)n(C)c2n1,IC50,1400.0,nM,=,CHEMBL680019,CHEMBL203,5.85
CHEMBL104244,CN1CCN(CCCCNc2ncc3cc(-c4c(Cl)cccc4Cl)c(=O)n(C)c3n2)CC1,IC50,210.0,nM,=,CHEMBL680019,CHEMBL203,6.68
CHEMBL53777,CN(C)c1ncc2ncnc(Nc3cccc(Br)c3)c2n1,IC50,0.95,nM,=,CHEMBL679947,CHEMBL203,9.02
CHEMBL53777,CN(C)c1ncc2ncnc(Nc3cccc(Br)c3)c2n1,IC50,22.0,nM,=,CHEMBL680026,CHEMBL203,7.66
CHEMBL293889,Cn1c(SSc2c(C(=O)Nc3ccccc3)c3cc(Cl)ccc3n2C)c(C(=O)Nc2ccccc2)c2cc(Cl)ccc21,IC50,4300.0,nM,=,CHEMBL677391,CHEMBL203,5.37
CHEMBL61278,Cn1c(SSc2c(C(=O)Nc3ccccc3)c3cc(C(F)(F)F)ccc3n2C)c(C(=O)Nc2ccccc2)c2cc(C(F)(F)F)ccc21,IC50,100000.0,nM,>,CHEMBL677391,CHEMBL203,
CHEMBL267869,N#Cc1ccc(Nc2cc3c(cc2Nc2ccc(C#N)cc2)C(=O)NC3=O)cc1,IC50,100000.0,nM,>,CHEMBL679549,CHEMBL203,
CHEMBL140561,CN(C)CCCOC(=O)/C=C/C(=O)Nc1ccc2ncnc(Nc3cccc(Br)c3)c2c1,IC50,2.4,nM,=,CHEMBL673925,CHEMBL203,8.62
CHEMBL140561,CN(C)CCCOC(=O)/C=C/C(=O)Nc1ccc2ncnc(Nc3cccc(Br)c3)c2c1,IC50,108.0,nM,=,CHEMBL677216,CHEMBL203,6.97
CHEMBL140561,CN(C)CCCOC(=O)/C=C/C(=O)Nc1ccc2ncnc(Nc3cccc(Br)c3)c2c1,Inhibition,80.0,%,>,CHEMBL623728,CHEMBL203,
CHEMBL140561,CN(C)CCCOC(=O)/C=C/C(=O)Nc1ccc2ncnc(Nc3cccc(Br)c3)c2c1,IC50,108.0,nM,=,CHEMBL679948,CHEMBL203,6.97
CHEMBL345077,C=C[S+]([O-])c1cc2c(Nc3cccc(Br)c3)ncnc2cn1,IC50,4.6,nM,=,CHEMBL673925,CHEMBL203,8.34
CHEMBL345077,C=C[S+]([O-])c1cc2c(Nc3cccc(Br)c3)ncnc2cn1,IC50,340.0,nM,=,CHEMBL677216,CHEMBL203,6.47
CHEMBL345077,C=C[S+]([O-])c1cc2c(Nc3cccc(Br)c3)ncnc2cn1,Inhibition,80.0,%,<,CHEMBL623728,CHEMBL203,
CHEMBL107472,CNc1ncc2cc(-c3c(Cl)cccc3Cl)c(=O)n(C)c2n1,IC50,7500.0,nM,=,CHEMBL680019,CHEMBL203,5.12
CHEMBL326041,Cn1c(=O)c(-c2c(Cl)cccc2Cl)cc2cnc(NCc3ccccn3)nc21,IC50,5000.0,nM,>,CHEMBL680019,CHEMBL203,
CHEMBL111247,Cn1c(=O)c(-c2c(Cl)cccc2Cl)cc2cnc(Nc3ccc(Cl)cc3)nc21,IC50,5000.0,nM,>,CHEMBL680019,CHEMBL203,
CHEMBL139044,C=C/C=C/C(=O)Nc1cc2c(Nc3cccc(Br)c3)ncnc2cn1,IC50,1.1,nM,=,CHEMBL673925,CHEMBL203,8.96
CHEMBL139044,C=C/C=C/C(=O)Nc1cc2c(Nc3cccc(Br)c3)ncnc2cn1,IC50,27.0,nM,=,CHEMBL677216,CHEMBL203,7.57
CHEMBL139044,C=C/C=C/C(=O)Nc1cc2c(Nc3cccc(Br)c3)ncnc2cn1,Inhibition,80.0,%,=,CHEMBL623728,CHEMBL203,
CHEMBL139095,C=CS(=O)(=O)Nc1cc2c(Nc3cccc(Br)c3)ncnc2cn1,IC50,0.76,nM,=,CHEMBL673925,CHEMBL203,9.12
CHEMBL139095,C=CS(=O)(=O)Nc1cc2c(Nc3cccc(Br)c3)ncnc2cn1,IC50,2.4,nM,=,CHEMBL677216,CHEMBL203,8.62
CHEMBL139095,C=CS(=O)(=O)Nc1cc2c(Nc3cccc(Br)c3)ncnc2cn1,Inhibition,80.0,%,>,CHEMBL623728,CHEMBL203,
CHEMBL324543,CC[N+](C)(CC)CCOc1ccc(Nc2ncc3cc(-c4c(Cl)cccc4Cl)c(=O)n(C)c3n2)cc1.[I-],IC50,,nM,,CHEMBL680020,CHEMBL203,
CHEMBL113070,Cn1c(=O)c(-c2c(Cl)cccc2Cl)cc2cnc(Nc3ccc(CCCC(=O)O)cc3)nc21,IC50,80.0,nM,=,CHEMBL680019,CHEMBL203,7.10
CHEMBL109725,Cn1c(=O)c(-c2c(Cl)cccc2Cl)cc2cnc(O)nc21,IC50,,nM,,CHEMBL680020,CHEMBL203,
CHEMBL104779,Cn1c(=O)c(-c2c(Cl)cccc2Cl)cc2cnc(Nc3ccncc3)nc21,IC50,910.0,nM,=,CHEMBL680019,CHEMBL203,6.04
CHEMBL64781,Cn1c(SSc2ccccc2)c(C(=O)Nc2ccccc2)c2ccccc21,IC50,100000.0,nM,>,CHEMBL677391,CHEMBL203,
CHEMBL131092,COC(=O)c1cc(/N=C/c2ccc(O)c(O)c2)ccc1O,Inhibition,37.0,%,=,CHEMBL676149,CHEMBL203,
CHEMBL319620,O=C(O)c1cc(NCc2cc(O)ccc2O)ccc1O,IC50,92000.0,nM,=,CHEMBL676146,CHEMBL203,4.04
CHEMBL266255,O=C1NC(=O)c2cc3c(cc21)N(c1ccccc1)CCN3c1ccccc1,IC50,100000.0,nM,>,CHEMBL679549,CHEMBL203,
CHEMBL134371,O=C(O)/C=C/C(=O)Nc1ccc2ncnc(Nc3cccc(Br)c3)c2c1,IC50,0.37,nM,=,CHEMBL673925,CHEMBL203,9.43
CHEMBL134371,O=C(O)/C=C/C(=O)Nc1ccc2ncnc(Nc3cccc(Br)c3)c2c1,IC50,500.0,nM,>,CHEMBL677216,CHEMBL203,
CHEMBL134371,O=C(O)/C=C/C(=O)Nc1ccc2ncnc(Nc3cccc(Br)c3)c2c1,Inhibition,80.0,%,>,CHEMBL623728,CHEMBL203,
CHEMBL301612,Cn1c(=O)c(-c2c(Cl)cccc2Cl)cc2cnc(Nc3ccccc3)nc21,IC50,260.0,nM,=,CHEMBL680019,CHEMBL203,6.58
CHEMBL52765,Nc1ccc2ncnc(Nc3cccc(Br)c3)c2c1,IC50,0.78,nM,=,CHEMBL680030,CHEMBL203,9.11
CHEMBL50344,CNc1ccc2ncnc(Nc3cccc(Br)c3)c2c1,IC50,11.0,nM,=,CHEMBL680030,CHEMBL203,7.96
CHEMBL293251,Cn1c(SSc2c(C(=O)Nc3ccccc3)c3cc(Br)ccc3n2C)c(C(=O)Nc2ccccc2)c2cc(Br)ccc21,IC50,11400.0,nM,=,CHEMBL677391,CHEMBL203,4.94
CHEMBL294341,COc1ccc2c(c1)c(C(=O)Nc1ccccc1)c(SSc1c(C(=O)Nc3ccccc3)c3cc(OC)ccc3n1C)n2C,IC50,100000.0,nM,>,CHEMBL677391,CHEMBL203,
CHEMBL60472,COc1ccc2c(C(=O)Nc3ccccc3)c(SSc3c(C(=O)Nc4ccccc4)c4ccc(OC)cc4n3C)n(C)c2c1,IC50,3600.0,nM,=,CHEMBL677391,CHEMBL203,5.44
CHEMBL131407,O=C(O)c1cc(NCc2ccccc2O)ccc1O,IC50,20000.0,nM,>,CHEMBL676146,CHEMBL203,
CHEMBL342828,O=C(/C=C/C(=O)Nc1cc2c(Nc3cccc(Br)c3)ncnc2cn1)NCCCn1ccnc1,IC50,0.56,nM,=,CHEMBL673925,CHEMBL203,9.25
CHEMBL342828,O=C(/C=C/C(=O)Nc1cc2c(Nc3cccc(Br)c3)ncnc2cn1)NCCCn1ccnc1,IC50,14.0,nM,=,CHEMBL677216,CHEMBL203,7.85
CHEMBL342828,O=C(/C=C/C(=O)Nc1cc2c(Nc3cccc(Br)c3)ncnc2cn1)NCCCn1ccnc1,Inhibition,80.0,%,>,CHEMBL623728,CHEMBL203,
CHEMBL342828,O=C(/C=C/C(=O)Nc1cc2c(Nc3cccc(Br)c3)ncnc2cn1)NCCCn1ccnc1,IC50,14.0,nM,=,CHEMBL677213,CHEMBL203,7.85
CHEMBL299194,CN1CCN(CCCNc2ncc3cc(-c4c(Cl)cccc4Cl)c(=O)n(C)c3n2)CC1,IC50,8700.0,nM,=,CHEMBL680019,CHEMBL203,5.06
CHEMBL323699,Cn1c(=O)c(-c2c(Cl)cccc2Cl)cc2cnc(NCCc3ccccn3)nc21,IC50,5000.0,nM,>,CHEMBL680019,CHEMBL203,
CHEMBL54067,CN(C)CCNc1ncc2ncnc(Nc3cccc(Br)c3)c2n1,IC50,35.0,nM,=,CHEMBL679947,CHEMBL203,7.46
CHEMBL291359,CC(=O)Oc1cccc2c(C(=O)Nc3ccccc3)c(SSc3c(C(=O)Nc4ccccc4)c4cccc(OC(C)=O)c4n3C)n(C)c12,IC50,9900.0,nM,=,CHEMBL677391,CHEMBL203,5.00
CHEMBL335074,COC(=O)c1cc(/N=C/c2ccccc2O)ccc1O,IC50,10000.0,nM,>,CHEMBL676146,CHEMBL203,
CHEMBL109296,CCNc1ncc2cc(-c3c(Cl)cccc3Cl)c(=O)n(C)c2n1,IC50,4500.0,nM,=,CHEMBL680019,CHEMBL203,5.35
CHEMBL111339,Cc1ccc(Nc2ncc3cc(-c4c(Cl)cccc4Cl)c(=O)n(C)c3n2)cc1,IC50,480.0,nM,=,CHEMBL680019,CHEMBL203,6.32
CHEMBL52197,COc1ccc2ncnc(Nc3cccc(Br)c3)c2c1,IC50,30.0,nM,=,CHEMBL680030,CHEMBL203,7.52
CHEMBL109525,CCOC(=O)c1ccc(Nc2ncc3cc(-c4c(Cl)cccc4Cl)c(=O)n(C)c3n2)cc1,IC50,50000.0,nM,>,CHEMBL680019,CHEMBL203,
CHEMBL133563,COC(=O)c1cc(/N=C/c2cccc(O)c2)ccc1O,Inhibition,20.0,%,=,CHEMBL676149,CHEMBL203,
CHEMBL7939,O=C1NC(=O)c2cc(Nc3ccc(F)cc3)c(Nc3ccc(F)cc3)cc21,IC50,700.0,nM,=,CHEMBL679549,CHEMBL203,6.16
CHEMBL7939,O=C1NC(=O)c2cc(Nc3ccc(F)cc3)c(Nc3ccc(F)cc3)cc21,IC50,2200.0,nM,=,CHEMBL621149,CHEMBL203,5.66
CHEMBL8163,O=C1NC(=O)c2cc(Nc3ccc(I)cc3)c(Nc3ccc(I)cc3)cc21,IC50,50000.0,nM,>,CHEMBL679549,CHEMBL203,
CHEMBL8095,COc1ccc(Nc2cc3c(cc2Nc2ccccc2)C(=O)NC3=O)cc1,IC50,2000.0,nM,=,CHEMBL679549,CHEMBL203,5.70
CHEMBL8095,COc1ccc(Nc2cc3c(cc2Nc2ccccc2)C(=O)NC3=O)cc1,IC50,18000.0,nM,=,CHEMBL621149,CHEMBL203,4.75
CHEMBL268441,CC(=O)N(c1ccccc1)c1cc2c(cc1Nc1ccccc1)C(=O)NC2=O,IC50,50000.0,nM,>,CHEMBL679549,CHEMBL203,
CHEMBL268441,CC(=O)N(c1ccccc1)c1cc2c(cc1Nc1ccccc1)C(=O)NC2=O,IC50,50000.0,nM,>,CHEMBL621149,CHEMBL203,
CHEMBL345109,CN(C)CCCNC(=O)/C=C/C(=O)Nc1ccc2ncnc(Nc3cccc(Br)c3)c2c1,IC50,0.44,nM,=,CHEMBL673925,CHEMBL203,9.36
CHEMBL345109,CN(C)CCCNC(=O)/C=C/C(=O)Nc1ccc2ncnc(Nc3cccc(Br)c3)c2c1,IC50,59.0,nM,=,CHEMBL677216,CHEMBL203,7.23
CHEMBL345109,CN(C)CCCNC(=O)/C=C/C(=O)Nc1ccc2ncnc(Nc3cccc(Br)c3)c2c1,Inhibition,80.0,%,>,CHEMBL623728,CHEMBL203,
CHEMBL345109,CN(C)CCCNC(=O)/C=C/C(=O)Nc1ccc2ncnc(Nc3cccc(Br)c3)c2c1,IC50,59.0,nM,=,CHEMBL679948,CHEMBL203,7.23
CHEMBL110905,CN(C)CCCOc1ccc(Nc2ncc3cc(-c4c(Cl)cccc4Cl)c(=O)n(C)c3n2)cc1,IC50,,nM,,CHEMBL680020,CHEMBL203,
CHEMBL607707,CCOc1cc2ncc(C#N)c(Nc3ccc(F)c(Cl)c3)c2cc1NC(=O)/C=C/CN(C)C,IC50,83.0,nM,=,CHEMBL683041,CHEMBL203,7.08
CHEMBL293986,Cn1c(SSc2c(C(=O)Nc3ccccc3)c3c(Cl)cccc3n2C)c(C(=O)Nc2ccccc2)c2c(Cl)cccc21,IC50,100000.0,nM,=,CHEMBL677391,CHEMBL203,4.00
CHEMBL8223,CCN(CC)c1ccc(Nc2cc3c(cc2Nc2ccc(N(CC)CC)cc2)C(=O)NC3=O)cc1,IC50,50000.0,nM,=,CHEMBL679549,CHEMBL203,4.30
CHEMBL8036,CN1C(=O)c2cc(Nc3ccccc3)c(Nc3ccccc3)cc2C1=O,IC50,50000.0,nM,>,CHEMBL679549,CHEMBL203,
CHEMBL8036,CN1C(=O)c2cc(Nc3ccccc3)c(Nc3ccccc3)cc2C1=O,IC50,50000.0,nM,>,CHEMBL621149,CHEMBL203,
CHEMBL332269,CCCCNc1ncc2cc(-c3c(Cl)cccc3Cl)c(=O)n(C)c2n1,IC50,4400.0,nM,=,CHEMBL680019,CHEMBL203,5.36
CHEMBL300217,Nc1ccc2ncnc(Nc3cccc(Br)c3)c2n1,IC50,7.6,nM,=,CHEMBL680030,CHEMBL203,8.12
CHEMBL300217,Nc1ccc2ncnc(Nc3cccc(Br)c3)c2n1,IC50,53.0,nM,=,CHEMBL680031,CHEMBL203,7.28
CHEMBL53753,CNc1cc2c(Nc3cccc(Br)c3)ncnc2cn1,IC50,0.008,nM,=,CHEMBL680030,CHEMBL203,
CHEMBL53753,CNc1cc2c(Nc3cccc(Br)c3)ncnc2cn1,IC50,15.0,nM,=,CHEMBL680031,CHEMBL203,7.82
CHEMBL300936,CC(C)(C)c1cnc(CSc2cnc(NC(=O)Cc3ccc(CNC(CO)CO)cc3)s2)o1,IC50,25000.0,nM,>,CHEMBL677888,CHEMBL203,
CHEMBL428690,CN1CC[C@H](c2c(O)cc(O)c3c(=O)cc(-c4ccccc4Cl)oc23)[C@H](O)C1,IC50,7600.0,nM,=,CHEMBL677888,CHEMBL203,5.12
CHEMBL14932,Oc1ccc2ncnc(Nc3ccc(OCc4ccccc4)cc3)c2c1,IC50,98.0,nM,=,CHEMBL674106,CHEMBL203,7.01
CHEMBL48085,Oc1cc(O)c2nc(-c3ccc(O)c(O)c3)sc2c1,Inhibition,36.0,%,=,CHEMBL675515,CHEMBL203,
CHEMBL48085,Oc1cc(O)c2nc(-c3ccc(O)c(O)c3)sc2c1,IC50,130000.0,nM,=,CHEMBL814059,CHEMBL203,
CHEMBL43722,Oc1ccc(-c2nc3cc(O)ccc3s2)cc1,Inhibition,5.0,%,=,CHEMBL675515,CHEMBL203,
CHEMBL38199,Brc1cccc(Nc2ncnc3cc4c(cnn4CCN4CCOCC4)cc23)c1,IC50,3.7,nM,=,CHEMBL677389,CHEMBL203,8.43
CHEMBL38199,Brc1cccc(Nc2ncnc3cc4c(cnn4CCN4CCOCC4)cc23)c1,IC50,192.0,nM,=,CHEMBL676156,CHEMBL203,6.72
CHEMBL553,C#Cc1cccc(Nc2ncnc3cc(OCCOC)c(OCCOC)cc23)c1,IC50,1.0,nM,=,CHEMBL674106,CHEMBL203,9.00
CHEMBL939,COc1cc2ncnc(Nc3ccc(F)c(Cl)c3)c2cc1OCCCN1CCOCC1,IC50,1.0,nM,=,CHEMBL674106,CHEMBL203,9.00
CHEMBL29197,COc1cc2ncnc(Nc3cccc(Br)c3)c2cc1OC,IC50,0.025,nM,=,CHEMBL677389,CHEMBL203,10.60
CHEMBL287007,CN(C)Cc1c[nH]c2cc3ncnc(Nc4cccc(Br)c4)c3cc12,IC50,2.6,nM,=,CHEMBL677389,CHEMBL203,8.59
CHEMBL287007,CN(C)Cc1c[nH]c2cc3ncnc(Nc4cccc(Br)c4)c3cc12,IC50,9.7,nM,=,CHEMBL676156,CHEMBL203,8.01
CHEMBL37346,Brc1cccc(Nc2ccnc3ccccc23)c1,IC50,5500.0,nM,=,CHEMBL677389,CHEMBL203,5.26
CHEMBL39563,Brc1cccc(Nc2nccc3ccccc23)c1,IC50,100000.0,nM,>,CHEMBL677389,CHEMBL203,
CHEMBL15346,CS(=O)(=O)CCNCCCCOc1ccc2ncnc(Nc3ccc(OCc4ccccc4)cc3)c2c1,IC50,74.0,nM,=,CHEMBL674106,CHEMBL203,7.13
CHEMBL15202,COc1ccc2ncnc(Nc3ccc(OCc4ccccc4)cc3)c2c1,IC50,68.0,nM,=,CHEMBL674106,CHEMBL203,7.17
CHEMBL554,CS(=O)(=O)CCNCc1ccc(-c2ccc3ncnc(Nc4ccc(OCc5cccc(F)c5)c(Cl)c4)c3c2)o1,IC50,10.0,nM,=,CHEMBL674106,CHEMBL203,8.00
CHEMBL36819,O=C(O)Cn1ncc2cc3c(Nc4cccc(Br)c4)ncnc3cc21,IC50,53.0,nM,=,CHEMBL677389,CHEMBL203,7.28
CHEMBL36819,O=C(O)Cn1ncc2cc3c(Nc4cccc(Br)c4)ncnc3cc21,IC50,1196.0,nM,=,CHEMBL676156,CHEMBL203,5.92
CHEMBL40130,Brc1cccc(Nc2ncnc3cc4c(ccn4CCN4CCOCC4)cc23)c1,IC50,3.7,nM,=,CHEMBL677389,CHEMBL203,8.43
CHEMBL40130,Brc1cccc(Nc2ncnc3cc4c(ccn4CCN4CCOCC4)cc23)c1,IC50,16.0,nM,=,CHEMBL676156,CHEMBL203,7.80
CHEMBL35820,CCOc1cc2ncnc(Nc3cccc(Br)c3)c2cc1OCC,IC50,0.006,nM,=,CHEMBL677389,CHEMBL203,
CHEMBL14627,O=C(NCCCCOc1ccc2ncnc(Nc3ccc(OCc4ccccc4)cc3)c2c1)C(F)(F)F,IC50,74.0,nM,=,CHEMBL674106,CHEMBL203,7.13
CHEMBL290096,Brc1cccc(Nc2ncnc3ccccc23)c1,IC50,27.0,nM,=,CHEMBL677389,CHEMBL203,7.57
CHEMBL289787,COc1cccc2c(Nc3cccc(Br)c3)ncnc12,IC50,10000.0,nM,>,CHEMBL677389,CHEMBL203,
CHEMBL45564,Oc1ccc(-c2nc3c(O)cc(O)cc3s2)cc1,Inhibition,47.0,%,=,CHEMBL675515,CHEMBL203,
CHEMBL45564,Oc1ccc(-c2nc3c(O)cc(O)cc3s2)cc1,IC50,300000.0,nM,=,CHEMBL814059,CHEMBL203,
CHEMBL44326,Oc1cccc(-c2nc3ccc(O)cc3s2)c1,Inhibition,-4.0,%,=,CHEMBL675515,CHEMBL203,
CHEMBL37099,Cc1nc(Nc2cccc(Br)c2)c2ccccc2n1,IC50,10000.0,nM,>,CHEMBL677389,CHEMBL203,
CHEMBL460731,CS(=O)(=O)CCNCCCCOc1ccc2ncnc(Nc3ccc(F)c(Cl)c3)c2c1,IC50,20.0,nM,=,CHEMBL674106,CHEMBL203,7.70
CHEMBL460731,CS(=O)(=O)CCNCCCCOc1ccc2ncnc(Nc3ccc(F)c(Cl)c3)c2c1,IC50,71.0,nM,=,CHEMBL690547,CHEMBL203,7.15
CHEMBL50,O=c1c(O)c(-c2ccc(O)c(O)c2)oc2cc(O)cc(O)c12,IC50,190000.0,nM,=,CHEMBL676234,CHEMBL203,
CHEMBL37543,OCC(O)Cn1ncc2cc3c(Nc4cccc(Br)c4)ncnc3cc21,IC50,12.0,nM,=,CHEMBL677389,CHEMBL203,7.92
CHEMBL37543,OCC(O)Cn1ncc2cc3c(Nc4cccc(Br)c4)ncnc3cc21,IC50,318.0,nM,=,CHEMBL676156,CHEMBL203,6.50
CHEMBL287289,CN(C)CCCn1ccc2cc3c(Nc4cccc(Br)c4)ncnc3cc21,IC50,21.0,nM,=,CHEMBL677389,CHEMBL203,7.68
CHEMBL287289,CN(C)CCCn1ccc2cc3c(Nc4cccc(Br)c4)ncnc3cc21,IC50,230.0,nM,=,CHEMBL676156,CHEMBL203,6.64
CHEMBL514436,CS(=O)(=O)CCNCCCCOc1ccc2ncnc(Nc3ccc(OCc4cccc(F)c4)c(Cl)c3)c2c1,IC50,27.0,nM,=,CHEMBL674106,CHEMBL203,7.57
CHEMBL44,O=c1c(-c2ccc(O)cc2)coc2cc(O)cc(O)c12,Inhibition,63.0,%,=,CHEMBL675515,CHEMBL203,
CHEMBL39320,Cn1ncc2cc3c(Nc4cccc(Br)c4)ncnc3cc21,IC50,0.37,nM,=,CHEMBL677389,CHEMBL203,9.43
CHEMBL39320,Cn1ncc2cc3c(Nc4cccc(Br)c4)ncnc3cc21,IC50,13.0,nM,=,CHEMBL676156,CHEMBL203,7.89
CHEMBL289162,O=C(O)Cn1ccc2cc3c(Nc4cccc(Br)c4)ncnc3cc21,IC50,5.1,nM,=,CHEMBL677389,CHEMBL203,8.29
CHEMBL289162,O=C(O)Cn1ccc2cc3c(Nc4cccc(Br)c4)ncnc3cc21,IC50,1780.0,nM,=,CHEMBL676156,CHEMBL203,5.75
CHEMBL14952,CS(=O)(=O)CCNCCCOc1ccc2ncnc(Nc3ccc(OCc4ccccc4)cc3)c2c1,IC50,104.0,nM,=,CHEMBL674106,CHEMBL203,6.98
CHEMBL37373,CN(C)CCn1ccc2cc3c(Nc4cccc(Br)c4)ncnc3cc21,IC50,41.0,nM,=,CHEMBL677389,CHEMBL203,7.39
CHEMBL37373,CN(C)CCn1ccc2cc3c(Nc4cccc(Br)c4)ncnc3cc21,IC50,145.0,nM,=,CHEMBL676156,CHEMBL203,6.84
CHEMBL39715,COC(=O)CN(C)Cc1c[nH]c2cc3ncnc(Nc4cccc(Br)c4)c3cc12,IC50,3.4,nM,=,CHEMBL677389,CHEMBL203,8.47
CHEMBL39715,COC(=O)CN(C)Cc1c[nH]c2cc3ncnc(Nc4cccc(Br)c4)c3cc12,IC50,9.6,nM,=,CHEMBL676156,CHEMBL203,8.02
CHEMBL289213,CN(CC(=O)O)Cc1c[nH]c2cc3ncnc(Nc4cccc(Br)c4)c3cc12,IC50,0.72,nM,=,CHEMBL677389,CHEMBL203,9.14
CHEMBL289213,CN(CC(=O)O)Cc1c[nH]c2cc3ncnc(Nc4cccc(Br)c4)c3cc12,IC50,584.0,nM,=,CHEMBL676156,CHEMBL203,6.23
CHEMBL273789,CS(=O)(=O)CCN(CCCCOc1ccc2ncnc(Nc3ccc(OCc4ccccc4)cc3)c2c1)C(=O)C(F)(F)F,IC50,263.0,nM,=,CHEMBL674106,CHEMBL203,6.58
CHEMBL517907,C#Cc1cccc(Nc2ncnc3ccc(OCCCCNCCS(C)(=O)=O)cc23)c1,IC50,11.0,nM,=,CHEMBL674106,CHEMBL203,7.96
CHEMBL517907,C#Cc1cccc(Nc2ncnc3ccc(OCCCCNCCS(C)(=O)=O)cc23)c1,IC50,45.0,nM,=,CHEMBL690547,CHEMBL203,7.35
CHEMBL460732,CS(=O)(=O)CCNCCCCOc1ccc2ncnc(Nc3ccc(S(=O)(=O)c4ccccc4)cc3)c2c1,IC50,93.0,nM,=,CHEMBL674106,CHEMBL203,7.03
CHEMBL540701,C=CCOc1ccc2ncnc(Nc3ccc(OCc4ccccc4)cc3)c2c1,IC50,79.0,nM,=,CHEMBL674106,CHEMBL203,7.10
CHEMBL287832,CN(C)CCn1ncc2cc3c(Nc4cccc(Br)c4)ncnc3cc21,IC50,40.0,nM,=,CHEMBL677389,CHEMBL203,7.40
CHEMBL287832,CN(C)CCn1ncc2cc3c(Nc4cccc(Br)c4)ncnc3cc21,IC50,262.0,nM,=,CHEMBL676156,CHEMBL203,6.58
CHEMBL39337,Brc1cccc(Nc2ncnc3cc4[nH]ncc4cc23)c1,IC50,0.44,nM,=,CHEMBL677389,CHEMBL203,9.36
CHEMBL39337,Brc1cccc(Nc2ncnc3cc4[nH]ncc4cc23)c1,IC50,20.0,nM,=,CHEMBL676156,CHEMBL203,7.70
CHEMBL39337,Brc1cccc(Nc2ncnc3cc4[nH]ncc4cc23)c1,IC50,0.44,nM,=,CHEMBL676158,CHEMBL203,9.36
CHEMBL40734,Brc1cccc(Nc2ncnc3cc4[nH]ccc4cc23)c1,IC50,0.44,nM,=,CHEMBL677389,CHEMBL203,9.36
CHEMBL40734,Brc1cccc(Nc2ncnc3cc4[nH]ccc4cc23)c1,IC50,22.0,nM,=,CHEMBL676156,CHEMBL203,7.66
CHEMBL40734,Brc1cccc(Nc2ncnc3cc4[nH]ccc4cc23)c1,IC50,0.44,nM,=,CHEMBL676158,CHEMBL203,9.36
CHEMBL39811,CN(C)CCN(C)Cc1c[nH]c2cc3ncnc(Nc4cccc(Br)c4)c3cc12,IC50,7.5,nM,=,CHEMBL677389,CHEMBL203,8.12
CHEMBL39811,CN(C)CCN(C)Cc1c[nH]c2cc3ncnc(Nc4cccc(Br)c4)c3cc12,IC50,81.0,nM,=,CHEMBL676156,CHEMBL203,7.09
CHEMBL36727,Cn1ccc2cc3c(Nc4cccc(Br)c4)ncnc3cc21,IC50,0.8,nM,=,CHEMBL677389,CHEMBL203,9.10
CHEMBL36727,Cn1ccc2cc3c(Nc4cccc(Br)c4)ncnc3cc21,IC50,22.0,nM,=,CHEMBL676156,CHEMBL203,7.66
CHEMBL39355,Brc1cccc(Nc2ncnc3cc4c(cnn4CCCN4CCOCC4)cc23)c1,IC50,8.8,nM,=,CHEMBL677389,CHEMBL203,8.06
CHEMBL39355,Brc1cccc(Nc2ncnc3cc4c(cnn4CCCN4CCOCC4)cc23)c1,IC50,77.0,nM,=,CHEMBL676156,CHEMBL203,7.11
CHEMBL493428,CS(=O)(=O)CCNCCCCOc1ccc2ncnc(Nc3ccc4c(cnn4Cc4cccc(F)c4)c3)c2c1,IC50,24.0,nM,=,CHEMBL674106,CHEMBL203,7.62
CHEMBL493428,CS(=O)(=O)CCNCCCCOc1ccc2ncnc(Nc3ccc4c(cnn4Cc4cccc(F)c4)c3)c2c1,IC50,630.0,nM,=,CHEMBL690547,CHEMBL203,6.20
CHEMBL44227,Oc1ccc(-c2nc3ccc(O)cc3s2)cc1,Inhibition,42.0,%,=,CHEMBL675514,CHEMBL203,
CHEMBL44227,Oc1ccc(-c2nc3ccc(O)cc3s2)cc1,IC50,130000.0,nM,=,CHEMBL814059,CHEMBL203,
CHEMBL46786,Oc1ccc(-c2nc3cc(O)c(O)cc3s2)cc1O,Inhibition,38.0,%,=,CHEMBL675514,CHEMBL203,
CHEMBL289959,c1ccc(Nc2ncnc3ccccc23)cc1,IC50,346.0,nM,=,CHEMBL677389,CHEMBL203,6.46
CHEMBL47966,Oc1ccc(/N=N/c2ccc(O)cc2O)cc1,IC50,58000.0,nM,=,CHEMBL814060,CHEMBL203,4.24
CHEMBL14874,CN(CCCOc1ccc2ncnc(Nc3ccc(OCc4ccccc4)cc3)c2c1)CCS(C)(=O)=O,IC50,830.0,nM,=,CHEMBL674106,CHEMBL203,6.08
CHEMBL416611,OCC(O)Cn1ccc2cc3c(Nc4cccc(Br)c4)ncnc3cc21,IC50,1.6,nM,=,CHEMBL677389,CHEMBL203,8.80
CHEMBL416611,OCC(O)Cn1ccc2cc3c(Nc4cccc(Br)c4)ncnc3cc21,IC50,49.0,nM,=,CHEMBL676156,CHEMBL203,7.31
CHEMBL36967,Brc1cccc(Nc2ncnc3cc4[nH]cc(CN5CCOCC5)c4cc23)c1,IC50,4.8,nM,=,CHEMBL677389,CHEMBL203,8.32
CHEMBL36967,Brc1cccc(Nc2ncnc3cc4[nH]cc(CN5CCOCC5)c4cc23)c1,IC50,9.6,nM,=,CHEMBL676156,CHEMBL203,8.02
CHEMBL36164,OCCN(CCO)Cc1c[nH]c2cc3ncnc(Nc4cccc(Br)c4)c3cc12,IC50,3.5,nM,=,CHEMBL677389,CHEMBL203,8.46
CHEMBL36164,OCCN(CCO)Cc1c[nH]c2cc3ncnc(Nc4cccc(Br)c4)c3cc12,IC50,135.0,nM,=,CHEMBL676156,CHEMBL203,6.87
CHEMBL428690,CN1CC[C@H](c2c(O)cc(O)c3c(=O)cc(-c4ccccc4Cl)oc23)[C@H](O)C1,IC50,22000.0,nM,=,CHEMBL873605,CHEMBL203,4.66
CHEMBL133498,CN1CC[C@H](c2c(O)cc(O)c3c(=O)cc(Oc4ccccc4Cl)oc23)[C@H](O)C1,IC50,50000.0,nM,>,CHEMBL873605,CHEMBL203,
CHEMBL334881,CN1CC[C@H](c2c(O)cc(O)c3c(=O)cc(Sc4ccccc4Cl)oc23)[C@H](O)C1,IC50,50000.0,nM,>,CHEMBL873605,CHEMBL203,
CHEMBL1242973,COC(=O)[C@@]1(Cc2ccc(O)c(CC=C(C)C)c2)OC(=O)C(O)=C1c1ccc(O)cc1,IC50,590000.0,nM,=,CHEMBL873605,CHEMBL203,
CHEMBL280074,Cn1cnc2c(NCc3ccccc3)nc(NCCO)nc21,IC50,440000.0,nM,=,CHEMBL873605,CHEMBL203,
CHEMBL338448,CO[C@H]1[C@@H](N(C)C(=O)c2ccccc2)C[C@@H]2O[C@@]1(C)n1c3ccccc3c3c4c(c5c6ccccc6n2c5c31)C(=O)NC4,IC50,1900.0,nM,=,CHEMBL677890,CHEMBL203,5.72
CHEMBL131715,CO[C@H]1[C@@H](N(C)C(=O)c2ccc(Cl)cc2)C[C@@H]2O[C@@]1(C)n1c3ccccc3c3c4c(c5c6ccccc6n2c5c31)C(=O)NC4,IC50,7000.0,nM,=,CHEMBL677890,CHEMBL203,5.16
CHEMBL435809,CO[C@H]1[C@@H](N(C)C(=O)c2ccc(C(=O)O)cc2)C[C@@H]2O[C@@]1(C)n1c3ccccc3c3c4c(c5c6ccccc6n2c5c31)C(=O)NC4,IC50,110.0,nM,=,CHEMBL677890,CHEMBL203,6.96
CHEMBL57323,Cc1cccc(C)c1-c1cc2cnc(N)nc2nc1NC(=O)NC(C)(C)C,IC50,610.0,nM,=,CHEMBL675521,CHEMBL203,6.21
CHEMBL57347,CN1CCN(CCCNc2ncc3cc(-c4c(Cl)cccc4Cl)c(NC(=O)NC(C)(C)C)nc3n2)CC1,IC50,150.0,nM,=,CHEMBL675521,CHEMBL203,6.82
CHEMBL75188,Cc1cc(C)c(C)c(-c2cc3cnc(NCCCN4CCN(C)CC4)nc3nc2NC(=O)NC(C)(C)C)c1C,IC50,7000.0,nM,=,CHEMBL675521,CHEMBL203,5.16
CHEMBL131020,CO[C@H]1[C@@H](N(C)S(C)(=O)=O)C[C@@H]2O[C@@]1(C)n1c3ccccc3c3c4c(c5c6ccccc6n2c5c31)C(=O)NC4,IC50,1100.0,nM,=,CHEMBL677890,CHEMBL203,5.96
CHEMBL131590,CO[C@H]1[C@@H](N(C)C(=O)c2ccccc2Cl)C[C@@H]2O[C@@]1(C)n1c3ccccc3c3c4c(c5c6ccccc6n2c5c31)C(=O)NC4,IC50,4700.0,nM,=,CHEMBL677890,CHEMBL203,5.33
CHEMBL160846,CS(=O)(=O)CCNc1nc(-c2ccc3ncnc(Nc4ccc(OCc5ccccc5)c(Cl)c4)c3c2)cs1,IC50,8.0,nM,=,CHEMBL680015,CHEMBL203,8.10
CHEMBL160846,CS(=O)(=O)CCNc1nc(-c2ccc3ncnc(Nc4ccc(OCc5ccccc5)c(Cl)c4)c3c2)cs1,IC50,230.0,nM,=,CHEMBL879468,CHEMBL203,6.64
CHEMBL26001,O=P(O)(O)C(O)c1ccc2ccccc2c1,IC50,250000.0,nM,=,CHEMBL675520,CHEMBL203,
CHEMBL444337,COC(=O)CN(C)[C@H]1C[C@@H]2O[C@](C)([C@H]1OC)n1c3ccccc3c3c4c(c5c6ccccc6n2c5c31)C(=O)NC4,IC50,1300.0,nM,=,CHEMBL677890,CHEMBL203,5.89
CHEMBL422347,CS(=O)(=O)CCNc1nc(-c2ccc3ncnc(Nc4ccc(OCc5ccccc5)cc4)c3c2)cs1,IC50,82.0,nM,=,CHEMBL680015,CHEMBL203,7.09
CHEMBL422347,CS(=O)(=O)CCNc1nc(-c2ccc3ncnc(Nc4ccc(OCc5ccccc5)cc4)c3c2)cs1,IC50,1600.0,nM,=,CHEMBL879468,CHEMBL203,5.80
CHEMBL77030,N#C/C(=C\c1ccc(O)c(O)c1)C(N)=S,IC50,7000.0,nM,=,CHEMBL688553,CHEMBL203,5.16
CHEMBL131426,CO[C@H]1[C@@H](N(C)CCC#N)C[C@@H]2O[C@@]1(C)n1c3ccccc3c3c4c(c5c6ccccc6n2c5c31)C(=O)NC4,IC50,1100.0,nM,=,CHEMBL677890,CHEMBL203,5.96
CHEMBL160303,CS(=O)(=O)CCNc1nc(-c2ccc3ncnc(Nc4ccc5c(cnn5Cc5ccccc5)c4)c3c2)cs1,IC50,71.0,nM,=,CHEMBL680015,CHEMBL203,7.15
CHEMBL160303,CS(=O)(=O)CCNc1nc(-c2ccc3ncnc(Nc4ccc5c(cnn5Cc5ccccc5)c4)c3c2)cs1,IC50,110.0,nM,=,CHEMBL879468,CHEMBL203,6.96
CHEMBL338935,CO[C@H]1[C@@H](N(C)C(=O)CN)C[C@@H]2O[C@@]1(C)n1c3ccccc3c3c4c(c5c6ccccc6n2c5c31)C(=O)NC4,IC50,220.0,nM,=,CHEMBL677890,CHEMBL203,6.66
CHEMBL269620,CS(=O)(=O)CCNc1nc(-c2ccc3ncnc(Nc4ccc(OCc5cccc(C(F)(F)F)c5)cc4)c3c2)cs1,IC50,540.0,nM,=,CHEMBL680015,CHEMBL203,6.27
CHEMBL269620,CS(=O)(=O)CCNc1nc(-c2ccc3ncnc(Nc4ccc(OCc5cccc(C(F)(F)F)c5)cc4)c3c2)cs1,IC50,18000.0,nM,=,CHEMBL879468,CHEMBL203,4.75
CHEMBL335012,CO[C@H]1[C@@H](N(C)C(=O)c2cccnc2)C[C@@H]2O[C@@]1(C)n1c3ccccc3c3c4c(c5c6ccccc6n2c5c31)C(=O)NC4,IC50,8180.0,nM,=,CHEMBL677890,CHEMBL203,5.09
CHEMBL76599,CC(C)(C)NC(=O)Nc1nc2nc(N)ncc2cc1-c1ccccc1,IC50,5530.0,nM,=,CHEMBL675380,CHEMBL203,5.26
CHEMBL299026,CCN(CC)CCCNc1ncc2cc(-c3c(Cl)cccc3Cl)c(NC(=O)NC(C)(C)C)nc2n1,IC50,6200.0,nM,=,CHEMBL675521,CHEMBL203,5.21
CHEMBL132348,CO[C@H]1[C@@H](N(C)CC(=O)O)C[C@@H]2O[C@@]1(C)n1c3ccccc3c3c4c(c5c6ccccc6n2c5c31)C(=O)NC4,IC50,31.0,nM,=,CHEMBL677890,CHEMBL203,7.51
CHEMBL132169,COc1ccc(C(=O)N(C)[C@H]2C[C@@H]3O[C@](C)([C@H]2OC)n2c4ccccc4c4c5c(c6c7ccccc7n3c6c42)C(=O)NC5)cc1,IC50,3600.0,nM,=,CHEMBL677890,CHEMBL203,5.44
CHEMBL335648,CO[C@H]1[C@@H]([N+](C)(C)C)C[C@@H]2O[C@@]1(C)n1c3ccccc3c3c4c(c5c6ccccc6n2c5c31)C(=O)NC4,IC50,19.0,nM,=,CHEMBL677890,CHEMBL203,7.72
CHEMBL299763,COc1cc(OC)cc(-c2cc3cnc(N)nc3nc2NC(=O)NC(C)(C)C)c1,IC50,50000.0,nM,>,CHEMBL675521,CHEMBL203,
CHEMBL155761,CS(=O)(=O)CCNc1nc(-c2ccc3ncnc(Nc4ccc(OCc5cccc(F)c5)c(Cl)c4)c3c2)cs1,IC50,10.0,nM,=,CHEMBL680015,CHEMBL203,8.00
CHEMBL155761,CS(=O)(=O)CCNc1nc(-c2ccc3ncnc(Nc4ccc(OCc5cccc(F)c5)c(Cl)c4)c3c2)cs1,IC50,80.0,nM,=,CHEMBL879468,CHEMBL203,7.10
CHEMBL45827,CCN(CC)CCCCNc1ncc2cc(-c3c(Cl)cccc3Cl)c(NC(=O)NC(C)(C)C)nc2n1,IC50,240.0,nM,=,CHEMBL675521,CHEMBL203,6.62
CHEMBL335718,CCCCC(O)CN(C)[C@H]1C[C@@H]2O[C@](C)([C@H]1OC)n1c3ccccc3c3c4c(c5c6ccccc6n2c5c31)C(=O)NC4,IC50,1300.0,nM,=,CHEMBL677890,CHEMBL203,5.89
CHEMBL130163,CO[C@H]1[C@@H](N(C)C(C)=O)C[C@@H]2O[C@@]1(C)n1c3ccccc3c3c4c(c5c6ccccc6n2c5c31)C(=O)NC4,IC50,2600.0,nM,=,CHEMBL677890,CHEMBL203,5.58
CHEMBL335932,CO[C@H]1[C@@H](N(C)C(=O)C(F)(F)F)C[C@@H]2O[C@@]1(C)n1c3ccccc3c3c4c(c5c6ccccc6n2c5c31)C(=O)NC4,IC50,6400.0,nM,=,CHEMBL677890,CHEMBL203,5.19
CHEMBL336192,COC(=O)c1ccc(C(=O)N(C)[C@H]2C[C@@H]3O[C@](C)([C@H]2OC)n2c4ccccc4c4c5c(c6c7ccccc7n3c6c42)C(=O)NC5)cc1,IC50,7400.0,nM,=,CHEMBL677890,CHEMBL203,5.13
CHEMBL157084,CS(=O)(=O)CCNc1nc(-c2ccc3ncnc(Nc4ccc(F)c(Cl)c4)c3c2)cs1,IC50,35.0,nM,=,CHEMBL680015,CHEMBL203,7.46
CHEMBL157084,CS(=O)(=O)CCNc1nc(-c2ccc3ncnc(Nc4ccc(F)c(Cl)c4)c3c2)cs1,IC50,570.0,nM,=,CHEMBL879468,CHEMBL203,6.24
CHEMBL388978,CN[C@@H]1C[C@H]2O[C@@](C)([C@@H]1OC)n1c3ccccc3c3c4c(c5c6ccccc6n2c5c31)C(=O)NC4,IC50,100.0,nM,=,CHEMBL677890,CHEMBL203,7.00
CHEMBL129946,CCN(C)[C@H]1C[C@@H]2O[C@](C)([C@H]1OC)n1c3ccccc3c3c4c(c5c6ccccc6n2c5c31)C(=O)NC4,IC50,330.0,nM,=,CHEMBL677890,CHEMBL203,6.48
CHEMBL337027,CO[C@H]1[C@@H](N(C)C(=O)CCC(=O)O)C[C@@H]2O[C@@]1(C)n1c3ccccc3c3c4c(c5c6ccccc6n2c5c31)C(=O)NC4,IC50,160.0,nM,=,CHEMBL677890,CHEMBL203,6.80
CHEMBL338449,CO[C@H]1[C@@H](N(C)C(=O)OC(C)(C)C)C[C@@H]2O[C@@]1(C)n1c3ccccc3c3c4c(c5c6ccccc6n2c5c31)C(=O)NC4,IC50,13500.0,nM,=,CHEMBL677890,CHEMBL203,4.87
CHEMBL130049,COC(=O)N(C)[C@H]1C[C@@H]2O[C@](C)([C@H]1OC)n1c3ccccc3c3c4c(c5c6ccccc6n2c5c31)C(=O)NC4,IC50,2400.0,nM,=,CHEMBL677890,CHEMBL203,5.62
CHEMBL56236,Cc1cc(C)c(C)c(-c2cc3cnc(N)nc3nc2NC(=O)NC(C)(C)C)c1C,IC50,6680.0,nM,=,CHEMBL675521,CHEMBL203,5.17
CHEMBL335931,CO[C@H]1[C@@H](N(C)C(=O)CNC(=O)OC(C)(C)C)C[C@@H]2O[C@@]1(C)n1c3ccccc3c3c4c(c5c6ccccc6n2c5c31)C(=O)NC4,IC50,3500.0,nM,=,CHEMBL677890,CHEMBL203,5.46
CHEMBL132170,CO[C@H]1[C@@H](N(C)C(=O)c2cc([N+](=O)[O-])cc([N+](=O)[O-])c2)C[C@@H]2O[C@@]1(C)n1c3ccccc3c3c4c(c5c6ccccc6n2c5c31)C(=O)NC4,IC50,70000.0,nM,>,CHEMBL677890,CHEMBL203,
CHEMBL337026,CN[C@H]1C[C@@H]2O[C@](C)([C@H]1OC)n1c3ccccc3c3c4c(c5c6ccccc6n2c5c31)C(=O)NC4=O,IC50,200.0,nM,=,CHEMBL677890,CHEMBL203,6.70
CHEMBL340611,CC[N+](C)(C)[C@H]1C[C@@H]2O[C@](C)([C@H]1OC)n1c3ccccc3c3c4c(c5c6ccccc6n2c5c31)C(=O)NC4,IC50,43.0,nM,=,CHEMBL677890,CHEMBL203,7.37
CHEMBL56543,N#C/C(=C\c1ccc(O)c(O)c1)C(=O)NCc1ccccc1,IC50,7000.0,nM,=,CHEMBL688553,CHEMBL203,5.16
CHEMBL131456,COC(=O)CN1Cc2c(c3c4ccccc4n4c3c3c2c2ccccc2n3[C@]2(C)O[C@H]4C[C@H](N(C)C(=O)c3ccccc3)[C@@H]2OC)C1=O,IC50,100000.0,nM,>,CHEMBL677890,CHEMBL203,
CHEMBL338944,CO[C@H]1[C@@H](N(C)C(=O)c2cccc(Cl)c2)C[C@@H]2O[C@@]1(C)n1c3ccccc3c3c4c(c5c6ccccc6n2c5c31)C(=O)NC4,IC50,4600.0,nM,=,CHEMBL677890,CHEMBL203,5.34
CHEMBL57366,CC(C)(C)NC(=O)Nc1nc2nc(N)ncc2cc1-c1c(Cl)cccc1Cl,IC50,450.0,nM,=,CHEMBL675521,CHEMBL203,6.35
CHEMBL337297,CO[C@H]1[C@@H](N(C)C(=O)c2cnccn2)C[C@@H]2O[C@@]1(C)n1c3ccccc3c3c4c(c5c6ccccc6n2c5c31)C(=O)NC4,IC50,8180.0,nM,=,CHEMBL677890,CHEMBL203,5.09
CHEMBL338049,CN[C@H]1C[C@@H]2O[C@](C)([C@H]1OC)n1c3ccccc3c3c4c(c5c6ccccc6n2c5c31)C(=O)N[C@@H]4O,IC50,17.0,nM,=,CHEMBL677890,CHEMBL203,7.77
CHEMBL432738,CCNC(=O)Nc1nc2nc(N)ncc2cc1-c1c(Cl)cccc1Cl,IC50,1360.0,nM,=,CHEMBL675521,CHEMBL203,5.87
CHEMBL131193,CO[C@H]1[C@@H](N(C)Cc2ccccc2)C[C@@H]2O[C@@]1(C)n1c3ccccc3c3c4c(c5c6ccccc6n2c5c31)C(=O)NC4,IC50,910.0,nM,=,CHEMBL677890,CHEMBL203,6.04
CHEMBL337035,CNC(=S)N(C)[C@H]1C[C@@H]2O[C@](C)([C@H]1OC)n1c3ccccc3c3c4c(c5c6ccccc6n2c5c31)C(=O)NC4,IC50,12500.0,nM,=,CHEMBL677890,CHEMBL203,4.90
CHEMBL415233,CO[C@H]1[C@@H](N(C)C(=O)c2ccccc2)C[C@@H]2O[C@@]1(C)n1c3ccccc3c3c4c(c5c6ccccc6n2c5c31)C(=O)N(Cc1ccccc1)C4,IC50,100000.0,nM,>,CHEMBL677890,CHEMBL203,
CHEMBL338155,CN[C@H]1C[C@@H]2O[C@](C)([C@H]1OC)n1c3ccccc3c3c4c(c5c6ccccc6n2c5c31)[C@H](O)NC4=O,IC50,260.0,nM,=,CHEMBL677890,CHEMBL203,6.58
CHEMBL301483,CCNC(=O)Nc1nc2nc(NCCCCN(CC)CC)ncc2cc1-c1c(Cl)cccc1Cl,IC50,1260.0,nM,=,CHEMBL675521,CHEMBL203,5.90
CHEMBL130208,CO[C@H]1[C@@H](N(C)C(=O)c2cccc([N+](=O)[O-])c2)C[C@@H]2O[C@@]1(C)n1c3ccccc3c3c4c(c5c6ccccc6n2c5c31)C(=O)NC4,IC50,4800.0,nM,=,CHEMBL677890,CHEMBL203,5.32
CHEMBL435240,COn1cc2c3c(cccc31)[C@@H]1C=C(C)CN(C)[C@@H]1C2,Inhibition,14.0,%,=,CHEMBL674705,CHEMBL203,
CHEMBL304668,COc1cc2cc(-c3cccnc3)cnc2cc1OC,IC50,25000.0,nM,>,CHEMBL679946,CHEMBL203,
CHEMBL55993,Cc1cc(C)c(C(=O)/C(C#N)=C/c2ccc(O)c(O)c2)c(C)c1,IC50,19054.61,nM,=,CHEMBL676067,CHEMBL203,4.72
CHEMBL66925,COc1ccc(-c2cnc3cc(OC)c(OC)cc3c2)cc1C,IC50,20000.0,nM,>,CHEMBL679946,CHEMBL203,
CHEMBL55360,Cc1cccc(C)c1NC(=O)/C(C#N)=C/c1ccc(O)c(O)c1,IC50,10232.93,nM,=,CHEMBL676067,CHEMBL203,4.99
CHEMBL56731,N#C/C(=C\c1ccc(O)c(O)c1)C(=O)Nc1ccccc1,IC50,1258.93,nM,=,CHEMBL676067,CHEMBL203,5.90
CHEMBL333454,COc1cc(/C=C(\C#N)C(N)=O)cc(CSc2ccc(C)cc2)c1O,IC50,1737.8,nM,=,CHEMBL676067,CHEMBL203,5.76
CHEMBL122522,COc1cc(C=C(C#N)C#N)cc(CSc2ccccc2)c1O,IC50,6760.83,nM,=,CHEMBL676067,CHEMBL203,5.17
CHEMBL56219,N#C/C(=C\c1ccc(O)c(O)c1)C(=O)Nc1ccccc1Cl,IC50,2089.3,nM,=,CHEMBL676067,CHEMBL203,5.68
CHEMBL118205,COc1cc(/C=C(\C#N)C(N)=O)cc(CSc2nc3ccccc3o2)c1O,IC50,5248.07,nM,=,CHEMBL676067,CHEMBL203,5.28
CHEMBL2448064,COc1cc2c(Nc3ccc(Cl)cc3F)ncnc2cc1OCC1CCNCC1.Cl,IC50,300.0,nM,=,CHEMBL677388,CHEMBL203,6.52
CHEMBL2448064,COc1cc2c(Nc3ccc(Cl)cc3F)ncnc2cc1OCC1CCNCC1.Cl,IC50,100.0,nM,=,CHEMBL691873,CHEMBL203,7.00
CHEMBL308879,COc1cc2cc(O)cnc2cc1OC,IC50,20000.0,nM,>,CHEMBL679946,CHEMBL203,
CHEMBL417740,COc1cc2cc(-c3ccc4ccccc4c3)cnc2cc1OC,IC50,20000.0,nM,>,CHEMBL679946,CHEMBL203,
CHEMBL70130,COc1ccc(-c2cnc3cc(OC)c(OC)cc3c2)cc1,IC50,20000.0,nM,>,CHEMBL679946,CHEMBL203,
CHEMBL66107,COc1cc2cc(-c3cc(OC)c(OC)c(OC)c3)cnc2cc1OC,IC50,20000.0,nM,>,CHEMBL679946,CHEMBL203,
CHEMBL25579,COc1cc2c(Nc3ccc(Cl)cc3F)ncnc2cc1OCCN(C)c1ccncc1,IC50,300.0,nM,=,CHEMBL677388,CHEMBL203,6.52
CHEMBL25579,COc1cc2c(Nc3ccc(Cl)cc3F)ncnc2cc1OCCN(C)c1ccncc1,IC50,200.0,nM,=,CHEMBL691873,CHEMBL203,6.70
CHEMBL24026,COc1cc2c(Nc3ccc(C#N)cc3F)ncnc2cc1OC/C=C/CN1CCCC1,IC50,800.0,nM,=,CHEMBL677388,CHEMBL203,6.10
CHEMBL24026,COc1cc2c(Nc3ccc(C#N)cc3F)ncnc2cc1OC/C=C/CN1CCCC1,IC50,1400.0,nM,=,CHEMBL691873,CHEMBL203,5.85
CHEMBL26050,COc1cc2c(Nc3ccc(Cl)cc3F)ncnc2cc1OC1CCN(C)CC1,Inhibition,,%,,CHEMBL676066,CHEMBL203,
CHEMBL26050,COc1cc2c(Nc3ccc(Cl)cc3F)ncnc2cc1OC1CCN(C)CC1,Inhibition,,%,,CHEMBL696128,CHEMBL203,
CHEMBL66705,COc1cc2cccnc2cc1OC,IC50,20000.0,nM,>,CHEMBL679946,CHEMBL203,
CHEMBL116595,COc1cc(/C=C(\C#N)C(N)=O)cc(CSc2ccccc2)c1O,IC50,398.11,nM,=,CHEMBL676067,CHEMBL203,6.40
CHEMBL324030,COc1cc(/C=C(\C#N)C(N)=O)cc(CSC2=NCCS2)c1O,IC50,8709.64,nM,=,CHEMBL676067,CHEMBL203,5.06
CHEMBL307093,Fc1ccc2cc(-c3ccsc3)cnc2c1,IC50,20000.0,nM,>,CHEMBL679946,CHEMBL203,
CHEMBL417941,N#C/C(=C\c1ccc(O)c(O)c1)C(=O)NC1CCCCC1,IC50,5888.44,nM,=,CHEMBL676067,CHEMBL203,5.23
CHEMBL326100,COc1cc(/C=C(\C#N)C(N)=O)cc(CSCc2ccccc2Cl)c1O,IC50,1000.0,nM,=,CHEMBL676067,CHEMBL203,6.00
CHEMBL304336,COc1cc2cc(-c3cccs3)cnc2cc1OC,IC50,20000.0,nM,>,CHEMBL679946,CHEMBL203,
CHEMBL68185,COc1ccc2cc(-c3ccsc3)cnc2c1,IC50,20000.0,nM,>,CHEMBL679946,CHEMBL203,
CHEMBL56542,N#C/C(=C\c1ccc(O)c(O)c1)C(=O)N1CCc2ccccc21,IC50,12022.64,nM,=,CHEMBL676067,CHEMBL203,4.92
CHEMBL293749,N#C/C(=C\c1ccc(O)c(O)c1)C(=O)NCCc1ccccc1,IC50,616.6,nM,=,CHEMBL676067,CHEMBL203,6.21
CHEMBL143212,COc1cc(/C=C(\C#N)C(N)=O)cc(CSc2cccc3ccccc23)c1O,IC50,1698.24,nM,=,CHEMBL676067,CHEMBL203,5.77
CHEMBL135861,CNC(=O)c1c([Se][Se]c2[nH]c3ccccc3c2C(=O)NC)[nH]c2ccccc12,IC50,13000.0,nM,=,CHEMBL677206,CHEMBL203,4.89
CHEMBL66100,COc1ccc(-c2cnc3cc(OC)c(OC)cc3c2)cc1OC,IC50,20000.0,nM,>,CHEMBL679946,CHEMBL203,
CHEMBL303704,COc1cc2cc(-c3ccc(O)cc3)cnc2cc1OC,IC50,20000.0,nM,>,CHEMBL679946,CHEMBL203,
CHEMBL66787,COc1ccc(CCc2cnc3cc(OC)c(OC)cc3c2)cc1,IC50,20000.0,nM,>,CHEMBL679946,CHEMBL203,
CHEMBL440298,N#C/C(=C\c1ccc(O)c(O)c1)C(=O)NCCCCc1ccccc1,IC50,5011.87,nM,=,CHEMBL676067,CHEMBL203,5.30
CHEMBL428534,COc1cc2c(Nc3ccc(C)cc3F)ncnc2cc1OCC1CCNCC1,IC50,500.0,nM,=,CHEMBL677388,CHEMBL203,6.30
CHEMBL428534,COc1cc2c(Nc3ccc(C)cc3F)ncnc2cc1OCC1CCNCC1,IC50,450.0,nM,=,CHEMBL691873,CHEMBL203,6.35
CHEMBL326318,COc1cc(/C=C(\C#N)C(N)=O)cc(CSCc2ccccc2)c1O,IC50,891.25,nM,=,CHEMBL676067,CHEMBL203,6.05
CHEMBL1161234,COc1cc(/C=C(\C#N)C(N)=O)cc(SCCCC(=O)O)c1O,IC50,47863.01,nM,=,CHEMBL676067,CHEMBL203,4.32
CHEMBL69378,c1cc(-c2cnc3cc4c(cc3c2)OCO4)cs1,IC50,20000.0,nM,>,CHEMBL679946,CHEMBL203,
CHEMBL306234,COc1cc2cc(-c3sccc3Cl)cnc2cc1OC,IC50,20000.0,nM,>,CHEMBL679946,CHEMBL203,
CHEMBL281872,COc1cc2c(Nc3ccc(Br)cc3F)ncnc2cc1OCCn1ccnn1,IC50,400.0,nM,=,CHEMBL677388,CHEMBL203,6.40
CHEMBL281872,COc1cc2c(Nc3ccc(Br)cc3F)ncnc2cc1OCCn1ccnn1,IC50,50.0,nM,=,CHEMBL691873,CHEMBL203,7.30
CHEMBL281990,COc1cc2c(Nc3ccc(C)cc3F)ncnc2cc1OCC1CCN(C)CC1,IC50,1000.0,nM,=,CHEMBL677388,CHEMBL203,6.00
CHEMBL281990,COc1cc2c(Nc3ccc(C)cc3F)ncnc2cc1OCC1CCN(C)CC1,IC50,400.0,nM,=,CHEMBL691873,CHEMBL203,6.40
CHEMBL422758,COc1cc2c(Nc3c(F)cc(Cl)cc3F)ncnc2cc1OCC1CCN(C)CC1,IC50,450.0,nM,=,CHEMBL677388,CHEMBL203,6.35
CHEMBL422758,COc1cc2c(Nc3c(F)cc(Cl)cc3F)ncnc2cc1OCC1CCN(C)CC1,IC50,300.0,nM,=,CHEMBL691873,CHEMBL203,6.52
CHEMBL25450,COc1cc2c(Nc3c(F)cc(Cl)cc3F)ncnc2cc1OCC1CCNCC1,IC50,500.0,nM,=,CHEMBL677388,CHEMBL203,6.30
CHEMBL25450,COc1cc2c(Nc3c(F)cc(Cl)cc3F)ncnc2cc1OCC1CCNCC1,IC50,600.0,nM,=,CHEMBL691873,CHEMBL203,6.22
CHEMBL1907763,COc1cc2c(Nc3ccc(Cl)cc3F)ncnc2cc1OC[C@@H]1CCCN(C)C1,IC50,100.0,nM,=,CHEMBL677388,CHEMBL203,7.00
CHEMBL1907763,COc1cc2c(Nc3ccc(Cl)cc3F)ncnc2cc1OC[C@@H]1CCCN(C)C1,IC50,150.0,nM,=,CHEMBL691873,CHEMBL203,6.82
CHEMBL24137,COc1cc2c(Nc3ccc(Cl)cc3F)ncnc2cc1OCCCN1CCOCC1,IC50,100.0,nM,=,CHEMBL677388,CHEMBL203,7.00
CHEMBL24137,COc1cc2c(Nc3ccc(Cl)cc3F)ncnc2cc1OCCCN1CCOCC1,IC50,200.0,nM,=,CHEMBL691873,CHEMBL203,6.70
CHEMBL263666,CCN(CC)CCNC(=O)c1c([Se][Se]c2c(C(=O)NCCN(CC)CC)c3ccccc3n2C)n(C)c2ccccc12,IC50,4700.0,nM,=,CHEMBL677206,CHEMBL203,5.33
CHEMBL67219,COc1cc2cc(-c3ccc(C)cc3)cnc2cc1OC,IC50,20000.0,nM,>,CHEMBL679946,CHEMBL203,
CHEMBL67170,COc1cc2cc(-c3ccc(OC)c([N+](=O)[O-])c3)cnc2cc1OC,IC50,20000.0,nM,>,CHEMBL679946,CHEMBL203,
CHEMBL116423,Cc1cc(C=C(C#N)C#N)cc(O)c1O,IC50,61659.5,nM,=,CHEMBL676067,CHEMBL203,4.21
CHEMBL24828,COc1cc2/c(=N/c3ccc(Br)cc3F)nc[nH]c2cc1OCC1CCN(C)CC1,IC50,200.0,nM,=,CHEMBL677388,CHEMBL203,6.70
CHEMBL24828,COc1cc2/c(=N/c3ccc(Br)cc3F)nc[nH]c2cc1OCC1CCN(C)CC1,IC50,100.0,nM,=,CHEMBL691873,CHEMBL203,7.00
CHEMBL308210,COc1cc2cc(-c3ccc(OCc4ccccc4)cc3)cnc2cc1OC,IC50,20000.0,nM,>,CHEMBL679946,CHEMBL203,
CHEMBL430605,COc1ccc2cc(-c3c[nH]c4ccccc34)cnc2c1OC,IC50,20000.0,nM,>,CHEMBL679946,CHEMBL203,
CHEMBL308466,COc1cccc(-c2cnc3cc(OC)c(OC)cc3c2)c1,IC50,20000.0,nM,>,CHEMBL679946,CHEMBL203,
CHEMBL67059,COc1cc2cc(C#Cc3ccccc3)cnc2cc1OC,IC50,20000.0,nM,>,CHEMBL679946,CHEMBL203,
CHEMBL66785,COc1cc2cc(C3CCCC3)cnc2cc1OC,IC50,20000.0,nM,>,CHEMBL679946,CHEMBL203,
CHEMBL303184,COc1ccc2ncc(-c3ccsc3)cc2c1,IC50,20000.0,nM,>,CHEMBL679946,CHEMBL203,
CHEMBL303037,COc1cc2cc(N)cnc2cc1OC,IC50,20000.0,nM,>,CHEMBL679946,CHEMBL203,
CHEMBL56319,CCOC(=O)C(Cc1ccccc1)NC(=O)/C(C#N)=C/c1ccc(O)c(O)c1,IC50,48977.88,nM,=,CHEMBL676067,CHEMBL203,4.31
CHEMBL53898,N#C/C(=C\c1ccc(O)c(O)c1)C(=O)NCCCc1ccccc1,IC50,707.95,nM,=,CHEMBL676067,CHEMBL203,6.15
CHEMBL66786,COc1cc2cc(CCC3CCCCC3)cnc2cc1OC,IC50,20000.0,nM,>,CHEMBL679946,CHEMBL203,
CHEMBL56393,N#C/C(=C\c1ccc(O)c(O)c1)C(=O)c1ccc(O)c(O)c1,IC50,5011.87,nM,=,CHEMBL676067,CHEMBL203,5.30
CHEMBL1161236,COc1cc(C=C(C#N)C#N)cc(SCC(=O)O)c1O,IC50,53703.18,nM,=,CHEMBL676067,CHEMBL203,4.27
CHEMBL143805,N#C/C(=C\c1ccc(O)c(O)c1)C(=O)NCc1ccc(O)cc1,IC50,3019.95,nM,=,CHEMBL676067,CHEMBL203,5.52
CHEMBL1744349,COc1cc2c(Nc3ccc(Cl)cc3F)ncnc2cc1OC/C=C/CN1CCCC1.Cl,IC50,90.0,nM,=,CHEMBL677388,CHEMBL203,7.05
CHEMBL1744349,COc1cc2c(Nc3ccc(Cl)cc3F)ncnc2cc1OC/C=C/CN1CCCC1.Cl,IC50,80.0,nM,=,CHEMBL691873,CHEMBL203,7.10
CHEMBL24979,COc1cc2c(Nc3ccc(Br)cc3F)ncnc2cc1OCCC1CCN(C)CC1,IC50,200.0,nM,=,CHEMBL677388,CHEMBL203,6.70
CHEMBL24979,COc1cc2c(Nc3ccc(Br)cc3F)ncnc2cc1OCCC1CCN(C)CC1,IC50,150.0,nM,=,CHEMBL691873,CHEMBL203,6.82
CHEMBL2448065,COc1cc2c(Nc3ccc(Cl)cc3F)ncnc2cc1OCC1CCN(C)CC1.Cl,IC50,300.0,nM,=,CHEMBL677388,CHEMBL203,6.52
CHEMBL2448065,COc1cc2c(Nc3ccc(Cl)cc3F)ncnc2cc1OCC1CCN(C)CC1.Cl,IC50,100.0,nM,=,CHEMBL691873,CHEMBL203,7.00
CHEMBL302745,COc1ccc(-c2cnc3cc(OC)c(OC)cc3c2)s1,IC50,20000.0,nM,>,CHEMBL679946,CHEMBL203,
CHEMBL70149,COc1cc2cc(/C=C/c3ccccc3)cnc2cc1OC,IC50,20000.0,nM,>,CHEMBL679946,CHEMBL203,
CHEMBL63356,Oc1cc2cc(-c3cccnc3)cnc2cc1O,IC50,500.0,nM,=,CHEMBL679946,CHEMBL203,6.30
CHEMBL65850,COc1cc2cc(NCc3ccccc3)cnc2cc1OC,IC50,20000.0,nM,>,CHEMBL679946,CHEMBL203,
CHEMBL296407,N#C/C(=C\c1ccc(O)c(O)c1)C(N)=O,IC50,4466.84,nM,=,CHEMBL676067,CHEMBL203,5.35
CHEMBL1907764,COc1cc2c(Nc3ccc(Br)cc3F)ncnc2cc1OC[C@@H]1CCCN(C)C1,IC50,200.0,nM,=,CHEMBL677388,CHEMBL203,6.70
CHEMBL1907764,COc1cc2c(Nc3ccc(Br)cc3F)ncnc2cc1OC[C@@H]1CCCN(C)C1,IC50,150.0,nM,=,CHEMBL691873,CHEMBL203,6.82
CHEMBL66071,COc1cc(OC)c2cc(-c3ccsc3)cnc2c1,IC50,20000.0,nM,>,CHEMBL679946,CHEMBL203,
CHEMBL67991,COc1ccc(-c2cnc3cc(OC)c(OC)cc3c2)c(OC)c1,IC50,20000.0,nM,>,CHEMBL679946,CHEMBL203,
CHEMBL303391,COc1ccc2cc(-c3cccnc3)cnc2c1OC,IC50,25000.0,nM,>,CHEMBL679946,CHEMBL203,
CHEMBL118321,COc1cc(C=C(C#N)C#N)cc(CSc2ccccc2C(=O)O)c1O,IC50,7943.28,nM,=,CHEMBL676067,CHEMBL203,5.10
CHEMBL115895,COc1cc(/C=C(\C#N)C(N)=O)cc(CSc2ccccc2NC(C)=O)c1O,IC50,21877.62,nM,=,CHEMBL676067,CHEMBL203,4.66
CHEMBL283088,COc1cc2c(Nc3ccc(Cl)cc3F)ncnc2cc1OCCN1CCN(C)CC1,IC50,200.0,nM,=,CHEMBL677388,CHEMBL203,6.70
CHEMBL283088,COc1cc2c(Nc3ccc(Cl)cc3F)ncnc2cc1OCCN1CCN(C)CC1,IC50,200.0,nM,=,CHEMBL691873,CHEMBL203,6.70
CHEMBL2448067,COc1cc2c(Nc3ccc(Cl)cc3F)ncnc2cc1OCCCN1CCCC1.Cl,IC50,100.0,nM,=,CHEMBL677388,CHEMBL203,7.00
CHEMBL2448067,COc1cc2c(Nc3ccc(Cl)cc3F)ncnc2cc1OCCCN1CCCC1.Cl,IC50,100.0,nM,=,CHEMBL691873,CHEMBL203,7.00
CHEMBL56879,N#C/C(=C\c1ccc(O)c(O)c1)C(=O)c1ccc([N+](=O)[O-])cc1,IC50,10964.78,nM,=,CHEMBL676067,CHEMBL203,4.96
CHEMBL331026,COc1cc(/C=C(\C#N)C(N)=O)cc(CSc2nc3ccccc3[nH]2)c1O,IC50,14454.4,nM,=,CHEMBL676067,CHEMBL203,4.84
CHEMBL1202477,COc1cc2c(Nc3ccc(Br)cc3F)ncnc2cc1OCCCN1CCN(C)CC1.Cl,IC50,100.0,nM,=,CHEMBL677388,CHEMBL203,7.00
CHEMBL1202477,COc1cc2c(Nc3ccc(Br)cc3F)ncnc2cc1OCCCN1CCN(C)CC1.Cl,IC50,90.0,nM,=,CHEMBL691873,CHEMBL203,7.05
CHEMBL416191,COc1cc2c(Nc3c(F)cc(Br)cc3F)ncnc2cc1OCC1CCN(C)CC1,IC50,300.0,nM,=,CHEMBL677388,CHEMBL203,6.52
CHEMBL416191,COc1cc2c(Nc3c(F)cc(Br)cc3F)ncnc2cc1OCC1CCN(C)CC1,IC50,400.0,nM,=,CHEMBL691873,CHEMBL203,6.40
CHEMBL66618,COc1cc2cc(C3=CCCC3)cnc2cc1OC,IC50,20000.0,nM,>,CHEMBL679946,CHEMBL203,
CHEMBL67027,COc1ccc(/C=C(\C#N)c2cccnc2)cc1OC,IC50,700.0,nM,=,CHEMBL679946,CHEMBL203,6.16
CHEMBL140213,CC(C)(C)Oc1cc(/C=C(\C#N)C(=N)S)cc(C(C)(C)C)c1O,IC50,501187.23,nM,=,CHEMBL676067,CHEMBL203,
CHEMBL533849,COc1cc2c(Nc3ccc(Br)cc3F)ncnc2cc1OCC1CCN(C)CC1.Cl,IC50,500.0,nM,=,CHEMBL677388,CHEMBL203,6.30
CHEMBL533849,COc1cc2c(Nc3ccc(Br)cc3F)ncnc2cc1OCC1CCN(C)CC1.Cl,IC50,170.0,nM,=,CHEMBL691873,CHEMBL203,6.77
CHEMBL1907944,COc1cc2c(Nc3ccc(Br)cc3F)ncnc2cc1OC[C@H]1CCCN(C)C1,IC50,100.0,nM,=,CHEMBL677388,CHEMBL203,7.00
CHEMBL1907944,COc1cc2c(Nc3ccc(Br)cc3F)ncnc2cc1OC[C@H]1CCCN(C)C1,IC50,150.0,nM,=,CHEMBL691873,CHEMBL203,6.82
CHEMBL336409,N[C@H](Cc1c([Se][Se]c2[nH]c3ccccc3c2C[C@H](N)C(=O)NCc2ccccc2)[nH]c2ccccc12)C(=O)NCc1ccccc1,IC50,900.0,nM,=,CHEMBL677206,CHEMBL203,6.05
CHEMBL336409,N[C@H](Cc1c([Se][Se]c2[nH]c3ccccc3c2C[C@H](N)C(=O)NCc2ccccc2)[nH]c2ccccc12)C(=O)NCc1ccccc1,IC50,4200.0,nM,=,CHEMBL677383,CHEMBL203,5.38
CHEMBL303872,Cc1ccc(C)c2ncc(-c3ccsc3)cc12,IC50,20000.0,nM,>,CHEMBL679946,CHEMBL203,
CHEMBL302491,COc1cc2cc(-c3cccc(F)c3)cnc2cc1OC,IC50,20000.0,nM,>,CHEMBL679946,CHEMBL203,
CHEMBL304333,Cc1cc(C)c2cc(-c3ccsc3)cnc2c1,IC50,20000.0,nM,>,CHEMBL679946,CHEMBL203,
CHEMBL66924,COc1cc2cc(-c3cc(F)c(OC)c(F)c3)cnc2cc1OC,IC50,20000.0,nM,>,CHEMBL679946,CHEMBL203,
CHEMBL342929,CNC(=O)c1c(SSc2c(C(=O)NC)c3ccccc3n2C)n(C)c2ccccc12,IC50,6900.0,nM,=,CHEMBL677206,CHEMBL203,5.16
CHEMBL342929,CNC(=O)c1c(SSc2c(C(=O)NC)c3ccccc3n2C)n(C)c2ccccc12,Ki,2300.0,nM,=,CHEMBL674574,CHEMBL203,5.64
CHEMBL342929,CNC(=O)c1c(SSc2c(C(=O)NC)c3ccccc3n2C)n(C)c2ccccc12,Ki,3900.0,nM,=,CHEMBL674575,CHEMBL203,5.41
CHEMBL135577,CCN(CC)CCNC(=O)c1c([Se][Se]c2[nH]c3ccccc3c2C(=O)NCCN(CC)CC)[nH]c2ccccc12,IC50,4600.0,nM,=,CHEMBL677206,CHEMBL203,5.34
CHEMBL419248,COc1cc2cc(-c3ccccc3OC)cnc2cc1OC,IC50,20000.0,nM,>,CHEMBL679946,CHEMBL203,
CHEMBL66932,COc1cc2cc(OCc3ccccc3)cnc2cc1OC,IC50,20000.0,nM,>,CHEMBL679946,CHEMBL203,
CHEMBL115519,COc1cc(/C=C(\C#N)C(N)=O)cc(CSc2nc3cc(Cl)ccc3s2)c1O,IC50,83176.38,nM,=,CHEMBL676067,CHEMBL203,4.08
CHEMBL119156,COc1cc(/C=C(\C#N)C(N)=O)cc(CSc2ccccn2)c1O,IC50,3388.44,nM,=,CHEMBL676067,CHEMBL203,5.47
CHEMBL119987,COc1cc(/C=C(\C#N)C(N)=O)cc(CSc2ccccc2C(=O)O)c1O,IC50,707.95,nM,=,CHEMBL676067,CHEMBL203,6.15
CHEMBL54471,Cc1ccc(C(=O)/C(C#N)=C/c2ccc(O)c(O)c2)cc1,IC50,15135.61,nM,=,CHEMBL676067,CHEMBL203,4.82
CHEMBL1744347,COc1cc2c(Nc3ccc(Cl)cc3F)ncnc2cc1OCCCN1CCN(C)CC1.Cl,IC50,75.0,nM,=,CHEMBL677388,CHEMBL203,7.12
CHEMBL1744347,COc1cc2c(Nc3ccc(Cl)cc3F)ncnc2cc1OCCCN1CCN(C)CC1.Cl,IC50,100.0,nM,=,CHEMBL691873,CHEMBL203,7.00
CHEMBL334915,Cn1c([Se][Se]c2c(C(=O)O)c3ccccc3n2C)c(C(=O)O)c2ccccc21,IC50,3500.0,nM,=,CHEMBL677206,CHEMBL203,5.46
CHEMBL66063,COc1cc2cc(-c3ccccc3)cnc2cc1OC,IC50,20000.0,nM,>,CHEMBL679946,CHEMBL203,
CHEMBL69820,COc1cc2cc(-c3ccc(Cl)s3)cnc2cc1OC,IC50,20000.0,nM,>,CHEMBL679946,CHEMBL203,
CHEMBL55979,CC(NC(=O)/C(C#N)=C/c1ccc(O)c(O)c1)c1ccccc1,IC50,2511.89,nM,=,CHEMBL676067,CHEMBL203,5.60
CHEMBL25610,COc1cc2c(Nc3ccc(Cl)cc3F)ncnc2cc1OCCN1CCOCC1,IC50,400.0,nM,=,CHEMBL677388,CHEMBL203,6.40
CHEMBL25610,COc1cc2c(Nc3ccc(Cl)cc3F)ncnc2cc1OCCN1CCOCC1,IC50,300.0,nM,=,CHEMBL691873,CHEMBL203,6.52
CHEMBL137422,CNC(=O)c1c([Se][Se]c2c(C(=O)NC)c3ccccc3n2C)n(C)c2ccccc12,IC50,6100.0,nM,=,CHEMBL677206,CHEMBL203,5.21
CHEMBL137422,CNC(=O)c1c([Se][Se]c2c(C(=O)NC)c3ccccc3n2C)n(C)c2ccccc12,Ki,3100.0,nM,=,CHEMBL674574,CHEMBL203,5.51
CHEMBL137422,CNC(=O)c1c([Se][Se]c2c(C(=O)NC)c3ccccc3n2C)n(C)c2ccccc12,Ki,3900.0,nM,=,CHEMBL674575,CHEMBL203,5.41
CHEMBL66643,COc1cc2cc(-c3ccsc3)cnc2cc1OC,IC50,20000.0,nM,>,CHEMBL679946,CHEMBL203,
CHEMBL66981,COc1cc2cc(-c3ccc(O)nc3)cnc2cc1OC,IC50,20000.0,nM,>,CHEMBL679946,CHEMBL203,
CHEMBL141238,Cc1cc(C)c(NC(=O)/C(C#N)=C/c2ccc(O)c(O)c2)c(C)c1,IC50,19054.61,nM,=,CHEMBL676067,CHEMBL203,4.72
CHEMBL336174,NC(Cc1c(SSc2[nH]c3ccccc3c2CC(N)C(=O)NCc2ccccc2)[nH]c2ccccc12)C(=O)NCc1ccccc1,IC50,7400.0,nM,=,CHEMBL677206,CHEMBL203,5.13
CHEMBL336174,NC(Cc1c(SSc2[nH]c3ccccc3c2CC(N)C(=O)NCc2ccccc2)[nH]c2ccccc12)C(=O)NCc1ccccc1,Ki,19400.0,nM,=,CHEMBL674574,CHEMBL203,4.71
CHEMBL336174,NC(Cc1c(SSc2[nH]c3ccccc3c2CC(N)C(=O)NCc2ccccc2)[nH]c2ccccc12)C(=O)NCc1ccccc1,Ki,21200.0,nM,=,CHEMBL674575,CHEMBL203,4.67
CHEMBL336174,NC(Cc1c(SSc2[nH]c3ccccc3c2CC(N)C(=O)NCc2ccccc2)[nH]c2ccccc12)C(=O)NCc1ccccc1,IC50,100000.0,nM,>,CHEMBL677383,CHEMBL203,
CHEMBL67424,COc1cc2cc(-c3ccc(F)c(F)c3)cnc2cc1OC,IC50,20000.0,nM,>,CHEMBL679946,CHEMBL203,
CHEMBL68401,COc1cc2cc(-c3ccc(F)cc3)cnc2cc1OC,IC50,20000.0,nM,>,CHEMBL679946,CHEMBL203,
CHEMBL26641,COc1cc2c(Nc3ccc(Br)cc3F)ncnc2cc1OCCC1CCNCC1,IC50,200.0,nM,=,CHEMBL677388,CHEMBL203,6.70
CHEMBL26641,COc1cc2c(Nc3ccc(Br)cc3F)ncnc2cc1OCCC1CCNCC1,IC50,80.0,nM,=,CHEMBL691873,CHEMBL203,7.10
CHEMBL334439,CCN(CC)CCn1c([Se][Se]c2c(C(=O)NC)c3ccccc3n2CCN(CC)CC)c(C(=O)NC)c2ccccc21,IC50,6900.0,nM,=,CHEMBL677206,CHEMBL203,5.16
CHEMBL66612,COc1ccc(-c2cnc3cc(OC)c(OC)cc3c2)cn1,IC50,20000.0,nM,>,CHEMBL679946,CHEMBL203,
CHEMBL66502,COc1cc2cc(-c3ccc(N(C)C)cc3)cnc2cc1OC,IC50,20000.0,nM,>,CHEMBL679946,CHEMBL203,
CHEMBL66101,COc1ccc(/C=C/c2cnc3cc(OC)c(OC)cc3c2)cc1,IC50,20000.0,nM,=,CHEMBL679946,CHEMBL203,4.70
CHEMBL66329,COc1cc2cc(-c3ccc(-c4ccccc4)cc3)cnc2cc1OC,IC50,20000.0,nM,>,CHEMBL679946,CHEMBL203,
CHEMBL67702,COc1cc2cc(-c3ccc(Cl)c(Cl)c3)cnc2cc1OC,IC50,20000.0,nM,>,CHEMBL679946,CHEMBL203,
CHEMBL304310,c1ccc2ncc(-c3ccsc3)cc2c1,IC50,20000.0,nM,>,CHEMBL679946,CHEMBL203,
CHEMBL59145,N#C/C(=C\c1ccc(O)c(O)c1)C(=O)c1ccccc1Cl,IC50,6606.93,nM,=,CHEMBL676067,CHEMBL203,5.18
CHEMBL118109,COc1cc(/C=C(\C#N)C(N)=O)cc(CSc2nc3ccccc3s2)c1O,IC50,19054.61,nM,=,CHEMBL676067,CHEMBL203,4.72
CHEMBL343875,CCOc1ccc2sc(SCc3cc(/C=C(\C#N)C(N)=O)cc(OC)c3O)nc2c1,IC50,165958.69,nM,=,CHEMBL673947,CHEMBL203,
CHEMBL334973,Cn1c([Se][Se]c2c(C(=O)OC(C)(C)C)c3ccccc3n2C)c(C(=O)OC(C)(C)C)c2ccccc21,IC50,100000.0,nM,>,CHEMBL677206,CHEMBL203,
CHEMBL66008,COc1cc2cc([N+](=O)[O-])cnc2cc1OC,IC50,20000.0,nM,>,CHEMBL679946,CHEMBL203,
CHEMBL279459,COc1cc2c(Nc3c(F)cc(Br)cc3F)ncnc2cc1OCC1CCNCC1,IC50,450.0,nM,=,CHEMBL677388,CHEMBL203,6.35
CHEMBL279459,COc1cc2c(Nc3c(F)cc(Br)cc3F)ncnc2cc1OCC1CCNCC1,IC50,400.0,nM,=,CHEMBL691873,CHEMBL203,6.40
CHEMBL135241,O=C(NCc1ccccc1)[C@H](Cc1c([Se]c2[nH]c3ccccc3c2C[C@@H](NC(=O)C(F)(F)F)C(=O)NCc2ccccc2)[nH]c2ccccc12)NC(=O)C(F)(F)F,IC50,50000.0,nM,>,CHEMBL677206,CHEMBL203,
CHEMBL65858,C(=C/c1cnc2ccccc2c1)\c1ccccc1,IC50,20000.0,nM,>,CHEMBL679946,CHEMBL203,
CHEMBL55994,N#C/C(=C\c1ccc(O)c(O)c1)C(=O)c1cccs1,IC50,30902.95,nM,=,CHEMBL676067,CHEMBL203,4.51
CHEMBL334032,COc1cc(C=C(C#N)C#N)cc(CS(=O)(=O)c2ccc(C)cc2)c1O,IC50,22908.68,nM,=,CHEMBL676067,CHEMBL203,4.64
CHEMBL1202473,COc1cc2c(Nc3cc(O)c(C)cc3F)ncnc2cc1OCC1CCN(C)CC1.Cl,IC50,300.0,nM,=,CHEMBL677388,CHEMBL203,6.52
CHEMBL1202473,COc1cc2c(Nc3cc(O)c(C)cc3F)ncnc2cc1OCC1CCN(C)CC1.Cl,IC50,200.0,nM,=,CHEMBL691873,CHEMBL203,6.70
CHEMBL25425,COc1cc2c(Nc3ccc(Cl)cc3F)ncnc2cc1OCCC1CCN(C)CC1,IC50,300.0,nM,=,CHEMBL677388,CHEMBL203,6.52
CHEMBL25425,COc1cc2c(Nc3ccc(Cl)cc3F)ncnc2cc1OCCC1CCN(C)CC1,IC50,200.0,nM,=,CHEMBL691873,CHEMBL203,6.70
CHEMBL67436,COc1ccc(-c2cnc3cc(OC)c(OC)cc3c2)cc1F,IC50,20000.0,nM,>,CHEMBL679946,CHEMBL203,
CHEMBL55204,N#C/C(=C\c1ccc(O)c(O)c1)C(=O)c1ccc(F)cc1,IC50,5128.61,nM,=,CHEMBL676067,CHEMBL203,5.29
CHEMBL286160,COCCOc1cc2ncnc(Nc3ccc(Cl)cc3F)c2cc1OC,IC50,100.0,nM,=,CHEMBL677388,CHEMBL203,7.00
CHEMBL286160,COCCOc1cc2ncnc(Nc3ccc(Cl)cc3F)c2cc1OC,IC50,100.0,nM,=,CHEMBL691873,CHEMBL203,7.00
CHEMBL2448066,COc1cc2c(Nc3cc(O)c(Cl)cc3F)ncnc2cc1OCC1CCN(C)CC1.Cl,IC50,100.0,nM,=,CHEMBL677388,CHEMBL203,7.00
CHEMBL2448066,COc1cc2c(Nc3cc(O)c(Cl)cc3F)ncnc2cc1OCC1CCN(C)CC1.Cl,IC50,70.0,nM,=,CHEMBL691873,CHEMBL203,7.16
CHEMBL336409,N[C@H](Cc1c([Se][Se]c2[nH]c3ccccc3c2C[C@H](N)C(=O)NCc2ccccc2)[nH]c2ccccc12)C(=O)NCc1ccccc1,IC50,1300.0,nM,=,CHEMBL677206,CHEMBL203,5.89
CHEMBL336409,N[C@H](Cc1c([Se][Se]c2[nH]c3ccccc3c2C[C@H](N)C(=O)NCc2ccccc2)[nH]c2ccccc12)C(=O)NCc1ccccc1,Ki,2700.0,nM,=,CHEMBL674574,CHEMBL203,5.57
CHEMBL336409,N[C@H](Cc1c([Se][Se]c2[nH]c3ccccc3c2C[C@H](N)C(=O)NCc2ccccc2)[nH]c2ccccc12)C(=O)NCc1ccccc1,Ki,5600.0,nM,=,CHEMBL674575,CHEMBL203,5.25
CHEMBL302545,COc1cc2cc(-c3c[nH]c4ccccc34)cnc2cc1OC,IC50,20000.0,nM,>,CHEMBL679946,CHEMBL203,
CHEMBL57251,COc1ccc(NC(=O)/C(C#N)=C/c2ccc(O)c(O)c2)c(OC)c1,IC50,25118.86,nM,=,CHEMBL676067,CHEMBL203,4.60
CHEMBL56543,N#C/C(=C\c1ccc(O)c(O)c1)C(=O)NCc1ccccc1,IC50,501.19,nM,=,CHEMBL676067,CHEMBL203,6.30
CHEMBL309116,c1ccc2ncc(-c3c[nH]c4ccccc34)cc2c1,IC50,20000.0,nM,>,CHEMBL679946,CHEMBL203,
CHEMBL63575,COc1cc2cc(C#CC3CCCCC3)cnc2cc1OC,IC50,20000.0,nM,>,CHEMBL679946,CHEMBL203,
CHEMBL56132,N#C/C(=C\c1ccc(O)c(O)c1)C(=O)c1ccccc1,IC50,14125.38,nM,=,CHEMBL676067,CHEMBL203,4.85
CHEMBL120564,COc1cc(C=C(C#N)C#N)cc(C)c1O,IC50,87096.36,nM,=,CHEMBL676067,CHEMBL203,4.06
CHEMBL1202478,COc1cc2c(Nc3ccc(Br)cc3F)ncnc2cc1OC/C=C/CN1CCCC1.Cl,IC50,100.0,nM,=,CHEMBL677388,CHEMBL203,7.00
CHEMBL1202478,COc1cc2c(Nc3ccc(Br)cc3F)ncnc2cc1OC/C=C/CN1CCCC1.Cl,IC50,90.0,nM,=,CHEMBL691873,CHEMBL203,7.05
CHEMBL66718,Clc1cc2cc(-c3ccsc3)cnc2cc1Cl,IC50,20000.0,nM,>,CHEMBL679946,CHEMBL203,
CHEMBL432428,N#C/C(=C\c1cc(O)c(O)c(CSCc2ccccc2)c1)C(N)=O,IC50,645.65,nM,=,CHEMBL676067,CHEMBL203,6.19
CHEMBL141175,COc1cc(/C=C(/C#N)C(N)=O)cc(CSCc2ccc(Cl)cc2)c1O,IC50,15848.93,nM,=,CHEMBL676067,CHEMBL203,4.80
CHEMBL69585,COc1cc2cc(-c3ccc([N+](=O)[O-])cc3)cnc2cc1OC,IC50,20000.0,nM,>,CHEMBL679946,CHEMBL203,
CHEMBL336410,O=C(NCc1ccccc1)[C@H](Cc1c([Se][Se]c2[nH]c3ccccc3c2C[C@@H](NC(=O)C(F)(F)F)C(=O)NCc2ccccc2)[nH]c2ccccc12)NC(=O)C(F)(F)F,IC50,7000.0,nM,=,CHEMBL677206,CHEMBL203,5.16
CHEMBL419280,COC(=O)CCCc1c(SSc2c(CCCC(=O)OC)c3ccccc3n2C)n(C)c2ccccc12,IC50,100000.0,nM,>,CHEMBL674029,CHEMBL203,
CHEMBL113996,COc1cc2ncc(C#N)c(Nc3ccc(F)c(Cl)c3)c2cc1NC(=O)/C=C/CN1CCOCC1,IC50,13570.0,nM,=,CHEMBL680028,CHEMBL203,4.87
CHEMBL80001,COC(=O)CC1C(=S)N(C)c2ccccc21,IC50,100000.0,nM,>,CHEMBL674029,CHEMBL203,
CHEMBL607707,CCOc1cc2ncc(C#N)c(Nc3ccc(F)c(Cl)c3)c2cc1NC(=O)/C=C/CN(C)C,IC50,80.0,nM,=,CHEMBL680028,CHEMBL203,7.10
CHEMBL325156,CCN(CC)C(C)/C=C/C(=O)Nc1cc2c(Nc3ccc(F)c(Cl)c3)c(C#N)cnc2cc1OC,IC50,4840.0,nM,=,CHEMBL680028,CHEMBL203,5.32
CHEMBL126384,Brc1cccc(Nc2ncnc3cc(NCCCCN4CCOCC4)ncc23)c1,IC50,5.4,nM,=,CHEMBL677387,CHEMBL203,8.27
CHEMBL129509,Cc1cccc(Nc2ncnc3cc(NCCCN4CCOCC4)ncc23)c1,IC50,9.3,nM,=,CHEMBL677387,CHEMBL203,8.03
CHEMBL83390,CN1C(=S)C(CCCC(=O)O)c2ccccc21,IC50,100000.0,nM,>,CHEMBL674029,CHEMBL203,
CHEMBL84512,COC(=O)CCCC1C(=S)N(C)c2ccccc21,IC50,100000.0,nM,>,CHEMBL674029,CHEMBL203,
CHEMBL314029,COC(=O)CCc1c(SSc2c(CCC(=O)OC)c3ccccc3n2C)n(C)c2ccccc12,IC50,100000.0,nM,>,CHEMBL674029,CHEMBL203,
CHEMBL420400,COC(=O)CCCc1c(SSc2[nH]c3ccccc3c2CCCC(=O)OC)[nH]c2ccccc12,IC50,100000.0,nM,>,CHEMBL674029,CHEMBL203,
CHEMBL114593,COCC#CC(=O)Nc1ccc2ncc(C#N)c(Nc3cccc(Br)c3)c2c1,IC50,960.0,nM,=,CHEMBL680028,CHEMBL203,6.02
CHEMBL126137,CN(C)CCN(C)c1cc2ncnc(Nc3cccc(Br)c3)c2cn1,IC50,40.0,nM,=,CHEMBL677387,CHEMBL203,7.40
CHEMBL128987,Brc1cccc(Nc2ncnc3cc(NCCN4CCOCC4)ncc23)c1,IC50,3.2,nM,=,CHEMBL677387,CHEMBL203,8.49
CHEMBL128987,Brc1cccc(Nc2ncnc3cc(NCCN4CCOCC4)ncc23)c1,IC50,36.0,nM,=,CHEMBL673451,CHEMBL203,7.44
CHEMBL435993,OCCN(CCO)CCNc1cc2ncnc(Nc3cccc(Br)c3)c2cn1,IC50,9.2,nM,=,CHEMBL677387,CHEMBL203,8.04
CHEMBL340898,Cc1cccc(Nc2ncnc3cc(NCCCn4ccnc4)ncc23)c1,IC50,3.5,nM,=,CHEMBL677386,CHEMBL203,8.46
CHEMBL338215,Cc1cccc(Nc2ncnc3cc(NCCCCN(C)C)ncc23)c1,IC50,5.4,nM,=,CHEMBL677387,CHEMBL203,8.27
CHEMBL309765,CN1C(=S)C(CCC(=O)O)c2ccccc21,IC50,6700.0,nM,=,CHEMBL674029,CHEMBL203,5.17
CHEMBL309716,COC(=O)CCC1C(S)=Nc2ccccc21,IC50,100000.0,nM,>,CHEMBL674029,CHEMBL203,
CHEMBL311811,COC(=O)Cc1c(Sc2c(CC(=O)OC)c3ccccc3n2C)n(C)c2ccccc12,IC50,100000.0,nM,>,CHEMBL674029,CHEMBL203,
CHEMBL116857,COc1cc(NC(=O)/C=C/CN(C)C)cc2c(Nc3cccc(Br)c3)c(C#N)cnc12,IC50,2880.0,nM,=,CHEMBL680028,CHEMBL203,5.54
CHEMBL340484,CN1CCN(CCCNc2cc3ncnc(Nc4cccc(Br)c4)c3cn2)CC1,IC50,4.9,nM,=,CHEMBL677387,CHEMBL203,8.31
CHEMBL127058,OCCN(CCO)CCCNc1cc2ncnc(Nc3cccc(Br)c3)c2cn1,IC50,1.2,nM,=,CHEMBL677387,CHEMBL203,8.92
CHEMBL128467,O=S(=O)(O)CCNc1cc2ncnc(Nc3cccc(Br)c3)c2cn1,IC50,1.4,nM,=,CHEMBL677387,CHEMBL203,8.85
CHEMBL128467,O=S(=O)(O)CCNc1cc2ncnc(Nc3cccc(Br)c3)c2cn1,IC50,1000.0,nM,>,CHEMBL673451,CHEMBL203,
CHEMBL326280,COCC#CC(=O)Nc1cc2c(Nc3cccc(Br)c3)c(C#N)cnc2cc1OC,IC50,790.0,nM,=,CHEMBL680028,CHEMBL203,6.10
CHEMBL117326,C=C(CN(C)C)C(=O)Nc1cc2c(Nc3ccc(F)c(Cl)c3)c(C#N)cnc2cc1OCC,IC50,560.0,nM,=,CHEMBL680028,CHEMBL203,6.25
CHEMBL340700,CN(CC(O)CO)c1cc2ncnc(Nc3cccc(Br)c3)c2cn1,IC50,3.2,nM,=,CHEMBL677387,CHEMBL203,8.49
CHEMBL338114,Brc1cccc(Nc2ncnc3cc(NCCc4c[nH]cn4)ncc23)c1,IC50,0.91,nM,=,CHEMBL677386,CHEMBL203,9.04
CHEMBL312402,COC(=O)CCCC1C(S)=Nc2ccccc21,IC50,100000.0,nM,>,CHEMBL674029,CHEMBL203,
CHEMBL341319,CN(CCO)c1cc2ncnc(Nc3cccc(Br)c3)c2cn1,IC50,2.6,nM,=,CHEMBL677387,CHEMBL203,8.59
CHEMBL340508,NNc1cc2ncnc(Nc3cccc(Br)c3)c2cn1,IC50,7.1,nM,=,CHEMBL677387,CHEMBL203,8.15
CHEMBL115440,COCCOCC#CC(=O)Nc1ccc2ncc(C#N)c(Nc3cccc(Br)c3)c2c1,IC50,930.0,nM,=,CHEMBL680028,CHEMBL203,6.03
CHEMBL29197,COc1cc2ncnc(Nc3cccc(Br)c3)c2cc1OC,IC50,70.0,nM,=,CHEMBL680028,CHEMBL203,7.16
CHEMBL84513,O=C(O)CCCC1C(S)=Nc2ccccc21,IC50,6700.0,nM,=,CHEMBL674029,CHEMBL203,5.17
CHEMBL83559,Cc1ccc2[nH]c(SSc3[nH]c4ccc(C)cc4c3CCC(=O)O)c(CCC(=O)O)c2c1,IC50,8400.0,nM,=,CHEMBL674029,CHEMBL203,5.08
CHEMBL79531,O=C(O)CCCc1c(SSc2[nH]c3ccccc3c2CCCC(=O)O)[nH]c2ccccc12,IC50,18000.0,nM,=,CHEMBL674029,CHEMBL203,4.75
CHEMBL285063,C=CC(=O)Nc1ccc2ncnc(Nc3cccc(Br)c3)c2c1,IC50,2.0,nM,=,CHEMBL680028,CHEMBL203,8.70
CHEMBL127041,OCCNc1cc2ncnc(Nc3cccc(Br)c3)c2cn1,IC50,0.24,nM,=,CHEMBL677387,CHEMBL203,9.62
CHEMBL79808,COC(=O)CCc1c(SSc2[nH]c3ccccc3c2CCC(=O)OC)[nH]c2ccccc12,IC50,21000.0,nM,=,CHEMBL674029,CHEMBL203,4.68
CHEMBL116012,CCOc1cc2ncc(C#N)c(Nc3cccc(Br)c3)c2cc1NC(=O)/C=C/CN1CCOCC1,IC50,10320.0,nM,=,CHEMBL680028,CHEMBL203,4.99
CHEMBL126791,Brc1cccc(Nc2ncnc3cc(NCCCn4ccnc4)ncc23)c1,IC50,0.51,nM,=,CHEMBL677386,CHEMBL203,9.29
CHEMBL54400,CNc1cc2ncnc(Nc3cccc(Br)c3)c2cn1,IC50,0.13,nM,=,CHEMBL677387,CHEMBL203,9.89
CHEMBL54400,CNc1cc2ncnc(Nc3cccc(Br)c3)c2cn1,IC50,16.0,nM,=,CHEMBL673451,CHEMBL203,7.80
CHEMBL128468,O=C(O)CCCNc1cc2ncnc(Nc3cccc(Br)c3)c2cn1,IC50,0.28,nM,=,CHEMBL677387,CHEMBL203,9.55
CHEMBL341522,Cc1cccc(Nc2ncnc3cc(NCCCN4CCN(C)CC4)ncc23)c1,IC50,5.6,nM,=,CHEMBL677387,CHEMBL203,8.25
CHEMBL83837,COC(=O)Cc1c(SSc2c(CC(=O)OC)c3ccccc3n2C)n(C)c2ccccc12,IC50,33000.0,nM,=,CHEMBL674029,CHEMBL203,4.48
CHEMBL111038,COc1cc2ncc(C#N)c(Nc3cccc(Br)c3)c2cc1OC,IC50,190.0,nM,=,CHEMBL680028,CHEMBL203,6.72
CHEMBL339416,[O-][N+]1(CCCNc2cc3ncnc(Nc4cccc(Br)c4)c3cn2)CCOCC1,IC50,0.74,nM,=,CHEMBL677387,CHEMBL203,9.13
CHEMBL339416,[O-][N+]1(CCCNc2cc3ncnc(Nc4cccc(Br)c4)c3cn2)CCOCC1,IC50,1000.0,nM,>,CHEMBL673451,CHEMBL203,
CHEMBL47986,O=CN/C=C/c1cc(O)ccc1O,IC50,2000.0,nM,=,CHEMBL674029,CHEMBL203,5.70
CHEMBL30973,CN(C)C/C=C/C(=O)Nc1ccc2ncc(C#N)c(Nc3cccc(Br)c3)c2c1,IC50,310.0,nM,=,CHEMBL680028,CHEMBL203,6.51
CHEMBL113985,COc1cc(NC(=O)/C=C/CN2CCOCC2)cc2c(Nc3cccc(Br)c3)c(C#N)cnc12,IC50,5390.0,nM,=,CHEMBL680028,CHEMBL203,5.27
CHEMBL419650,O=C(O)Cc1c(SSc2[nH]c3ccccc3c2CC(=O)O)[nH]c2ccccc12,IC50,10200.0,nM,=,CHEMBL674029,CHEMBL203,4.99
CHEMBL327023,N#Cc1cnc2ccc(NC(=O)C#CCN3CCSCC3)cc2c1Nc1cccc(Br)c1,IC50,550.0,nM,=,CHEMBL680028,CHEMBL203,6.26
CHEMBL314416,CN1C(=S)C(CC(=O)O)c2ccccc21,IC50,100000.0,nM,>,CHEMBL674029,CHEMBL203,
CHEMBL311609,COC(=O)CCC1C(=S)N(C)c2ccccc21,IC50,100000.0,nM,>,CHEMBL674029,CHEMBL203,
CHEMBL115187,CCCN(CC#CC(=O)Nc1ccc2ncc(C#N)c(Nc3cccc(Br)c3)c2c1)CCC,IC50,130.0,nM,=,CHEMBL680028,CHEMBL203,6.89
CHEMBL92812,CNc1ccc2c(Nc3cccc(Br)c3)ncnc2c1,IC50,4.0,nM,=,CHEMBL677387,CHEMBL203,8.40
CHEMBL309276,O=C(O)CCC1C(S)=Nc2ccccc21,IC50,1620.0,nM,=,CHEMBL674029,CHEMBL203,5.79
CHEMBL283682,CC#CC(=O)Nc1ccc2ncc(C#N)c(Nc3cccc(Br)c3)c2c1,IC50,940.0,nM,=,CHEMBL680028,CHEMBL203,6.03
CHEMBL129825,CN(C)CCCCNc1cc2ncnc(Nc3cccc(Br)c3)c2cn1,IC50,7.4,nM,=,CHEMBL677387,CHEMBL203,8.13
CHEMBL420624,Nc1ccc2c(Nc3cccc(Br)c3)ncnc2c1,IC50,0.1,nM,=,CHEMBL677387,CHEMBL203,10.00
CHEMBL332497,COc1cc2ncc(C#N)c(Nc3cccc(Br)c3)c2cc1NC(=O)/C=C/CN1CCOCC1,IC50,3830.0,nM,=,CHEMBL680028,CHEMBL203,5.42
CHEMBL421047,CN(C)C/C=C/C(=O)Nc1cc2c(Nc3ccc(F)c(Cl)c3)c(C#N)cnc2cc1OC(F)(F)F,IC50,2640.0,nM,=,CHEMBL680028,CHEMBL203,5.58
CHEMBL113901,COc1cc2ncc(C#N)c(Nc3ccc(F)c(Cl)c3)c2cc1NC(=O)/C=C/C(C)N(C)C,IC50,5220.0,nM,=,CHEMBL680028,CHEMBL203,5.28
CHEMBL281300,C=CC(=O)Nc1ccc2ncc(C#N)c(Nc3cccc(Br)c3)c2c1,IC50,590.0,nM,=,CHEMBL680028,CHEMBL203,6.23
CHEMBL129579,OCC(O)C(O)C(O)C(O)CNc1cc2ncnc(Nc3cccc(Br)c3)c2cn1,IC50,4.8,nM,=,CHEMBL677387,CHEMBL203,8.32
CHEMBL126893,CN(C)CCCNc1cc2ncnc(Nc3cccc(Br)c3)c2cn1,IC50,8.8,nM,=,CHEMBL677387,CHEMBL203,8.06
CHEMBL127082,CNc1cc2ncnc(Nc3cccc(C)c3)c2cn1,IC50,1.4,nM,=,CHEMBL677387,CHEMBL203,8.85
CHEMBL309513,COC(=O)CCN1C(=S)C(CCC(=O)OC)(CCC(=O)OC)c2ccccc21,IC50,100000.0,nM,>,CHEMBL674029,CHEMBL203,
CHEMBL79970,O=C(O)Cc1c(SSSc2[nH]c3ccccc3c2CC(=O)O)[nH]c2ccccc12,IC50,9300.0,nM,=,CHEMBL674029,CHEMBL203,5.03
CHEMBL81480,Cc1ccc2c(CCC(=O)O)c(SSc3[nH]c4cc(C)ccc4c3CCC(=O)O)[nH]c2c1,IC50,2900.0,nM,=,CHEMBL674029,CHEMBL203,5.54
CHEMBL82214,Cn1c(SSc2c(CCCC(=O)O)c3ccccc3n2C)c(CCCC(=O)O)c2ccccc21,IC50,8300.0,nM,=,CHEMBL674029,CHEMBL203,5.08
CHEMBL128759,OCCN(CCO)c1cc2ncnc(Nc3cccc(Br)c3)c2cn1,IC50,12.0,nM,=,CHEMBL677387,CHEMBL203,7.92
CHEMBL79621,COC(=O)Cc1c(SSSc2[nH]c3ccccc3c2CC(=O)OC)[nH]c2ccccc12,IC50,35000.0,nM,=,CHEMBL674029,CHEMBL203,4.46
CHEMBL84141,Cn1c(SSc2c(CC(=O)O)c3ccccc3n2C)c(CC(=O)O)c2ccccc21,IC50,53000.0,nM,=,CHEMBL674029,CHEMBL203,4.28
CHEMBL126372,OCC(O)CNc1cc2ncnc(Nc3cccc(Br)c3)c2cn1,IC50,0.92,nM,=,CHEMBL677387,CHEMBL203,9.04
CHEMBL126372,OCC(O)CNc1cc2ncnc(Nc3cccc(Br)c3)c2cn1,IC50,227.0,nM,=,CHEMBL673451,CHEMBL203,6.64
CHEMBL157128,COCC1CCCN1CC#CC(=O)Nc1ccc2ncc(C#N)c(Nc3cccc(Br)c3)c2c1,IC50,150.0,nM,=,CHEMBL680028,CHEMBL203,6.82
CHEMBL116853,COc1cc2ncc(C#N)c(Nc3cccc(Br)c3)c2cc1NC(=O)C#CCN(C)C,IC50,90.0,nM,=,CHEMBL680028,CHEMBL203,7.05
CHEMBL114728,CCOc1cc2ncc(C#N)c(Nc3cccc(Br)c3)c2cc1NC(=O)/C=C/CN(C)C,IC50,1600.0,nM,=,CHEMBL680028,CHEMBL203,5.80
CHEMBL326811,C/C=C/C(=O)Nc1ccc2ncc(C#N)c(Nc3cccc(Br)c3)c2c1,IC50,1620.0,nM,=,CHEMBL680028,CHEMBL203,5.79
CHEMBL53428,CN(C)c1cc2ncnc(Nc3cccc(Br)c3)c2cn1,IC50,0.09,nM,=,CHEMBL677387,CHEMBL203,10.05
CHEMBL53428,CN(C)c1cc2ncnc(Nc3cccc(Br)c3)c2cn1,IC50,14.0,nM,=,CHEMBL673451,CHEMBL203,7.85
CHEMBL125568,OCC(CO)Nc1cc2ncnc(Nc3cccc(Br)c3)c2cn1,IC50,14.0,nM,=,CHEMBL677387,CHEMBL203,7.85
CHEMBL129824,CN(C)CCCCCNc1cc2ncnc(Nc3cccc(Br)c3)c2cn1,IC50,8.4,nM,=,CHEMBL677387,CHEMBL203,8.08
CHEMBL114073,COc1cc2ncc(C#N)c(Nc3ccc(F)c(Cl)c3)c2cc1NC(=O)/C=C/C(C)N1CCOCC1,IC50,10590.0,nM,=,CHEMBL680028,CHEMBL203,4.97
CHEMBL128432,CN(C)CCNc1cc2ncnc(Nc3cccc(Br)c3)c2cn1,IC50,45.0,nM,=,CHEMBL677387,CHEMBL203,7.35
CHEMBL79704,O=C(O)CCc1c(SSc2[nH]c3ccccc3c2CCC(=O)O)[nH]c2ccccc12,IC50,4200.0,nM,=,CHEMBL674029,CHEMBL203,5.38
CHEMBL116525,CC#CC(=O)Nc1cc2c(Nc3cccc(Br)c3)c(C#N)cnc2cc1OC,IC50,910.0,nM,=,CHEMBL680028,CHEMBL203,6.04
CHEMBL323630,CN(C)C/C=C/C(=O)Nc1ccc2ncc(C#N)c(Nc3ccc(F)c(Cl)c3)c2c1,IC50,650.0,nM,=,CHEMBL680028,CHEMBL203,6.19
CHEMBL312247,COC(=O)CCC1(CCC(=O)OC)C(S)=Nc2ccccc21,IC50,100000.0,nM,>,CHEMBL674029,CHEMBL203,
CHEMBL424252,CCN(CC)C/C=C/C(=O)Nc1cc2c(Nc3ccc(F)c(Cl)c3)c(C#N)cnc2cc1OC,IC50,1910.0,nM,=,CHEMBL680028,CHEMBL203,5.72
CHEMBL324718,C=CC(=O)Nc1cc2c(Nc3cccc(Br)c3)c(C#N)cnc2cc1OC,IC50,810.0,nM,=,CHEMBL680028,CHEMBL203,6.09
CHEMBL114490,COc1cc2ncc(C#N)c(Nc3ccc(F)c(Cl)c3)c2cc1NC(=O)/C=C/CN(C)C,IC50,2320.0,nM,=,CHEMBL680028,CHEMBL203,5.63
CHEMBL113902,C/C=C/C(=O)Nc1cc2c(Nc3ccc(F)c(Cl)c3)c(C#N)cnc2cc1OCC,IC50,7500.0,nM,=,CHEMBL680028,CHEMBL203,5.12
CHEMBL114392,C=C(CN1CCOCC1)C(=O)Nc1ccc2ncc(C#N)c(Nc3ccc(F)c(Cl)c3)c2c1,IC50,2700.0,nM,=,CHEMBL680028,CHEMBL203,5.57
CHEMBL94061,CN(C)C/C=C/C(=O)Nc1ccc2ncnc(Nc3cccc(Br)c3)c2c1,IC50,11.0,nM,=,CHEMBL680028,CHEMBL203,7.96
CHEMBL340399,Cc1cccc(Nc2ncnc3cc(NCCc4c[nH]cn4)ncc23)c1,IC50,7.2,nM,=,CHEMBL677386,CHEMBL203,8.14
CHEMBL52076,Nc1cc2ncnc(Nc3cccc(Br)c3)c2cn1,IC50,10.0,nM,=,CHEMBL677387,CHEMBL203,8.00
CHEMBL52076,Nc1cc2ncnc(Nc3cccc(Br)c3)c2cn1,IC50,110.0,nM,=,CHEMBL673451,CHEMBL203,6.96
CHEMBL127611,CN(CC(O)C(O)C(O)C(O)CO)c1cc2ncnc(Nc3cccc(Br)c3)c2cn1,IC50,3.2,nM,=,CHEMBL677387,CHEMBL203,8.49
CHEMBL82640,O=C(O)CCC1(CCC(=O)O)C(S)=Nc2ccccc21,IC50,100000.0,nM,>,CHEMBL674029,CHEMBL203,
CHEMBL81664,Cc1cccc2c(CCC(=O)O)c(SSc3[nH]c4c(C)cccc4c3CCC(=O)O)[nH]c12,IC50,1500.0,nM,=,CHEMBL674029,CHEMBL203,5.82
CHEMBL113900,CC(C)N(CC#CC(=O)Nc1ccc2ncc(C#N)c(Nc3cccc(Br)c3)c2c1)C(C)C,IC50,250.0,nM,=,CHEMBL680028,CHEMBL203,6.60
CHEMBL118000,N#Cc1cnc2ccc(NC(=O)/C=C/CN3CCOCC3)cc2c1Nc1ccc(F)c(Cl)c1,IC50,2290.0,nM,=,CHEMBL680028,CHEMBL203,5.64
CHEMBL126623,Brc1cccc(Nc2ncnc3cc(NCCCN4CCOCC4)ncc23)c1,IC50,1.9,nM,=,CHEMBL677387,CHEMBL203,8.72
CHEMBL126623,Brc1cccc(Nc2ncnc3cc(NCCCN4CCOCC4)ncc23)c1,IC50,8.1,nM,=,CHEMBL673451,CHEMBL203,8.09
CHEMBL126903,CN(CC(=O)O)c1cc2ncnc(Nc3cccc(Br)c3)c2cn1,IC50,16.0,nM,=,CHEMBL677387,CHEMBL203,7.80
CHEMBL84143,Cn1c(SSc2c(CCC(=O)O)c3ccccc3n2C)c(CCC(=O)O)c2ccccc21,IC50,3100.0,nM,=,CHEMBL674029,CHEMBL203,5.51
CHEMBL127086,O=C(O)CCNc1cc2ncnc(Nc3cccc(Br)c3)c2cn1,IC50,0.61,nM,=,CHEMBL677387,CHEMBL203,9.21
CHEMBL127086,O=C(O)CCNc1cc2ncnc(Nc3cccc(Br)c3)c2cn1,IC50,11400.0,nM,=,CHEMBL673451,CHEMBL203,4.94
CHEMBL83429,O=C(O)CC1C(S)=Nc2ccccc21,IC50,14900.0,nM,=,CHEMBL674029,CHEMBL203,4.83
CHEMBL312001,COC(=O)CC1C(S)=Nc2ccccc21,IC50,100000.0,nM,=,CHEMBL674029,CHEMBL203,4.00
CHEMBL263788,COc1cc2ncc(C#N)c(Nc3cccc(Br)c3)c2cc1NC(=O)/C=C/CN(C)C,IC50,790.0,nM,=,CHEMBL680028,CHEMBL203,6.10
CHEMBL338175,O=C(O)CNc1cc2ncnc(Nc3cccc(Br)c3)c2cn1,IC50,1.5,nM,=,CHEMBL677387,CHEMBL203,8.82
CHEMBL83838,COC(=O)Cc1c(SSc2[nH]c3ccccc3c2CC(=O)OC)[nH]c2ccccc12,IC50,18000.0,nM,=,CHEMBL674029,CHEMBL203,4.75
CHEMBL414631,COCOC#CC(=O)Nc1ccc2ncc(C#N)c(Nc3cccc(Br)c3)c2c1,IC50,330.0,nM,=,CHEMBL680028,CHEMBL203,6.48
CHEMBL355330,Nc1ncnc2c1c(-c1cccc(O)c1)cn2C1CCC1,IC50,300.0,nM,=,CHEMBL674693,CHEMBL203,6.52
CHEMBL543457,CN(C)CCNc1[nH]cnc2c3ccccc3nc1-2.Cl,IC50,100000.0,nM,>,CHEMBL679944,CHEMBL203,
CHEMBL170724,COc1ccc(-c2cn(C3CCCC3)c3ncnc(N)c23)cc1,IC50,570.0,nM,=,CHEMBL674693,CHEMBL203,6.24
CHEMBL168550,COc1cccc(-c2cn(C3CC(CNCCO)C3)c3ncnc(N)c23)c1,IC50,490.0,nM,=,CHEMBL674693,CHEMBL203,6.31
CHEMBL153525,Brc1cccc(Nc2ncnc3ccc4cc[nH]c4c23)c1,IC50,1.24,nM,=,CHEMBL679944,CHEMBL203,8.91
CHEMBL3085277,C[C@H](Nc1ncnc2c1sc1ccccc12)c1ccccc1,IC50,538.0,nM,=,CHEMBL679944,CHEMBL203,6.27
CHEMBL152905,Nc1ccc2sc3c(Nc4cccc(Br)c4)ncnc3c2c1,IC50,0.27,nM,=,CHEMBL679944,CHEMBL203,9.57
CHEMBL152905,Nc1ccc2sc3c(Nc4cccc(Br)c4)ncnc3c2c1,IC50,86.0,nM,=,CHEMBL677214,CHEMBL203,7.07
CHEMBL100714,COc1ccc(Nc2ncnc3cc(OC)c(OC)cc23)cc1OC,IC50,2800.0,nM,=,CHEMBL621024,CHEMBL203,5.55
CHEMBL168555,COc1ccc(CC(CO)n2cc(-c3cccc(OC)c3)c3c(N)ncnc32)cc1,IC50,9700.0,nM,=,CHEMBL674693,CHEMBL203,5.01
CHEMBL168382,COc1cccc(-c2cn(C3CCCC3)c3ncnc(N)c23)c1,IC50,460.0,nM,=,CHEMBL674693,CHEMBL203,6.34
CHEMBL168285,Nc1ncnc2c1c(-c1ccccc1)cn2C1CCC(O)C1,IC50,790.0,nM,=,CHEMBL674693,CHEMBL203,6.10
CHEMBL352801,COc1cccc(-c2cn(C3CC(CO)C3)c3ncnc(N)c23)c1,IC50,420.0,nM,=,CHEMBL674693,CHEMBL203,6.38
CHEMBL95692,COc1nccc(-c2c(-c3ccc(F)cc3)ncn2C2CCNCC2)n1,IC50,10.0,nM,>,CHEMBL674026,CHEMBL203,
CHEMBL29197,COc1cc2ncnc(Nc3cccc(Br)c3)c2cc1OC,IC50,0.025,nM,=,CHEMBL679944,CHEMBL203,10.60
CHEMBL357326,CCOC(C)=O.CN(C)CCNc1[nH]cnc2nc3ccccc3c1-2,IC50,10000.0,nM,>,CHEMBL679944,CHEMBL203,
CHEMBL448730,CCN(CC)CCn1c2ccccc2c2c(Nc3cccc(Br)c3)ncnc21,IC50,4100.0,nM,=,CHEMBL679944,CHEMBL203,5.39
CHEMBL544867,Cc1cccc(Nc2ncnc3c2sc2ccc([N+](=O)[O-])cc23)c1.Cl,IC50,11.0,nM,=,CHEMBL679944,CHEMBL203,7.96
CHEMBL538814,Cl.O=[N+]([O-])c1ccc2sc3c(Nc4cccc(C(F)(F)F)c4)ncnc3c2c1,IC50,460.0,nM,=,CHEMBL679944,CHEMBL203,6.34
CHEMBL431818,COc1ccc(Oc2ncnc3cc(OC)c(OC)cc23)cc1OC,IC50,100000.0,nM,>,CHEMBL621024,CHEMBL203,
CHEMBL5195327,c1ccc2c(c1)[nH]c1c(NC3CCCCC3)ncnc12,IC50,100000.0,nM,>,CHEMBL679944,CHEMBL203,
CHEMBL542755,COc1cccc2sc3c(Nc4cccc(Br)c4)ncnc3c12.Cl,IC50,20.0,nM,=,CHEMBL679944,CHEMBL203,7.70
CHEMBL53753,CNc1cc2c(Nc3cccc(Br)c3)ncnc2cn1,IC50,0.008,nM,=,CHEMBL679944,CHEMBL203,
CHEMBL153206,COc1ccc2[nH]c3ncnc(Nc4cccc(Br)c4)c3c2c1,IC50,1.2,nM,=,CHEMBL679944,CHEMBL203,8.92
CHEMBL153206,COc1ccc2[nH]c3ncnc(Nc4cccc(Br)c4)c3c2c1,IC50,13.0,nM,=,CHEMBL677214,CHEMBL203,7.89
CHEMBL346846,COc1ccc2c(c1)sc1c(Nc3cccc(Br)c3)ncnc12,IC50,80.0,nM,=,CHEMBL679944,CHEMBL203,7.10
CHEMBL169467,COc1ccc(CC(CO)n2cc(-c3cccc(O)c3)c3c(N)ncnc32)cc1,IC50,3400.0,nM,=,CHEMBL674693,CHEMBL203,5.47
CHEMBL168266,Nc1ncnc2c1c(-c1ccccc1)cn2C1CC(O)C1,IC50,2820.0,nM,=,CHEMBL674693,CHEMBL203,5.55
CHEMBL153739,CN(C)c1ccc2sc3c(Nc4cccc(Br)c4)ncnc3c2c1,IC50,19.8,nM,=,CHEMBL679944,CHEMBL203,7.70
CHEMBL354310,COc1cccc(-c2cn(C3CC(C(=O)NCCO)C3)c3ncnc(N)c23)c1,IC50,330.0,nM,=,CHEMBL674693,CHEMBL203,6.48
CHEMBL152984,Cn1c2ccccc2c2c(Nc3cccc(Br)c3)ncnc21,IC50,742.0,nM,=,CHEMBL679944,CHEMBL203,6.13
CHEMBL152984,Cn1c2ccccc2c2c(Nc3cccc(Br)c3)ncnc21,IC50,769.0,nM,=,CHEMBL677214,CHEMBL203,6.11
CHEMBL555739,Cc1nc(Nc2cccc(Br)c2)c2c(n1)[nH]c1ccccc12.Cl,IC50,10000.0,nM,>,CHEMBL679944,CHEMBL203,
CHEMBL544640,Cl.c1ccc(Nc2[nH]cnc3c4ccccc4nc2-3)cc1,IC50,2110.0,nM,=,CHEMBL679944,CHEMBL203,5.68
CHEMBL150280,c1ccc(Nc2[nH]cnc3nc4ccccc4c2-3)cc1,IC50,264.0,nM,=,CHEMBL679944,CHEMBL203,6.58
CHEMBL553351,Cl.O=[N+]([O-])c1ccc2sc3c(Nc4cccc(Br)c4)ncnc3c2c1,IC50,12.3,nM,=,CHEMBL679944,CHEMBL203,7.91
CHEMBL150390,Clc1cccc(Nc2ncnc3c2sc2ncccc23)c1,IC50,1000.0,nM,>,CHEMBL679944,CHEMBL203,
CHEMBL98248,COc1cc2nccc(Nc3cccc(Br)c3)c2cc1OC,IC50,370.0,nM,=,CHEMBL621024,CHEMBL203,6.43
CHEMBL98798,COc1cc2ncnc(Oc3cccc(Br)c3)c2cc1OC,IC50,70.0,nM,=,CHEMBL621024,CHEMBL203,7.16
CHEMBL423224,Brc1cccc(Nc2[nH]cnc3nc4ccccc4c2-3)c1,IC50,31.0,nM,=,CHEMBL679944,CHEMBL203,7.51
CHEMBL423224,Brc1cccc(Nc2[nH]cnc3nc4ccccc4c2-3)c1,IC50,630.0,nM,=,CHEMBL677214,CHEMBL203,6.20
CHEMBL347282,Nc1ccc2sc3c(Nc4cccc(C(F)(F)F)c4)ncnc3c2c1,IC50,47.0,nM,=,CHEMBL679944,CHEMBL203,7.33
CHEMBL5173075,c1ccc(CNc2ncnc3c2[nH]c2ccccc23)cc1,IC50,460.0,nM,=,CHEMBL679944,CHEMBL203,6.34
CHEMBL346863,Brc1cccc(Nc2ncnc3c2sc2ncsc23)c1.CO,IC50,40.0,nM,=,CHEMBL679944,CHEMBL203,7.40
CHEMBL101581,COc1cc2nccc(Oc3cccc(Br)c3)c2cc1OC,IC50,2500.0,nM,=,CHEMBL621024,CHEMBL203,5.60
CHEMBL169570,Nc1ncnc2c1c(-c1ccc(O)cc1)cn2C1CCCC1,IC50,250.0,nM,=,CHEMBL674693,CHEMBL203,6.60
CHEMBL415738,Cc1cccc(Nc2cc(NCCO)ncn2)c1,IC50,1.0,nM,=,CHEMBL679944,CHEMBL203,9.00
CHEMBL153409,Brc1cccc(Nc2ncnc3c2sc2ncccc23)c1,IC50,732.0,nM,=,CHEMBL679944,CHEMBL203,6.13
CHEMBL171256,COc1ccc(CC(CO)n2cc(-c3ccccc3)c3c(N)ncnc32)cc1,IC50,14400.0,nM,=,CHEMBL674693,CHEMBL203,4.84
CHEMBL329672,Clc1cccc(Nc2ncnc3ccccc23)c1,IC50,23.0,nM,=,CHEMBL679944,CHEMBL203,7.64
CHEMBL29197,COc1cc2ncnc(Nc3cccc(Br)c3)c2cc1OC,IC50,4.0,nM,=,CHEMBL621024,CHEMBL203,8.40
CHEMBL166765,Nc1ncnc2c1c(-c1ccc(O)cc1)cn2C1CCC1,IC50,600.0,nM,=,CHEMBL674693,CHEMBL203,6.22
CHEMBL553137,Cl.Cn1c2ccccc2c2ncnc(Nc3cccc(Br)c3)c21,IC50,132.0,nM,=,CHEMBL679944,CHEMBL203,6.88
CHEMBL169390,Nc1ncnc2c1c(-c1cccc(O)c1)cn2C1CCCC1,IC50,80.0,nM,=,CHEMBL674693,CHEMBL203,7.10
CHEMBL40734,Brc1cccc(Nc2ncnc3cc4[nH]ccc4cc23)c1,IC50,0.39,nM,=,CHEMBL679944,CHEMBL203,9.41
CHEMBL153170,Brc1cccc(Nc2ncnc3ccc4[nH]cnc4c23)c1,IC50,29.0,nM,=,CHEMBL679944,CHEMBL203,7.54
CHEMBL355982,Brc1cccc(Nc2ncnc3sccc23)c1,IC50,35.0,nM,=,CHEMBL679944,CHEMBL203,7.46
CHEMBL345988,Nc1nc(Nc2cccc(Br)c2)c2c(n1)[nH]c1ccccc12,IC50,147.0,nM,=,CHEMBL679944,CHEMBL203,6.83
CHEMBL345988,Nc1nc(Nc2cccc(Br)c2)c2c(n1)[nH]c1ccccc12,IC50,493.0,nM,=,CHEMBL677214,CHEMBL203,6.31
CHEMBL153518,CCN(CC)CCn1c2ccc(OC)cc2c2c(Nc3cccc(Br)c3)ncnc21,IC50,4270.0,nM,=,CHEMBL679944,CHEMBL203,5.37
CHEMBL544868,Cl.O=[N+]([O-])c1ccc2sc3c(Nc4ccccc4)ncnc3c2c1,IC50,58.0,nM,=,CHEMBL679944,CHEMBL203,7.24
CHEMBL97162,COc1nccc(-c2c(-c3ccc(F)cc3)ncn2[C@H]2CC[C@H](O)CC2)n1,IC50,83.0,nM,=,CHEMBL674026,CHEMBL203,7.08
CHEMBL345294,Brc1cccc(Nc2ncnc3ccsc23)c1,IC50,11.0,nM,=,CHEMBL679944,CHEMBL203,7.96
CHEMBL2093928,C[C@H](Nc1[nH]cnc2c3ccccc3nc1-2)c1ccccc1.Cl,IC50,419.0,nM,=,CHEMBL679944,CHEMBL203,6.38
CHEMBL155278,Cc1cccc(Nc2ncnc3c2sc2ccc(N)cc23)c1,IC50,2.1,nM,=,CHEMBL679944,CHEMBL203,8.68
CHEMBL155278,Cc1cccc(Nc2ncnc3c2sc2ccc(N)cc23)c1,IC50,98.0,nM,=,CHEMBL677214,CHEMBL203,7.01
CHEMBL149512,Brc1cccc(Nc2ncnc3c2oc2ccccc23)c1,IC50,740.0,nM,=,CHEMBL679944,CHEMBL203,6.13
CHEMBL98137,COc1ccc(Nc2ccnc3cc(OC)c(OC)cc23)cc1OC,IC50,80500.0,nM,=,CHEMBL621024,CHEMBL203,4.09
CHEMBL170438,Nc1ncnc2c1c(-c1ccccc1)cn2C(CO)Cc1ccc(O)cc1,IC50,13200.0,nM,=,CHEMBL674693,CHEMBL203,4.88
CHEMBL539822,Cl.Nc1ccc2c(c1)sc1c(Nc3cccc(Br)c3)ncnc12,IC50,0.47,nM,=,CHEMBL679944,CHEMBL203,9.33
CHEMBL540082,Cl.O=[N+]([O-])c1cccc2c1sc1c(Nc3cccc(Br)c3)ncnc12,IC50,158.0,nM,=,CHEMBL679944,CHEMBL203,6.80
CHEMBL356850,Brc1cccc(Nc2ncnc3c2sc2ccccc23)c1,IC50,1.8,nM,=,CHEMBL679944,CHEMBL203,8.74
CHEMBL356850,Brc1cccc(Nc2ncnc3c2sc2ccccc23)c1,IC50,170.0,nM,=,CHEMBL677214,CHEMBL203,6.77
CHEMBL357367,CCO.Nc1ccc2sc3c(Nc4ccccc4)ncnc3c2c1,IC50,9.4,nM,=,CHEMBL679944,CHEMBL203,8.03
CHEMBL151593,CO.Nc1cccc2c1sc1c(Nc3cccc(Br)c3)ncnc12,IC50,2.7,nM,=,CHEMBL679944,CHEMBL203,8.57
CHEMBL153419,c1ccc(CNc2ncnc3c2sc2ccccc23)cc1,IC50,191.0,nM,=,CHEMBL679944,CHEMBL203,6.72
CHEMBL153573,Nc1cc2sc3c(Nc4cccc(Br)c4)ncnc3c2cc1F,IC50,1.0,nM,=,CHEMBL679944,CHEMBL203,9.00
CHEMBL153573,Nc1cc2sc3c(Nc4cccc(Br)c4)ncnc3c2cc1F,IC50,42.0,nM,=,CHEMBL677214,CHEMBL203,7.38
CHEMBL357570,CCNc1cc2sc3c(Nc4cccc(Br)c4)ncnc3c2cc1F.CCO,IC50,7.9,nM,=,CHEMBL679944,CHEMBL203,8.10
CHEMBL357570,CCNc1cc2sc3c(Nc4cccc(Br)c4)ncnc3c2cc1F.CCO,IC50,85.0,nM,=,CHEMBL677214,CHEMBL203,7.07
CHEMBL352954,Nc1ncnc2c1c(-c1ccccc1)cn2C1CCCC1,IC50,500.0,nM,=,CHEMBL674693,CHEMBL203,6.30
CHEMBL6195771,Brc1cccc(Nc2ncnc3c2[nH]c2ccccc23)c1.Cl,IC50,72.0,nM,=,CHEMBL679944,CHEMBL203,7.14
CHEMBL6195771,Brc1cccc(Nc2ncnc3c2[nH]c2ccccc23)c1.Cl,IC50,93.0,nM,=,CHEMBL677214,CHEMBL203,7.03
CHEMBL358934,CCO.CNc1ccc2sc3c(Nc4cccc(Br)c4)ncnc3c2c1,IC50,1.1,nM,=,CHEMBL679944,CHEMBL203,8.96
CHEMBL358934,CCO.CNc1ccc2sc3c(Nc4cccc(Br)c4)ncnc3c2c1,IC50,33.0,nM,=,CHEMBL677214,CHEMBL203,7.48
CHEMBL355191,COc1cccc(-c2cn(C3CCC3)c3ncnc(N)c23)c1,IC50,450.0,nM,=,CHEMBL674693,CHEMBL203,6.35
CHEMBL540590,Cl.O=[N+]([O-])c1ccc2c(c1)sc1c(Nc3cccc(Br)c3)ncnc12,IC50,48.0,nM,=,CHEMBL679944,CHEMBL203,7.32
CHEMBL544865,COc1cc2sc3c(Nc4cccc(Br)c4)ncnc3c2cc1OC.Cl,IC50,444.0,nM,=,CHEMBL679944,CHEMBL203,6.35
CHEMBL66031,Brc1cccc(Nc2ncnc3cc4[nH]cnc4cc23)c1,IC50,0.008,nM,=,CHEMBL679944,CHEMBL203,
CHEMBL39337,Brc1cccc(Nc2ncnc3cc4[nH]ncc4cc23)c1,IC50,0.44,nM,=,CHEMBL679944,CHEMBL203,9.36
CHEMBL555921,COc1cccc2c1sc1c(Nc3cccc(Br)c3)ncnc12.Cl,IC50,12.6,nM,=,CHEMBL679944,CHEMBL203,7.90
CHEMBL327300,COc1ccc(Oc2ccnc3cc(OC)c(OC)cc23)cc1OC,IC50,100000.0,nM,>,CHEMBL676157,CHEMBL203,
CHEMBL327300,COc1ccc(Oc2ccnc3cc(OC)c(OC)cc23)cc1OC,IC50,10000.0,nM,>,CHEMBL674014,CHEMBL203,
CHEMBL171311,Nc1ncnc2c1c(-c1ccccc1)cn2C(CO)Cc1ccccc1,IC50,440.0,nM,=,CHEMBL674693,CHEMBL203,6.36
CHEMBL166766,Nc1ncnc2c1c(-c1ccccc1)cn2C1CCC1,IC50,730.0,nM,=,CHEMBL674693,CHEMBL203,6.14
CHEMBL155100,Brc1cccc(Nc2ncnc3c2ccc2[nH]cnc23)c1,IC50,272.0,nM,=,CHEMBL679944,CHEMBL203,6.57
CHEMBL2094036,C[C@@H](Nc1[nH]cnc2c3ccccc3nc1-2)c1ccccc1.Cl,IC50,100000.0,nM,>,CHEMBL679944,CHEMBL203,
CHEMBL169780,Nc1ncnc2c1c(-c1cccc(O)c1)cn2C1CCN(CCO)CC1,IC50,2540.0,nM,=,CHEMBL677878,CHEMBL203,5.59
CHEMBL169780,Nc1ncnc2c1c(-c1cccc(O)c1)cn2C1CCN(CCO)CC1,IC50,10000.0,nM,>,CHEMBL677884,CHEMBL203,
CHEMBL355269,COc1cccc(-c2cn(C3CCN(CC(=O)N(C)C)CC3)c3ncnc(N)c23)c1,IC50,750.0,nM,=,CHEMBL677878,CHEMBL203,6.12
CHEMBL169200,COc1cccc(-c2cn(C3CCN(CCO)CC3)c3ncnc(N)c23)c1,IC50,900.0,nM,=,CHEMBL677878,CHEMBL203,6.05
CHEMBL169200,COc1cccc(-c2cn(C3CCN(CCO)CC3)c3ncnc(N)c23)c1,IC50,10000.0,nM,>,CHEMBL677884,CHEMBL203,
CHEMBL168829,Nc1ncnc2c1c(-c1ccccc1)cn2C1CCNC1,IC50,13400.0,nM,=,CHEMBL677878,CHEMBL203,4.87
CHEMBL262276,COC(=O)CN1CCC(n2cc(-c3cccc(O)c3)c3c(N)ncnc32)CC1,IC50,800.0,nM,=,CHEMBL677878,CHEMBL203,6.10
CHEMBL262276,COC(=O)CN1CCC(n2cc(-c3cccc(O)c3)c3c(N)ncnc32)CC1,IC50,10000.0,nM,>,CHEMBL677884,CHEMBL203,
CHEMBL303144,C[C@H](Nc1cc(-c2c(-c3cccc(C(F)(F)F)c3)nc(C3CCNCC3)n2C)ccn1)c1ccccc1,IC50,10000.0,nM,>,CHEMBL672267,CHEMBL203,
CHEMBL169920,CN(C)C(=O)CN1CCC(n2cc(-c3cccc(O)c3)c3c(N)ncnc32)CC1,IC50,500.0,nM,=,CHEMBL677878,CHEMBL203,6.30
CHEMBL169920,CN(C)C(=O)CN1CCC(n2cc(-c3cccc(O)c3)c3c(N)ncnc32)CC1,IC50,10000.0,nM,>,CHEMBL677884,CHEMBL203,
CHEMBL939,COc1cc2ncnc(Nc3ccc(F)c(Cl)c3)c2cc1OCCCN1CCOCC1,Inhibition,35.0,%,=,CHEMBL673928,CHEMBL203,
CHEMBL408683,NC(=O)CN1CCC(n2cc(-c3cccc(O)c3)c3c(N)ncnc32)C1,IC50,400.0,nM,=,CHEMBL677878,CHEMBL203,6.40
CHEMBL408683,NC(=O)CN1CCC(n2cc(-c3cccc(O)c3)c3c(N)ncnc32)C1,IC50,10000.0,nM,>,CHEMBL677884,CHEMBL203,
CHEMBL355891,COC(=O)CN1CCC(n2cc(-c3cccc(OC)c3)c3c(N)ncnc32)C1,IC50,830.0,nM,=,CHEMBL677878,CHEMBL203,6.08
CHEMBL168661,COc1cccc(-c2cn(C3CCN(CCN(C)CCO)CC3)c3ncnc(N)c23)c1,IC50,295.0,nM,=,CHEMBL677878,CHEMBL203,6.53
CHEMBL168661,COc1cccc(-c2cn(C3CCN(CCN(C)CCO)CC3)c3ncnc(N)c23)c1,IC50,7800.0,nM,=,CHEMBL677884,CHEMBL203,5.11
CHEMBL305178,C[C@H](Nc1nccc(-c2c(-c3cccc(C(F)(F)F)c3)nc(C3CCNCC3)n2C)n1)c1ccccc1,IC50,10000.0,nM,>,CHEMBL672267,CHEMBL203,
CHEMBL355019,COC(=O)CN1CCC(n2cc(-c3cccc(O)c3)c3c(N)ncnc32)C1,IC50,740.0,nM,=,CHEMBL677878,CHEMBL203,6.13
CHEMBL355019,COC(=O)CN1CCC(n2cc(-c3cccc(O)c3)c3c(N)ncnc32)C1,IC50,10000.0,nM,>,CHEMBL677884,CHEMBL203,
CHEMBL172514,COCCNCCN1CCC(n2cc(-c3cccc(OC)c3)c3c(N)ncnc32)CC1,IC50,310.0,nM,=,CHEMBL677879,CHEMBL203,6.51
CHEMBL172514,COCCNCCN1CCC(n2cc(-c3cccc(OC)c3)c3c(N)ncnc32)CC1,IC50,10000.0,nM,>,CHEMBL677884,CHEMBL203,
CHEMBL354033,Nc1ncnc2c1c(-c1ccc(O)cc1)cn2C1CCNC1,IC50,2670.0,nM,=,CHEMBL677878,CHEMBL203,5.57
CHEMBL355322,COc1cccc(-c2cn(C3CCN(CC(N)=O)C3)c3ncnc(N)c23)c1,IC50,440.0,nM,=,CHEMBL677878,CHEMBL203,6.36
CHEMBL169519,COc1cccc(-c2cn(C3CCNC3)c3ncnc(N)c23)c1,IC50,1120.0,nM,=,CHEMBL677878,CHEMBL203,5.95
CHEMBL263528,NC(=O)CN1CCC(n2cc(-c3cccc(O)c3)c3c(N)ncnc32)CC1,IC50,170.0,nM,=,CHEMBL677878,CHEMBL203,6.77
CHEMBL263528,NC(=O)CN1CCC(n2cc(-c3cccc(O)c3)c3c(N)ncnc32)CC1,IC50,10000.0,nM,>,CHEMBL677884,CHEMBL203,
CHEMBL274732,COCCN(C)CCN1CCC(n2cc(-c3cccc(OC)c3)c3c(N)ncnc32)CC1,IC50,930.0,nM,=,CHEMBL677879,CHEMBL203,6.03
CHEMBL274732,COCCN(C)CCN1CCC(n2cc(-c3cccc(OC)c3)c3c(N)ncnc32)CC1,IC50,10000.0,nM,>,CHEMBL677884,CHEMBL203,
CHEMBL171545,Nc1ncnc2c1c(-c1cccc(O)c1)cn2C1CCNC1,IC50,1530.0,nM,=,CHEMBL677878,CHEMBL203,5.82
CHEMBL171545,Nc1ncnc2c1c(-c1cccc(O)c1)cn2C1CCNC1,IC50,10000.0,nM,>,CHEMBL677884,CHEMBL203,
CHEMBL169064,COc1cccc(-c2cn(C3CCN(CC(N)=O)CC3)c3ncnc(N)c23)c1,IC50,350.0,nM,=,CHEMBL677878,CHEMBL203,6.46
CHEMBL7917,COc1cc2ncnc(Nc3cccc(Cl)c3)c2cc1OC,Inhibition,10.0,%,=,CHEMBL673928,CHEMBL203,
CHEMBL168921,CC(C)(C)OC(=O)N1CCC(n2cc(-c3cccc(O)c3)c3c(N)ncnc32)C1,IC50,2200.0,nM,=,CHEMBL677878,CHEMBL203,5.66
CHEMBL168921,CC(C)(C)OC(=O)N1CCC(n2cc(-c3cccc(O)c3)c3c(N)ncnc32)C1,IC50,10000.0,nM,>,CHEMBL677884,CHEMBL203,
CHEMBL169065,COC(=O)CN1CCC(n2cc(-c3cccc(OC)c3)c3c(N)ncnc32)CC1,IC50,1470.0,nM,=,CHEMBL677878,CHEMBL203,5.83
CHEMBL10,C[S+]([O-])c1ccc(-c2nc(-c3ccc(F)cc3)c(-c3ccncc3)[nH]2)cc1,IC50,96000.0,nM,=,CHEMBL672267,CHEMBL203,4.02
CHEMBL353823,CC(C)(C)OC(=O)N1CCC(n2cc(-c3ccccc3)c3c(N)ncnc32)C1,IC50,8300.0,nM,=,CHEMBL677878,CHEMBL203,5.08
CHEMBL168656,COc1cccc(-c2cn(C3CCN(C(=O)OC(C)(C)C)C3)c3ncnc(N)c23)c1,IC50,2100.0,nM,=,CHEMBL677878,CHEMBL203,5.68
CHEMBL113185,COc1cc(Nc2nccc(-c3ccc(NCCN)nc3)n2)cc(OC)c1OC,IC50,5100.0,nM,=,CHEMBL674700,CHEMBL203,5.29
CHEMBL539552,COc1cc(Nc2[nH]cnc3nncc2-3)cc(OC)c1OC.Cl,IC50,,nM,,CHEMBL676162,CHEMBL203,
CHEMBL335400,COc1cc2ncnc(Oc3cc(OC)c(OC)c(OC)c3)c2cc1OC,IC50,,nM,,CHEMBL676162,CHEMBL203,
CHEMBL543661,COc1cc(Nc2ncnc3cc(OC)c(OC)cc23)cc(OC)c1.Cl,IC50,3000.0,nM,=,CHEMBL676160,CHEMBL203,5.52
CHEMBL545541,COc1cc2ncnc(NCc3ccccc3)c2cc1OC.Cl,IC50,4.0,nM,=,CHEMBL676160,CHEMBL203,8.40
CHEMBL541586,COc1cc2ncnc(Nc3cccc(F)c3)c2cc1OC.Cl,IC50,25.0,nM,=,CHEMBL676160,CHEMBL203,7.60
CHEMBL542237,COc1cc2nc(Cl)nc(Nc3cc(OC)c(OC)c(OC)c3)c2cc1OC.Cl,IC50,20000.0,nM,>,CHEMBL676160,CHEMBL203,
CHEMBL327188,COc1cc(Nc2c(C#N)cnc3cc4c(cc23)ncn4CCN2CCOCC2)c(Br)cc1Cl,IC50,1000.0,nM,>,CHEMBL677886,CHEMBL203,
CHEMBL540068,COc1cc2ncnc(Nc3cccc(Cl)c3)c2cc1OC.Cl,IC50,30.0,nM,=,CHEMBL676160,CHEMBL203,7.52
CHEMBL301483,CCNC(=O)Nc1nc2nc(NCCCCN(CC)CC)ncc2cc1-c1c(Cl)cccc1Cl,IC50,1300.0,nM,=,CHEMBL677382,CHEMBL203,5.89
CHEMBL544836,COc1cc(Nc2ncnc3c(C)cc(C)cc23)cc(OC)c1OC.Cl,IC50,20000.0,nM,>,CHEMBL676160,CHEMBL203,
CHEMBL96633,COc1cc(Nc2c(C#N)cnc3cc4c(cc23)ncn4CCN2CCOCC2)cc(OC)c1OC,IC50,1000.0,nM,>,CHEMBL677886,CHEMBL203,
CHEMBL93262,COc1cc(Nc2c(C#N)cnc3cc4[nH]c(NCCN5CCOCC5)nc4cc23)cc(OC)c1OC,IC50,1000.0,nM,>,CHEMBL677886,CHEMBL203,
CHEMBL135853,COc1cc2ncnc(Oc3cccc(Cl)c3)c2cc1OC,IC50,20.0,nM,=,CHEMBL676160,CHEMBL203,7.70
CHEMBL544833,COc1ccc(Nc2ncnc3cc(OC)c(OC)cc23)cc1OC.Cl,IC50,350.0,nM,=,CHEMBL676160,CHEMBL203,6.46
CHEMBL112346,CC[C@H]1CN(c2ccc(-c3ccnc(Nc4cc(OC)c(OC)c(OC)c4)n3)cn2)CCN1,IC50,10000.0,nM,>,CHEMBL674700,CHEMBL203,
CHEMBL555201,COc1cc2ncnc(Nc3ccc(O)cc3)c2cc1OC.Cl,IC50,100.0,nM,=,CHEMBL676160,CHEMBL203,7.00
CHEMBL542484,COc1cc2ncnc(Nc3ccccc3)c2cc1OC.Cl,IC50,50.0,nM,=,CHEMBL676160,CHEMBL203,7.30
CHEMBL92395,COc1ccc(Cl)c(Nc2c(C#N)cnc3cc4[nH]cnc4cc23)c1,IC50,1000.0,nM,>,CHEMBL677886,CHEMBL203,
CHEMBL322066,COc1cc(Nc2nccc(-c3ccc(N4CCNCC4)nc3)n2)cc(OC)c1OC,IC50,1704.0,nM,=,CHEMBL674700,CHEMBL203,5.77
CHEMBL96096,N#Cc1cnc2cc3[nH]cnc3cc2c1Nc1ccc(Cl)cc1Br,IC50,1000.0,nM,>,CHEMBL677886,CHEMBL203,
CHEMBL56983,CCN(CC)CCCCNc1ncc2cc(-c3c(Cl)cccc3Cl)c(NC(=O)Nc3ccccc3)nc2n1,IC50,1000.0,nM,=,CHEMBL677382,CHEMBL203,6.00
CHEMBL543669,COc1cc2ncnc(N(C)c3ccccc3)c2cc1OC.Cl,IC50,4000.0,nM,=,CHEMBL676160,CHEMBL203,5.40
CHEMBL414139,COc1cc2c(Nc3ccc(Oc4ccccc4)cc3)c(C#N)cnc2cc1OCCCN1CCOCC1,IC50,1000.0,nM,>,CHEMBL709031,CHEMBL203,
CHEMBL545767,COc1cc(Nc2ncnc3ccc(Cl)cc23)cc(OC)c1OC.Cl,IC50,1000.0,nM,>,CHEMBL676160,CHEMBL203,
CHEMBL92729,COc1ccc(C)c(Nc2c(C#N)cnc3cc4c(cc23)ncn4CCN2CCOCC2)c1,IC50,1000.0,nM,>,CHEMBL677886,CHEMBL203,
CHEMBL135902,COc1cc2ncnc(Sc3cccc(Cl)c3)c2cc1OC,IC50,10.0,nM,=,CHEMBL676160,CHEMBL203,8.00
CHEMBL543904,COc1cc2ncnc(Nc3cc(OC)c(OC)c(OC)c3)c2cc1OC.Cl,IC50,500.0,nM,=,CHEMBL676160,CHEMBL203,6.30
CHEMBL555797,COc1cc2ncnc(Nc3ccc4c(c3)CCC4)c2cc1OC.Cl,IC50,600.0,nM,=,CHEMBL676160,CHEMBL203,6.22
CHEMBL96081,COc1cc(Nc2c(C#N)cnc3cc4[nH]cnc4cc23)c(Br)cc1Cl,IC50,1000.0,nM,>,CHEMBL677886,CHEMBL203,
CHEMBL555844,COc1cc2ncnc(Nc3ccc(N4CCOCC4)cc3)c2cc1OC.Cl,IC50,1000.0,nM,>,CHEMBL676160,CHEMBL203,
CHEMBL538528,COc1cc(Nc2[nH]cnc3ncnc2-3)cc(OC)c1OC.Cl,IC50,,nM,,CHEMBL676162,CHEMBL203,
CHEMBL94846,COc1cc(Nc2c(C#N)cnc3cc4[nH]cnc4cc23)cc(OC)c1OC,IC50,1000.0,nM,>,CHEMBL677886,CHEMBL203,
CHEMBL92339,COc1ccc(Cl)c(Nc2c(C#N)cnc3cc4c(cc23)ncn4CCN2CCOCC2)c1,IC50,1000.0,nM,>,CHEMBL677886,CHEMBL203,
CHEMBL330351,COc1cc(Nc2c(C#N)cnc3cc4c(cc23)ncn4CCN2CCOCC2)c(C)cc1Cl,IC50,1000.0,nM,>,CHEMBL677886,CHEMBL203,
CHEMBL57347,CN1CCN(CCCNc2ncc3cc(-c4c(Cl)cccc4Cl)c(NC(=O)NC(C)(C)C)nc3n2)CC1,IC50,150.0,nM,=,CHEMBL677382,CHEMBL203,6.82
CHEMBL132605,COc1ccc(Sc2ncnc3cc(OC)c(OC)cc23)cc1OC,IC50,50000.0,nM,>,CHEMBL676160,CHEMBL203,
CHEMBL542729,COc1ccc2ncnc(Nc3cc(OC)c(OC)c(OC)c3)c2c1.Cl,IC50,100.0,nM,=,CHEMBL676160,CHEMBL203,7.00
CHEMBL45827,CCN(CC)CCCCNc1ncc2cc(-c3c(Cl)cccc3Cl)c(NC(=O)NC(C)(C)C)nc2n1,IC50,390.0,nM,=,CHEMBL677382,CHEMBL203,6.41
CHEMBL330657,COc1cc(Nc2c(C#N)cnc3cc4[nH]c(CN5CCOCC5)nc4cc23)cc(OC)c1OC,IC50,1000.0,nM,>,CHEMBL677886,CHEMBL203,
CHEMBL112263,COc1cc(Nc2nccc(-c3cccnc3)n2)cc(OC)c1OC,IC50,10000.0,nM,>,CHEMBL674700,CHEMBL203,
CHEMBL318804,COc1cc2c(Nc3ccc(Sc4nccn4C)c(Cl)c3)c(C#N)cnc2cc1OCCCN1CCOCC1,IC50,1000.0,nM,>,CHEMBL709031,CHEMBL203,
CHEMBL555321,Cl.Clc1cccc(Nc2ncnc3ccccc23)c1,IC50,50.0,nM,=,CHEMBL676161,CHEMBL203,7.30
CHEMBL542733,COc1ccc(Nc2ncnc3cc(OC)c(OC)cc23)cc1.Cl,IC50,250.0,nM,=,CHEMBL676160,CHEMBL203,6.60
CHEMBL543429,COc1cc(Nc2ncnc3c(OC)c(OC)c(OC)cc23)cc(OC)c1OC.Cl,IC50,20000.0,nM,>,CHEMBL676160,CHEMBL203,
CHEMBL329244,COc1ccc(C)c(Nc2c(C#N)cnc3cc4[nH]c(NCCN5CCOCC5)nc4cc23)c1,IC50,1000.0,nM,>,CHEMBL677886,CHEMBL203,
CHEMBL131577,Cc1cccc(Cl)c1NC(=O)c1cnc(NC(=O)C2CC2)s1,IC50,10000.0,nM,=,CHEMBL674105,CHEMBL203,5.00
CHEMBL131577,Cc1cccc(Cl)c1NC(=O)c1cnc(NC(=O)C2CC2)s1,Fold selectivity,300.0,,=,CHEMBL675382,CHEMBL203,
CHEMBL435227,Cc1c(CCC(=O)O)c[nH]c1/C=C1\C(=O)Nc2ccc(C(=O)O)cc21,IC50,100000.0,nM,>,CHEMBL677830,CHEMBL203,
CHEMBL435227,Cc1c(CCC(=O)O)c[nH]c1/C=C1\C(=O)Nc2ccc(C(=O)O)cc21,IC50,50000.0,nM,>,CHEMBL880174,CHEMBL203,
CHEMBL147761,Cc1c[nH]c(/C=C2\C(=O)Nc3cccc(C)c32)c1CCC(=O)O,IC50,100000.0,nM,>,CHEMBL677830,CHEMBL203,
CHEMBL147761,Cc1c[nH]c(/C=C2\C(=O)Nc3cccc(C)c32)c1CCC(=O)O,IC50,28800.0,nM,=,CHEMBL880174,CHEMBL203,4.54
CHEMBL450622,COc1cccc(-c2ccc3c(c2)NC(=O)/C3=C\c2[nH]cc(C)c2CCC(=O)O)c1,IC50,100000.0,nM,>,CHEMBL677830,CHEMBL203,
CHEMBL450622,COc1cccc(-c2ccc3c(c2)NC(=O)/C3=C\c2[nH]cc(C)c2CCC(=O)O)c1,IC50,49200.0,nM,=,CHEMBL880174,CHEMBL203,4.31
CHEMBL274654,Cc1[nH]c(/C=C2\C(=O)Nc3ccccc32)c(C)c1CCC(=O)O,IC50,100000.0,nM,>,CHEMBL677830,CHEMBL203,
CHEMBL274654,Cc1[nH]c(/C=C2\C(=O)Nc3ccccc32)c(C)c1CCC(=O)O,IC50,50000.0,nM,>,CHEMBL880174,CHEMBL203,
CHEMBL48614,CN1CCC(c2c(O)cc(O)c3c2O/C(=C\c2ccccc2Cl)C3=O)CC1,IC50,1680.0,nM,=,CHEMBL674692,CHEMBL203,5.78
CHEMBL418203,CN1CCC(c2c(O)cc(O)c3c(=O)cc(-c4ccccc4Cl)oc23)[C@@H](O)C1,IC50,4600.0,nM,=,CHEMBL674692,CHEMBL203,5.34
CHEMBL357803,Cc1[nH]c(/C=C2\C(=O)Nc3ccc(Br)cc32)c(C)c1CCC(=O)O,IC50,100000.0,nM,>,CHEMBL677830,CHEMBL203,
CHEMBL357803,Cc1[nH]c(/C=C2\C(=O)Nc3ccc(Br)cc32)c(C)c1CCC(=O)O,IC50,50000.0,nM,>,CHEMBL880174,CHEMBL203,
CHEMBL146697,Cc1c(CCC(=O)O)c[nH]c1/C=C1\C(=O)Nc2ccc(S(N)(=O)=O)cc21,IC50,100000.0,nM,>,CHEMBL677830,CHEMBL203,
CHEMBL146697,Cc1c(CCC(=O)O)c[nH]c1/C=C1\C(=O)Nc2ccc(S(N)(=O)=O)cc21,IC50,50000.0,nM,>,CHEMBL880174,CHEMBL203,
CHEMBL146694,COc1ccccc1-c1ccc2c(c1)NC(=O)/C2=C\c1[nH]c(C)c(CCC(=O)O)c1C,IC50,100000.0,nM,>,CHEMBL677830,CHEMBL203,
CHEMBL146694,COc1ccccc1-c1ccc2c(c1)NC(=O)/C2=C\c1[nH]c(C)c(CCC(=O)O)c1C,IC50,31300.0,nM,=,CHEMBL880174,CHEMBL203,4.50
CHEMBL148514,COc1cccc(-c2ccc3c(c2)NC(=O)/C3=C\c2[nH]cc(CCC(=O)O)c2C)c1,IC50,100000.0,nM,>,CHEMBL677830,CHEMBL203,
CHEMBL148514,COc1cccc(-c2ccc3c(c2)NC(=O)/C3=C\c2[nH]cc(CCC(=O)O)c2C)c1,IC50,30500.0,nM,=,CHEMBL880174,CHEMBL203,4.52
CHEMBL276711,Cc1cc(C)c(/C=C2\C(=O)Nc3ccccc32)[nH]1,IC50,100000.0,nM,>,CHEMBL677830,CHEMBL203,
CHEMBL276711,Cc1cc(C)c(/C=C2\C(=O)Nc3ccccc32)[nH]1,IC50,50000.0,nM,>,CHEMBL880174,CHEMBL203,
CHEMBL443296,CCOc1cccc(-c2ccc3c(c2)NC(=O)/C3=C\c2[nH]cc(C)c2CCC(=O)O)c1,IC50,100000.0,nM,>,CHEMBL677830,CHEMBL203,
CHEMBL443296,CCOc1cccc(-c2ccc3c(c2)NC(=O)/C3=C\c2[nH]cc(C)c2CCC(=O)O)c1,IC50,50000.0,nM,>,CHEMBL880174,CHEMBL203,
CHEMBL149243,COc1ccc2c(c1)NC(=O)/C2=C\c1[nH]cc(CCC(=O)O)c1C,IC50,100000.0,nM,>,CHEMBL677830,CHEMBL203,
CHEMBL149243,COc1ccc2c(c1)NC(=O)/C2=C\c1[nH]cc(CCC(=O)O)c1C,IC50,50000.0,nM,>,CHEMBL880174,CHEMBL203,
CHEMBL149073,Cc1[nH]c(/C=C2\C(=O)Nc3ccc(C(=O)O)cc32)c(C)c1CCC(=O)O,IC50,100000.0,nM,>,CHEMBL677830,CHEMBL203,
CHEMBL149073,Cc1[nH]c(/C=C2\C(=O)Nc3ccc(C(=O)O)cc32)c(C)c1CCC(=O)O,IC50,50000.0,nM,>,CHEMBL880174,CHEMBL203,
CHEMBL148984,COc1ccc(-c2ccc3c(c2)NC(=O)/C3=C\c2[nH]cc(CCC(=O)O)c2C)cc1,IC50,100000.0,nM,>,CHEMBL677830,CHEMBL203,
CHEMBL148984,COc1ccc(-c2ccc3c(c2)NC(=O)/C3=C\c2[nH]cc(CCC(=O)O)c2C)cc1,IC50,22800.0,nM,=,CHEMBL880174,CHEMBL203,4.64
CHEMBL347074,Cc1c(CCC(=O)O)c[nH]c1/C=C1\C(=O)Nc2cc(-c3ccccc3)ccc21,IC50,100000.0,nM,>,CHEMBL677830,CHEMBL203,
CHEMBL347074,Cc1c(CCC(=O)O)c[nH]c1/C=C1\C(=O)Nc2cc(-c3ccccc3)ccc21,IC50,21800.0,nM,=,CHEMBL880174,CHEMBL203,4.66
CHEMBL89363,Cc1c[nH]c(/C=C2\C(=O)Nc3ccccc32)c1CCC(=O)O,IC50,100000.0,nM,>,CHEMBL677830,CHEMBL203,
CHEMBL89363,Cc1c[nH]c(/C=C2\C(=O)Nc3ccccc32)c1CCC(=O)O,IC50,50000.0,nM,>,CHEMBL880174,CHEMBL203,
CHEMBL344319,Cc1c(CCC(=O)O)c[nH]c1/C=C1\C(=O)Nc2ccccc21,IC50,100000.0,nM,>,CHEMBL677830,CHEMBL203,
CHEMBL344319,Cc1c(CCC(=O)O)c[nH]c1/C=C1\C(=O)Nc2ccccc21,IC50,50000.0,nM,>,CHEMBL880174,CHEMBL203,
CHEMBL356245,COc1ccc2c(c1)NC(=O)/C2=C\c1[nH]c(C)c(CCC(=O)O)c1C,IC50,100000.0,nM,>,CHEMBL677830,CHEMBL203,
CHEMBL356245,COc1ccc2c(c1)NC(=O)/C2=C\c1[nH]c(C)c(CCC(=O)O)c1C,IC50,50000.0,nM,>,CHEMBL880174,CHEMBL203,
CHEMBL48362,CN1CCC(c2c(O)cc(O)c3c2O/C(=C\c2ccc(S(N)(=O)=O)cc2)C3=O)CC1,Inhibition,36.0,%,=,CHEMBL674712,CHEMBL203,
CHEMBL150151,COc1ccc(-c2ccc3c(c2)NC(=O)/C3=C\c2[nH]c(C)c(CCC(=O)O)c2C)cc1,IC50,100000.0,nM,>,CHEMBL677830,CHEMBL203,
CHEMBL150151,COc1ccc(-c2ccc3c(c2)NC(=O)/C3=C\c2[nH]c(C)c(CCC(=O)O)c2C)cc1,IC50,50000.0,nM,>,CHEMBL880174,CHEMBL203,
CHEMBL358728,COc1cccc(-c2ccc3c(c2)NC(=O)/C3=C\c2[nH]c(C)c(CCC(=O)O)c2C)c1,IC50,100000.0,nM,>,CHEMBL677830,CHEMBL203,
CHEMBL358728,COc1cccc(-c2ccc3c(c2)NC(=O)/C3=C\c2[nH]c(C)c(CCC(=O)O)c2C)c1,IC50,24100.0,nM,=,CHEMBL880174,CHEMBL203,4.62
CHEMBL149201,Cc1[nH]c(/C=C2\C(=O)Nc3cc(-c4ccccc4)ccc32)c(C)c1CCC(=O)O,IC50,100000.0,nM,>,CHEMBL677830,CHEMBL203,
CHEMBL149201,Cc1[nH]c(/C=C2\C(=O)Nc3cc(-c4ccccc4)ccc32)c(C)c1CCC(=O)O,IC50,21900.0,nM,=,CHEMBL880174,CHEMBL203,4.66
CHEMBL148744,Cc1c[nH]c(/C=C2\C(=O)Nc3ccc(Br)cc32)c1CCC(=O)O,IC50,100000.0,nM,>,CHEMBL677830,CHEMBL203,
CHEMBL148744,Cc1c[nH]c(/C=C2\C(=O)Nc3ccc(Br)cc32)c1CCC(=O)O,IC50,50000.0,nM,>,CHEMBL880174,CHEMBL203,
CHEMBL150177,Cc1[nH]c(/C=C2\C(=O)Nc3ccc(S(N)(=O)=O)cc32)c(C)c1CCC(=O)O,IC50,84800.0,nM,=,CHEMBL677830,CHEMBL203,4.07
CHEMBL150177,Cc1[nH]c(/C=C2\C(=O)Nc3ccc(S(N)(=O)=O)cc32)c(C)c1CCC(=O)O,IC50,50000.0,nM,>,CHEMBL880174,CHEMBL203,
CHEMBL46181,CN1CCC(c2c(O)cc(O)c3c2O/C(=C\c2ccc(N4CCN(C)CC4)cc2)C3=O)CC1,Inhibition,29.0,%,=,CHEMBL674712,CHEMBL203,
CHEMBL147112,COc1ccccc1-c1ccc2c(c1)NC(=O)/C2=C\c1[nH]cc(CCC(=O)O)c1C,IC50,100000.0,nM,>,CHEMBL677830,CHEMBL203,
CHEMBL147112,COc1ccccc1-c1ccc2c(c1)NC(=O)/C2=C\c1[nH]cc(CCC(=O)O)c1C,IC50,19200.0,nM,=,CHEMBL880174,CHEMBL203,4.72
CHEMBL51709,CN1CCC(c2c(O)cc(O)c3c2O/C(=C\c2ccccc2)C3=O)CC1,Inhibition,38.0,%,=,CHEMBL674712,CHEMBL203,
CHEMBL45477,CN1CCC(c2c(O)cc(O)c3c2O/C(=C\c2ccc([N+](=O)[O-])cc2)C3=O)CC1,Inhibition,43.0,%,=,CHEMBL674712,CHEMBL203,
CHEMBL56505,COc1cc2ncnc(Nc3ccc(F)c(Cl)c3)c2cc1OCCN(CCO)CCO,IC50,35.0,nM,=,CHEMBL677210,CHEMBL203,7.46
CHEMBL56802,COc1cc2ncnc(Nc3cccc(C)c3)c2cc1OC,IC50,5.0,nM,=,CHEMBL677210,CHEMBL203,8.30
CHEMBL122534,Nc1cc2ncnc(Nc3ccccc3)c2cn1,IC50,250.0,nM,=,CHEMBL674641,CHEMBL203,6.60
CHEMBL332173,COc1cccc(CNc2ncnc3cc(N)ncc23)c1,IC50,2870.0,nM,=,CHEMBL674641,CHEMBL203,5.54
CHEMBL57990,COc1cc2ncnc(Nc3ccc(F)c(Cl)c3)c2cc1OCCCN(C)C,IC50,49.0,nM,=,CHEMBL677210,CHEMBL203,7.31
CHEMBL331792,Cc1cccc(Nc2ncnc3cc(N)ncc23)c1,IC50,40.0,nM,=,CHEMBL674641,CHEMBL203,7.40
CHEMBL125983,CC(=O)Nc1cccc(Nc2ncnc3cc(N)ncc23)c1,IC50,10000.0,nM,>,CHEMBL674641,CHEMBL203,
CHEMBL333045,CN(C)c1cccc(CNc2ncnc3cc(N)ncc23)c1,IC50,10000.0,nM,=,CHEMBL674641,CHEMBL203,5.00
CHEMBL55794,COc1cc2ncnc(Nc3ccc(F)c(Cl)c3)c2cc1OCCNC(C)C,IC50,310.0,nM,=,CHEMBL677210,CHEMBL203,6.51
CHEMBL122081,CC(=O)Nc1ccc(Nc2ncnc3cc(N)ncc23)cc1,IC50,10000.0,nM,>,CHEMBL674641,CHEMBL203,
CHEMBL294395,COCCN(CCOC)CCOc1cc2c(Nc3ccc(F)c(Cl)c3)ncnc2cc1OC,IC50,61.0,nM,=,CHEMBL677210,CHEMBL203,7.21
CHEMBL323660,Nc1ccc(-c2cc(=O)c3cccc(N)c3o2)cc1,IC50,100000.0,nM,>,CHEMBL674638,CHEMBL203,
CHEMBL52076,Nc1cc2ncnc(Nc3cccc(Br)c3)c2cn1,IC50,10.0,nM,=,CHEMBL674641,CHEMBL203,8.00
CHEMBL338625,Nc1cc2ncnc(Nc3ccc(Br)cc3)c2cn1,IC50,90.0,nM,=,CHEMBL674641,CHEMBL203,7.05
CHEMBL419601,CN(C)c1ccccc1CNc1ncnc2cc(N)ncc12,IC50,100000.0,nM,>,CHEMBL674641,CHEMBL203,
CHEMBL332879,Nc1cc2ncnc(Nc3ccccc3C(F)(F)F)c2cn1,IC50,10000.0,nM,=,CHEMBL674641,CHEMBL203,5.00
CHEMBL339684,Nc1cc2ncnc(Nc3ccc(C(F)(F)F)cc3)c2cn1,IC50,4700.0,nM,=,CHEMBL674641,CHEMBL203,5.33
CHEMBL331307,Nc1cc2ncnc(NCc3ccccc3Br)c2cn1,IC50,1670.0,nM,=,CHEMBL674641,CHEMBL203,5.78
CHEMBL121709,COc1ccccc1CNc1ncnc2cc(N)ncc12,IC50,100000.0,nM,=,CHEMBL674641,CHEMBL203,4.00
CHEMBL7699,O=c1c(-c2cccc(Cl)c2)coc2cc(O)ccc12,IC50,58800.0,nM,=,CHEMBL677887,CHEMBL203,4.23
CHEMBL114568,Nc1ccc(-c2cc(=O)c3ccc(O)c(N)c3o2)cc1,IC50,100000.0,nM,>,CHEMBL674638,CHEMBL203,
CHEMBL124673,Nc1cc2ncnc(Nc3cccc([N+](=O)[O-])c3)c2cn1,IC50,40.0,nM,=,CHEMBL674641,CHEMBL203,7.40
CHEMBL124533,Nc1cc2ncnc(NCc3cccc(C(F)(F)F)c3)c2cn1,IC50,1950.0,nM,=,CHEMBL674641,CHEMBL203,5.71
CHEMBL44,O=c1c(-c2ccc(O)cc2)coc2cc(O)cc(O)c12,IC50,1000.0,nM,=,CHEMBL677887,CHEMBL203,6.00
CHEMBL301018,COc1cc2ncnc(Nc3ccc(F)c(Cl)c3)c2cc1OC,IC50,9.0,nM,=,CHEMBL677210,CHEMBL203,8.05
CHEMBL112925,Nc1ccc(-c2cc(=O)c3cc(N)ccc3o2)cc1,IC50,8700.0,nM,=,CHEMBL674638,CHEMBL203,5.06
CHEMBL7917,COc1cc2ncnc(Nc3cccc(Cl)c3)c2cc1OC,IC50,6.0,nM,=,CHEMBL677887,CHEMBL203,8.22
CHEMBL7917,COc1cc2ncnc(Nc3cccc(Cl)c3)c2cc1OC,IC50,120.0,nM,=,CHEMBL677889,CHEMBL203,6.92
CHEMBL281467,C=CC(=O)Nc1cnc2ncc(C#N)c(Nc3cccc(Br)c3)c2c1,IC50,374.8,nM,=,CHEMBL677385,CHEMBL203,6.43
CHEMBL281467,C=CC(=O)Nc1cnc2ncc(C#N)c(Nc3cccc(Br)c3)c2c1,IC50,975.7,nM,=,CHEMBL677384,CHEMBL203,6.01
CHEMBL299672,COc1cc2ncnc(Nc3ccc(F)c(Cl)c3)c2cc1OCCCN1CCCC1,IC50,71.0,nM,=,CHEMBL677210,CHEMBL203,7.15
CHEMBL1788321,COc1cc2ncnc(Nc3ccc(F)c(Cl)c3)c2cc1OC[C@H](O)CN1CCOCC1,IC50,67.0,nM,=,CHEMBL677210,CHEMBL203,7.17
CHEMBL324563,O=c1cc(-c2ccc([N+](=O)[O-])cc2)oc2c([N+](=O)[O-])c(O)ccc12,IC50,,nM,,CHEMBL674639,CHEMBL203,
CHEMBL125035,Nc1cc2ncnc(NCc3ccccc3[N+](=O)[O-])c2cn1,IC50,4250.0,nM,=,CHEMBL674641,CHEMBL203,5.37
CHEMBL7827,O=c1c(-c2cccc(Cl)c2)coc2cc(O)cc(O)c12,IC50,95.0,nM,=,CHEMBL677887,CHEMBL203,7.02
CHEMBL7827,O=c1c(-c2cccc(Cl)c2)coc2cc(O)cc(O)c12,IC50,12000.0,nM,=,CHEMBL677889,CHEMBL203,4.92
CHEMBL7801,Oc1c(-c2cccc(Cl)c2)cnc2ccccc12,IC50,100000.0,nM,>,CHEMBL677887,CHEMBL203,
CHEMBL56936,COc1cc2ncnc(Nc3ccc(F)c(Cl)c3)c2cc1OCCNCCN(C)C,IC50,2.0,nM,=,CHEMBL677210,CHEMBL203,8.70
CHEMBL60826,COc1cc2ncnc(Nc3ccc(F)c(Cl)c3)c2cc1OCC(O)Cn1ccnc1,IC50,8.0,nM,=,CHEMBL677210,CHEMBL203,8.10
CHEMBL112421,Nc1ccc(-c2cc(=O)c3cc(O)cc(N)c3o2)cc1,IC50,100000.0,nM,>,CHEMBL674638,CHEMBL203,
CHEMBL114550,COc1cc(N)c2oc(-c3cccc(N)c3)cc(=O)c2c1,IC50,100000.0,nM,>,CHEMBL674638,CHEMBL203,
CHEMBL333115,Nc1cc2ncnc(Nc3ccc([N+](=O)[O-])cc3)c2cn1,IC50,65000.0,nM,=,CHEMBL674641,CHEMBL203,4.19
CHEMBL125550,Nc1cc2ncnc(Nc3cccc(I)c3)c2cn1,IC50,260.0,nM,=,CHEMBL674641,CHEMBL203,6.58
CHEMBL123322,Nc1cc2ncnc(Nc3cccc(O)c3)c2cn1,IC50,70.0,nM,=,CHEMBL674641,CHEMBL203,7.16
CHEMBL440453,COc1cc(O)c2c(O)c(-c3cccc(Cl)c3)cnc2c1,IC50,38.0,nM,=,CHEMBL677887,CHEMBL203,7.42
CHEMBL440453,COc1cc(O)c2c(O)c(-c3cccc(Cl)c3)cnc2c1,IC50,6000.0,nM,=,CHEMBL677889,CHEMBL203,5.22
CHEMBL31876,CC#CC(=O)Nc1ccc2ncc(C#N)c(Nc3ccc(F)c(Cl)c3)c2c1,IC50,330.2,nM,=,CHEMBL677385,CHEMBL203,6.48
CHEMBL31876,CC#CC(=O)Nc1ccc2ncc(C#N)c(Nc3ccc(F)c(Cl)c3)c2c1,IC50,1027.8,nM,=,CHEMBL677384,CHEMBL203,5.99
CHEMBL115036,COc1cc([N+](=O)[O-])c2oc(-c3ccc([N+](=O)[O-])cc3)cc(=O)c2c1,IC50,,nM,,CHEMBL674639,CHEMBL203,
CHEMBL125810,Nc1cc2ncnc(Nc3cccc(C(F)(F)F)c3)c2cn1,IC50,15.0,nM,=,CHEMBL674641,CHEMBL203,7.82
CHEMBL334173,COc1cccc(Nc2ncnc3cc(N)ncc23)c1,IC50,130.0,nM,=,CHEMBL674641,CHEMBL203,6.89
CHEMBL121984,CN(C)c1ccc(CNc2ncnc3cc(N)ncc23)cc1,IC50,100000.0,nM,>,CHEMBL674641,CHEMBL203,
CHEMBL14699,COc1cc2ncnc(Nc3ccc(F)c(Cl)c3)c2cc1OCCN1CCOCC1,IC50,10.0,nM,=,CHEMBL677210,CHEMBL203,8.00
CHEMBL64704,O=c1cc(-c2ccc([N+](=O)[O-])cc2)oc2ccc([N+](=O)[O-])cc12,IC50,,nM,,CHEMBL674639,CHEMBL203,
CHEMBL330905,O=c1cc(-c2ccc([N+](=O)[O-])cc2)oc2c([N+](=O)[O-])cccc12,IC50,,nM,,CHEMBL674639,CHEMBL203,
CHEMBL125331,CN(C)c1cccc(Nc2ncnc3cc(N)ncc23)c1,IC50,1790.0,nM,=,CHEMBL674641,CHEMBL203,5.75
CHEMBL123676,Nc1cc2ncnc(NCc3cccc([N+](=O)[O-])c3)c2cn1,IC50,10100.0,nM,=,CHEMBL674641,CHEMBL203,5.00
CHEMBL281300,C=CC(=O)Nc1ccc2ncc(C#N)c(Nc3cccc(Br)c3)c2c1,IC50,9.7,nM,=,CHEMBL677385,CHEMBL203,8.01
CHEMBL281300,C=CC(=O)Nc1ccc2ncc(C#N)c(Nc3cccc(Br)c3)c2c1,IC50,86.9,nM,=,CHEMBL677384,CHEMBL203,7.06
CHEMBL56912,COCCNCCOc1cc2c(Nc3ccc(F)c(Cl)c3)ncnc2cc1OC,IC50,8.0,nM,=,CHEMBL677210,CHEMBL203,8.10
CHEMBL55425,CCN(CC)CCCOc1cc2c(Nc3ccc(F)c(Cl)c3)ncnc2cc1OC,IC50,57.0,nM,=,CHEMBL677210,CHEMBL203,7.24
CHEMBL125949,Nc1cc2ncnc(NCc3ccc(Br)cc3)c2cn1,IC50,2460.0,nM,=,CHEMBL674641,CHEMBL203,5.61
CHEMBL7810,COc1cc(O)c2c(=O)c(-c3cccc(Cl)c3)cn(CCc3ccccc3)c2c1,IC50,4000.0,nM,=,CHEMBL677887,CHEMBL203,5.40
CHEMBL7810,COc1cc(O)c2c(=O)c(-c3cccc(Cl)c3)cn(CCc3ccccc3)c2c1,IC50,1500.0,nM,=,CHEMBL677889,CHEMBL203,5.82
CHEMBL31276,CN(C)C/C=C/C(=O)Nc1cc2c(Nc3cccc(Br)c3)c(C#N)cnc2cn1,IC50,1.9,nM,=,CHEMBL677385,CHEMBL203,8.72
CHEMBL31276,CN(C)C/C=C/C(=O)Nc1cc2c(Nc3cccc(Br)c3)c(C#N)cnc2cn1,IC50,8.6,nM,=,CHEMBL677384,CHEMBL203,8.07
CHEMBL56027,COc1cc2ncnc(Nc3ccc(F)c(Cl)c3)c2cc1OCCNC(C)(CO)CO,IC50,69.0,nM,=,CHEMBL677210,CHEMBL203,7.16
CHEMBL294034,COc1cc2ncnc(Nc3ccc(F)c(Cl)c3)c2cc1OCCn1ccnc1,IC50,66.0,nM,=,CHEMBL677210,CHEMBL203,7.18
CHEMBL939,COc1cc2ncnc(Nc3ccc(F)c(Cl)c3)c2cc1OCCCN1CCOCC1,IC50,23.0,nM,=,CHEMBL677210,CHEMBL203,7.64
CHEMBL127763,Nc1cccc(CNc2ncnc3cc(N)ncc23)c1,IC50,10000.0,nM,>,CHEMBL674641,CHEMBL203,
CHEMBL7981,COc1cc(OC)c2c(=O)c(-c3cccc(Cl)c3)coc2c1,IC50,500000.0,nM,=,CHEMBL677887,CHEMBL203,
CHEMBL7981,COc1cc(OC)c2c(=O)c(-c3cccc(Cl)c3)coc2c1,IC50,100000.0,nM,>,CHEMBL677889,CHEMBL203,
CHEMBL7866,COC(=O)Cn1cc(-c2cccc(Cl)c2)c(=O)c2c(O)cc(OC)cc21,IC50,64.0,nM,=,CHEMBL677887,CHEMBL203,7.19
CHEMBL7866,COC(=O)Cn1cc(-c2cccc(Cl)c2)c(=O)c2c(O)cc(OC)cc21,IC50,12500.0,nM,=,CHEMBL677889,CHEMBL203,4.90
CHEMBL92361,O=C(O)Cc1c2ccccc2n2c1[nH]c(=O)c1ccccc12,Inhibition,12.0,%,=,CHEMBL769138,CHEMBL203,
CHEMBL31745,CC#CC(=O)Nc1cnc2ncc(C#N)c(Nc3cccc(Br)c3)c2c1,IC50,6266.2,nM,=,CHEMBL677385,CHEMBL203,5.20
CHEMBL31745,CC#CC(=O)Nc1cnc2ncc(C#N)c(Nc3cccc(Br)c3)c2c1,IC50,10000.0,nM,>,CHEMBL677384,CHEMBL203,
CHEMBL283682,CC#CC(=O)Nc1ccc2ncc(C#N)c(Nc3cccc(Br)c3)c2c1,IC50,258.9,nM,=,CHEMBL677385,CHEMBL203,6.59
CHEMBL283682,CC#CC(=O)Nc1ccc2ncc(C#N)c(Nc3cccc(Br)c3)c2c1,IC50,1000.0,nM,>,CHEMBL677384,CHEMBL203,
CHEMBL30973,CN(C)C/C=C/C(=O)Nc1ccc2ncc(C#N)c(Nc3cccc(Br)c3)c2c1,IC50,37.2,nM,=,CHEMBL677385,CHEMBL203,7.43
CHEMBL30973,CN(C)C/C=C/C(=O)Nc1ccc2ncc(C#N)c(Nc3cccc(Br)c3)c2c1,IC50,122.9,nM,=,CHEMBL677384,CHEMBL203,6.91
CHEMBL293090,CNCCOc1cc2c(Nc3ccc(F)c(Cl)c3)ncnc2cc1OC,IC50,8.0,nM,=,CHEMBL677210,CHEMBL203,8.10
CHEMBL56142,COc1cc2ncnc(Nc3ccc(F)c(Cl)c3)c2cc1OCCN1CCCCC1,IC50,98.0,nM,=,CHEMBL677210,CHEMBL203,7.01
CHEMBL325385,O=c1cc(-c2ccc([N+](=O)[O-])cc2)oc2c([N+](=O)[O-])ccc(O)c12,IC50,,nM,,CHEMBL674639,CHEMBL203,
CHEMBL112422,Nc1ccc(-c2cc(=O)c3cc(N)cc(N)c3o2)cc1,IC50,100000.0,nM,>,CHEMBL674638,CHEMBL203,
CHEMBL114209,O=c1cc(-c2ccc([N+](=O)[O-])cc2)oc2cc(O)c([N+](=O)[O-])cc12,IC50,,nM,,CHEMBL674639,CHEMBL203,
CHEMBL287022,CC#CC(=O)Nc1cnc2ncc(C#N)c(Nc3ccc(F)c(Cl)c3)c2c1,IC50,3762.4,nM,=,CHEMBL677385,CHEMBL203,5.42
CHEMBL287022,CC#CC(=O)Nc1cnc2ncc(C#N)c(Nc3ccc(F)c(Cl)c3)c2c1,IC50,6794.8,nM,=,CHEMBL677384,CHEMBL203,5.17
CHEMBL116051,Nc1ccc(-c2cc(=O)c3c(O)c(N)ccc3o2)cc1,IC50,100000.0,nM,>,CHEMBL674638,CHEMBL203,
CHEMBL116064,O=c1cc(-c2ccc([N+](=O)[O-])cc2)oc2ccc([N+](=O)[O-])c(O)c12,IC50,,nM,,CHEMBL674639,CHEMBL203,
CHEMBL333272,Nc1ccc(Nc2ncnc3cc(N)ncc23)cc1,IC50,5900.0,nM,=,CHEMBL674641,CHEMBL203,5.23
CHEMBL31437,CN(C)CCOc1cc2c(Nc3ccc(F)c(Cl)c3)c(C#N)cnc2cn1,IC50,10000.0,nM,>,CHEMBL677385,CHEMBL203,
CHEMBL31437,CN(C)CCOc1cc2c(Nc3ccc(F)c(Cl)c3)c(C#N)cnc2cn1,IC50,10000.0,nM,>,CHEMBL677384,CHEMBL203,
CHEMBL293064,CCN(CC)CCOc1cc2c(Nc3ccc(F)c(Cl)c3)ncnc2cc1OC,IC50,93.0,nM,=,CHEMBL677210,CHEMBL203,7.03
CHEMBL112649,O=c1cc(-c2ccc([N+](=O)[O-])cc2)oc2c([N+](=O)[O-])cc([N+](=O)[O-])cc12,IC50,,nM,,CHEMBL674639,CHEMBL203,
CHEMBL114578,Nc1ccc(-c2cc(=O)c3c(O)ccc(N)c3o2)cc1,IC50,100000.0,nM,>,CHEMBL674638,CHEMBL203,
CHEMBL128001,COc1ccc(Nc2ncnc3cc(N)ncc23)cc1,IC50,670.0,nM,=,CHEMBL674641,CHEMBL203,6.17
CHEMBL341053,CN(C)c1ccc(Nc2ncnc3cc(N)ncc23)cc1,IC50,4860.0,nM,=,CHEMBL674641,CHEMBL203,5.31
CHEMBL31118,CN(C)CCOc1cc2c(Nc3cccc(Br)c3)c(C#N)cnc2cn1,IC50,10000.0,nM,>,CHEMBL677385,CHEMBL203,
CHEMBL31118,CN(C)CCOc1cc2c(Nc3cccc(Br)c3)c(C#N)cnc2cn1,IC50,10000.0,nM,>,CHEMBL677384,CHEMBL203,
CHEMBL56502,COc1cc2ncnc(Nc3ccc(F)c(Cl)c3)c2cc1OCC(O)CN,IC50,6.0,nM,=,CHEMBL677210,CHEMBL203,8.22
CHEMBL432416,Nc1ccc(-c2cc(=O)c3cc(N)c(O)cc3o2)cc1,IC50,14100.0,nM,=,CHEMBL674638,CHEMBL203,4.85
CHEMBL124618,Nc1cc2ncnc(Nc3ccccc3N)c2cn1,IC50,5250.0,nM,=,CHEMBL674641,CHEMBL203,5.28
CHEMBL126062,Nc1cc2ncnc(NCc3ccccc3C(F)(F)F)c2cn1,IC50,10000.0,nM,=,CHEMBL674641,CHEMBL203,5.00
CHEMBL333041,Nc1cc2ncnc(NCc3ccc(C(F)(F)F)cc3)c2cn1,IC50,8000.0,nM,=,CHEMBL674641,CHEMBL203,5.10
CHEMBL125995,COc1ccc(CNc2ncnc3cc(N)ncc23)cc1,IC50,100000.0,nM,>,CHEMBL674641,CHEMBL203,
CHEMBL7819,COc1cc(O)c2c(=O)c(-c3cccc(Cl)c3)cn(C)c2c1,IC50,170.0,nM,=,CHEMBL677887,CHEMBL203,6.77
CHEMBL7819,COc1cc(O)c2c(=O)c(-c3cccc(Cl)c3)cn(C)c2c1,IC50,3000.0,nM,=,CHEMBL677889,CHEMBL203,5.52
CHEMBL326778,O=c1cc(-c2ccc([N+](=O)[O-])cc2)oc2cc([N+](=O)[O-])c(O)c([N+](=O)[O-])c12,IC50,,nM,,CHEMBL674639,CHEMBL203,
CHEMBL115397,COc1ccc(N)c2oc(-c3ccc(N)cc3)cc(=O)c12,IC50,100000.0,nM,>,CHEMBL674638,CHEMBL203,
CHEMBL122168,Nc1cc2ncnc(Nc3cccnc3)c2cn1,IC50,10000.0,nM,>,CHEMBL674641,CHEMBL203,
CHEMBL115784,COc1ccc([N+](=O)[O-])c2oc(-c3ccc([N+](=O)[O-])cc3)cc(=O)c12,IC50,,nM,,CHEMBL674639,CHEMBL203,
CHEMBL115351,O=c1cc(-c2ccc([N+](=O)[O-])cc2)oc2c([N+](=O)[O-])c(O)c([N+](=O)[O-])cc12,IC50,,nM,,CHEMBL674639,CHEMBL203,
CHEMBL340438,Nc1cc2ncnc(Nc3cccc(F)c3)c2cn1,IC50,840.0,nM,=,CHEMBL674641,CHEMBL203,6.08
CHEMBL291514,COc1cc2ncnc(Nc3ccc(F)c(Cl)c3)c2cc1OCCCN1CCCCC1,IC50,79.0,nM,=,CHEMBL677210,CHEMBL203,7.10
CHEMBL115148,O=c1cc(-c2ccc([N+](=O)[O-])cc2)oc2c([N+](=O)[O-])cc(O)cc12,IC50,,nM,,CHEMBL674639,CHEMBL203,
CHEMBL338662,Nc1cc2ncnc(Nc3ccccc3[N+](=O)[O-])c2cn1,IC50,1250.0,nM,=,CHEMBL674641,CHEMBL203,5.90
CHEMBL122132,Nc1cc2ncnc(Nc3ccccc3Br)c2cn1,IC50,240.0,nM,=,CHEMBL674641,CHEMBL203,6.62
CHEMBL441518,CN(C)C/C=C/C(=O)Nc1cnc2ncc(C#N)c(Nc3cccc(Br)c3)c2c1,IC50,2043.6,nM,=,CHEMBL677385,CHEMBL203,5.69
CHEMBL441518,CN(C)C/C=C/C(=O)Nc1cnc2ncc(C#N)c(Nc3cccc(Br)c3)c2c1,IC50,4128.6,nM,=,CHEMBL677384,CHEMBL203,5.38
CHEMBL1744086,COc1cc2ncnc(Nc3ccc(F)c(Cl)c3)c2cc1OC[C@@H](O)CN1CCOCC1,IC50,95.0,nM,=,CHEMBL677210,CHEMBL203,7.02
CHEMBL114814,Nc1ccc(-c2cc(=O)c3c(N)c(O)c(N)cc3o2)cc1,IC50,100000.0,nM,>,CHEMBL674638,CHEMBL203,
CHEMBL115102,Nc1cccc(-c2cc(=O)c3cc(N)c(O)cc3o2)c1,IC50,100000.0,nM,>,CHEMBL674638,CHEMBL203,
CHEMBL123523,CN(C)c1ccccc1Nc1ncnc2cc(N)ncc12,IC50,69000.0,nM,=,CHEMBL674641,CHEMBL203,4.16
CHEMBL124528,Nc1cc2ncnc(Nc3cccc(Cl)c3)c2cn1,IC50,120.0,nM,=,CHEMBL674641,CHEMBL203,6.92
CHEMBL325949,Nc1cccc(-c2cc(=O)c3c(N)c(O)c(N)cc3o2)c1,IC50,7800.0,nM,=,CHEMBL674638,CHEMBL203,5.11
CHEMBL126097,Nc1cc2ncnc(NCc3ccc([N+](=O)[O-])cc3)c2cn1,IC50,10000.0,nM,>,CHEMBL674641,CHEMBL203,
CHEMBL7339,COc1cc(O)c2c(=O)c(-c3cccc(Cl)c3)coc2c1,IC50,1270.0,nM,=,CHEMBL677887,CHEMBL203,5.90
CHEMBL7339,COc1cc(O)c2c(=O)c(-c3cccc(Cl)c3)coc2c1,IC50,100000.0,nM,>,CHEMBL677889,CHEMBL203,
CHEMBL57759,COc1cc2ncnc(Nc3ccc(F)c(Cl)c3)c2cc1OCCN(C)C,IC50,7.0,nM,=,CHEMBL677210,CHEMBL203,8.15
CHEMBL115601,Nc1ccc(-c2cc(=O)c3cc(N)c(O)c(N)c3o2)cc1,IC50,100000.0,nM,>,CHEMBL674638,CHEMBL203,
CHEMBL115103,Nc1cccc(-c2cc(=O)c3cc(N)ccc3o2)c1,IC50,100000.0,nM,>,CHEMBL674638,CHEMBL203,
CHEMBL607707,CCOc1cc2ncc(C#N)c(Nc3ccc(F)c(Cl)c3)c2cc1NC(=O)/C=C/CN(C)C,IC50,14.5,nM,=,CHEMBL677385,CHEMBL203,7.84
CHEMBL607707,CCOc1cc2ncc(C#N)c(Nc3ccc(F)c(Cl)c3)c2cc1NC(=O)/C=C/CN(C)C,IC50,97.6,nM,=,CHEMBL677384,CHEMBL203,7.01
CHEMBL300791,COc1cc2ncnc(Nc3ccc(F)c(Cl)c3)c2cc1OCCN1CCN(C)CC1,IC50,10.0,nM,=,CHEMBL677210,CHEMBL203,8.00
CHEMBL57892,COc1cc2ncnc(Nc3ccc(F)c(Cl)c3)c2cc1OCCNC(C)(C)C,IC50,100.0,nM,=,CHEMBL677210,CHEMBL203,7.00
CHEMBL57758,COc1cc2ncnc(Nc3ccc(F)c(Cl)c3)c2cc1OCCN1CCCC1,IC50,87.0,nM,=,CHEMBL677210,CHEMBL203,7.06
CHEMBL56266,CNCC(O)COc1cc2c(Nc3ccc(F)c(Cl)c3)ncnc2cc1OC,IC50,5.0,nM,=,CHEMBL677210,CHEMBL203,8.30
CHEMBL124617,Nc1cccc(Nc2ncnc3cc(N)ncc23)c1,IC50,1550.0,nM,=,CHEMBL674641,CHEMBL203,5.81
CHEMBL300083,Nc1cc2ncnc(NCc3ccccc3)c2cn1,IC50,580.0,nM,=,CHEMBL674641,CHEMBL203,6.24
CHEMBL121708,Nc1cc2ncnc(NCc3cccc(Br)c3)c2cn1,IC50,1000.0,nM,=,CHEMBL674641,CHEMBL203,6.00
CHEMBL296468,CC(C)(C)c1cnc(CSc2cnc(NC(=O)C3CCNCC3)s2)o1,IC50,25000.0,nM,>,CHEMBL686680,CHEMBL203,
CHEMBL266995,Oc1cc(O)c2c(O)c(-c3cccc(Cl)c3)cnc2c1,IC50,8.0,nM,=,CHEMBL677887,CHEMBL203,8.10
CHEMBL266995,Oc1cc(O)c2c(O)c(-c3cccc(Cl)c3)cnc2c1,IC50,2000.0,nM,=,CHEMBL677889,CHEMBL203,5.70
CHEMBL299893,COc1cc2ncnc(Nc3ccc(F)c(Cl)c3)c2cc1OCC(O)CN(CCO)CCO,IC50,5.0,nM,=,CHEMBL677210,CHEMBL203,8.30
CHEMBL116353,COc1cc(N)c2oc(-c3ccc(N)cc3)cc(=O)c2c1,IC50,100000.0,nM,>,CHEMBL674638,CHEMBL203,
CHEMBL126101,COc1ccccc1Nc1ncnc2cc(N)ncc12,IC50,3710.0,nM,=,CHEMBL674641,CHEMBL203,5.43
CHEMBL332846,Nc1cc2ncnc(NCc3ccccc3N)c2cn1,IC50,230.0,nM,=,CHEMBL674641,CHEMBL203,6.64
CHEMBL124836,Nc1ccc(CNc2ncnc3cc(N)ncc23)cc1,IC50,10000.0,nM,>,CHEMBL674641,CHEMBL203,
CHEMBL7350,CCc1nc(O)c2c(n1)Nc1ccccc1C2,IC50,,nM,,CHEMBL843058,CHEMBL203,
CHEMBL347668,O=C(CCc1c(SSc2[nH]c3ccccc3c2CCC(=O)NCc2ccc(C(=O)O)c(O)c2)[nH]c2ccccc12)NCc1ccc(C(=O)O)c(O)c1,IC50,8500.0,nM,=,CHEMBL673450,CHEMBL203,5.07
CHEMBL541307,CN(C)CC(CNNC(N)=O)C(=O)c1ccc(OCc2ccccc2)cc1.Cl,IC50,3900.0,nM,=,CHEMBL677209,CHEMBL203,5.41
CHEMBL348146,CC(=O)OC(Cc1c(SSc2[nH]c3ccccc3c2CC(OC(C)=O)C(=O)NCc2ccccc2)[nH]c2ccccc12)C(=O)NCc1ccccc1,IC50,28000.0,nM,=,CHEMBL673450,CHEMBL203,4.55
CHEMBL79704,O=C(O)CCc1c(SSc2[nH]c3ccccc3c2CCC(=O)O)[nH]c2ccccc12,IC50,4800.0,nM,=,CHEMBL673450,CHEMBL203,5.32
CHEMBL6881,COc1ccc2c(c1)Cc1c(O)ncnc1N2,IC50,,nM,,CHEMBL843058,CHEMBL203,
CHEMBL538757,COC(=O)c1ccccc1SCC(CN(C)C)C(=O)c1ccc(OCc2ccccc2)cc1.Cl,IC50,8800.0,nM,=,CHEMBL677209,CHEMBL203,5.06
CHEMBL350882,O=C(NCc1ccccc1)C(Cc1c(SSc2[nH]c3ccccc3c2CC(NC(=O)C(F)(F)F)C(=O)NCc2ccccc2)[nH]c2ccccc12)NC(=O)C(F)(F)F,IC50,100000.0,nM,>,CHEMBL673450,CHEMBL203,
CHEMBL422531,CN(C)C(=O)CCc1c(SSc2[nH]c3ccccc3c2CCC(=O)N(C)C)[nH]c2ccccc12,IC50,12000.0,nM,=,CHEMBL673450,CHEMBL203,4.92
CHEMBL538507,Cc1ccc(SCC(CN(C)C)C(=O)c2ccc(OCc3ccccc3)cc2)cc1C.Cl,IC50,2100.0,nM,=,CHEMBL677209,CHEMBL203,5.68
CHEMBL154969,CONC(=O)CCc1c(SSc2[nH]c3ccccc3c2CCC(=O)NOC)[nH]c2ccccc12,IC50,68000.0,nM,=,CHEMBL673450,CHEMBL203,4.17
CHEMBL552859,C=C(CN(C)C)C(=O)c1ccc(OCc2ccccc2)cc1.Cl,IC50,180.0,nM,=,CHEMBL677209,CHEMBL203,6.75
CHEMBL267180,COc1cc2c(cc1OC)Nc1ncn(CCN3CCOCC3)c(=O)c1C2,IC50,,nM,,CHEMBL843058,CHEMBL203,
CHEMBL414013,COc1cc2c(cc1OC)Nc1ncnc(O)c1C2,IC50,75000.0,nM,=,CHEMBL843057,CHEMBL203,4.12
CHEMBL544074,C=C(CN1CCCCC1)C(=O)c1ccc(OCc2ccccc2)cc1.Cl,IC50,1100.0,nM,=,CHEMBL677209,CHEMBL203,5.96
CHEMBL6796,Oc1ncnc2c1Cc1ccccc1N2,IC50,,nM,,CHEMBL843058,CHEMBL203,
CHEMBL154260,O=C(CCc1c(SSc2[nH]c3ccccc3c2CCC(=O)NCCc2ccccc2)[nH]c2ccccc12)NCCc1ccccc1,IC50,24000.0,nM,=,CHEMBL673450,CHEMBL203,4.62
CHEMBL346716,CC(=O)NC(Cc1c(SSc2[nH]c3ccccc3c2CC(NC(C)=O)C(=O)NCc2ccccc2)[nH]c2ccccc12)C(=O)NCc1ccccc1,IC50,51000.0,nM,=,CHEMBL673450,CHEMBL203,4.29
CHEMBL7137,COc1cc2cc3c(O)ncnc3nc2cc1OC,IC50,,nM,,CHEMBL843058,CHEMBL203,
CHEMBL545006,Cl.O=C(CCN1CCCCC1)c1ccc(OCc2ccccc2)cc1,IC50,1800.0,nM,=,CHEMBL677209,CHEMBL203,5.75
CHEMBL542891,CCOC(=O)C1CCN(CCC(=O)c2ccc(OCc3ccccc3)cc2)CC1.Cl,IC50,300.0,nM,=,CHEMBL677209,CHEMBL203,6.52
CHEMBL336174,NC(Cc1c(SSc2[nH]c3ccccc3c2CC(N)C(=O)NCc2ccccc2)[nH]c2ccccc12)C(=O)NCc1ccccc1,IC50,7600.0,nM,=,CHEMBL673450,CHEMBL203,5.12
CHEMBL544538,C=C(CN1CCNCC1)C(=O)c1ccc(OCc2ccccc2)cc1.Cl,IC50,1500.0,nM,=,CHEMBL677209,CHEMBL203,5.82
CHEMBL348116,N#CCc1c(SSc2[nH]c3ccccc3c2CC#N)[nH]c2ccccc12,IC50,32000.0,nM,=,CHEMBL673450,CHEMBL203,4.50
CHEMBL80030,C=C(CN(C)C)C(=O)c1ccc(OS(=O)(=O)c2ccc(C(=O)O)cc2)cc1,IC50,230.0,nM,=,CHEMBL677209,CHEMBL203,6.64
CHEMBL157952,O=C(NCc1ccccc1)C(O)Cc1c(SSc2[nH]c3ccccc3c2CC(O)C(=O)NCc2ccccc2)[nH]c2ccccc12,IC50,14000.0,nM,=,CHEMBL673450,CHEMBL203,4.85
CHEMBL156555,O=C(CCCc1c(SSc2[nH]c3ccccc3c2CCCC(=O)NCc2ccccc2)[nH]c2ccccc12)NCc1ccccc1,IC50,100000.0,nM,=,CHEMBL673450,CHEMBL203,4.00
CHEMBL44,O=c1c(-c2ccc(O)cc2)coc2cc(O)cc(O)c12,IC50,1000.0,nM,=,CHEMBL677209,CHEMBL203,6.00
CHEMBL543361,CN(C)CC(CSCCN)C(=O)c1ccc(OCc2ccccc2)cc1.Cl,IC50,8800.0,nM,=,CHEMBL677209,CHEMBL203,5.06
CHEMBL155607,NC(=O)CCC1C(S)=Nc2ccccc21,IC50,22000.0,nM,=,CHEMBL673450,CHEMBL203,4.66
CHEMBL266404,COc1ccc2c(c1)Nc1ncnc(O)c1C2,IC50,,nM,,CHEMBL843058,CHEMBL203,
CHEMBL543600,CC(CN(C)C)C(=O)c1ccc(OS(=O)(=O)c2ccc(C(=O)O)cc2)cc1.Cl,IC50,100000.0,nM,=,CHEMBL677209,CHEMBL203,4.00
CHEMBL155389,O=C(CC1C(S)=Nc2ccccc21)NCc1ccccc1,IC50,100000.0,nM,=,CHEMBL673450,CHEMBL203,4.00
CHEMBL345203,CNC(=O)CCc1c(SSc2[nH]c3ccccc3c2CCC(=O)NC)[nH]c2ccccc12,IC50,9400.0,nM,=,CHEMBL673450,CHEMBL203,5.03
CHEMBL78249,N#CC(Cc1ccc(O)c(O)c1)C(=N)S,IC50,70000.0,nM,=,CHEMBL677209,CHEMBL203,4.16
CHEMBL7052,Oc1cc(Nc2ccccc2)ncn1,IC50,,nM,,CHEMBL843058,CHEMBL203,
CHEMBL543362,CN(C)CCCC(=O)c1ccc(OCc2ccccc2)cc1.Cl,IC50,100000.0,nM,>,CHEMBL677209,CHEMBL203,
CHEMBL544770,CN(C)CCC(=O)c1ccc(OCc2ccccc2)cc1.Cl,IC50,1500.0,nM,=,CHEMBL677209,CHEMBL203,5.82
CHEMBL435831,O=C(Cc1c(SSc2[nH]c3ccccc3c2CC(=O)NCc2ccccc2)[nH]c2ccccc12)NCc1ccccc1,IC50,38000.0,nM,=,CHEMBL673450,CHEMBL203,4.42
CHEMBL542893,Cl.O=C(CCN1CCOCC1)c1ccc(OCc2ccccc2)cc1,IC50,1500.0,nM,=,CHEMBL677209,CHEMBL203,5.82
CHEMBL540292,CN(C)CC(CSc1ccccc1)C(=O)c1ccc(OCc2ccccc2)cc1.Cl,IC50,7300.0,nM,=,CHEMBL677209,CHEMBL203,5.14
CHEMBL154080,COC(=O)c1ccc(CNC(=O)CCc2c(SSc3[nH]c4ccccc4c3CCC(=O)NCc3ccc(C(=O)OC)cc3)[nH]c3ccccc23)cc1,IC50,44000.0,nM,=,CHEMBL673450,CHEMBL203,4.36
CHEMBL155293,O=C(CCc1c(SSc2[nH]c3ccccc3c2CCC(=O)NCc2ccc(C(=O)O)cc2)[nH]c2ccccc12)NCc1ccc(C(=O)O)cc1,IC50,7400.0,nM,=,CHEMBL673450,CHEMBL203,5.13
CHEMBL544067,C=C(CN1CCOCC1)C(=O)c1ccc(OCc2ccccc2)cc1.Cl,IC50,1100.0,nM,=,CHEMBL677209,CHEMBL203,5.96
CHEMBL293261,O=C(CCc1c(SSc2[nH]c3ccccc3c2CCC(=O)NCc2ccccc2)[nH]c2ccccc12)NCc1ccccc1,IC50,850.0,nM,=,CHEMBL673450,CHEMBL203,6.07
CHEMBL468975,C=C(CN(C)C)C(=O)c1ccccc1.Cl,IC50,5600.0,nM,=,CHEMBL677209,CHEMBL203,5.25
CHEMBL7404,CCN1c2ccccc2Cc2c(O)ncnc21,IC50,,nM,,CHEMBL843058,CHEMBL203,
CHEMBL158119,O=[N+]([O-])CCc1c(SSc2[nH]c3ccccc3c2CC[N+](=O)[O-])[nH]c2ccccc12,IC50,89000.0,nM,=,CHEMBL673450,CHEMBL203,4.05
CHEMBL156797,O=C(CCc1c(SSc2[nH]c3ccccc3c2CCC(=O)Nc2ccccc2)[nH]c2ccccc12)Nc1ccccc1,IC50,25000.0,nM,=,CHEMBL673450,CHEMBL203,4.60
CHEMBL542887,C=C(CN(C)C)C(=O)c1ccc(OCc2ccccc2)c(O)c1.Cl,IC50,670.0,nM,=,CHEMBL677209,CHEMBL203,6.17
CHEMBL552634,C=C(CN(C)C)C(=O)c1ccc(OS(=O)(=O)c2ccc(C(=O)N(C)C)cc2)cc1.Cl,IC50,700.0,nM,=,CHEMBL677209,CHEMBL203,6.16
CHEMBL267004,Oc1[nH]cnc2nc3ccccc3c1-2,IC50,,nM,,CHEMBL843058,CHEMBL203,
CHEMBL154911,O=C(CCC1C(S)=Nc2ccccc21)NCc1ccccc1,IC50,100000.0,nM,=,CHEMBL673450,CHEMBL203,4.00
CHEMBL157304,N#CCCc1c(SSc2[nH]c3ccccc3c2CCC#N)[nH]c2ccccc12,IC50,47000.0,nM,=,CHEMBL673450,CHEMBL203,4.33
CHEMBL157021,NC(=O)CCc1c(SSc2[nH]c3ccccc3c2CCC(N)=O)[nH]c2ccccc12,IC50,16000.0,nM,=,CHEMBL673450,CHEMBL203,4.80
CHEMBL552860,CN(C)CCC(=O)c1ccc(OCc2ccccc2)c(O)c1.Cl,IC50,360.0,nM,=,CHEMBL677209,CHEMBL203,6.44
CHEMBL79808,COC(=O)CCc1c(SSc2[nH]c3ccccc3c2CCC(=O)OC)[nH]c2ccccc12,IC50,21000.0,nM,=,CHEMBL673450,CHEMBL203,4.68
CHEMBL310580,C=C(CN(C)C)C(=O)c1ccc(OS(=O)(=O)c2ccc(C(=O)O)c(O)c2)cc1,IC50,470.0,nM,=,CHEMBL677209,CHEMBL203,6.33
CHEMBL154822,COC(=O)c1ccc(CNC(=O)CCc2c(SSc3[nH]c4ccccc4c3CCC(=O)NCc3ccc(C(=O)OC)c(O)c3)[nH]c3ccccc23)cc1O,IC50,100000.0,nM,=,CHEMBL673450,CHEMBL203,4.00
CHEMBL6976,COc1cc2c(cc1OC)Nc1ncn(C)c(=O)c1C2,IC50,160000.0,nM,=,CHEMBL843057,CHEMBL203,
CHEMBL329622,COc1ccc2cc(-c3ccncc3)cnc2c1,IC50,,nM,,CHEMBL676155,CHEMBL203,
CHEMBL144791,N#C/C(=C\c1cc(O)c(O)c(Br)c1)S(=O)(=O)/C(C#N)=C/c1cc(O)c(O)c(Br)c1,IC50,850.0,nM,=,CHEMBL677831,CHEMBL203,6.07
CHEMBL144791,N#C/C(=C\c1cc(O)c(O)c(Br)c1)S(=O)(=O)/C(C#N)=C/c1cc(O)c(O)c(Br)c1,IC50,1400.0,nM,=,CHEMBL679672,CHEMBL203,5.85
CHEMBL144791,N#C/C(=C\c1cc(O)c(O)c(Br)c1)S(=O)(=O)/C(C#N)=C/c1cc(O)c(O)c(Br)c1,IC50,11000.0,nM,=,CHEMBL689298,CHEMBL203,4.96
CHEMBL279138,N#C/C(=C\c1ccc(O)c(O)c1)C(=O)NCCCCCCCCNC(=O)/C(C#N)=C/c1ccc(O)c(O)c1,IC50,2200.0,nM,=,CHEMBL677831,CHEMBL203,5.66
CHEMBL279138,N#C/C(=C\c1ccc(O)c(O)c1)C(=O)NCCCCCCCCNC(=O)/C(C#N)=C/c1ccc(O)c(O)c1,IC50,21000.0,nM,=,CHEMBL679672,CHEMBL203,4.68
CHEMBL279138,N#C/C(=C\c1ccc(O)c(O)c1)C(=O)NCCCCCCCCNC(=O)/C(C#N)=C/c1ccc(O)c(O)c1,IC50,24000.0,nM,=,CHEMBL689298,CHEMBL203,4.62
CHEMBL67535,N#C/C(=C\c1ccc(O)c(O)c1)C(=O)NCCCNC(=O)/C(C#N)=C/c1ccc(O)c(O)c1,IC50,400.0,nM,=,CHEMBL677831,CHEMBL203,6.40
CHEMBL67535,N#C/C(=C\c1ccc(O)c(O)c1)C(=O)NCCCNC(=O)/C(C#N)=C/c1ccc(O)c(O)c1,IC50,3300.0,nM,=,CHEMBL679672,CHEMBL203,5.48
CHEMBL67535,N#C/C(=C\c1ccc(O)c(O)c1)C(=O)NCCCNC(=O)/C(C#N)=C/c1ccc(O)c(O)c1,IC50,3000.0,nM,=,CHEMBL689298,CHEMBL203,5.52
CHEMBL144632,N#C/C(=C\c1cc(O)c(O)c([N+](=O)[O-])c1)C(=O)NCCCNC(=O)/C(C#N)=C/c1cc(O)c(O)c([N+](=O)[O-])c1,IC50,,nM,,CHEMBL677831,CHEMBL203,
CHEMBL144632,N#C/C(=C\c1cc(O)c(O)c([N+](=O)[O-])c1)C(=O)NCCCNC(=O)/C(C#N)=C/c1cc(O)c(O)c([N+](=O)[O-])c1,IC50,100000.0,nM,>,CHEMBL679672,CHEMBL203,
CHEMBL144632,N#C/C(=C\c1cc(O)c(O)c([N+](=O)[O-])c1)C(=O)NCCCNC(=O)/C(C#N)=C/c1cc(O)c(O)c([N+](=O)[O-])c1,IC50,35000.0,nM,=,CHEMBL689298,CHEMBL203,4.46
CHEMBL59150,N#CC(C#N)=C(N)/C(C#N)=C/c1ccc2[nH]ccc2c1,IC50,820000.0,nM,=,CHEMBL677831,CHEMBL203,
CHEMBL144770,N#C/C(=C\c1cc(O)c(O)c(Br)c1)C(=O)NCCCNC(=O)/C(C#N)=C/c1cc(O)c(O)c(Br)c1,IC50,340.0,nM,=,CHEMBL677831,CHEMBL203,6.47
CHEMBL144770,N#C/C(=C\c1cc(O)c(O)c(Br)c1)C(=O)NCCCNC(=O)/C(C#N)=C/c1cc(O)c(O)c(Br)c1,IC50,3900.0,nM,=,CHEMBL679672,CHEMBL203,5.41
CHEMBL144770,N#C/C(=C\c1cc(O)c(O)c(Br)c1)C(=O)NCCCNC(=O)/C(C#N)=C/c1cc(O)c(O)c(Br)c1,IC50,7300.0,nM,=,CHEMBL689298,CHEMBL203,5.14
CHEMBL144159,N#C/C(=C\c1ccc(O)c(O)c1)C(=O)NCc1cccc(CNC(=O)/C(C#N)=C/c2ccc(O)c(O)c2)c1,IC50,1600.0,nM,=,CHEMBL677831,CHEMBL203,5.80
CHEMBL144159,N#C/C(=C\c1ccc(O)c(O)c1)C(=O)NCc1cccc(CNC(=O)/C(C#N)=C/c2ccc(O)c(O)c2)c1,IC50,10300.0,nM,=,CHEMBL679672,CHEMBL203,4.99
CHEMBL144159,N#C/C(=C\c1ccc(O)c(O)c1)C(=O)NCc1cccc(CNC(=O)/C(C#N)=C/c2ccc(O)c(O)c2)c1,IC50,6000.0,nM,=,CHEMBL689298,CHEMBL203,5.22
CHEMBL144760,N#C/C(=C\c1ccc(O)c(O)c1)C(=O)NCCCCCCNC(=O)/C(C#N)=C/c1ccc(O)c(O)c1,IC50,700.0,nM,=,CHEMBL677831,CHEMBL203,6.16
CHEMBL144760,N#C/C(=C\c1ccc(O)c(O)c1)C(=O)NCCCCCCNC(=O)/C(C#N)=C/c1ccc(O)c(O)c1,IC50,11000.0,nM,=,CHEMBL679672,CHEMBL203,4.96
CHEMBL144760,N#C/C(=C\c1ccc(O)c(O)c1)C(=O)NCCCCCCNC(=O)/C(C#N)=C/c1ccc(O)c(O)c1,IC50,5000.0,nM,=,CHEMBL689298,CHEMBL203,5.30
CHEMBL30432,CN(C)c1cc2c(Nc3ccc4c(cnn4Cc4ccccc4)c3)ncnc2cn1,IC50,1.0,nM,=,CHEMBL675238,CHEMBL203,9.00
CHEMBL30432,CN(C)c1cc2c(Nc3ccc4c(cnn4Cc4ccccc4)c3)ncnc2cn1,IC50,210.0,nM,=,CHEMBL690548,CHEMBL203,6.68
CHEMBL87084,Oc1cc2cc(-c3ccncc3)cnc2cc1O,IC50,5000.0,nM,=,CHEMBL676154,CHEMBL203,5.30
CHEMBL313235,COc1ccc2ncc(-c3ccncc3)c(C)c2c1,IC50,,nM,,CHEMBL676155,CHEMBL203,
CHEMBL144589,N#C/C(=C\c1ccc(O)c(O)c1)C(=O)NCCCCNC(=O)/C(C#N)=C/c1ccc(O)c(O)c1,IC50,600.0,nM,=,CHEMBL677831,CHEMBL203,6.22
CHEMBL144589,N#C/C(=C\c1ccc(O)c(O)c1)C(=O)NCCCCNC(=O)/C(C#N)=C/c1ccc(O)c(O)c1,IC50,4300.0,nM,=,CHEMBL679672,CHEMBL203,5.37
CHEMBL144589,N#C/C(=C\c1ccc(O)c(O)c1)C(=O)NCCCCNC(=O)/C(C#N)=C/c1ccc(O)c(O)c1,IC50,5000.0,nM,=,CHEMBL689298,CHEMBL203,5.30
CHEMBL296407,N#C/C(=C\c1ccc(O)c(O)c1)C(N)=O,IC50,10000.0,nM,=,CHEMBL677831,CHEMBL203,5.00
CHEMBL296407,N#C/C(=C\c1ccc(O)c(O)c1)C(N)=O,IC50,4500.0,nM,=,CHEMBL679672,CHEMBL203,5.35
CHEMBL56393,N#C/C(=C\c1ccc(O)c(O)c1)C(=O)c1ccc(O)c(O)c1,IC50,370.0,nM,=,CHEMBL677831,CHEMBL203,6.43
CHEMBL56393,N#C/C(=C\c1ccc(O)c(O)c1)C(=O)c1ccc(O)c(O)c1,IC50,5000.0,nM,=,CHEMBL679672,CHEMBL203,5.30
CHEMBL424302,N#C/C(=C\c1ccc(O)c(O)c1)C(=O)NCCCCCCCCCCNC(=O)/C(C#N)=C/c1ccc(O)c(O)c1,IC50,1300.0,nM,=,CHEMBL677831,CHEMBL203,5.89
CHEMBL424302,N#C/C(=C\c1ccc(O)c(O)c1)C(=O)NCCCCCCCCCCNC(=O)/C(C#N)=C/c1ccc(O)c(O)c1,IC50,100000.0,nM,>,CHEMBL679672,CHEMBL203,
CHEMBL424302,N#C/C(=C\c1ccc(O)c(O)c1)C(=O)NCCCCCCCCCCNC(=O)/C(C#N)=C/c1ccc(O)c(O)c1,IC50,25000.0,nM,=,CHEMBL689298,CHEMBL203,4.60
CHEMBL356324,N#C/C(=C\c1ccc(O)c(O)c1)S(=O)(=O)/C(C#N)=C/c1ccc(O)c(O)c1,IC50,380.0,nM,=,CHEMBL677831,CHEMBL203,6.42
CHEMBL356324,N#C/C(=C\c1ccc(O)c(O)c1)S(=O)(=O)/C(C#N)=C/c1ccc(O)c(O)c1,IC50,12000.0,nM,=,CHEMBL679672,CHEMBL203,4.92
CHEMBL356324,N#C/C(=C\c1ccc(O)c(O)c1)S(=O)(=O)/C(C#N)=C/c1ccc(O)c(O)c1,IC50,2000.0,nM,=,CHEMBL689298,CHEMBL203,5.70
CHEMBL358494,N#C/C(=C\c1ccc(O)c(O)c1)C(=O)N1CCN(C(=O)/C(C#N)=C/c2ccc(O)c(O)c2)CC1,IC50,4000.0,nM,=,CHEMBL677831,CHEMBL203,5.40
CHEMBL358494,N#C/C(=C\c1ccc(O)c(O)c1)C(=O)N1CCN(C(=O)/C(C#N)=C/c2ccc(O)c(O)c2)CC1,IC50,25000.0,nM,=,CHEMBL679672,CHEMBL203,4.60
CHEMBL358494,N#C/C(=C\c1ccc(O)c(O)c1)C(=O)N1CCN(C(=O)/C(C#N)=C/c2ccc(O)c(O)c2)CC1,IC50,10000.0,nM,=,CHEMBL689298,CHEMBL203,5.00
CHEMBL147880,N#C/C(=C\c1ccc(O)c(O)c1)C(=O)NC1CCC(CC2CCC(NC(=O)/C(C#N)=C/c3ccc(O)c(O)c3)CC2)CC1,IC50,,nM,,CHEMBL677831,CHEMBL203,
CHEMBL147880,N#C/C(=C\c1ccc(O)c(O)c1)C(=O)NC1CCC(CC2CCC(NC(=O)/C(C#N)=C/c3ccc(O)c(O)c3)CC2)CC1,IC50,83000.0,nM,>,CHEMBL679672,CHEMBL203,
CHEMBL147880,N#C/C(=C\c1ccc(O)c(O)c1)C(=O)NC1CCC(CC2CCC(NC(=O)/C(C#N)=C/c3ccc(O)c(O)c3)CC2)CC1,IC50,20300.0,nM,=,CHEMBL689298,CHEMBL203,4.69
CHEMBL144402,N#C/C(=C\c1ccc(O)c(O)c1)C(=O)NCCCN1CCN(CCCNC(=O)/C(C#N)=C/c2ccc(O)c(O)c2)CC1,IC50,,nM,,CHEMBL677831,CHEMBL203,
CHEMBL144402,N#C/C(=C\c1ccc(O)c(O)c1)C(=O)NCCCN1CCN(CCCNC(=O)/C(C#N)=C/c2ccc(O)c(O)c2)CC1,IC50,167000.0,nM,>,CHEMBL679672,CHEMBL203,
CHEMBL144402,N#C/C(=C\c1ccc(O)c(O)c1)C(=O)NCCCN1CCN(CCCNC(=O)/C(C#N)=C/c2ccc(O)c(O)c2)CC1,IC50,7000.0,nM,=,CHEMBL689298,CHEMBL203,5.16
CHEMBL145266,COc1cc(/C=C(\C#N)C(=O)NCCCCNC(=O)/C(C#N)=C/c2cc(OC)c(O)c([N+](=O)[O-])c2)cc([N+](=O)[O-])c1O,IC50,112000.0,nM,=,CHEMBL677831,CHEMBL203,
CHEMBL145266,COc1cc(/C=C(\C#N)C(=O)NCCCCNC(=O)/C(C#N)=C/c2cc(OC)c(O)c([N+](=O)[O-])c2)cc([N+](=O)[O-])c1O,IC50,19000.0,nM,=,CHEMBL679672,CHEMBL203,4.72
CHEMBL145266,COc1cc(/C=C(\C#N)C(=O)NCCCCNC(=O)/C(C#N)=C/c2cc(OC)c(O)c([N+](=O)[O-])c2)cc([N+](=O)[O-])c1O,IC50,80000.0,nM,>,CHEMBL689298,CHEMBL203,
CHEMBL352308,COc1cc2c(Oc3ccc(Nc4ccc(C(C)(C)C)cc4)cc3)ccnc2cc1OCCNCCO,IC50,10000.0,nM,>,CHEMBL674028,CHEMBL203,
CHEMBL352308,COc1cc2c(Oc3ccc(Nc4ccc(C(C)(C)C)cc4)cc3)ccnc2cc1OCCNCCO,Activity,,,,CHEMBL674027,CHEMBL203,
CHEMBL89550,c1ccc2ncc(-c3ccncc3)cc2c1,IC50,,nM,,CHEMBL676155,CHEMBL203,
CHEMBL89115,COc1ccc2c(C)c(-c3ccncc3)cnc2c1,IC50,,nM,,CHEMBL676155,CHEMBL203,
CHEMBL357400,COc1cc(/C=C(\C#N)C(=O)NCCCCNC(=O)/C(C#N)=C/c2cc(Br)c(O)c(OC)c2)cc(Br)c1O,IC50,,nM,,CHEMBL677831,CHEMBL203,
CHEMBL357400,COc1cc(/C=C(\C#N)C(=O)NCCCCNC(=O)/C(C#N)=C/c2cc(Br)c(O)c(OC)c2)cc(Br)c1O,IC50,102000.0,nM,=,CHEMBL679672,CHEMBL203,
CHEMBL357400,COc1cc(/C=C(\C#N)C(=O)NCCCCNC(=O)/C(C#N)=C/c2cc(Br)c(O)c(OC)c2)cc(Br)c1O,IC50,3000.0,nM,=,CHEMBL689298,CHEMBL203,5.52
CHEMBL358746,N#C/C(=C\c1cc(O)c(O)c(O)c1)C(=O)NCCCCNC(=O)/C(C#N)=C/c1cc(O)c(O)c(O)c1,IC50,600.0,nM,=,CHEMBL677831,CHEMBL203,6.22
CHEMBL358746,N#C/C(=C\c1cc(O)c(O)c(O)c1)C(=O)NCCCCNC(=O)/C(C#N)=C/c1cc(O)c(O)c(O)c1,IC50,21000.0,nM,=,CHEMBL679672,CHEMBL203,4.68
CHEMBL358746,N#C/C(=C\c1cc(O)c(O)c(O)c1)C(=O)NCCCCNC(=O)/C(C#N)=C/c1cc(O)c(O)c(O)c1,IC50,5000.0,nM,=,CHEMBL689298,CHEMBL203,5.30
CHEMBL90780,COc1ccc2ncc(-c3ccncc3)cc2c1,IC50,,nM,,CHEMBL676155,CHEMBL203,
CHEMBL86664,Clc1ccc2cc(-c3ccncc3)cnc2c1,IC50,10000.0,nM,>,CHEMBL676154,CHEMBL203,
CHEMBL144778,N#C/C(=C\c1ccc(O)c(O)c1)C(=O)NC1CCCC[C@@H]1NC(=O)/C(C#N)=C/c1ccc(O)c(O)c1,IC50,2100.0,nM,=,CHEMBL677831,CHEMBL203,5.68
CHEMBL144778,N#C/C(=C\c1ccc(O)c(O)c1)C(=O)NC1CCCC[C@@H]1NC(=O)/C(C#N)=C/c1ccc(O)c(O)c1,IC50,13500.0,nM,=,CHEMBL679672,CHEMBL203,4.87
CHEMBL144778,N#C/C(=C\c1ccc(O)c(O)c1)C(=O)NC1CCCC[C@@H]1NC(=O)/C(C#N)=C/c1ccc(O)c(O)c1,IC50,4000.0,nM,=,CHEMBL689298,CHEMBL203,5.40
CHEMBL144908,N#C/C(=C\c1ccc(O)c(O)c1)C(=O)NCCNC(=O)/C(C#N)=C/c1ccc(O)c(O)c1,IC50,500.0,nM,=,CHEMBL677831,CHEMBL203,6.30
CHEMBL144908,N#C/C(=C\c1ccc(O)c(O)c1)C(=O)NCCNC(=O)/C(C#N)=C/c1ccc(O)c(O)c1,IC50,113000.0,nM,=,CHEMBL679672,CHEMBL203,
CHEMBL144908,N#C/C(=C\c1ccc(O)c(O)c1)C(=O)NCCNC(=O)/C(C#N)=C/c1ccc(O)c(O)c1,IC50,10000.0,nM,=,CHEMBL689298,CHEMBL203,5.00
CHEMBL342792,COc1cc(/C=C(\C#N)S(=O)(=O)/C(C#N)=C/c2cc(O)c(O)c(OC)c2)cc(O)c1O,IC50,940.0,nM,=,CHEMBL677831,CHEMBL203,6.03
CHEMBL342792,COc1cc(/C=C(\C#N)S(=O)(=O)/C(C#N)=C/c2cc(O)c(O)c(OC)c2)cc(O)c1O,IC50,75000.0,nM,>,CHEMBL679672,CHEMBL203,
CHEMBL342792,COc1cc(/C=C(\C#N)S(=O)(=O)/C(C#N)=C/c2cc(O)c(O)c(OC)c2)cc(O)c1O,IC50,4000.0,nM,=,CHEMBL689298,CHEMBL203,5.40
CHEMBL76904,N#CC(C#N)=Cc1ccc(O)c(O)c1,IC50,35000.0,nM,=,CHEMBL677831,CHEMBL203,4.46
CHEMBL76904,N#CC(C#N)=Cc1ccc(O)c(O)c1,IC50,,nM,,CHEMBL679673,CHEMBL203,
CHEMBL68423,COc1cc(OC)c2cc(-c3ccncc3)cnc2c1,IC50,10000.0,nM,>,CHEMBL676154,CHEMBL203,
CHEMBL86717,COc1cc2ncc(-c3ccncc3)cc2c(OC)c1OC,IC50,,nM,,CHEMBL676155,CHEMBL203,
CHEMBL87083,Oc1cc(O)c2cc(-c3ccncc3)cnc2c1,IC50,,nM,,CHEMBL676155,CHEMBL203,
CHEMBL144842,N#C/C(=C\c1ccc(O)c(O)c1)C(=O)NCCCCCNC(=O)/C(C#N)=C/c1ccc(O)c(O)c1,IC50,700.0,nM,=,CHEMBL677831,CHEMBL203,6.16
CHEMBL144842,N#C/C(=C\c1ccc(O)c(O)c1)C(=O)NCCCCCNC(=O)/C(C#N)=C/c1ccc(O)c(O)c1,IC50,20000.0,nM,=,CHEMBL679672,CHEMBL203,4.70
CHEMBL144842,N#C/C(=C\c1ccc(O)c(O)c1)C(=O)NCCCCCNC(=O)/C(C#N)=C/c1ccc(O)c(O)c1,IC50,9000.0,nM,=,CHEMBL689298,CHEMBL203,5.05
CHEMBL280069,COc1cc2cc(-c3ccncc3)cnc2cc1OC,IC50,10000.0,nM,>,CHEMBL676154,CHEMBL203,
CHEMBL143108,N#C/C(=C\c1ccc2[nH]ccc2c1)C(=O)NCCCNC(=O)/C(C#N)=C/c1ccc2[nH]ccc2c1,IC50,100000.0,nM,>,CHEMBL677831,CHEMBL203,
CHEMBL143108,N#C/C(=C\c1ccc2[nH]ccc2c1)C(=O)NCCCNC(=O)/C(C#N)=C/c1ccc2[nH]ccc2c1,IC50,100000.0,nM,>,CHEMBL679672,CHEMBL203,
CHEMBL143108,N#C/C(=C\c1ccc2[nH]ccc2c1)C(=O)NCCCNC(=O)/C(C#N)=C/c1ccc2[nH]ccc2c1,IC50,100000.0,nM,>,CHEMBL689298,CHEMBL203,
CHEMBL343887,N#C/C(=C\c1ccc(O)c(O)c1)C(=O)NCCN1CCN(C(=O)/C(C#N)=C/c2ccc(O)c(O)c2)CC1,IC50,2200.0,nM,=,CHEMBL677831,CHEMBL203,5.66
CHEMBL343887,N#C/C(=C\c1ccc(O)c(O)c1)C(=O)NCCN1CCN(C(=O)/C(C#N)=C/c2ccc(O)c(O)c2)CC1,IC50,10000.0,nM,=,CHEMBL679672,CHEMBL203,5.00
CHEMBL343887,N#C/C(=C\c1ccc(O)c(O)c1)C(=O)NCCN1CCN(C(=O)/C(C#N)=C/c2ccc(O)c(O)c2)CC1,IC50,6200.0,nM,=,CHEMBL689298,CHEMBL203,5.21
CHEMBL357161,N#C/C(=C\c1ccc(O)c(O)c1)C(=O)NCC1CCCC(CNC(=O)/C(C#N)=C/c2ccc(O)c(O)c2)C1,IC50,1800.0,nM,=,CHEMBL677831,CHEMBL203,5.75
CHEMBL357161,N#C/C(=C\c1ccc(O)c(O)c1)C(=O)NCC1CCCC(CNC(=O)/C(C#N)=C/c2ccc(O)c(O)c2)C1,IC50,100000.0,nM,>,CHEMBL679672,CHEMBL203,
CHEMBL357161,N#C/C(=C\c1ccc(O)c(O)c1)C(=O)NCC1CCCC(CNC(=O)/C(C#N)=C/c2ccc(O)c(O)c2)C1,IC50,12500.0,nM,=,CHEMBL856172,CHEMBL203,4.90
CHEMBL314811,Oc1ccc2cc(-c3ccncc3)cnc2c1,IC50,,nM,,CHEMBL676155,CHEMBL203,
CHEMBL145209,N#C/C(=C\c1ccc(O)c(O)c1)C(=O)NCN1CCN(C(=O)/C(C#N)=C/c2ccc(O)c(O)c2)CC1,IC50,,nM,,CHEMBL677831,CHEMBL203,
CHEMBL145209,N#C/C(=C\c1ccc(O)c(O)c1)C(=O)NCN1CCN(C(=O)/C(C#N)=C/c2ccc(O)c(O)c2)CC1,IC50,83000.0,nM,>,CHEMBL679672,CHEMBL203,
CHEMBL145209,N#C/C(=C\c1ccc(O)c(O)c1)C(=O)NCN1CCN(C(=O)/C(C#N)=C/c2ccc(O)c(O)c2)CC1,IC50,5800.0,nM,=,CHEMBL689298,CHEMBL203,5.24
CHEMBL421329,CCCNC(=O)c1cc2ncnc(Nc3ccc4[nH]ccc4c3)c2s1,IC50,,nM,,CHEMBL674691,CHEMBL203,
CHEMBL76432,c1ccc(-c2cc3ncnc(Nc4ccc5[nH]ccc5c4)c3s2)cc1,IC50,68.0,nM,=,CHEMBL674107,CHEMBL203,7.17
CHEMBL312818,c1ccc(CCCN(c2cc3ncnc(Nc4ccc5[nH]ccc5c4)c3s2)n2ccnc2)cc1,IC50,5.0,nM,=,CHEMBL674107,CHEMBL203,8.30
CHEMBL311111,Cc1cc2cc(Nc3ccnc4cc(-c5ccc(CN6CCOCC6)cc5)sc34)ccc2[nH]1,IC50,1250.0,nM,=,CHEMBL674107,CHEMBL203,5.90
CHEMBL53898,N#C/C(=C\c1ccc(O)c(O)c1)C(=O)NCCCc1ccccc1,IC50,700.0,nM,=,CHEMBL674104,CHEMBL203,6.16
CHEMBL98934,COC1=CC(=O)C=C(/C=C2\CCCC3CCCCC23)C1=O,IC50,100000.0,nM,>,CHEMBL674103,CHEMBL203,
CHEMBL80540,c1cc(Nc2ccc3[nH]ccc3c2)c2sc(-c3ccc(CNCCN4CCNCC4)cc3)cc2n1,IC50,3.0,nM,=,CHEMBL674107,CHEMBL203,8.52
CHEMBL330608,CC1=CCC[C@H]2[C@](C)(CC3=C(O)C(O)=C/C(=N\[C@@H](CO)C(=O)O)C3=O)[C@H](C)CC[C@]12C,NI,,,,CHEMBL674710,CHEMBL203,
CHEMBL312753,OCc1ccc(-c2cc3ncnc(Nc4ccc5[nH]ccc5c4)c3s2)cc1,IC50,1.0,nM,=,CHEMBL674107,CHEMBL203,9.00
CHEMBL80809,CC(=O)NCCNCc1ccc(-c2cc3ncnc(Nc4ccc5[nH]ccc5c4)c3s2)cc1,IC50,5.0,nM,=,CHEMBL674107,CHEMBL203,8.30
CHEMBL312678,CNc1ccc(Nc2ncnc3cc(-c4ccccc4)sc23)cc1,IC50,,nM,,CHEMBL674691,CHEMBL203,
CHEMBL311108,Nc1ncnc2cc(-c3ccccc3)sc12,IC50,,nM,,CHEMBL674691,CHEMBL203,
CHEMBL312818,c1ccc(CCCN(c2cc3ncnc(Nc4ccc5[nH]ccc5c4)c3s2)n2ccnc2)cc1,IC50,1.0,nM,=,CHEMBL674107,CHEMBL203,9.00
CHEMBL310740,OCCNCc1ccc(-c2cc3nccc(Nc4ccc5[nH]ccc5c4)c3s2)cc1,IC50,2.0,nM,=,CHEMBL674107,CHEMBL203,8.70
CHEMBL310724,c1ccc(Nc2ccc(Nc3ncnc4cc(-c5ccccc5)sc34)cc2)cc1,IC50,,nM,,CHEMBL674691,CHEMBL203,
CHEMBL308498,CC(C)(CO)NCc1ccc(-c2cc3ncnc(Nc4ccc5[nH]ccc5c4)c3s2)cc1,IC50,1.0,nM,=,CHEMBL674107,CHEMBL203,9.00
CHEMBL78018,NCc1ccc(-c2cc3ncnc(Nc4ccc5[nH]ccc5c4)c3s2)cc1,IC50,4.0,nM,=,CHEMBL674107,CHEMBL203,8.40
CHEMBL327725,CC(O)C(/N=C1/C=C(O)/C(=N\C(C(=O)O)C(C)O)C=C1O)C(=O)O,IC50,44000.0,nM,=,CHEMBL674103,CHEMBL203,4.36
CHEMBL421326,OCCOCCNCc1ccc(-c2cc3nccc(Nc4ccc5[nH]ccc5c4)c3s2)cc1,IC50,4.0,nM,=,CHEMBL674107,CHEMBL203,8.40
CHEMBL79060,Cc1cc2cc(Nc3ccnc4cc(-c5ccc(CNCCN6CCNCC6)cc5)sc34)ccc2[nH]1,IC50,250.0,nM,=,CHEMBL674107,CHEMBL203,6.60
CHEMBL440298,N#C/C(=C\c1ccc(O)c(O)c1)C(=O)NCCCCc1ccccc1,IC50,5000.0,nM,=,CHEMBL674104,CHEMBL203,5.30
CHEMBL56731,N#C/C(=C\c1ccc(O)c(O)c1)C(=O)Nc1ccccc1,IC50,1250.0,nM,=,CHEMBL674104,CHEMBL203,5.90
CHEMBL56543,N#C/C(=C\c1ccc(O)c(O)c1)C(=O)NCc1ccccc1,IC50,100.0,nM,=,CHEMBL674104,CHEMBL203,7.00
CHEMBL430845,COC1=CC(=O)C=CC1=O,NI,,,,CHEMBL674710,CHEMBL203,
CHEMBL79206,CN(CCO)Cc1ccc(-c2cc3nccc(Nc4ccc5[nH]ccc5c4)c3s2)cc1,IC50,3.0,nM,=,CHEMBL674107,CHEMBL203,8.52
CHEMBL76751,c1csc(-c2cc3ncnc(Nc4ccc5[nH]ccc5c4)c3s2)c1,IC50,1.0,nM,=,CHEMBL674107,CHEMBL203,9.00
CHEMBL311109,NC(=O)C1CCN(Cc2ccc(-c3cc4ncnc(Nc5ccc6[nH]ccc6c5)c4s3)cc2)CC1,IC50,7.0,nM,=,CHEMBL674107,CHEMBL203,8.15
CHEMBL47660,N#C/C(=C\c1cc(O)ccc1O)C(N)=O,IC50,10000.0,nM,=,CHEMBL674699,CHEMBL203,5.00
CHEMBL47660,N#C/C(=C\c1cc(O)ccc1O)C(N)=O,Inhibition,60.0,%,=,CHEMBL674706,CHEMBL203,
CHEMBL312482,c1cc(Nc2ccc3[nH]ccc3c2)c2sc(-c3ccc(CN4CCOCC4)cc3)cc2n1,IC50,30.0,nM,=,CHEMBL674107,CHEMBL203,7.52
CHEMBL296407,N#C/C(=C\c1ccc(O)c(O)c1)C(N)=O,IC50,4000.0,nM,=,CHEMBL674699,CHEMBL203,5.40
CHEMBL79215,c1ccc(NCCN(c2cc3ncnc(Nc4ccc5[nH]ccc5c4)c3s2)n2cccc2)cc1,IC50,1.0,nM,=,CHEMBL674107,CHEMBL203,9.00
CHEMBL431977,NC(=O)C1CCN(Cc2ccc(-c3cc4nccc(Nc5ccc6[nH]ccc6c5)c4s3)cc2)CC1,IC50,1.0,nM,=,CHEMBL674107,CHEMBL203,9.00
CHEMBL47986,O=CN/C=C/c1cc(O)ccc1O,IC50,3000.0,nM,=,CHEMBL674699,CHEMBL203,5.52
CHEMBL47986,O=CN/C=C/c1cc(O)ccc1O,Inhibition,90.0,%,=,CHEMBL674706,CHEMBL203,
CHEMBL81712,O=C(c1ccccc1)c1cc2ncnc(Nc3ccc4[nH]ccc4c3)c2s1,IC50,9.0,nM,=,CHEMBL674107,CHEMBL203,8.05
CHEMBL310853,c1csc(-c2cc3nccc(Nc4ccc5[nH]ccc5c4)c3s2)c1,IC50,1.0,nM,=,CHEMBL674107,CHEMBL203,9.00
CHEMBL293749,N#C/C(=C\c1ccc(O)c(O)c1)C(=O)NCCc1ccccc1,IC50,625.0,nM,<,CHEMBL674104,CHEMBL203,
CHEMBL80302,Cc1cc2cc(Nc3ncnc4cc(-c5ccccc5)sc34)ccc2[nH]1,IC50,100.0,nM,=,CHEMBL674107,CHEMBL203,7.00
CHEMBL310827,Cc1c[nH]c2ccc(Nc3ncnc4cc(-c5ccccc5)sc34)cc12,IC50,5.0,nM,=,CHEMBL674107,CHEMBL203,8.30
CHEMBL81375,Cc1cc2cc(Nc3ccnc4cc(-c5ccc(CN(C)CCO)cc5)sc34)ccc2[nH]1,IC50,140.0,nM,=,CHEMBL674107,CHEMBL203,6.85
CHEMBL77342,Cc1cc2cc(Nc3ccnc4cc(-c5ccc(CNCCOCCO)cc5)sc34)ccc2[nH]1,IC50,657.0,nM,=,CHEMBL674107,CHEMBL203,6.18
CHEMBL442388,CC(O)C(/N=C1\C(O)=CC(=O)C(O)=C1CC1CCCC2CCCCC21)C(=O)O,IC50,100000.0,nM,>,CHEMBL674103,CHEMBL203,
CHEMBL309833,O/C(=C/c1cc2ncnc(Nc3ccc4[nH]ccc4c3)c2s1)c1ccccc1,IC50,,nM,,CHEMBL674691,CHEMBL203,
CHEMBL308498,CC(C)(CO)NCc1ccc(-c2cc3ncnc(Nc4ccc5[nH]ccc5c4)c3s2)cc1,IC50,8.0,nM,=,CHEMBL674107,CHEMBL203,8.10
CHEMBL319347,COC1=CC(=O)C(N[C@@H](CO)C(=O)O)=CC1=O,NI,,,,CHEMBL674710,CHEMBL203,
CHEMBL78982,c1ccc(-c2cc3ncnc(Nc4ccc5[nH]nnc5c4)c3s2)cc1,IC50,,nM,,CHEMBL674691,CHEMBL203,
CHEMBL77782,CN(C)CCc1ccc(-c2cc3ncnc(Nc4ccc5[nH]ccc5c4)c3s2)cc1,IC50,5.0,nM,=,CHEMBL674107,CHEMBL203,8.30
CHEMBL78700,Cc1cc2cc(Nc3ccnc4cc(-c5ccc(CNCCCO)cc5)sc34)ccc2[nH]1,IC50,500.0,nM,=,CHEMBL674107,CHEMBL203,6.30
CHEMBL76432,c1ccc(-c2cc3ncnc(Nc4ccc5[nH]ccc5c4)c3s2)cc1,IC50,3.0,nM,=,CHEMBL674107,CHEMBL203,8.52
CHEMBL306732,CN(C)c1ccc(Nc2ncnc3cc(-c4ccccc4)sc23)cc1,IC50,94.0,nM,=,CHEMBL674107,CHEMBL203,7.03
CHEMBL418909,CC(=O)NCCNCc1ccc(-c2cc3nccc(Nc4ccc5[nH]ccc5c4)c3s2)cc1,IC50,2.0,nM,=,CHEMBL674107,CHEMBL203,8.70
CHEMBL78685,c1ccc(-c2cc3ncnc(Nc4ccc5[nH]ncc5c4)c3s2)cc1,IC50,1600.0,nM,=,CHEMBL674107,CHEMBL203,5.80
CHEMBL77452,OCCCNCc1ccc(-c2cc3nccc(Nc4ccc5[nH]ccc5c4)c3s2)cc1,IC50,9.0,nM,=,CHEMBL674107,CHEMBL203,8.05
CHEMBL78537,c1ccc(CNc2ncnc3cc(-c4ccccc4)sc23)cc1,IC50,,nM,,CHEMBL674691,CHEMBL203,
CHEMBL80990,Cn1ccc2cc(Nc3ncnc4cc(-c5ccccc5)sc34)ccc21,IC50,,nM,,CHEMBL674691,CHEMBL203,
CHEMBL46946,O=CN/C=C/c1ccc(O)c(O)c1,IC50,7000.0,nM,=,CHEMBL674699,CHEMBL203,5.16
CHEMBL99058,COC1=CC(=O)C=C(Cc2ccccc2)C1=O,NI,,,,CHEMBL674710,CHEMBL203,
CHEMBL442749,c1nc(Nc2ccc3[nH]ccc3c2)c2sccc2n1,IC50,600.0,nM,=,CHEMBL674107,CHEMBL203,6.22
CHEMBL311798,Brc1cc2ncnc(Nc3ccc4[nH]ccc4c3)c2s1,IC50,,nM,,CHEMBL674691,CHEMBL203,
CHEMBL80164,Cc1cc2cc(Nc3ccnc4cc(-c5ccc(CNCCO)cc5)sc34)ccc2[nH]1,IC50,1000.0,nM,=,CHEMBL674107,CHEMBL203,6.00
CHEMBL76751,c1csc(-c2cc3ncnc(Nc4ccc5[nH]ccc5c4)c3s2)c1,IC50,39.0,nM,=,CHEMBL674107,CHEMBL203,7.41
CHEMBL80734,NC(=O)c1ccc(Nc2ncnc3cc(-c4ccccc4)sc23)cc1,IC50,1000.0,nM,>,CHEMBL674107,CHEMBL203,
CHEMBL274654,Cc1[nH]c(/C=C2\C(=O)Nc3ccccc32)c(C)c1CCC(=O)O,IC50,20000.0,nM,>,CHEMBL677212,CHEMBL203,
CHEMBL174634,Cc1ccccc1-c1cn(-c2ccccc2)c2ncnc(N)c12,IC50,2650.0,nM,=,CHEMBL674015,CHEMBL203,5.58
CHEMBL429057,Nc1ncnc2c1c(-c1ccccc1)cn2-c1ccccc1CO,IC50,1100.0,nM,=,CHEMBL674015,CHEMBL203,5.96
CHEMBL268731,Cc1[nH]c(/C=C2\C(=O)Nc3ccc(F)cc32)c(C)c1C(=O)NCc1ccncc1,IC50,20000.0,nM,>,CHEMBL677212,CHEMBL203,
CHEMBL176702,Nc1ncnc2c1c(-c1ccccc1)cn2-c1cccc(CNCCO)c1,IC50,3400.0,nM,=,CHEMBL674015,CHEMBL203,5.47
CHEMBL176702,Nc1ncnc2c1c(-c1ccccc1)cn2-c1cccc(CNCCO)c1,IC50,,nM,,CHEMBL674013,CHEMBL203,
CHEMBL161956,CN(CCO)c1cc2c(Nc3cccc(Br)c3)ncnc2cn1,IC50,0.22,nM,=,CHEMBL674648,CHEMBL203,9.66
CHEMBL367442,Nc1ncnc2c1c(-c1ccccc1)cn2-c1ccc(CO)cc1,IC50,700.0,nM,=,CHEMBL674015,CHEMBL203,6.16
CHEMBL351629,CN(CC(=O)O)c1cc2c(Nc3cccc(Br)c3)ncnc2cn1,IC50,0.44,nM,=,CHEMBL674648,CHEMBL203,9.36
CHEMBL165731,Cc1cccc(Nc2ncnc3cnc(NCCN4CCOCC4)cc23)c1,IC50,1.5,nM,=,CHEMBL674648,CHEMBL203,8.82
CHEMBL165731,Cc1cccc(Nc2ncnc3cnc(NCCN4CCOCC4)cc23)c1,IC50,20.0,nM,=,CHEMBL621853,CHEMBL203,7.70
CHEMBL430155,Cc1[nH]c(/C=C2\C(=O)Nc3ccccc32)c(C)c1CCCN1CCN(C)CC1,IC50,20000.0,nM,>,CHEMBL677212,CHEMBL203,
CHEMBL13354,Cc1[nH]c(/C=C2\C(=O)Nc3ccc(F)cc32)c(C)c1C(=O)NCCN1CCOCC1,IC50,20000.0,nM,>,CHEMBL677212,CHEMBL203,
CHEMBL53711,CN(C)c1cc2c(Nc3cccc(Br)c3)ncnc2cn1,IC50,0.006,nM,=,CHEMBL674648,CHEMBL203,
CHEMBL53711,CN(C)c1cc2c(Nc3cccc(Br)c3)ncnc2cn1,IC50,21.0,nM,=,CHEMBL621853,CHEMBL203,7.68
CHEMBL165228,Cc1nc(Nc2cccc(Br)c2)c2cc(NCCN3CCOCC3)ncc2n1,IC50,117.0,nM,=,CHEMBL674648,CHEMBL203,6.93
CHEMBL173474,O=c1[nH]cnc2c1c(-c1ccccc1)cn2-c1ccccc1,IC50,,nM,,CHEMBL674016,CHEMBL203,
CHEMBL176705,COc1ccc(-c2cn(-c3ccccc3)c3ncnc(N)c23)cc1,IC50,350.0,nM,=,CHEMBL674015,CHEMBL203,6.46
CHEMBL176470,Nc1ncnc2c1c(-c1ccccc1)cn2-c1ccccc1CNCCO,IC50,6400.0,nM,=,CHEMBL674015,CHEMBL203,5.19
CHEMBL13485,CCN(CC)CCNC(=O)c1c(C)[nH]c(/C=C2\C(=O)Nc3ccc(Cl)cc32)c1C,IC50,20000.0,nM,>,CHEMBL677212,CHEMBL203,
CHEMBL166255,CN(CCO)CCNc1cc2c(Nc3cccc(Br)c3)ncnc2cn1,IC50,1.7,nM,=,CHEMBL674648,CHEMBL203,8.77
CHEMBL166255,CN(CCO)CCNc1cc2c(Nc3cccc(Br)c3)ncnc2cn1,IC50,27.0,nM,=,CHEMBL621853,CHEMBL203,7.57
CHEMBL165630,OCCN(CCO)CCNc1cc2c(Nc3cccc(Br)c3)ncnc2cn1,IC50,0.93,nM,=,CHEMBL674648,CHEMBL203,9.03
CHEMBL165630,OCCN(CCO)CCNc1cc2c(Nc3cccc(Br)c3)ncnc2cn1,IC50,71.0,nM,=,CHEMBL621853,CHEMBL203,7.15
CHEMBL176309,Nc1ncnc2c1c(-c1cccc(Cl)c1)cn2-c1ccccc1,IC50,700.0,nM,=,CHEMBL674015,CHEMBL203,6.16
CHEMBL276711,Cc1cc(C)c(/C=C2\C(=O)Nc3ccccc32)[nH]1,IC50,100000.0,nM,>,CHEMBL677212,CHEMBL203,
CHEMBL165495,Cc1cccc(Nc2ncnc3cnc(N)cc23)c1,IC50,3.1,nM,=,CHEMBL674648,CHEMBL203,8.51
CHEMBL267293,Cc1[nH]c(/C=C2\C(=O)Nc3ccc(F)cc32)c(C)c1C(=O)NCCn1cncn1,IC50,20000.0,nM,>,CHEMBL677212,CHEMBL203,
CHEMBL163369,OCCN(CCO)CCCNc1cc2c(Nc3cccc(Br)c3)ncnc2cn1,IC50,0.35,nM,=,CHEMBL674648,CHEMBL203,9.46
CHEMBL163369,OCCN(CCO)CCCNc1cc2c(Nc3cccc(Br)c3)ncnc2cn1,IC50,230.0,nM,=,CHEMBL621853,CHEMBL203,6.64
CHEMBL369014,CCOC(=O)c1ccc(-c2cn(-c3ccccc3)c3ncnc(N)c23)cc1,IC50,1300.0,nM,=,CHEMBL674015,CHEMBL203,5.89
CHEMBL53753,CNc1cc2c(Nc3cccc(Br)c3)ncnc2cn1,IC50,0.008,nM,=,CHEMBL676074,CHEMBL203,
CHEMBL53753,CNc1cc2c(Nc3cccc(Br)c3)ncnc2cn1,IC50,13.0,nM,=,CHEMBL621853,CHEMBL203,7.89
CHEMBL53753,CNc1cc2c(Nc3cccc(Br)c3)ncnc2cn1,IC50,13000.0,nM,=,CHEMBL621852,CHEMBL203,4.89
CHEMBL13629,CCN(CC)CCNC(=O)c1c(C)[nH]c(/C=C2\C(=O)Nc3ccc(Br)cc32)c1C,IC50,10000.0,nM,=,CHEMBL677212,CHEMBL203,5.00
CHEMBL13608,Cc1[nH]c(/C=C2\C(=O)Nc3ccc(F)cc32)c(C)c1C(=O)NCCN1CCCC1,IC50,20000.0,nM,>,CHEMBL677212,CHEMBL203,
CHEMBL166307,CN1CCN(NCCCNc2cc3c(Nc4cccc(Br)c4)ncnc3cn2)CC1,IC50,3.9,nM,=,CHEMBL674648,CHEMBL203,8.41
CHEMBL166307,CN1CCN(NCCCNc2cc3c(Nc4cccc(Br)c4)ncnc3cn2)CC1,IC50,8.9,nM,=,CHEMBL621853,CHEMBL203,8.05
CHEMBL162223,Brc1cccc(Nc2ncnc3cnc(NCCc4ccccn4)cc23)c1,IC50,1.2,nM,=,CHEMBL674648,CHEMBL203,8.92
CHEMBL162223,Brc1cccc(Nc2ncnc3cnc(NCCc4ccccn4)cc23)c1,IC50,8.1,nM,=,CHEMBL621853,CHEMBL203,8.09
CHEMBL172973,COc1cccc(-c2cn(-c3ccccc3)c3ncnc(N)c23)c1,IC50,500.0,nM,=,CHEMBL674015,CHEMBL203,6.30
CHEMBL172973,COc1cccc(-c2cn(-c3ccccc3)c3ncnc(N)c23)c1,IC50,10000.0,nM,>,CHEMBL674012,CHEMBL203,
CHEMBL173453,Nc1ncnc2c1c(-c1ccccc1)cn2-c1ccc(CNCCO)cc1,IC50,1400.0,nM,=,CHEMBL674015,CHEMBL203,5.85
CHEMBL173453,Nc1ncnc2c1c(-c1ccccc1)cn2-c1ccc(CNCCO)cc1,IC50,,nM,,CHEMBL674013,CHEMBL203,
CHEMBL162719,CN1CCN(c2cc3c(Nc4cccc(Br)c4)ncnc3cn2)CC1,IC50,6.4,nM,=,CHEMBL674648,CHEMBL203,8.19
CHEMBL162719,CN1CCN(c2cc3c(Nc4cccc(Br)c4)ncnc3cn2)CC1,IC50,102.0,nM,=,CHEMBL621853,CHEMBL203,6.99
CHEMBL162821,CNc1cc2c(Nc3cccc(C)c3)ncnc2cn1,IC50,0.45,nM,=,CHEMBL676233,CHEMBL203,9.35
CHEMBL162821,CNc1cc2c(Nc3cccc(C)c3)ncnc2cn1,IC50,23.0,nM,=,CHEMBL621853,CHEMBL203,7.64
CHEMBL105436,COc1cccc(-c2cn(-c3ccc(CCN(C)CCO)cc3)c3ncnc(N)c23)c1,IC50,300.0,nM,=,CHEMBL674015,CHEMBL203,6.52
CHEMBL105436,COc1cccc(-c2cn(-c3ccc(CCN(C)CCO)cc3)c3ncnc(N)c23)c1,IC50,10000.0,nM,=,CHEMBL674012,CHEMBL203,5.00
CHEMBL162053,CN(C)CCN(C)c1cc2c(Nc3cccc(Br)c3)ncnc2cn1,IC50,8.1,nM,=,CHEMBL674648,CHEMBL203,8.09
CHEMBL162053,CN(C)CCN(C)c1cc2c(Nc3cccc(Br)c3)ncnc2cn1,IC50,46.0,nM,=,CHEMBL621853,CHEMBL203,7.34
CHEMBL165574,Brc1cccc(Nc2ncnc3cnc(NCCCN4CCOCC4)cc23)c1,IC50,1.0,nM,=,CHEMBL674648,CHEMBL203,9.00
CHEMBL165574,Brc1cccc(Nc2ncnc3cnc(NCCCN4CCOCC4)cc23)c1,IC50,5.9,nM,=,CHEMBL621853,CHEMBL203,8.23
CHEMBL426229,Clc1ncnc2c1c(-c1ccccc1)cn2-c1ccccc1,IC50,,nM,,CHEMBL674016,CHEMBL203,
CHEMBL53940,CNc1cc2c(Nc3ccccc3)ncnc2cn1,IC50,9.0,nM,=,CHEMBL674648,CHEMBL203,8.05
CHEMBL165788,CNc1cc2c(Nc3cccc(C(F)(F)F)c3)ncnc2cn1,IC50,1.1,nM,=,CHEMBL674648,CHEMBL203,8.96
CHEMBL166093,OCC(O)CNc1cc2c(Nc3cccc(Br)c3)ncnc2cn1,IC50,0.18,nM,=,CHEMBL674648,CHEMBL203,9.74
CHEMBL349070,CN(C)CCCCNc1cc2c(Nc3cccc(Br)c3)ncnc2cn1,IC50,1.8,nM,=,CHEMBL674648,CHEMBL203,8.74
CHEMBL349070,CN(C)CCCCNc1cc2c(Nc3cccc(Br)c3)ncnc2cn1,IC50,19.0,nM,=,CHEMBL621853,CHEMBL203,7.72
CHEMBL175409,COc1cccc(-c2cn(-c3ccc(CC(=O)NCCO)cc3)c3ncnc(N)c23)c1,IC50,800.0,nM,=,CHEMBL674015,CHEMBL203,6.10
CHEMBL175409,COc1cccc(-c2cn(-c3ccc(CC(=O)NCCO)cc3)c3ncnc(N)c23)c1,IC50,,nM,,CHEMBL674013,CHEMBL203,
CHEMBL22978,CN1CCC(O)(c2nc(-c3ccc(F)cc3)c(-c3ccncc3)o2)CC1,IC50,797.0,nM,=,CHEMBL674025,CHEMBL203,6.10
CHEMBL162142,Brc1cccc(Nc2ncnc3cnc(NCCc4c[nH]cn4)cc23)c1,IC50,0.78,nM,=,CHEMBL674648,CHEMBL203,9.11
CHEMBL162142,Brc1cccc(Nc2ncnc3cnc(NCCc4c[nH]cn4)cc23)c1,IC50,6.3,nM,=,CHEMBL621853,CHEMBL203,8.20
CHEMBL165508,Brc1cccc(Nc2ncnc3cnc(NCc4cccnc4)cc23)c1,IC50,1.5,nM,=,CHEMBL674648,CHEMBL203,8.82
CHEMBL165508,Brc1cccc(Nc2ncnc3cnc(NCc4cccnc4)cc23)c1,IC50,13.0,nM,=,CHEMBL621853,CHEMBL203,7.89
CHEMBL165547,CN(CC(O)CO)c1cc2c(Nc3cccc(Br)c3)ncnc2cn1,IC50,0.56,nM,=,CHEMBL674648,CHEMBL203,9.25
CHEMBL165864,OCCNc1cc2c(Nc3cccc(Br)c3)ncnc2cn1,IC50,0.19,nM,=,CHEMBL674648,CHEMBL203,9.72
CHEMBL13983,Cc1[nH]c(/C=C2\C(=O)Nc3ccc(F)cc32)c(C)c1C(=O)NCC1CCN(C)CC1,IC50,,nM,=,CHEMBL677212,CHEMBL203,
CHEMBL161895,Cc1cccc(Nc2ncnc3cnc(NCCc4c[nH]cn4)cc23)c1,IC50,1.3,nM,=,CHEMBL674648,CHEMBL203,8.89
CHEMBL433520,CCN(CC)CC(O)CNc1cc2c(Nc3cccc(Br)c3)ncnc2cn1,IC50,4.6,nM,=,CHEMBL676233,CHEMBL203,8.34
CHEMBL433520,CCN(CC)CC(O)CNc1cc2c(Nc3cccc(Br)c3)ncnc2cn1,IC50,28.0,nM,=,CHEMBL621853,CHEMBL203,7.55
CHEMBL433520,CCN(CC)CC(O)CNc1cc2c(Nc3cccc(Br)c3)ncnc2cn1,IC50,28000.0,nM,=,CHEMBL621852,CHEMBL203,4.55
CHEMBL433520,CCN(CC)CC(O)CNc1cc2c(Nc3cccc(Br)c3)ncnc2cn1,IC50,4.6,nM,=,CHEMBL673924,CHEMBL203,8.34
CHEMBL176815,COc1cccc(-c2cn(-c3cccc(CO)c3)c3ncnc(N)c23)c1,IC50,800.0,nM,=,CHEMBL674015,CHEMBL203,6.10
CHEMBL424375,COc1cccc(-c2cn(-c3ccc(CNCCO)cc3)c3ncnc(N)c23)c1,IC50,300.0,nM,=,CHEMBL674015,CHEMBL203,6.52
CHEMBL424375,COc1cccc(-c2cn(-c3ccc(CNCCO)cc3)c3ncnc(N)c23)c1,IC50,6400.0,nM,=,CHEMBL674012,CHEMBL203,5.19
CHEMBL13976,Cc1[nH]c(/C=C2\C(=O)Nc3ccc(F)cc32)c(C)c1C(=O)NCCN(C)C,IC50,20000.0,nM,>,CHEMBL677212,CHEMBL203,
CHEMBL366831,CNc1ncnc2c1c(-c1ccccc1)cn2-c1ccccc1,IC50,31000.0,nM,=,CHEMBL674015,CHEMBL203,4.51
CHEMBL173478,Nc1ncnc2c1c(-c1ccccc1)cn2-c1cccc(CO)c1,IC50,600.0,nM,=,CHEMBL674015,CHEMBL203,6.22
CHEMBL173478,Nc1ncnc2c1c(-c1ccccc1)cn2-c1cccc(CO)c1,IC50,12000.0,nM,=,CHEMBL674012,CHEMBL203,4.92
CHEMBL355816,O=C(O)CNc1cc2c(Nc3cccc(Br)c3)ncnc2cn1,IC50,0.28,nM,=,CHEMBL674648,CHEMBL203,9.55
CHEMBL166154,CNc1cc2c(Nc3cccc(Cl)c3)ncnc2cn1,IC50,0.19,nM,=,CHEMBL674648,CHEMBL203,9.72
CHEMBL163188,Cc1cccc(Nc2ncnc3cnc(N(C)C)cc23)c1,IC50,2.8,nM,=,CHEMBL674648,CHEMBL203,8.55
CHEMBL163168,O=C(O)CCNc1cc2c(Nc3cccc(Br)c3)ncnc2cn1,IC50,27.0,nM,=,CHEMBL674648,CHEMBL203,7.57
CHEMBL163168,O=C(O)CCNc1cc2c(Nc3cccc(Br)c3)ncnc2cn1,IC50,449.0,nM,=,CHEMBL621853,CHEMBL203,6.35
CHEMBL275117,CCN(CC)CCNC(=O)c1c(C)[nH]c(/C=C2\C(=O)Nc3ccccc32)c1C,IC50,20000.0,nM,>,CHEMBL677212,CHEMBL203,
CHEMBL169757,Nc1ncnc2c1c(-c1ccccc1)cn2-c1ccccc1,IC50,500.0,nM,=,CHEMBL674015,CHEMBL203,6.30
CHEMBL169757,Nc1ncnc2c1c(-c1ccccc1)cn2-c1ccccc1,IC50,3000.0,nM,=,CHEMBL674012,CHEMBL203,5.52
CHEMBL162508,Cc1cccc(Nc2ncnc3cnc(NCCCN4CCOCC4)cc23)c1,IC50,1.8,nM,=,CHEMBL674648,CHEMBL203,8.74
CHEMBL166358,CN(C)CCCNc1cc2c(Nc3cccc(Br)c3)ncnc2cn1,IC50,1.2,nM,=,CHEMBL674648,CHEMBL203,8.92
CHEMBL166358,CN(C)CCCNc1cc2c(Nc3cccc(Br)c3)ncnc2cn1,IC50,16.0,nM,=,CHEMBL621853,CHEMBL203,7.80
CHEMBL162981,Brc1cccc(Nc2ncnc3cnc(NCCCn4ccnc4)cc23)c1,IC50,1.7,nM,=,CHEMBL674648,CHEMBL203,8.77
CHEMBL162981,Brc1cccc(Nc2ncnc3cnc(NCCCn4ccnc4)cc23)c1,IC50,9.1,nM,=,CHEMBL621853,CHEMBL203,8.04
CHEMBL51853,Nc1cc2c(Nc3cccc(Br)c3)ncnc2cn1,IC50,0.13,nM,=,CHEMBL674648,CHEMBL203,9.89
CHEMBL51853,Nc1cc2c(Nc3cccc(Br)c3)ncnc2cn1,IC50,16.0,nM,=,CHEMBL621853,CHEMBL203,7.80
CHEMBL115220,O=C(Cc1ccc2ccccc2c1)Nc1cc(C2CC2)n[nH]1,IC50,10000.0,nM,>,CHEMBL674694,CHEMBL203,
CHEMBL535,CCN(CC)CCNC(=O)c1c(C)[nH]c(/C=C2\C(=O)Nc3ccc(F)cc32)c1C,IC50,20000.0,nM,>,CHEMBL677212,CHEMBL203,
CHEMBL162034,CN(C)CCNc1cc2c(Nc3cccc(Br)c3)ncnc2cn1,IC50,1.1,nM,=,CHEMBL676074,CHEMBL203,8.96
CHEMBL162034,CN(C)CCNc1cc2c(Nc3cccc(Br)c3)ncnc2cn1,IC50,43.0,nM,=,CHEMBL621853,CHEMBL203,7.37
CHEMBL162034,CN(C)CCNc1cc2c(Nc3cccc(Br)c3)ncnc2cn1,IC50,43000.0,nM,=,CHEMBL621852,CHEMBL203,4.37
CHEMBL162034,CN(C)CCNc1cc2c(Nc3cccc(Br)c3)ncnc2cn1,IC50,1.1,nM,=,CHEMBL673924,CHEMBL203,8.96
CHEMBL162622,Brc1cccc(Nc2ncnc3cnc(NCCN4CCOCC4)cc23)c1,IC50,0.65,nM,=,CHEMBL674648,CHEMBL203,9.19
CHEMBL162622,Brc1cccc(Nc2ncnc3cnc(NCCN4CCOCC4)cc23)c1,IC50,7.9,nM,=,CHEMBL621853,CHEMBL203,8.10
CHEMBL162622,Brc1cccc(Nc2ncnc3cnc(NCCN4CCOCC4)cc23)c1,IC50,7900.0,nM,=,CHEMBL621852,CHEMBL203,5.10
CHEMBL162622,Brc1cccc(Nc2ncnc3cnc(NCCN4CCOCC4)cc23)c1,IC50,0.7,nM,=,CHEMBL673924,CHEMBL203,9.15
CHEMBL333454,COc1cc(/C=C(\C#N)C(N)=O)cc(CSc2ccc(C)cc2)c1O,IC50,8700.0,nM,=,CHEMBL677392,CHEMBL203,5.06
CHEMBL333454,COc1cc(/C=C(\C#N)C(N)=O)cc(CSc2ccc(C)cc2)c1O,IC50,1750.0,nM,=,CHEMBL677393,CHEMBL203,5.76
CHEMBL333454,COc1cc(/C=C(\C#N)C(N)=O)cc(CSc2ccc(C)cc2)c1O,IC50,12000.0,nM,=,CHEMBL689290,CHEMBL203,4.92
CHEMBL119923,COc1cc(/C=C(\C#N)C(N)=O)cc(CSCc2ccc(Cl)cc2)c1O,IC50,14800.0,nM,=,CHEMBL677392,CHEMBL203,4.83
CHEMBL119923,COc1cc(/C=C(\C#N)C(N)=O)cc(CSCc2ccc(Cl)cc2)c1O,IC50,16000.0,nM,=,CHEMBL677393,CHEMBL203,4.80
CHEMBL119923,COc1cc(/C=C(\C#N)C(N)=O)cc(CSCc2ccc(Cl)cc2)c1O,IC50,20000.0,nM,=,CHEMBL689290,CHEMBL203,4.70
CHEMBL76958,O=C(O)c1ccc(S(=O)(=O)Oc2ccc(/C=C/[N+](=O)[O-])cc2)cc1,IC50,1000.0,nM,=,CHEMBL674640,CHEMBL203,6.00
CHEMBL419047,COc1cc(/C=C(\C#N)C(N)=O)cc(CSc2ccc(O)cc2)c1O,IC50,2500.0,nM,=,CHEMBL677392,CHEMBL203,5.60
CHEMBL419047,COc1cc(/C=C(\C#N)C(N)=O)cc(CSc2ccc(O)cc2)c1O,IC50,2500.0,nM,=,CHEMBL677393,CHEMBL203,5.60
CHEMBL419047,COc1cc(/C=C(\C#N)C(N)=O)cc(CSc2ccc(O)cc2)c1O,IC50,2000.0,nM,=,CHEMBL689290,CHEMBL203,5.70
CHEMBL333553,N#C/C(=C\c1cc(O)c(O)c(CSc2nc3ccccc3s2)c1)C(N)=O,IC50,6500.0,nM,=,CHEMBL677392,CHEMBL203,5.19
CHEMBL333553,N#C/C(=C\c1cc(O)c(O)c(CSc2nc3ccccc3s2)c1)C(N)=O,IC50,3200.0,nM,=,CHEMBL677393,CHEMBL203,5.50
CHEMBL333553,N#C/C(=C\c1cc(O)c(O)c(CSc2nc3ccccc3s2)c1)C(N)=O,IC50,50000.0,nM,>,CHEMBL689290,CHEMBL203,
CHEMBL120564,COc1cc(C=C(C#N)C#N)cc(C)c1O,IC50,2600000.0,nM,=,CHEMBL677392,CHEMBL203,
CHEMBL120564,COc1cc(C=C(C#N)C#N)cc(C)c1O,IC50,87000.0,nM,=,CHEMBL677393,CHEMBL203,4.06
CHEMBL120564,COc1cc(C=C(C#N)C#N)cc(C)c1O,IC50,,nM,,CHEMBL689292,CHEMBL203,
CHEMBL309075,NCCNC(=O)c1ccc(S(=O)(=O)Oc2ccc(/C=C/[N+](=O)[O-])cc2)cc1,IC50,5400.0,nM,=,CHEMBL674640,CHEMBL203,5.27
CHEMBL424625,COc1cc(/C=C(\C#N)C(N)=O)cc(CSCCC(=O)O)c1O,IC50,125000.0,nM,=,CHEMBL689289,CHEMBL203,
CHEMBL424625,COc1cc(/C=C(\C#N)C(N)=O)cc(CSCCC(=O)O)c1O,IC50,50000.0,nM,>,CHEMBL677393,CHEMBL203,
CHEMBL424625,COc1cc(/C=C(\C#N)C(N)=O)cc(CSCCC(=O)O)c1O,IC50,,nM,,CHEMBL689296,CHEMBL203,
CHEMBL74038,CCCCNC(=O)c1ccc(S(=O)(=O)Oc2ccc(C=O)cc2)cc1,IC50,100000.0,nM,>,CHEMBL674640,CHEMBL203,
CHEMBL116547,COc1cc(/C=C(\C#N)C(=O)c2ccc(O)c(O)c2)cc(CSCc2ccccc2)c1O,IC50,750.0,nM,=,CHEMBL677392,CHEMBL203,6.12
CHEMBL116547,COc1cc(/C=C(\C#N)C(=O)c2ccc(O)c(O)c2)cc(CSCc2ccccc2)c1O,IC50,4500.0,nM,=,CHEMBL677393,CHEMBL203,5.35
CHEMBL116547,COc1cc(/C=C(\C#N)C(=O)c2ccc(O)c(O)c2)cc(CSCc2ccccc2)c1O,IC50,2000.0,nM,=,CHEMBL689290,CHEMBL203,5.70
CHEMBL118205,COc1cc(/C=C(\C#N)C(N)=O)cc(CSc2nc3ccccc3o2)c1O,IC50,12500.0,nM,=,CHEMBL677392,CHEMBL203,4.90
CHEMBL118205,COc1cc(/C=C(\C#N)C(N)=O)cc(CSc2nc3ccccc3o2)c1O,IC50,5300.0,nM,=,CHEMBL677393,CHEMBL203,5.28
CHEMBL118205,COc1cc(/C=C(\C#N)C(N)=O)cc(CSc2nc3ccccc3o2)c1O,IC50,6000.0,nM,=,CHEMBL689290,CHEMBL203,5.22
CHEMBL324030,COc1cc(/C=C(\C#N)C(N)=O)cc(CSC2=NCCS2)c1O,IC50,16300.0,nM,=,CHEMBL677392,CHEMBL203,4.79
CHEMBL324030,COc1cc(/C=C(\C#N)C(N)=O)cc(CSC2=NCCS2)c1O,IC50,8800.0,nM,=,CHEMBL677393,CHEMBL203,5.06
CHEMBL324030,COc1cc(/C=C(\C#N)C(N)=O)cc(CSC2=NCCS2)c1O,IC50,50000.0,nM,>,CHEMBL689290,CHEMBL203,
CHEMBL119156,COc1cc(/C=C(\C#N)C(N)=O)cc(CSc2ccccn2)c1O,IC50,25000.0,nM,=,CHEMBL677392,CHEMBL203,4.60
CHEMBL119156,COc1cc(/C=C(\C#N)C(N)=O)cc(CSc2ccccn2)c1O,IC50,3400.0,nM,=,CHEMBL677393,CHEMBL203,5.47
CHEMBL119156,COc1cc(/C=C(\C#N)C(N)=O)cc(CSc2ccccn2)c1O,IC50,16000.0,nM,=,CHEMBL689290,CHEMBL203,4.80
CHEMBL432428,N#C/C(=C\c1cc(O)c(O)c(CSCc2ccccc2)c1)C(N)=O,IC50,940.0,nM,=,CHEMBL677392,CHEMBL203,6.03
CHEMBL432428,N#C/C(=C\c1cc(O)c(O)c(CSCc2ccccc2)c1)C(N)=O,IC50,640.0,nM,=,CHEMBL677393,CHEMBL203,6.19
CHEMBL432428,N#C/C(=C\c1cc(O)c(O)c(CSCc2ccccc2)c1)C(N)=O,IC50,3000.0,nM,=,CHEMBL689290,CHEMBL203,5.52
CHEMBL326318,COc1cc(/C=C(\C#N)C(N)=O)cc(CSCc2ccccc2)c1O,IC50,1950.0,nM,=,CHEMBL677392,CHEMBL203,5.71
CHEMBL326318,COc1cc(/C=C(\C#N)C(N)=O)cc(CSCc2ccccc2)c1O,IC50,900.0,nM,=,CHEMBL677393,CHEMBL203,6.05
CHEMBL326318,COc1cc(/C=C(\C#N)C(N)=O)cc(CSCc2ccccc2)c1O,IC50,12500.0,nM,=,CHEMBL689290,CHEMBL203,4.90
CHEMBL477,Nc1ncnc2c1ncn2[C@@H]1O[C@H](CO)[C@@H](O)[C@H]1O,IC50,195000.0,nM,=,CHEMBL673783,CHEMBL203,
CHEMBL449093,O=C(O)c1ccc(S(=O)(=O)Oc2ccc(/C=C/[N+](=O)[O-])cc2)cc1O,IC50,54.0,nM,=,CHEMBL674640,CHEMBL203,7.27
CHEMBL78280,CNC(=O)c1ccc(S(=O)(=O)Oc2ccc(/C=C(\C)[N+](=O)[O-])cc2OC)cc1,IC50,4000.0,nM,=,CHEMBL674640,CHEMBL203,5.40
CHEMBL122522,COc1cc(C=C(C#N)C#N)cc(CSc2ccccc2)c1O,IC50,370000.0,nM,=,CHEMBL677392,CHEMBL203,
CHEMBL122522,COc1cc(C=C(C#N)C#N)cc(CSc2ccccc2)c1O,IC50,6700.0,nM,=,CHEMBL677393,CHEMBL203,5.17
CHEMBL122522,COc1cc(C=C(C#N)C#N)cc(CSc2ccccc2)c1O,IC50,6000.0,nM,=,CHEMBL689290,CHEMBL203,5.22
CHEMBL78224,O=[N+]([O-])/C=C/c1ccc(O)c(O)c1,IC50,8800.0,nM,=,CHEMBL674640,CHEMBL203,5.06
CHEMBL288812,Cn1nc(C(C)(C)C)cc1NC(=O)Nc1ccc(Cc2ccncc2)cc1,Inhibition,17.0,%,=,CHEMBL674711,CHEMBL203,
CHEMBL119987,COc1cc(/C=C(\C#N)C(N)=O)cc(CSc2ccccc2C(=O)O)c1O,IC50,37000.0,nM,=,CHEMBL677392,CHEMBL203,4.43
CHEMBL119987,COc1cc(/C=C(\C#N)C(N)=O)cc(CSc2ccccc2C(=O)O)c1O,IC50,710.0,nM,=,CHEMBL677393,CHEMBL203,6.15
CHEMBL119987,COc1cc(/C=C(\C#N)C(N)=O)cc(CSc2ccccc2C(=O)O)c1O,IC50,50000.0,nM,>,CHEMBL689290,CHEMBL203,
CHEMBL117055,CCOc1ccc2nc(SCc3cc(/C=C(\C#N)C(N)=O)cc(OC)c3O)sc2c1,IC50,100000.0,nM,>,CHEMBL689288,CHEMBL203,
CHEMBL117055,CCOc1ccc2nc(SCc3cc(/C=C(\C#N)C(N)=O)cc(OC)c3O)sc2c1,IC50,167000.0,nM,>,CHEMBL677393,CHEMBL203,
CHEMBL117055,CCOc1ccc2nc(SCc3cc(/C=C(\C#N)C(N)=O)cc(OC)c3O)sc2c1,IC50,,nM,,CHEMBL689297,CHEMBL203,
CHEMBL388978,CN[C@@H]1C[C@H]2O[C@@](C)([C@@H]1OC)n1c3ccccc3c3c4c(c5c6ccccc6n2c5c31)C(=O)NC4,IC50,49.0,nM,=,CHEMBL677530,CHEMBL203,7.31
CHEMBL326044,COc1cc(/C=C(\C#N)C(N)=O)cc(CSCCCC(=O)O)c1O,IC50,60000.0,nM,=,CHEMBL677392,CHEMBL203,4.22
CHEMBL326044,COc1cc(/C=C(\C#N)C(N)=O)cc(CSCCCC(=O)O)c1O,IC50,48000.0,nM,=,CHEMBL677393,CHEMBL203,4.32
CHEMBL326044,COc1cc(/C=C(\C#N)C(N)=O)cc(CSCCCC(=O)O)c1O,IC50,6500.0,nM,=,CHEMBL689290,CHEMBL203,5.19
CHEMBL116595,COc1cc(/C=C(\C#N)C(N)=O)cc(CSc2ccccc2)c1O,IC50,2900.0,nM,=,CHEMBL677392,CHEMBL203,5.54
CHEMBL116595,COc1cc(/C=C(\C#N)C(N)=O)cc(CSc2ccccc2)c1O,IC50,400.0,nM,=,CHEMBL677393,CHEMBL203,6.40
CHEMBL116595,COc1cc(/C=C(\C#N)C(N)=O)cc(CSc2ccccc2)c1O,IC50,12500.0,nM,=,CHEMBL689290,CHEMBL203,4.90
CHEMBL118321,COc1cc(C=C(C#N)C#N)cc(CSc2ccccc2C(=O)O)c1O,IC50,36000.0,nM,=,CHEMBL677392,CHEMBL203,4.44
CHEMBL118321,COc1cc(C=C(C#N)C#N)cc(CSc2ccccc2C(=O)O)c1O,IC50,8000.0,nM,=,CHEMBL677393,CHEMBL203,5.10
CHEMBL118321,COc1cc(C=C(C#N)C#N)cc(CSc2ccccc2C(=O)O)c1O,IC50,50000.0,nM,>,CHEMBL689290,CHEMBL203,
CHEMBL309016,COc1cc(/C=C/[N+](=O)[O-])ccc1O,IC50,7900.0,nM,=,CHEMBL674640,CHEMBL203,5.10
CHEMBL77397,COc1cc(/C=C(\C)[N+](=O)[O-])ccc1OS(=O)(=O)c1ccc(C(=O)O)cc1,IC50,2500.0,nM,=,CHEMBL674640,CHEMBL203,5.60
CHEMBL418906,CC(C)(C)OC(=O)NCCNC(=O)c1ccc(S(=O)(=O)Oc2ccc(/C=C/[N+](=O)[O-])cc2)cc1,IC50,1400.0,nM,=,CHEMBL674640,CHEMBL203,5.85
CHEMBL78049,C/C(=C\c1ccc(O)c(O)c1)[N+](=O)[O-],IC50,9400.0,nM,=,CHEMBL674640,CHEMBL203,5.03
CHEMBL309392,C[C@@H](NC(=O)c1ccc(S(=O)(=O)Oc2ccc(/C=C/[N+](=O)[O-])cc2)cc1)C(=O)N[C@H](C)C(=O)NCCN,IC50,17000.0,nM,=,CHEMBL674640,CHEMBL203,4.77
CHEMBL334032,COc1cc(C=C(C#N)C#N)cc(CS(=O)(=O)c2ccc(C)cc2)c1O,IC50,85000.0,nM,=,CHEMBL677392,CHEMBL203,4.07
CHEMBL334032,COc1cc(C=C(C#N)C#N)cc(CS(=O)(=O)c2ccc(C)cc2)c1O,IC50,23000.0,nM,=,CHEMBL677393,CHEMBL203,4.64
CHEMBL334032,COc1cc(C=C(C#N)C#N)cc(CS(=O)(=O)c2ccc(C)cc2)c1O,IC50,15000.0,nM,=,CHEMBL689291,CHEMBL203,4.82
CHEMBL505705,Nc1ncnc2c1ncn2[C@@H]1O[C@H](COC(=O)c2ccc(S(=O)(=O)Oc3ccc(/C=C/[N+](=O)[O-])cc3)cc2)[C@@H](O)[C@H]1O,IC50,600.0,nM,=,CHEMBL674640,CHEMBL203,6.22
CHEMBL103055,CCN1CCOCCn2cc(c3ccccc32)C2=C(C(=O)NC2=O)c2cn(c3ccccc23)CCOCC1,IC50,100000.0,nM,>,CHEMBL674696,CHEMBL203,
CHEMBL115519,COc1cc(/C=C(\C#N)C(N)=O)cc(CSc2nc3cc(Cl)ccc3s2)c1O,IC50,4400.0,nM,=,CHEMBL677392,CHEMBL203,5.36
CHEMBL115519,COc1cc(/C=C(\C#N)C(N)=O)cc(CSc2nc3cc(Cl)ccc3s2)c1O,IC50,83000.0,nM,>,CHEMBL677393,CHEMBL203,
CHEMBL115519,COc1cc(/C=C(\C#N)C(N)=O)cc(CSc2nc3cc(Cl)ccc3s2)c1O,IC50,4500.0,nM,=,CHEMBL689290,CHEMBL203,5.35
CHEMBL330879,COc1cc(/C=C(\C#N)C(N)=O)cc(CSc2ccc3ccccc3c2)c1O,IC50,6600.0,nM,=,CHEMBL677392,CHEMBL203,5.18
CHEMBL330879,COc1cc(/C=C(\C#N)C(N)=O)cc(CSc2ccc3ccccc3c2)c1O,IC50,1700.0,nM,=,CHEMBL677393,CHEMBL203,5.77
CHEMBL330879,COc1cc(/C=C(\C#N)C(N)=O)cc(CSc2ccc3ccccc3c2)c1O,IC50,10000.0,nM,=,CHEMBL689290,CHEMBL203,5.00
CHEMBL76929,COC(=O)c1ccc(S(=O)(=O)Oc2ccc(/C=C/[N+](=O)[O-])cc2)cc1O,IC50,1800.0,nM,=,CHEMBL674640,CHEMBL203,5.75
CHEMBL311133,C[C@@H](NC(=O)[C@@H](C)NC(=O)c1ccc(S(=O)(=O)Oc2ccc(/C=C/[N+](=O)[O-])cc2)cc1)C(=O)O,IC50,7000.0,nM,=,CHEMBL674640,CHEMBL203,5.16
CHEMBL118109,COc1cc(/C=C(\C#N)C(N)=O)cc(CSc2nc3ccccc3s2)c1O,IC50,18600.0,nM,=,CHEMBL677392,CHEMBL203,4.73
CHEMBL118109,COc1cc(/C=C(\C#N)C(N)=O)cc(CSc2nc3ccccc3s2)c1O,IC50,19000.0,nM,=,CHEMBL677393,CHEMBL203,4.72
CHEMBL118109,COc1cc(/C=C(\C#N)C(N)=O)cc(CSc2nc3ccccc3s2)c1O,IC50,35000.0,nM,=,CHEMBL689290,CHEMBL203,4.46
CHEMBL418907,COc1cc(/C=C/[N+](=O)[O-])ccc1OS(=O)(=O)c1ccc(C(=O)O)cc1,IC50,2800.0,nM,=,CHEMBL674640,CHEMBL203,5.55
CHEMBL77401,COC(=O)c1ccc(S(=O)(=O)Oc2ccc(/C=C/[N+](=O)[O-])cc2)cc1,IC50,1500.0,nM,=,CHEMBL674640,CHEMBL203,5.82
CHEMBL77100,CCCCNC(=O)c1ccc(S(=O)(=O)Oc2ccc(/C=C/[N+](=O)[O-])cc2)cc1,IC50,4800.0,nM,=,CHEMBL674640,CHEMBL203,5.32
CHEMBL307481,O=[N+]([O-])/C=C/c1ccc(O)cc1,IC50,10100.0,nM,=,CHEMBL674640,CHEMBL203,5.00
CHEMBL78206,CC(C)(C)NC(=O)c1ccc(S(=O)(=O)Oc2ccc(/C=C/[N+](=O)[O-])cc2)cc1,IC50,1300.0,nM,=,CHEMBL674640,CHEMBL203,5.89
CHEMBL453502,COc1cc(/C=C/[N+](=O)[O-])ccc1OS(=O)(=O)c1ccc(C(=O)OC[C@H]2O[C@@H](n3cnc4c(N)ncnc43)[C@H](O)[C@@H]2O)cc1,IC50,500.0,nM,=,CHEMBL674640,CHEMBL203,6.30
CHEMBL309073,C[C@@H](NC(=O)c1ccc(S(=O)(=O)Oc2ccc(/C=C/[N+](=O)[O-])cc2)cc1)C(=O)N[C@H](C)C(=O)NCCNC(=O)OC(C)(C)C,IC50,50000.0,nM,>,CHEMBL674640,CHEMBL203,
CHEMBL115895,COc1cc(/C=C(\C#N)C(N)=O)cc(CSc2ccccc2NC(C)=O)c1O,IC50,5600.0,nM,=,CHEMBL677392,CHEMBL203,5.25
CHEMBL115895,COc1cc(/C=C(\C#N)C(N)=O)cc(CSc2ccccc2NC(C)=O)c1O,IC50,22000.0,nM,=,CHEMBL677393,CHEMBL203,4.66
CHEMBL115895,COc1cc(/C=C(\C#N)C(N)=O)cc(CSc2ccccc2NC(C)=O)c1O,IC50,9000.0,nM,=,CHEMBL689290,CHEMBL203,5.05
CHEMBL331026,COc1cc(/C=C(\C#N)C(N)=O)cc(CSc2nc3ccccc3[nH]2)c1O,IC50,75000.0,nM,=,CHEMBL677392,CHEMBL203,4.12
CHEMBL331026,COc1cc(/C=C(\C#N)C(N)=O)cc(CSc2nc3ccccc3[nH]2)c1O,IC50,14500.0,nM,=,CHEMBL677393,CHEMBL203,4.84
CHEMBL331026,COc1cc(/C=C(\C#N)C(N)=O)cc(CSc2nc3ccccc3[nH]2)c1O,IC50,35000.0,nM,=,CHEMBL689290,CHEMBL203,4.46
CHEMBL116423,Cc1cc(C=C(C#N)C#N)cc(O)c1O,IC50,5600.0,nM,=,CHEMBL677392,CHEMBL203,5.25
CHEMBL116423,Cc1cc(C=C(C#N)C#N)cc(O)c1O,IC50,62000.0,nM,=,CHEMBL677393,CHEMBL203,4.21
CHEMBL116423,Cc1cc(C=C(C#N)C#N)cc(O)c1O,IC50,13000.0,nM,=,CHEMBL689291,CHEMBL203,4.89
CHEMBL326100,COc1cc(/C=C(\C#N)C(N)=O)cc(CSCc2ccccc2Cl)c1O,IC50,2500.0,nM,=,CHEMBL677392,CHEMBL203,5.60
CHEMBL326100,COc1cc(/C=C(\C#N)C(N)=O)cc(CSCc2ccccc2Cl)c1O,IC50,1000.0,nM,=,CHEMBL677393,CHEMBL203,6.00
CHEMBL326100,COc1cc(/C=C(\C#N)C(N)=O)cc(CSCc2ccccc2Cl)c1O,IC50,10000.0,nM,=,CHEMBL689290,CHEMBL203,5.00
CHEMBL120719,COc1cc(C=C(C#N)C#N)cc(CSCC(=O)O)c1O,IC50,96000.0,nM,=,CHEMBL677392,CHEMBL203,4.02
CHEMBL120719,COc1cc(C=C(C#N)C#N)cc(CSCC(=O)O)c1O,IC50,54000.0,nM,=,CHEMBL677393,CHEMBL203,4.27
CHEMBL120719,COc1cc(C=C(C#N)C#N)cc(CSCC(=O)O)c1O,IC50,50000.0,nM,>,CHEMBL689290,CHEMBL203,
CHEMBL14326,Nc1ncnc2c1ncn2[C@@H]1O[C@H](CO)[C@@H](O)[C@H]1S,kmax/KS,2000.0,M-1 s-1,=,CHEMBL673946,CHEMBL203,
CHEMBL14326,Nc1ncnc2c1ncn2[C@@H]1O[C@H](CO)[C@@H](O)[C@H]1S,Kd,1000.0,nM,=,CHEMBL673785,CHEMBL203,6.00
CHEMBL14326,Nc1ncnc2c1ncn2[C@@H]1O[C@H](CO)[C@@H](O)[C@H]1S,T1/2,0.08333,hr,=,CHEMBL857354,CHEMBL203,
CHEMBL14326,Nc1ncnc2c1ncn2[C@@H]1O[C@H](CO)[C@@H](O)[C@H]1S,kmax,2.3,s-1,=,CHEMBL673945,CHEMBL203,
CHEMBL14326,Nc1ncnc2c1ncn2[C@@H]1O[C@H](CO)[C@@H](O)[C@H]1S,Inhibition,70.0,%,~,CHEMBL673784,CHEMBL203,
CHEMBL14326,Nc1ncnc2c1ncn2[C@@H]1O[C@H](CO)[C@@H](O)[C@H]1S,KS,1.0,uM,~,CHEMBL673786,CHEMBL203,
CHEMBL74432,CNC(=O)c1ccc(S(=O)(=O)Oc2ccc(/C=C/[N+](=O)[O-])cc2)cc1,IC50,400.0,nM,=,CHEMBL674640,CHEMBL203,6.40
CHEMBL77688,O=C(O)c1ccc(S(=O)(=O)Oc2ccc(/C=C/[N+](=O)[O-])cc2)c(O)c1,IC50,310.0,nM,=,CHEMBL674640,CHEMBL203,6.51
CHEMBL312451,C[C@@H](NC(=O)c1ccc(S(=O)(=O)Oc2ccc(/C=C/[N+](=O)[O-])cc2)cc1)C(=O)N[C@H](C)C(=O)OC(C)(C)C,IC50,40000.0,nM,=,CHEMBL674640,CHEMBL203,4.40
CHEMBL286343,C=CC(=O)Nc1cc2c(Nc3cccc(Br)c3)ncnc2cc1OCCCn1ccnc1,IC50,3.0,nM,=,CHEMBL674020,CHEMBL203,8.52
CHEMBL286343,C=CC(=O)Nc1cc2c(Nc3cccc(Br)c3)ncnc2cc1OCCCn1ccnc1,IC50,21.0,nM,=,CHEMBL674019,CHEMBL203,7.68
CHEMBL286343,C=CC(=O)Nc1cc2c(Nc3cccc(Br)c3)ncnc2cc1OCCCn1ccnc1,Inhibition,80.0,%,>,CHEMBL674021,CHEMBL203,
CHEMBL31965,C=CC(=O)Nc1cc2c(Nc3ccc(F)c(Cl)c3)ncnc2cc1OCCCN1CCOCC1,IC50,1.5,nM,=,CHEMBL674020,CHEMBL203,8.82
CHEMBL31965,C=CC(=O)Nc1cc2c(Nc3ccc(F)c(Cl)c3)ncnc2cc1OCCCN1CCOCC1,IC50,7.4,nM,=,CHEMBL674019,CHEMBL203,8.13
CHEMBL31965,C=CC(=O)Nc1cc2c(Nc3ccc(F)c(Cl)c3)ncnc2cc1OCCCN1CCOCC1,Inhibition,80.0,%,>,CHEMBL674021,CHEMBL203,
CHEMBL285063,C=CC(=O)Nc1ccc2ncnc(Nc3cccc(Br)c3)c2c1,IC50,0.7,nM,=,CHEMBL674020,CHEMBL203,9.15
CHEMBL285063,C=CC(=O)Nc1ccc2ncnc(Nc3cccc(Br)c3)c2c1,IC50,2.7,nM,=,CHEMBL674019,CHEMBL203,8.57
CHEMBL285063,C=CC(=O)Nc1ccc2ncnc(Nc3cccc(Br)c3)c2c1,Inhibition,80.0,%,>,CHEMBL674021,CHEMBL203,
CHEMBL27685,C=CC(=O)Nc1cc2c(Nc3ccc(F)c(Br)c3)ncnc2cc1OCCCN1CCOCC1,IC50,1.8,nM,=,CHEMBL674020,CHEMBL203,8.74
CHEMBL27685,C=CC(=O)Nc1cc2c(Nc3ccc(F)c(Br)c3)ncnc2cc1OCCCN1CCOCC1,IC50,4.7,nM,=,CHEMBL674019,CHEMBL203,8.33
CHEMBL27685,C=CC(=O)Nc1cc2c(Nc3ccc(F)c(Br)c3)ncnc2cc1OCCCN1CCOCC1,Inhibition,80.0,%,>,CHEMBL674021,CHEMBL203,
CHEMBL31630,C=CC(=O)N(C)c1nc2c(Nc3ccc(F)c(Cl)c3)ncnc2cc1OCCCN1CCOCC1,IC50,20.0,nM,=,CHEMBL674020,CHEMBL203,7.70
CHEMBL31630,C=CC(=O)N(C)c1nc2c(Nc3ccc(F)c(Cl)c3)ncnc2cc1OCCCN1CCOCC1,IC50,88.0,nM,=,CHEMBL674019,CHEMBL203,7.06
CHEMBL31630,C=CC(=O)N(C)c1nc2c(Nc3ccc(F)c(Cl)c3)ncnc2cc1OCCCN1CCOCC1,Inhibition,80.0,%,>,CHEMBL674021,CHEMBL203,
CHEMBL27688,C=CC(=O)Nc1cc2c(Nc3cccc(C)c3)ncnc2cc1OCCCN1CCOCC1,IC50,1.5,nM,=,CHEMBL674020,CHEMBL203,8.82
CHEMBL27688,C=CC(=O)Nc1cc2c(Nc3cccc(C)c3)ncnc2cc1OCCCN1CCOCC1,IC50,27.0,nM,=,CHEMBL674019,CHEMBL203,7.57
CHEMBL27688,C=CC(=O)Nc1cc2c(Nc3cccc(C)c3)ncnc2cc1OCCCN1CCOCC1,Inhibition,80.0,%,>,CHEMBL674021,CHEMBL203,
CHEMBL31373,C=CC(=O)Nc1ccc2ncnc(Nc3ccc(F)c(Cl)c3)c2c1,IC50,0.75,nM,=,CHEMBL674020,CHEMBL203,9.12
CHEMBL31373,C=CC(=O)Nc1ccc2ncnc(Nc3ccc(F)c(Cl)c3)c2c1,IC50,3.1,nM,=,CHEMBL674019,CHEMBL203,8.51
CHEMBL31373,C=CC(=O)Nc1ccc2ncnc(Nc3ccc(F)c(Cl)c3)c2c1,Inhibition,80.0,%,>,CHEMBL674021,CHEMBL203,
CHEMBL31816,C=CC(=O)Nc1nc2c(Nc3ccc(F)c(Cl)c3)ncnc2cc1OC,IC50,0.95,nM,=,CHEMBL674020,CHEMBL203,9.02
CHEMBL31816,C=CC(=O)Nc1nc2c(Nc3ccc(F)c(Cl)c3)ncnc2cc1OC,IC50,291.0,nM,=,CHEMBL674019,CHEMBL203,6.54
CHEMBL31816,C=CC(=O)Nc1nc2c(Nc3ccc(F)c(Cl)c3)ncnc2cc1OC,Inhibition,80.0,%,>,CHEMBL674021,CHEMBL203,
CHEMBL417478,C=CC(=O)Nc1nc2c(Nc3ccc(F)c(Cl)c3)ncnc2cc1/C=C/CCN1CCOCC1,IC50,0.16,nM,=,CHEMBL674020,CHEMBL203,9.80
CHEMBL417478,C=CC(=O)Nc1nc2c(Nc3ccc(F)c(Cl)c3)ncnc2cc1/C=C/CCN1CCOCC1,IC50,119.0,nM,=,CHEMBL674019,CHEMBL203,6.92
CHEMBL417478,C=CC(=O)Nc1nc2c(Nc3ccc(F)c(Cl)c3)ncnc2cc1/C=C/CCN1CCOCC1,Inhibition,80.0,%,>,CHEMBL674021,CHEMBL203,
CHEMBL32844,C=CC(=O)Nc1cc2c(Nc3cccc(Br)c3)ncnc2cc1OCCCN1CCN(C)CC1,IC50,1.7,nM,=,CHEMBL674020,CHEMBL203,8.77
CHEMBL32844,C=CC(=O)Nc1cc2c(Nc3cccc(Br)c3)ncnc2cc1OCCCN1CCN(C)CC1,IC50,3.0,nM,=,CHEMBL674019,CHEMBL203,8.52
CHEMBL32844,C=CC(=O)Nc1cc2c(Nc3cccc(Br)c3)ncnc2cc1OCCCN1CCN(C)CC1,Inhibition,80.0,%,>,CHEMBL674021,CHEMBL203,
CHEMBL31588,C=CC(=O)Nc1cc2c(Nc3cccc(Br)c3)ncnc2cc1OCCCCN(C)C,IC50,3.9,nM,=,CHEMBL674020,CHEMBL203,8.41
CHEMBL31588,C=CC(=O)Nc1cc2c(Nc3cccc(Br)c3)ncnc2cc1OCCCCN(C)C,IC50,7.9,nM,=,CHEMBL674019,CHEMBL203,8.10
CHEMBL31588,C=CC(=O)Nc1cc2c(Nc3cccc(Br)c3)ncnc2cc1OCCCCN(C)C,Inhibition,80.0,%,>,CHEMBL674021,CHEMBL203,
CHEMBL31656,C=CC(=O)Nc1nc2c(Nc3ccc(F)c(Cl)c3)ncnc2cc1OCCCN1CCOCC1,IC50,1.5,nM,=,CHEMBL674020,CHEMBL203,8.82
CHEMBL31656,C=CC(=O)Nc1nc2c(Nc3ccc(F)c(Cl)c3)ncnc2cc1OCCCN1CCOCC1,IC50,434.0,nM,=,CHEMBL674019,CHEMBL203,6.36
CHEMBL31656,C=CC(=O)Nc1nc2c(Nc3ccc(F)c(Cl)c3)ncnc2cc1OCCCN1CCOCC1,Inhibition,80.0,%,>,CHEMBL674021,CHEMBL203,
CHEMBL31419,C=CC(=O)Nc1cc2c(Nc3cccc(Br)c3)ncnc2cc1OCCCN1CCOCC1,IC50,3.6,nM,=,CHEMBL674020,CHEMBL203,8.44
CHEMBL31419,C=CC(=O)Nc1cc2c(Nc3cccc(Br)c3)ncnc2cc1OCCCN1CCOCC1,IC50,5.3,nM,=,CHEMBL674019,CHEMBL203,8.28
CHEMBL31419,C=CC(=O)Nc1cc2c(Nc3cccc(Br)c3)ncnc2cc1OCCCN1CCOCC1,Inhibition,80.0,%,>,CHEMBL674021,CHEMBL203,
CHEMBL31326,C=CC(=O)Nc1cc2c(Nc3cccc(Br)c3)ncnc2cc1SCCCN(CC)CC,IC50,0.78,nM,=,CHEMBL674020,CHEMBL203,9.11
CHEMBL31326,C=CC(=O)Nc1cc2c(Nc3cccc(Br)c3)ncnc2cc1SCCCN(CC)CC,IC50,196.0,nM,=,CHEMBL674019,CHEMBL203,6.71
CHEMBL31326,C=CC(=O)Nc1cc2c(Nc3cccc(Br)c3)ncnc2cc1SCCCN(CC)CC,Inhibition,80.0,%,>,CHEMBL674021,CHEMBL203,
CHEMBL31815,C=CC(=O)Nc1ccc2ncnc(Nc3cccc(C)c3)c2c1,IC50,0.42,nM,=,CHEMBL674020,CHEMBL203,9.38
CHEMBL31815,C=CC(=O)Nc1ccc2ncnc(Nc3cccc(C)c3)c2c1,IC50,4.7,nM,=,CHEMBL674019,CHEMBL203,8.33
CHEMBL31815,C=CC(=O)Nc1ccc2ncnc(Nc3cccc(C)c3)c2c1,Inhibition,80.0,%,>,CHEMBL674021,CHEMBL203,
CHEMBL280757,C=CC(=O)Nc1ccc2ncnc(Nc3ccc(F)c(Br)c3)c2c1,IC50,0.69,nM,=,CHEMBL674020,CHEMBL203,9.16
CHEMBL280757,C=CC(=O)Nc1ccc2ncnc(Nc3ccc(F)c(Br)c3)c2c1,IC50,2.7,nM,=,CHEMBL674019,CHEMBL203,8.57
CHEMBL280757,C=CC(=O)Nc1ccc2ncnc(Nc3ccc(F)c(Br)c3)c2c1,Inhibition,80.0,%,>,CHEMBL674021,CHEMBL203,
CHEMBL28418,C=CC(=O)Nc1ccc2ncnc(Nc3ccc(F)c(Cl)c3)c2n1,IC50,0.75,nM,=,CHEMBL674020,CHEMBL203,9.12
CHEMBL28418,C=CC(=O)Nc1ccc2ncnc(Nc3ccc(F)c(Cl)c3)c2n1,IC50,18.0,nM,=,CHEMBL674019,CHEMBL203,7.75
CHEMBL28418,C=CC(=O)Nc1ccc2ncnc(Nc3ccc(F)c(Cl)c3)c2n1,Inhibition,80.0,%,>,CHEMBL674021,CHEMBL203,
CHEMBL281543,C=CC(=O)Nc1nc2c(Nc3ccc(F)c(Cl)c3)ncnc2cc1CCCCN1CCOCC1,IC50,2.7,nM,=,CHEMBL674020,CHEMBL203,8.57
CHEMBL281543,C=CC(=O)Nc1nc2c(Nc3ccc(F)c(Cl)c3)ncnc2cc1CCCCN1CCOCC1,IC50,5100.0,nM,=,CHEMBL674019,CHEMBL203,5.29
CHEMBL281543,C=CC(=O)Nc1nc2c(Nc3ccc(F)c(Cl)c3)ncnc2cc1CCCCN1CCOCC1,Inhibition,80.0,%,>,CHEMBL674021,CHEMBL203,
CHEMBL284326,C=CC(=O)Nc1nc2c(Nc3ccc(F)c(Cl)c3)ncnc2cc1OCCCN1CCN(C)CC1,IC50,6.6,nM,=,CHEMBL674020,CHEMBL203,8.18
CHEMBL284326,C=CC(=O)Nc1nc2c(Nc3ccc(F)c(Cl)c3)ncnc2cc1OCCCN1CCN(C)CC1,IC50,264.0,nM,=,CHEMBL674019,CHEMBL203,6.58
CHEMBL284326,C=CC(=O)Nc1nc2c(Nc3ccc(F)c(Cl)c3)ncnc2cc1OCCCN1CCN(C)CC1,Inhibition,80.0,%,>,CHEMBL674021,CHEMBL203,
CHEMBL32079,C=CC(=O)Nc1cc2c(Nc3ccc(F)c(Cl)c3)ncnc2cc1OCCOCCCCO,IC50,1.7,nM,=,CHEMBL674020,CHEMBL203,8.77
CHEMBL31622,C=CC(=O)Nc1cc2c(Nc3cccc(C)c3)ncnc2cc1OCCCN1CCN(C)CC1,IC50,2.0,nM,=,CHEMBL674020,CHEMBL203,8.70
CHEMBL31622,C=CC(=O)Nc1cc2c(Nc3cccc(C)c3)ncnc2cc1OCCCN1CCN(C)CC1,IC50,18.0,nM,=,CHEMBL674019,CHEMBL203,7.75
CHEMBL31622,C=CC(=O)Nc1cc2c(Nc3cccc(C)c3)ncnc2cc1OCCCN1CCN(C)CC1,Inhibition,80.0,%,>,CHEMBL674021,CHEMBL203,
CHEMBL31570,C=CC(=O)Nc1nc2c(Nc3ccc(F)c(Cl)c3)ncnc2cc1OCCOC,IC50,0.97,nM,=,CHEMBL674020,CHEMBL203,9.01
CHEMBL31570,C=CC(=O)Nc1nc2c(Nc3ccc(F)c(Cl)c3)ncnc2cc1OCCOC,IC50,377.0,nM,=,CHEMBL674019,CHEMBL203,6.42
CHEMBL31570,C=CC(=O)Nc1nc2c(Nc3ccc(F)c(Cl)c3)ncnc2cc1OCCOC,Inhibition,80.0,%,>,CHEMBL674021,CHEMBL203,
CHEMBL283201,C=CC(=O)Nc1ccc2ncnc(Nc3ccc(CN(C)C)c(Br)c3)c2c1,IC50,45.0,nM,=,CHEMBL674020,CHEMBL203,7.35
CHEMBL283201,C=CC(=O)Nc1ccc2ncnc(Nc3ccc(CN(C)C)c(Br)c3)c2c1,IC50,416.0,nM,=,CHEMBL674019,CHEMBL203,6.38
CHEMBL283201,C=CC(=O)Nc1ccc2ncnc(Nc3ccc(CN(C)C)c(Br)c3)c2c1,Inhibition,80.0,%,>,CHEMBL674021,CHEMBL203,
CHEMBL31369,C=CC(=O)Nc1ccc2ncnc(Nc3ccc(OCCN(C)C)c(Br)c3)c2c1,IC50,27.0,nM,=,CHEMBL674020,CHEMBL203,7.57
CHEMBL31369,C=CC(=O)Nc1ccc2ncnc(Nc3ccc(OCCN(C)C)c(Br)c3)c2c1,IC50,7693.0,nM,=,CHEMBL674019,CHEMBL203,5.11
CHEMBL31369,C=CC(=O)Nc1ccc2ncnc(Nc3ccc(OCCN(C)C)c(Br)c3)c2c1,Inhibition,80.0,%,>,CHEMBL674021,CHEMBL203,
CHEMBL57366,CC(C)(C)NC(=O)Nc1nc2nc(N)ncc2cc1-c1c(Cl)cccc1Cl,IC50,450.0,nM,=,CHEMBL677885,CHEMBL203,6.35
CHEMBL56236,Cc1cc(C)c(C)c(-c2cc3cnc(N)nc3nc2NC(=O)NC(C)(C)C)c1C,IC50,6680.0,nM,=,CHEMBL674011,CHEMBL203,5.17
CHEMBL299763,COc1cc(OC)cc(-c2cc3cnc(N)nc3nc2NC(=O)NC(C)(C)C)c1,IC50,50000.0,nM,=,CHEMBL677885,CHEMBL203,4.30
CHEMBL293889,Cn1c(SSc2c(C(=O)Nc3ccccc3)c3cc(Cl)ccc3n2C)c(C(=O)Nc2ccccc2)c2cc(Cl)ccc21,IC50,4300.0,nM,=,CHEMBL677470,CHEMBL203,5.37
CHEMBL160566,Cn1c(SSc2c(C#N)c3ccccc3n2C)c(C#N)c2ccccc21,IC50,6900.0,nM,=,CHEMBL677470,CHEMBL203,5.16
CHEMBL346029,CC1C(=S)N(C)c2ccccc21,FC50,100.0,uM,>,CHEMBL677469,CHEMBL203,
CHEMBL117696,O=[N+]([O-])c1cccc2c(NCc3ccccc3)ncnc12,IC50,10000.0,nM,>,CHEMBL677205,CHEMBL203,
CHEMBL420624,Nc1ccc2c(Nc3cccc(Br)c3)ncnc2c1,IC50,0.1,nM,=,CHEMBL677205,CHEMBL203,10.00
CHEMBL420347,CCOc1cc2ncnc(Nc3cc(-c4csc(C)n4)c(F)cc3F)c2cc1OCC,Inhibition,,%,,CHEMBL677534,CHEMBL203,
CHEMBL127159,CCOc1ccc(-c2csc(C)n2)cc1Nc1ncnc2cc(OCC)c(OCC)cc12,Inhibition,90.0,%,=,CHEMBL677532,CHEMBL203,
CHEMBL340114,CCCc1nc(-c2cccc(Nc3ncnc4cc(OCC)c(OCC)cc34)c2)cs1,Inhibition,,%,,CHEMBL677534,CHEMBL203,
CHEMBL443033,CCOc1cc2ncnc(Nc3cccc(-c4csc(NC)n4)c3)c2cc1OCC,Inhibition,74.0,%,=,CHEMBL677532,CHEMBL203,
CHEMBL339084,Cc1nc(-c2cccc(Nc3ncnc4ccccc34)c2)cs1,Inhibition,,%,,CHEMBL677534,CHEMBL203,
CHEMBL123918,CCCCOc1cc2ncnc(Nc3cccc(-c4csc(C)n4)c3)c2cc1OC,Inhibition,,%,,CHEMBL677534,CHEMBL203,
CHEMBL338218,CCOc1cc2c(Nc3cccc(-c4csc(C)n4)c3)ncnc2cc1OC(C)C,Inhibition,90.0,%,=,CHEMBL677532,CHEMBL203,
CHEMBL85021,CC(C)c1cc(/C=C2\C(=O)Nc3ccccc32)cc(C(C)C)c1O,IC50,15300.0,nM,=,CHEMBL676159,CHEMBL203,4.82
CHEMBL85403,Cc1cccc2c1/C(=C/c1ccc[nH]1)C(=O)N2,IC50,100000.0,nM,>,CHEMBL676159,CHEMBL203,
CHEMBL350699,CN(C)CCCn1c(SSc2c(C(=O)Nc3ccccc3)c3ccccc3n2CCCN(C)C)c(C(=O)Nc2ccccc2)c2ccccc21,FC50,26.0,uM,=,CHEMBL677469,CHEMBL203,
CHEMBL329161,O=[N+]([O-])c1ccc2ncnc(Nc3cccc(Br)c3)c2c1,IC50,897.0,nM,=,CHEMBL677204,CHEMBL203,6.05
CHEMBL333082,Nc1cccc2c(Nc3cccc(Br)c3)ncnc12,IC50,105.0,nM,=,CHEMBL677204,CHEMBL203,6.98
CHEMBL53690,C=CC(=O)Nc1ccc2ncnc(Nc3cccc(C(F)(F)F)c3)c2c1,IC50,0.91,nM,=,CHEMBL856168,CHEMBL203,9.04
CHEMBL53690,C=CC(=O)Nc1ccc2ncnc(Nc3cccc(C(F)(F)F)c3)c2c1,IC50,4.5,nM,=,CHEMBL679551,CHEMBL203,8.35
CHEMBL53690,C=CC(=O)Nc1ccc2ncnc(Nc3cccc(C(F)(F)F)c3)c2c1,Inhibition,,%,,CHEMBL621158,CHEMBL203,
CHEMBL341010,CCOc1cc2nc(C(F)(F)F)nc(Nc3cccc(-c4csc(C)n4)c3)c2cc1OCC,Inhibition,,%,,CHEMBL677534,CHEMBL203,
CHEMBL126890,CCOc1cc2ncnc(Nc3cccc(-c4csc(Cc5ccccc5)n4)c3)c2cc1OCC,Inhibition,,%,,CHEMBL677534,CHEMBL203,
CHEMBL21162,Cc1ccc(NC(=O)c2ccc(Cl)cc2)cc1Nc1nccc(-c2cccnc2)n1,IC50,100000.0,nM,>,CHEMBL676151,CHEMBL203,
CHEMBL158879,Cc1c(SSc2c(C)c3ccccc3n2C)n(C)c2ccccc12,IC50,100000.0,nM,>,CHEMBL677470,CHEMBL203,
CHEMBL297968,C=CC(=O)Nc1ccc2c(Nc3cccc(C)c3)ncnc2c1,IC50,1.6,nM,=,CHEMBL856168,CHEMBL203,8.80
CHEMBL297968,C=CC(=O)Nc1ccc2c(Nc3cccc(C)c3)ncnc2c1,IC50,90.0,nM,=,CHEMBL679551,CHEMBL203,7.05
CHEMBL297968,C=CC(=O)Nc1ccc2c(Nc3cccc(C)c3)ncnc2c1,Inhibition,,%,,CHEMBL621156,CHEMBL203,
CHEMBL339328,CCOc1cc2nc(CCCl)nc(Nc3cccc(-c4csc(C)n4)c3)c2cc1OCC,Inhibition,11.0,%,=,CHEMBL677536,CHEMBL203,
CHEMBL126187,CCOc1cc2ncnc(Nc3ccc(Cl)c(-c4csc(C)n4)c3)c2cc1OCC,Inhibition,,%,,CHEMBL677534,CHEMBL203,
CHEMBL127835,CCOc1cc2ncnc(Nc3cccc(-c4csc(C(=O)O)n4)c3)c2cc1OCC,Inhibition,,%,,CHEMBL677534,CHEMBL203,
CHEMBL126192,CCOc1cc2ncnc(Nc3cccc(-c4nccs4)c3)c2cc1OCC,IC50,2.0,nM,=,CHEMBL678292,CHEMBL203,8.70
CHEMBL86755,O=C1Nc2ccccc2/C1=C/c1ccc[nH]1,IC50,100000.0,nM,>,CHEMBL676159,CHEMBL203,
CHEMBL86943,CCOC(=O)c1c(C)[nH]c(/C=C2\C(=O)Nc3ccccc32)c1C,IC50,100000.0,nM,>,CHEMBL676159,CHEMBL203,
CHEMBL157807,Cn1c(SSc2c(C(N)=O)c3ccccc3n2C)c(C(N)=O)c2ccccc21,IC50,4700.0,nM,=,CHEMBL677470,CHEMBL203,5.33
CHEMBL326095,Brc1cccc(Nc2nncc3ccccc23)c1,IC50,100000.0,nM,>,CHEMBL677204,CHEMBL203,
CHEMBL328216,Nc1cc2ncnc(Nc3cccc(Br)c3)c2cc1N,IC50,0.12,nM,=,CHEMBL677204,CHEMBL203,9.92
CHEMBL93032,Oc1cc2ncnc(Nc3cccc(Br)c3)c2cc1O,IC50,0.17,nM,=,CHEMBL677205,CHEMBL203,9.77
CHEMBL340617,CCOc1cc2ncnc(Nc3cccc(C(=O)CBr)c3)c2cc1OCC,Inhibition,,%,,CHEMBL677535,CHEMBL203,
CHEMBL126483,CCOc1cc2nc(CC)nc(Nc3cccc(-c4csc(C)n4)c3)c2cc1OCC,IC50,9300.0,nM,=,CHEMBL678292,CHEMBL203,5.03
CHEMBL340357,COc1cc2c(Nc3cccc(-c4csc(C)n4)c3)ncnc2cc1OC1CCCC1,Inhibition,,%,,CHEMBL677534,CHEMBL203,
CHEMBL87080,O=C1Nc2ccc(Br)cc2/C1=C/c1ccc(N2CCOCC2)cc1,IC50,10000.0,nM,>,CHEMBL676159,CHEMBL203,
CHEMBL86945,COc1ccc(/C=C2\C(=O)Nc3ccccc32)cc1C(C)(C)C,IC50,100000.0,nM,>,CHEMBL676159,CHEMBL203,
CHEMBL336174,NC(Cc1c(SSc2[nH]c3ccccc3c2CC(N)C(=O)NCc2ccccc2)[nH]c2ccccc12)C(=O)NCc1ccccc1,IC50,3300.0,nM,=,CHEMBL677470,CHEMBL203,5.48
CHEMBL345641,O=C(Nc1ccccc1)c1c(SSc2[nH]c3ccccc3c2C(=O)Nc2ccccc2)[nH]c2ccccc12,IC50,100000.0,nM,=,CHEMBL677470,CHEMBL203,4.00
CHEMBL157541,CN1C(=S)C(C(=O)c2ccc(C(=O)O)cc2)c2ccccc21,FC50,8.7,uM,=,CHEMBL677469,CHEMBL203,
CHEMBL117711,c1cncc(Nc2ncnc3ccccc23)c1,IC50,1000.0,nM,>,CHEMBL677204,CHEMBL203,
CHEMBL117710,Brc1cccc(Oc2ncnc3ccccc23)c1,IC50,756.0,nM,=,CHEMBL677204,CHEMBL203,6.12
CHEMBL119033,COc1cccc2ncnc(Nc3cccc(Br)c3)c12,IC50,139.0,nM,=,CHEMBL677204,CHEMBL203,6.86
CHEMBL116308,O=[N+]([O-])c1cccc2ncnc(Nc3cccc(Br)c3)c12,IC50,355.0,nM,=,CHEMBL677205,CHEMBL203,6.45
CHEMBL125577,CCOc1cc2ncnc(Nc3cccc(-c4cccnc4)c3)c2cc1OCC,Inhibition,97.0,%,=,CHEMBL677532,CHEMBL203,
CHEMBL126360,CCOc1cc2nc(CN(C)C)nc(Nc3cccc(-c4csc(C)n4)c3)c2cc1OCC,Inhibition,12.0,%,=,CHEMBL677532,CHEMBL203,
CHEMBL127793,CCCCOc1cc2c(Nc3cccc(-c4csc(C)n4)c3)ncnc2cc1OC,Inhibition,,%,,CHEMBL677534,CHEMBL203,
CHEMBL89363,Cc1c[nH]c(/C=C2\C(=O)Nc3ccccc32)c1CCC(=O)O,IC50,100000.0,nM,>,CHEMBL676159,CHEMBL203,
CHEMBL20426,Cc1ccc([N+](=O)[O-])cc1Nc1nccc(-c2cccnc2)n1,IC50,100000.0,nM,>,CHEMBL676151,CHEMBL203,
CHEMBL345837,Cn1c(SSc2c(C(=O)Nc3cccc(C(=O)O)c3)c3ccccc3n2C)c(C(=O)Nc2cccc(C(=O)O)c2)c2ccccc21,IC50,12000.0,nM,=,CHEMBL677470,CHEMBL203,4.92
CHEMBL346770,Cn1c(SSc2c(C(=O)c3ccc(C(=O)O)cc3)c3ccccc3n2C)c(C(=O)c2ccc(C(=O)O)cc2)c2ccccc21,IC50,5500.0,nM,=,CHEMBL677470,CHEMBL203,5.26
CHEMBL39563,Brc1cccc(Nc2nccc3ccccc23)c1,IC50,100000.0,nM,>,CHEMBL677204,CHEMBL203,
CHEMBL116919,COc1ccc(CNc2ncnc3ccccc23)cc1,IC50,10000.0,nM,=,CHEMBL677204,CHEMBL203,5.00
CHEMBL434253,CCOc1cc2nc(CCCCl)nc(Nc3cccc(-c4csc(C)n4)c3)c2cc1OCC,Inhibition,31.0,%,=,CHEMBL677536,CHEMBL203,
CHEMBL126769,CCOc1cc2ncnc(Nc3cc(-c4csc(C)n4)ccc3Cl)c2cc1OCC,Inhibition,,%,,CHEMBL677534,CHEMBL203,
CHEMBL177671,CCOc1cc2ncnc(Nc3cc(-c4csc(C)n4)ccc3CC)c2cc1OCC,Inhibition,,%,,CHEMBL677534,CHEMBL203,
CHEMBL340660,CCOc1cc2ncnc(Nc3cccc(-c4csc(N)n4)c3)c2cc1OCC,IC50,560.0,nM,=,CHEMBL678292,CHEMBL203,6.25
CHEMBL338164,CCOc1cc2ncnc(Nc3cccc(-c4csc(N(C)C)n4)c3)c2cc1OCC,Inhibition,,%,,CHEMBL677534,CHEMBL203,
CHEMBL127673,CCOc1cc2ncnc(Nc3cccc(-c4csc(OC)n4)c3)c2cc1OCC,Inhibition,94.0,%,=,CHEMBL677532,CHEMBL203,
CHEMBL127948,CCOc1cc2nc(CC(C)C)nc(Nc3cccc(-c4csc(C)n4)c3)c2cc1OCC,Inhibition,12.0,%,=,CHEMBL677532,CHEMBL203,
CHEMBL434636,Cc1nc(-c2cccc(Nc3ncnc4cc5ccccc5cc34)c2)cs1,Inhibition,,%,,CHEMBL677533,CHEMBL203,
CHEMBL124660,COc1cc2c(N3CCN(C(=O)Nc4ccc(OC(C)C)cc4)CC3)ncnc2cc1OCCCN1CCCCC1,IC50,30000.0,nM,>,CHEMBL678296,CHEMBL203,
CHEMBL87208,O=C1Nc2cc(F)ccc2/C1=C/c1ccc[nH]1,IC50,100000.0,nM,>,CHEMBL676159,CHEMBL203,
CHEMBL418010,COc1ccccc1C(=O)Nc1ccc(C)c(Nc2nccc(-c3cccnc3)n2)c1,IC50,100000.0,nM,>,CHEMBL676151,CHEMBL203,
CHEMBL21079,Cc1ccc(NC(=O)c2ccccc2)cc1Nc1nccc(-c2ccc[n+]([O-])c2)n1,IC50,100000.0,nM,>,CHEMBL676151,CHEMBL203,
CHEMBL347161,Cn1c(SSc2c(C(=O)Nc3ccc(C(=O)O)cc3)c3ccccc3n2C)c(C(=O)Nc2ccc(C(=O)O)cc2)c2ccccc21,IC50,16900.0,nM,=,CHEMBL677470,CHEMBL203,4.77
CHEMBL330882,COc1cccc2ncnc(NCc3ccccc3)c12,IC50,4900.0,nM,=,CHEMBL677204,CHEMBL203,5.31
CHEMBL119000,O=[N+]([O-])c1ccc2ncnc(NCc3ccccc3)c2c1,IC50,10000.0,nM,>,CHEMBL677204,CHEMBL203,
CHEMBL280757,C=CC(=O)Nc1ccc2ncnc(Nc3ccc(F)c(Br)c3)c2c1,IC50,0.69,nM,=,CHEMBL674018,CHEMBL203,9.16
CHEMBL280757,C=CC(=O)Nc1ccc2ncnc(Nc3ccc(F)c(Br)c3)c2c1,IC50,2.7,nM,=,CHEMBL674017,CHEMBL203,8.57
CHEMBL280757,C=CC(=O)Nc1ccc2ncnc(Nc3ccc(F)c(Br)c3)c2c1,Inhibition,,%,,CHEMBL621158,CHEMBL203,
CHEMBL129591,CCOc1cc2ncnc(Nc3cccc(-c4coc(C)n4)c3)c2cc1OCC,Inhibition,,%,,CHEMBL677534,CHEMBL203,
CHEMBL87402,O=C1Nc2ccccc2/C1=C/c1n[nH]cc1Cl,IC50,100000.0,nM,>,CHEMBL676159,CHEMBL203,
CHEMBL326596,COc1ccc2c(NCc3ccccc3)ncnc2c1,IC50,58.0,nM,=,CHEMBL677204,CHEMBL203,7.24
CHEMBL333418,Nc1cccc2ncnc(Nc3cccc(Br)c3)c12,IC50,439.0,nM,=,CHEMBL677204,CHEMBL203,6.36
CHEMBL341121,CCOc1cc2nc(CC(=O)O)nc(Nc3cccc(-c4csc(C)n4)c3)c2cc1OCC,Inhibition,21.0,%,=,CHEMBL677532,CHEMBL203,
CHEMBL86837,O=C1Nc2ccccc2/C1=C/c1ccc(Br)cc1,IC50,100000.0,nM,>,CHEMBL676159,CHEMBL203,
CHEMBL21086,COc1ccc(NC(=O)c2ccccc2)cc1Nc1nccc(-c2cccnc2)n1,IC50,100000.0,nM,>,CHEMBL676151,CHEMBL203,
CHEMBL347659,COC(=O)c1ccc(CNC(=O)c2c(SSc3c(C(=O)NCc4ccc(C(=O)OC)cc4)c4ccccc4n3C)n(C)c3ccccc23)cc1,IC50,13000.0,nM,=,CHEMBL677470,CHEMBL203,4.89
CHEMBL158596,COC(=O)c1cccc(NC(=O)c2c(SSc3c(C(=O)Nc4cccc(C(=O)OC)c4)c4ccccc4n3C)n(C)c3ccccc23)c1,IC50,100000.0,nM,>,CHEMBL677470,CHEMBL203,
CHEMBL441083,Cc1cccc(Nc2ncnc3ccccc23)c1,IC50,910.0,nM,=,CHEMBL677204,CHEMBL203,6.04
CHEMBL329672,Clc1cccc(Nc2ncnc3ccccc23)c1,IC50,23.0,nM,=,CHEMBL677204,CHEMBL203,7.64
CHEMBL430571,C=CC(=O)Nc1ccc2ncnc(Nc3ccc(OCc4ccccc4)cc3)c2c1,IC50,3.6,nM,=,CHEMBL856168,CHEMBL203,8.44
CHEMBL430571,C=CC(=O)Nc1ccc2ncnc(Nc3ccc(OCc4ccccc4)cc3)c2c1,IC50,4.2,nM,=,CHEMBL679551,CHEMBL203,8.38
CHEMBL430571,C=CC(=O)Nc1ccc2ncnc(Nc3ccc(OCc4ccccc4)cc3)c2c1,Inhibition,,%,,CHEMBL621158,CHEMBL203,
CHEMBL52913,C=CC(=O)Nc1ccc2c(Nc3cccc(Cl)c3)ncnc2c1,IC50,0.25,nM,=,CHEMBL856168,CHEMBL203,9.60
CHEMBL52913,C=CC(=O)Nc1ccc2c(Nc3cccc(Cl)c3)ncnc2c1,IC50,53.0,nM,=,CHEMBL679551,CHEMBL203,7.28
CHEMBL52913,C=CC(=O)Nc1ccc2c(Nc3cccc(Cl)c3)ncnc2c1,Inhibition,,%,,CHEMBL621157,CHEMBL203,
CHEMBL338427,CCOc1cc2ncnc(Nc3cccc(-c4cccc(C)c4)c3)c2cc1OCC,Inhibition,,%,,CHEMBL677534,CHEMBL203,
CHEMBL340378,CCOc1cc2ncnc(Nc3cccc(-c4ccc(C)cc4)c3)c2cc1OCC,Inhibition,,%,,CHEMBL677534,CHEMBL203,
CHEMBL328452,CCc1ccc(/C=C2/C(=O)Nc3ccccc32)o1,IC50,100000.0,nM,>,CHEMBL676159,CHEMBL203,
CHEMBL158797,Cn1c(SSc2c(C(=O)NCC(O)CO)c3ccccc3n2C)c(C(=O)NCC(O)CO)c2ccccc21,IC50,43000.0,nM,=,CHEMBL677470,CHEMBL203,4.37
CHEMBL348069,COC(=O)c1ccc(NC(=O)c2c(SSc3c(C(=O)Nc4ccc(C(=O)OC)cc4)c4ccccc4n3C)n(C)c3ccccc23)cc1,IC50,100000.0,nM,>,CHEMBL677470,CHEMBL203,
CHEMBL346553,COC(=O)c1ccc(C(=O)c2c(SSc3c(C(=O)c4ccc(C(=O)OC)cc4)c4ccccc4n3C)n(C)c3ccccc23)cc1,IC50,6100.0,nM,=,CHEMBL677470,CHEMBL203,5.21
CHEMBL92825,Ic1cccc(Nc2ncnc3ccccc23)c1,IC50,80.0,nM,=,CHEMBL677204,CHEMBL203,7.10
CHEMBL52197,COc1ccc2ncnc(Nc3cccc(Br)c3)c2c1,IC50,348.0,nM,=,CHEMBL677204,CHEMBL203,6.46
CHEMBL117697,COc1cccc(Nc2ncnc3ccccc23)c1,IC50,842.0,nM,=,CHEMBL677204,CHEMBL203,6.08
CHEMBL340714,CCOc1cc2ncnc(Nc3ccc(F)c(-c4csc(C)n4)c3)c2cc1OCC,Inhibition,84.0,%,=,CHEMBL677532,CHEMBL203,
CHEMBL338472,CCOc1cc2ncnc(Nc3cc(-c4csc(C)n4)ccc3F)c2cc1OCC,Inhibition,73.0,%,=,CHEMBL677532,CHEMBL203,
CHEMBL89040,Cc1cccc2c1/C(=C/c1ccc(N3CCN(C=O)CC3)cc1)C(=O)N2,IC50,100000.0,nM,>,CHEMBL676159,CHEMBL203,
CHEMBL86432,CSc1ccc(/C=C2\C(=O)Nc3cccc(C)c32)s1,IC50,100000.0,nM,>,CHEMBL676159,CHEMBL203,
CHEMBL62176,CN1C(=S)C(C(=O)Nc2ccccc2)c2ccccc21,FC50,1.0,uM,=,CHEMBL677469,CHEMBL203,
CHEMBL94275,O=[N+]([O-])c1ccc2c(Nc3cccc(Br)c3)ncnc2c1,IC50,1000.0,nM,=,CHEMBL677204,CHEMBL203,6.00
CHEMBL54091,C=CC(=O)Nc1cc2c(Nc3ccc(F)c(Br)c3)ncnc2cn1,IC50,0.72,nM,=,CHEMBL674018,CHEMBL203,9.14
CHEMBL54091,C=CC(=O)Nc1cc2c(Nc3ccc(F)c(Br)c3)ncnc2cn1,IC50,2.1,nM,=,CHEMBL674017,CHEMBL203,8.68
CHEMBL54091,C=CC(=O)Nc1cc2c(Nc3ccc(F)c(Br)c3)ncnc2cn1,Inhibition,,%,,CHEMBL621158,CHEMBL203,
CHEMBL126645,CCOc1cc2ncnc(Nc3cccc(-c4ccccc4)c3)c2cc1OCC,Inhibition,,%,,CHEMBL677534,CHEMBL203,
CHEMBL90277,Cc1cccc2c1/C(=C/c1ccc(N3CCOCC3)cc1)C(=O)N2,IC50,100000.0,nM,>,CHEMBL676159,CHEMBL203,
CHEMBL89723,CC(C)c1cc(/C=C2\C(=O)Nc3ccc(Cl)cc32)cc(C(C)C)c1O,IC50,9500.0,nM,=,CHEMBL676159,CHEMBL203,5.02
CHEMBL352010,Cn1c(SSc2c(C(=O)Nc3cccnc3)c3ccccc3n2C)c(C(=O)Nc2cccnc2)c2ccccc21,IC50,100000.0,nM,>,CHEMBL677470,CHEMBL203,
CHEMBL351920,CC(=O)c1c(SSc2c(C(C)=O)c3ccccc3n2C)n(C)c2ccccc12,IC50,5600.0,nM,=,CHEMBL677470,CHEMBL203,5.25
CHEMBL330946,Nc1ccc2c(NCc3ccccc3)ncnc2c1,IC50,1000.0,nM,>,CHEMBL677204,CHEMBL203,
CHEMBL333851,COc1cc2c(NCc3ccccc3)ncnc2cc1O,IC50,588.0,nM,=,CHEMBL677204,CHEMBL203,6.23
CHEMBL53665,C=CC(=O)Nc1ccc2ncnc(Nc3ccc(F)c(Br)c3)c2n1,IC50,1.2,nM,=,CHEMBL674018,CHEMBL203,8.92
CHEMBL53665,C=CC(=O)Nc1ccc2ncnc(Nc3ccc(F)c(Br)c3)c2n1,IC50,18.0,nM,=,CHEMBL674017,CHEMBL203,7.75
CHEMBL53665,C=CC(=O)Nc1ccc2ncnc(Nc3ccc(F)c(Br)c3)c2n1,Inhibition,,%,,CHEMBL621158,CHEMBL203,
CHEMBL341075,CCOc1cc2nc(Cl)nc(Nc3cccc(-c4csc(C)n4)c3)c2cc1OCC,Inhibition,,%,,CHEMBL677535,CHEMBL203,
CHEMBL126456,CCOc1cc2ncnc(Nc3cccc(-c4csc(C)n4)c3)c2cc1OCC,IC50,4800.0,nM,=,CHEMBL678293,CHEMBL203,5.32
CHEMBL126456,CCOc1cc2ncnc(Nc3cccc(-c4csc(C)n4)c3)c2cc1OCC,Inhibition,86.0,%,=,CHEMBL677532,CHEMBL203,
CHEMBL125861,CCOc1cc2ncnc(Nc3cccc(-c4ccccn4)c3)c2cc1OCC,Inhibition,100.0,%,=,CHEMBL677532,CHEMBL203,
CHEMBL127178,Cc1nc(-c2cccc(Nc3ncnc4cc5c(cc34)OCCO5)c2)cs1,Inhibition,,%,,CHEMBL677533,CHEMBL203,
CHEMBL86480,O=C1Nc2ccccc2/C1=C/c1ccc(N2CCOCC2)cc1,IC50,100000.0,nM,>,CHEMBL676159,CHEMBL203,
CHEMBL314217,O=C1Nc2ccccc2/C1=C/c1ccc(N2CCCC2)cc1,IC50,100000.0,nM,>,CHEMBL676159,CHEMBL203,
CHEMBL87746,COc1c(Br)cc(/C=C2\C(=O)Nc3ccccc32)cc1C(C)(C)C,IC50,19000.0,nM,=,CHEMBL676159,CHEMBL203,4.72
CHEMBL118482,Brc1cccc(Nc2cnnc3ccccc23)c1,IC50,10000.0,nM,>,CHEMBL677204,CHEMBL203,
CHEMBL127926,CCOc1cc2ncnc(Nc3cccc(-c4csc(COC)n4)c3)c2cc1OCC,Inhibition,,%,,CHEMBL677534,CHEMBL203,
CHEMBL340257,CCOc1nc(-c2cccc(Nc3ncnc4cc(OCC)c(OCC)cc34)c2)cs1,Inhibition,,%,,CHEMBL677534,CHEMBL203,
CHEMBL338375,CCOc1cc2nc(CCN)nc(Nc3cccc(-c4csc(C)n4)c3)c2cc1OCC,Inhibition,18.0,%,=,CHEMBL677532,CHEMBL203,
CHEMBL127935,COc1cc2ncnc(Nc3cccc(-c4csc(C)n4)c3)c2cc1OC,Inhibition,,%,,CHEMBL677534,CHEMBL203,
CHEMBL127893,CCOc1cc2c(Nc3cccc(-c4csc(C)n4)c3)ncnc2cc1OC,Inhibition,,%,,CHEMBL677534,CHEMBL203,
CHEMBL278103,Cc1ccc(N)cc1Nc1nccc(-c2cccnc2)n1,IC50,100000.0,nM,>,CHEMBL676151,CHEMBL203,
CHEMBL119432,Nc1cccc2ncnc(NCc3ccccc3)c12,IC50,10000.0,nM,>,CHEMBL677204,CHEMBL203,
CHEMBL93181,COc1ccc2c(Nc3cccc(Br)c3)ncnc2c1,IC50,10.0,nM,=,CHEMBL677204,CHEMBL203,8.00
CHEMBL313578,O=C1Nc2ccccc2/C1=C/c1ccc(O)cc1,IC50,100000.0,nM,>,CHEMBL676159,CHEMBL203,
CHEMBL314798,C/C(=C1\C(=O)Nc2ccccc21)c1ccc(N2CCCCC2)cc1,IC50,100000.0,nM,>,CHEMBL676159,CHEMBL203,
CHEMBL316008,CCOC(=O)c1c[nH]c(/C=C2\C(=O)Nc3ccccc32)c1C,IC50,100000.0,nM,>,CHEMBL676159,CHEMBL203,
CHEMBL87783,O=C1Nc2ccccc2/C1=C/c1sccc1Br,IC50,100000.0,nM,>,CHEMBL676159,CHEMBL203,
CHEMBL316268,O=C1Nc2ccccc2/C1=C/c1cc(Br)cs1,IC50,100000.0,nM,>,CHEMBL676159,CHEMBL203,
CHEMBL312826,O=C1Nc2ccccc2/C1=C\c1ccco1,IC50,100000.0,nM,>,CHEMBL676159,CHEMBL203,
CHEMBL278287,Cc1ccc(N(C)C(=O)c2ccccc2)cc1Nc1nccc(-c2cccnc2)n1,IC50,49000.0,nM,=,CHEMBL676151,CHEMBL203,4.31
CHEMBL161226,CNC(=O)c1c(SSc2[nH]c3ccccc3c2C(=O)NC)[nH]c2ccccc12,IC50,6100.0,nM,=,CHEMBL677470,CHEMBL203,5.21
CHEMBL158796,COC(=O)c1ccc(C(=O)C2C(=S)N(C)c3ccccc32)cc1,FC50,100.0,uM,>,CHEMBL677469,CHEMBL203,
CHEMBL289787,COc1cccc2c(Nc3cccc(Br)c3)ncnc12,IC50,974.0,nM,=,CHEMBL677205,CHEMBL203,6.01
CHEMBL296168,C=CC(=O)Nc1ccc2ncnc(Nc3cccc(Br)c3)c2n1,IC50,1.1,nM,=,CHEMBL674018,CHEMBL203,8.96
CHEMBL296168,C=CC(=O)Nc1ccc2ncnc(Nc3cccc(Br)c3)c2n1,IC50,5.6,nM,=,CHEMBL674017,CHEMBL203,8.25
CHEMBL296168,C=CC(=O)Nc1ccc2ncnc(Nc3cccc(Br)c3)c2n1,Inhibition,,%,,CHEMBL621158,CHEMBL203,
CHEMBL51741,C=CC(=O)Nc1ccc2ncnc(N3CCc4ccc(Br)cc43)c2c1,IC50,0.4,nM,=,CHEMBL674018,CHEMBL203,9.40
CHEMBL51741,C=CC(=O)Nc1ccc2ncnc(N3CCc4ccc(Br)cc43)c2c1,IC50,9.9,nM,=,CHEMBL674017,CHEMBL203,8.00
CHEMBL51741,C=CC(=O)Nc1ccc2ncnc(N3CCc4ccc(Br)cc43)c2c1,Inhibition,,%,,CHEMBL621158,CHEMBL203,
CHEMBL129713,CCOc1cc2nc(COC)nc(Nc3cccc(-c4csc(C)n4)c3)c2cc1OCC,Inhibition,17.0,%,=,CHEMBL677532,CHEMBL203,
CHEMBL414241,COc1cc2c(Nc3cccc(-c4csc(C)n4)c3)ncnc2cc1OCC(C)C,Inhibition,,%,,CHEMBL677534,CHEMBL203,
CHEMBL313433,CCc1c(/C=C2\C(=O)Nc3ccccc32)[nH]c(C)c1C,IC50,100000.0,nM,>,CHEMBL676159,CHEMBL203,
CHEMBL277430,Cc1ccc(N(C(=O)c2ccccc2)C(=O)c2ccccc2)cc1Nc1nccc(-c2cccnc2)n1,IC50,75000.0,nM,=,CHEMBL676151,CHEMBL203,4.12
CHEMBL21215,CNc1ccc(C)c(Nc2nccc(-c3cccnc3)n2)c1,IC50,100000.0,nM,>,CHEMBL676151,CHEMBL203,
CHEMBL347256,CN(C(=O)c1c(SSc2c(C(=O)N(C)c3ccccc3)c3ccccc3n2C)n(C)c2ccccc12)c1ccccc1,IC50,100000.0,nM,>,CHEMBL677470,CHEMBL203,
CHEMBL325245,COc1cc2ncnc(NCc3ccccc3)c2cc1OC,IC50,10.0,nM,=,CHEMBL677204,CHEMBL203,8.00
CHEMBL434240,CCOc1cc2ncnc(Nc3ccc(F)c(-c4csc(C)n4)c3F)c2cc1OCC,Inhibition,,%,,CHEMBL677534,CHEMBL203,
CHEMBL422540,c1ccc(-c2c(SSc3[nH]c4ccccc4c3-c3ccccc3)[nH]c3ccccc23)cc1,IC50,100000.0,nM,=,CHEMBL677470,CHEMBL203,4.00
CHEMBL37346,Brc1cccc(Nc2ccnc3ccccc23)c1,IC50,5500.0,nM,=,CHEMBL677204,CHEMBL203,5.26
CHEMBL51659,C=CC(=O)Nc1cc2c(Nc3cccc(Br)c3)ncnc2cn1,IC50,0.91,nM,=,CHEMBL674018,CHEMBL203,9.04
CHEMBL51659,C=CC(=O)Nc1cc2c(Nc3cccc(Br)c3)ncnc2cn1,IC50,3.4,nM,=,CHEMBL674017,CHEMBL203,8.47
CHEMBL51659,C=CC(=O)Nc1cc2c(Nc3cccc(Br)c3)ncnc2cn1,Inhibition,,%,,CHEMBL621158,CHEMBL203,
CHEMBL127542,COc1cc2c(Nc3cccc(-c4csc(C)n4)c3)ncnc2cc1OC(C)C,Inhibition,,%,,CHEMBL677534,CHEMBL203,
CHEMBL338103,CCOc1cc2ncnc(Nc3cc(-c4csc(C)n4)ccc3OC)c2cc1OCC,Inhibition,,%,,CHEMBL677534,CHEMBL203,
CHEMBL420520,COc1cc2ncnc(Nc3cccc(-c4csc(C)n4)c3)c2cc1OC(C)C,Inhibition,,%,,CHEMBL677534,CHEMBL203,
CHEMBL315701,O=C1Nc2ccccc2/C1=C/c1ccc(N2CCCCC2)cc1,IC50,100000.0,nM,>,CHEMBL676159,CHEMBL203,
CHEMBL277931,O=C(Nc1cccc(Nc2nccc(-c3cccnc3)n2)c1)c1ccccc1,IC50,50000.0,nM,>,CHEMBL676151,CHEMBL203,
CHEMBL435054,Cn1c(SSc2c(C(=O)Nc3ccccn3)c3ccccc3n2C)c(C(=O)Nc2ccccn2)c2ccccc21,IC50,47000.0,nM,=,CHEMBL677470,CHEMBL203,4.33
CHEMBL338691,CCOc1cc2ncnc(Nc3cc(-c4csc(C)n4)cc(C(F)(F)F)c3)c2cc1OCC,Inhibition,,%,,CHEMBL677534,CHEMBL203,
CHEMBL127647,CCOc1cc2nc(Cn3ccnc3)nc(Nc3cccc(-c4csc(C)n4)c3)c2cc1OCC,Inhibition,38.0,%,=,CHEMBL677532,CHEMBL203,
CHEMBL345211,Cn1c(SSc2c(C(=O)NCC(=O)O)c3ccccc3n2C)c(C(=O)NCC(=O)O)c2ccccc21,IC50,10000.0,nM,=,CHEMBL677470,CHEMBL203,5.00
CHEMBL345622,Cn1c(SSc2c(C(=O)Nc3cccs3)c3ccccc3n2C)c(C(=O)Nc2cccs2)c2ccccc21,IC50,100000.0,nM,>,CHEMBL677470,CHEMBL203,
CHEMBL332096,Nc1ccc2ncnc(NCc3ccccc3)c2c1,IC50,1400.0,nM,=,CHEMBL677204,CHEMBL203,5.85
CHEMBL117804,c1ccc(CCNc2ncnc3ccccc23)cc1,IC50,4100.0,nM,=,CHEMBL677204,CHEMBL203,5.39
CHEMBL324371,CN(c1ccccc1)c1ncnc2ccccc12,IC50,100000.0,nM,=,CHEMBL677204,CHEMBL203,4.00
CHEMBL125526,CCOc1cc2nc(C(C)C)nc(Nc3cccc(-c4csc(C)n4)c3)c2cc1OCC,Inhibition,23.0,%,=,CHEMBL677532,CHEMBL203,
CHEMBL340862,CCOc1cc2ncnc(Nc3cccc(-c4cncs4)c3)c2cc1OCC,IC50,11.0,nM,=,CHEMBL678292,CHEMBL203,7.96
CHEMBL124816,CCCOc1cc2ncnc(Nc3cccc(-c4csc(C)n4)c3)c2cc1OC,Inhibition,,%,,CHEMBL677534,CHEMBL203,
CHEMBL87810,COc1ccc(/C=C2\C(=O)Nc3ccccc32)cc1,IC50,100000.0,nM,>,CHEMBL676159,CHEMBL203,
CHEMBL20867,Cc1ccc(C(=O)Nc2ccc(C)c(Nc3nccc(-c4cccnc4)n3)c2)cc1,IC50,100000.0,nM,>,CHEMBL676151,CHEMBL203,
CHEMBL158805,Cn1c(SSc2c(C(=O)NCc3ccc(C(=O)O)cc3)c3ccccc3n2C)c(C(=O)NCc2ccc(C(=O)O)cc2)c2ccccc21,IC50,5300.0,nM,=,CHEMBL677470,CHEMBL203,5.28
CHEMBL304414,Cn1c(SSc2c(C(=O)Nc3ccccc3)c3ccccc3n2C)c(C(=O)Nc2ccccc2)c2ccccc21,IC50,10900.0,nM,=,CHEMBL677470,CHEMBL203,4.96
CHEMBL116748,O=[N+]([O-])c1ccc2c(NCc3ccccc3)ncnc2c1,IC50,5900.0,nM,=,CHEMBL677204,CHEMBL203,5.23
CHEMBL115745,COc1cc2ncnc(NCc3ccccc3)c2cc1O,IC50,56.0,nM,=,CHEMBL677204,CHEMBL203,7.25
CHEMBL49986,C=CC(=O)Nc1cc2ncnc(Nc3cccc(Br)c3)c2cn1,IC50,0.54,nM,=,CHEMBL674018,CHEMBL203,9.27
CHEMBL49986,C=CC(=O)Nc1cc2ncnc(Nc3cccc(Br)c3)c2cn1,IC50,108.0,nM,=,CHEMBL674017,CHEMBL203,6.97
CHEMBL49986,C=CC(=O)Nc1cc2ncnc(Nc3cccc(Br)c3)c2cn1,Inhibition,,%,,CHEMBL621157,CHEMBL203,
CHEMBL126588,CCOc1cc2ncnc(Nc3cccc(C(C)=O)c3)c2cc1OCC,Inhibition,,%,,CHEMBL677534,CHEMBL203,
CHEMBL333127,COCCOc1cc2ncnc(Nc3cccc(-c4csc(C)n4)c3)c2cc1OC,Inhibition,,%,,CHEMBL677534,CHEMBL203,
CHEMBL89809,Cc1cccc2c1/C(=C/c1ccc(N(C)C)cc1)C(=O)N2,IC50,100000.0,nM,>,CHEMBL676159,CHEMBL203,
CHEMBL89646,Cn1cc(Cl)c(/C=C2\C(=O)Nc3ccccc32)n1,IC50,100000.0,nM,>,CHEMBL676159,CHEMBL203,
CHEMBL48760,CC(C)c1ccc(/C=C2/C(=O)Nc3ccccc32)cc1,IC50,18500.0,nM,=,CHEMBL676159,CHEMBL203,4.73
CHEMBL20252,Cc1ccc(NC(=O)c2ccc3ccccc3c2)cc1Nc1nccc(-c2cccnc2)n1,IC50,100000.0,nM,>,CHEMBL676151,CHEMBL203,
CHEMBL345862,Cn1c(SSc2c(C(=O)Nc3ccccc3C(=O)O)c3ccccc3n2C)c(C(=O)Nc2ccccc2C(=O)O)c2ccccc21,IC50,47000.0,nM,=,CHEMBL677470,CHEMBL203,4.33
CHEMBL331417,Brc1cccc(Nc2cnc3ccccc3n2)c1,IC50,100000.0,nM,>,CHEMBL677204,CHEMBL203,
CHEMBL119708,O=[N+]([O-])c1cccc2ncnc(NCc3ccccc3)c12,IC50,8000.0,nM,=,CHEMBL677204,CHEMBL203,5.10
CHEMBL424255,COc1cccc2c(NCc3ccccc3)ncnc12,IC50,10000.0,nM,>,CHEMBL677204,CHEMBL203,
CHEMBL126233,CCOc1cc2nc(Cc3ccccc3)nc(Nc3cccc(-c4csc(C)n4)c3)c2cc1OCC,Inhibition,,%,,CHEMBL677534,CHEMBL203,
CHEMBL276711,Cc1cc(C)c(/C=C2\C(=O)Nc3ccccc32)[nH]1,IC50,100000.0,nM,>,CHEMBL676159,CHEMBL203,
CHEMBL20926,Cc1ccc(NC(=O)c2ccccc2)cc1Nc1nccc(-c2cccnc2)n1,IC50,100000.0,nM,>,CHEMBL676151,CHEMBL203,
CHEMBL314029,COC(=O)CCc1c(SSc2c(CCC(=O)OC)c3ccccc3n2C)n(C)c2ccccc12,IC50,100000.0,nM,>,CHEMBL677470,CHEMBL203,
CHEMBL61278,Cn1c(SSc2c(C(=O)Nc3ccccc3)c3cc(C(F)(F)F)ccc3n2C)c(C(=O)Nc2ccccc2)c2cc(C(F)(F)F)ccc21,IC50,100000.0,nM,>,CHEMBL677470,CHEMBL203,
CHEMBL156281,Cn1c(SSc2c(C(=O)Nc3ccncc3)c3ccccc3n2C)c(C(=O)Nc2ccncc2)c2ccccc21,IC50,100000.0,nM,>,CHEMBL677470,CHEMBL203,
CHEMBL332938,COc1ccc2ncnc(NCc3ccccc3)c2c1,IC50,200.0,nM,=,CHEMBL677204,CHEMBL203,6.70
CHEMBL443523,C=CC(=O)Nc1ccc2c(Nc3cccc(Br)c3)ncnc2c1,IC50,0.45,nM,=,CHEMBL674018,CHEMBL203,9.35
CHEMBL443523,C=CC(=O)Nc1ccc2c(Nc3cccc(Br)c3)ncnc2c1,IC50,14.0,nM,=,CHEMBL674017,CHEMBL203,7.85
CHEMBL443523,C=CC(=O)Nc1ccc2c(Nc3cccc(Br)c3)ncnc2c1,Inhibition,,%,,CHEMBL621158,CHEMBL203,
CHEMBL126466,CCOc1cc2nc(CCl)nc(Nc3cccc(-c4csc(C)n4)c3)c2cc1OCC,Inhibition,10.0,%,=,CHEMBL677536,CHEMBL203,
CHEMBL126310,CCOc1cc2ncnc(Nc3cc(-c4csc(C)n4)ccc3C)c2cc1OCC,Inhibition,69.0,%,=,CHEMBL677532,CHEMBL203,
CHEMBL125920,CCOc1cc2ncnc(Nc3cccc(-c4cc[nH]n4)c3)c2cc1OCC,IC50,11.0,nM,=,CHEMBL678292,CHEMBL203,7.96
CHEMBL127354,CCOc1cc2nc(CN)nc(Nc3cccc(-c4csc(C)n4)c3)c2cc1OCC,Inhibition,0.0,%,=,CHEMBL677532,CHEMBL203,
CHEMBL89505,CC(C)(C)c1cc(/C=C2\C(=O)Nc3ccccc32)cc(C(C)(C)C)c1O,IC50,7900.0,nM,=,CHEMBL676159,CHEMBL203,5.10
CHEMBL21078,Cc1ccc(NC(=O)c2ccccc2)cc1Nc1nccc(-c2cccs2)n1,IC50,100000.0,nM,>,CHEMBL676151,CHEMBL203,
CHEMBL158328,CC(=O)C1C(=S)N(C)c2ccccc21,FC50,100.0,uM,>,CHEMBL677469,CHEMBL203,
CHEMBL28418,C=CC(=O)Nc1ccc2ncnc(Nc3ccc(F)c(Cl)c3)c2n1,IC50,0.75,nM,=,CHEMBL674018,CHEMBL203,9.12
CHEMBL28418,C=CC(=O)Nc1ccc2ncnc(Nc3ccc(F)c(Cl)c3)c2n1,IC50,18.0,nM,=,CHEMBL674017,CHEMBL203,7.75
CHEMBL28418,C=CC(=O)Nc1ccc2ncnc(Nc3ccc(F)c(Cl)c3)c2n1,Inhibition,,%,,CHEMBL621158,CHEMBL203,
CHEMBL65250,C#Cc1cc(Nc2ncnc3cc(OC)c(OC)cc23)ccc1F,IC50,4.0,nM,=,CHEMBL678292,CHEMBL203,8.40
CHEMBL86944,COc1c(Br)cc(/C=C2\C(=O)Nc3ccc(Cl)cc32)cc1C(C)(C)C,IC50,100000.0,nM,>,CHEMBL676159,CHEMBL203,
CHEMBL89721,CSc1ccc(/C=C2\C(=O)Nc3ccccc32)s1,IC50,100000.0,nM,>,CHEMBL676159,CHEMBL203,
CHEMBL86921,CN(C)c1ccc(/C=C2\C(=O)N(C)c3ccccc32)cc1,IC50,100000.0,nM,>,CHEMBL676159,CHEMBL203,
CHEMBL347854,Cc1ccc(S(=O)(=O)c2c(SSc3[nH]c4ccccc4c3S(=O)(=O)c3ccc(C)cc3)[nH]c3ccccc23)cc1,IC50,28700.0,nM,=,CHEMBL677470,CHEMBL203,4.54
CHEMBL290096,Brc1cccc(Nc2ncnc3ccccc23)c1,IC50,27.0,nM,=,CHEMBL677204,CHEMBL203,7.57
CHEMBL119758,Brc1cccc(Nc2nnnc3ccccc23)c1,IC50,1000.0,nM,>,CHEMBL677204,CHEMBL203,
CHEMBL52765,Nc1ccc2ncnc(Nc3cccc(Br)c3)c2c1,IC50,0.79,nM,=,CHEMBL677204,CHEMBL203,9.10
CHEMBL29197,COc1cc2ncnc(Nc3cccc(Br)c3)c2cc1OC,IC50,0.029,nM,=,CHEMBL677204,CHEMBL203,10.54
CHEMBL117554,Clc1ccc(CNc2ncnc3ccccc23)cc1,IC50,7000.0,nM,=,CHEMBL677204,CHEMBL203,5.16
CHEMBL289959,c1ccc(Nc2ncnc3ccccc23)cc1,IC50,344.0,nM,=,CHEMBL677204,CHEMBL203,6.46
CHEMBL102726,c1ccc(CNc2ncnc3ccccc23)cc1,IC50,320.0,nM,=,CHEMBL677205,CHEMBL203,6.50
CHEMBL285063,C=CC(=O)Nc1ccc2ncnc(Nc3cccc(Br)c3)c2c1,IC50,0.7,nM,=,CHEMBL674018,CHEMBL203,9.15
CHEMBL285063,C=CC(=O)Nc1ccc2ncnc(Nc3cccc(Br)c3)c2c1,IC50,4.3,nM,=,CHEMBL674017,CHEMBL203,8.37
CHEMBL285063,C=CC(=O)Nc1ccc2ncnc(Nc3cccc(Br)c3)c2c1,Inhibition,,%,,CHEMBL621158,CHEMBL203,
CHEMBL31373,C=CC(=O)Nc1ccc2ncnc(Nc3ccc(F)c(Cl)c3)c2c1,IC50,0.75,nM,=,CHEMBL674018,CHEMBL203,9.12
CHEMBL31373,C=CC(=O)Nc1ccc2ncnc(Nc3ccc(F)c(Cl)c3)c2c1,IC50,3.1,nM,=,CHEMBL674017,CHEMBL203,8.51
CHEMBL31373,C=CC(=O)Nc1ccc2ncnc(Nc3ccc(F)c(Cl)c3)c2c1,Inhibition,,%,,CHEMBL621158,CHEMBL203,
CHEMBL127458,CCOc1cc2ncnc(Nc3cccc(-c4csc(C5CC5)n4)c3)c2cc1OCC,Inhibition,90.0,%,=,CHEMBL677532,CHEMBL203,
CHEMBL315546,O=CN1CCN(c2ccc(/C=C3\C(=O)Nc4ccccc43)cc2)CC1,IC50,100000.0,nM,>,CHEMBL676159,CHEMBL203,
CHEMBL88405,O=CN1CCN(c2ccc(/C=C3\C(=O)Nc4ccc(Br)cc43)cc2)CC1,IC50,50000.0,nM,>,CHEMBL676159,CHEMBL203,
CHEMBL330321,Cc1cc(C)c(/C=C2\C(=O)Nc3cccc(C)c32)[nH]1,IC50,100000.0,nM,>,CHEMBL676159,CHEMBL203,
CHEMBL328710,CN(C)c1ccc(/C=C2\C(=O)Nc3ccccc32)cc1,IC50,100000.0,nM,>,CHEMBL676159,CHEMBL203,
CHEMBL349322,Cn1c(SSc2c(C(=O)c3ccccc3)c3ccccc3n2C)c(C(=O)c2ccccc2)c2ccccc21,IC50,100000.0,nM,>,CHEMBL677470,CHEMBL203,
CHEMBL156020,CCn1c(SSc2c(C(=O)Nc3ccccc3)c3ccccc3n2CC)c(C(=O)Nc2ccccc2)c2ccccc21,IC50,100000.0,nM,>,CHEMBL677470,CHEMBL203,
CHEMBL125527,CCCc1nc(Nc2cccc(-c3csc(C)n3)c2)c2cc(OCC)c(OCC)cc2n1,Inhibition,20.0,%,=,CHEMBL677532,CHEMBL203,
CHEMBL125515,CCOc1cc2ncnc(Nc3cccc(-c4csc(NN)n4)c3)c2cc1OCC,Inhibition,,%,,CHEMBL677534,CHEMBL203,
CHEMBL126668,CCOc1cc2ncnc(Nc3cccc(-c4nc(C(N)=O)cs4)c3)c2cc1OCC,Inhibition,80.0,%,=,CHEMBL677532,CHEMBL203,
CHEMBL338533,CCCOc1cc2ncnc(Nc3cccc(-c4csc(C)n4)c3)c2cc1OCC,Inhibition,83.0,%,=,CHEMBL677532,CHEMBL203,
CHEMBL125898,COc1cc2c(N3CCN(C(=O)Nc4ccc(OC(C)C)cc4)CC3)ncnc2cc1OCCCN1CCOCC1,IC50,30000.0,nM,>,CHEMBL672266,CHEMBL203,
CHEMBL314146,CCc1ccc(/C=C2\C(=O)Nc3ccccc32)s1,IC50,44000.0,nM,=,CHEMBL676159,CHEMBL203,4.36
CHEMBL158706,CN1C(=S)C(C(=O)c2ccccc2)c2ccccc21,FC50,100.0,uM,>,CHEMBL677469,CHEMBL203,
CHEMBL119242,O=[N+]([O-])c1cccc2c(Nc3cccc(Br)c3)ncnc12,IC50,10000.0,nM,>,CHEMBL677204,CHEMBL203,
CHEMBL54088,C=CC(=O)Nc1cc2c(Nc3cccc(C)c3)ncnc2cn1,IC50,0.48,nM,=,CHEMBL674018,CHEMBL203,9.32
CHEMBL54088,C=CC(=O)Nc1cc2c(Nc3cccc(C)c3)ncnc2cn1,IC50,8.3,nM,=,CHEMBL674017,CHEMBL203,8.08
CHEMBL54088,C=CC(=O)Nc1cc2c(Nc3cccc(C)c3)ncnc2cn1,Inhibition,,%,,CHEMBL621158,CHEMBL203,
CHEMBL31815,C=CC(=O)Nc1ccc2ncnc(Nc3cccc(C)c3)c2c1,IC50,0.42,nM,=,CHEMBL856168,CHEMBL203,9.38
CHEMBL31815,C=CC(=O)Nc1ccc2ncnc(Nc3cccc(C)c3)c2c1,IC50,4.7,nM,=,CHEMBL679551,CHEMBL203,8.33
CHEMBL31815,C=CC(=O)Nc1ccc2ncnc(Nc3cccc(C)c3)c2c1,Inhibition,,%,,CHEMBL621158,CHEMBL203,
CHEMBL123678,CCOc1cc2ncnc(Nc3cccc(-c4csc(CO)n4)c3)c2cc1OCC,Inhibition,96.0,%,=,CHEMBL677532,CHEMBL203,
CHEMBL127970,CCNCc1nc(Nc2cccc(-c3csc(C)n3)c2)c2cc(OCC)c(OCC)cc2n1,Inhibition,0.0,%,=,CHEMBL677532,CHEMBL203,
CHEMBL338673,CCOc1cc2nc(CN3CCCC3)nc(Nc3cccc(-c4csc(C)n4)c3)c2cc1OCC,Inhibition,8.0,%,=,CHEMBL677532,CHEMBL203,
CHEMBL423288,CC(=O)Nc1ccc(C)c(Nc2nccc(-c3cccnc3)n2)c1,IC50,100000.0,nM,>,CHEMBL676151,CHEMBL203,
CHEMBL349762,COC(=O)c1ccccc1NC(=O)c1c(SSc2c(C(=O)Nc3ccccc3C(=O)OC)c3ccccc3n2C)n(C)c2ccccc12,IC50,100000.0,nM,>,CHEMBL677470,CHEMBL203,
CHEMBL346006,CN1C(=S)C(C(=O)c2ccco2)c2ccccc21,FC50,100.0,uM,>,CHEMBL677469,CHEMBL203,
CHEMBL117988,Nc1cccc2c(NCc3ccccc3)ncnc12,IC50,10000.0,nM,>,CHEMBL677205,CHEMBL203,
CHEMBL421548,O=C1Nc2ccc(Cl)cc2/C1=C/c1ccc(N2CCOCC2)cc1,IC50,10000.0,nM,>,CHEMBL676159,CHEMBL203,
CHEMBL86326,COc1ccc(/C=C2\C(=O)Nc3ccc(Cl)cc32)cc1C(C)(C)C,IC50,19300.0,nM,=,CHEMBL676159,CHEMBL203,4.71
CHEMBL89483,Cc1ccc2c(c1)/C(=C/c1[nH]c(C)cc1C)C(=O)N2,IC50,100000.0,nM,>,CHEMBL676159,CHEMBL203,
CHEMBL87325,O=C1Nc2ccc([N+](=O)[O-])cc2/C1=C/c1ccc[nH]1,IC50,100000.0,nM,>,CHEMBL676159,CHEMBL203,
CHEMBL160207,CN(C)C(=O)c1c(SSc2c(C(=O)N(C)C)c3ccccc3n2C)n(C)c2ccccc12,IC50,21200.0,nM,=,CHEMBL677470,CHEMBL203,4.67
CHEMBL53555,C=CC(=O)Nc1cc2c(Nc3ccc(F)c(Cl)c3)ncnc2cn1,IC50,0.77,nM,=,CHEMBL674018,CHEMBL203,9.11
CHEMBL53555,C=CC(=O)Nc1cc2c(Nc3ccc(F)c(Cl)c3)ncnc2cn1,IC50,3.3,nM,=,CHEMBL674017,CHEMBL203,8.48
CHEMBL53555,C=CC(=O)Nc1cc2c(Nc3ccc(F)c(Cl)c3)ncnc2cn1,Inhibition,,%,,CHEMBL621158,CHEMBL203,
CHEMBL53637,C=CC(=O)Nc1ccc2ncnc(Nc3cccc(Cl)c3)c2c1,IC50,1.6,nM,=,CHEMBL856168,CHEMBL203,8.80
CHEMBL53637,C=CC(=O)Nc1ccc2ncnc(Nc3cccc(Cl)c3)c2c1,IC50,2.3,nM,=,CHEMBL679551,CHEMBL203,8.64
CHEMBL53637,C=CC(=O)Nc1ccc2ncnc(Nc3cccc(Cl)c3)c2c1,Inhibition,,%,,CHEMBL621158,CHEMBL203,
CHEMBL125086,CCOc1cc2ncnc(Nc3cccc(-c4ccco4)c3)c2cc1OCC,IC50,3.0,nM,=,CHEMBL678292,CHEMBL203,8.52
CHEMBL127223,CCOc1cc2ncnc(Nc3cccc(-c4cscn4)c3)c2cc1OCC,IC50,18.0,nM,=,CHEMBL678292,CHEMBL203,7.75
CHEMBL127424,CCOc1cc2ncnc(Nc3cccc(-c4csc(-c5ccccc5)n4)c3)c2cc1OCC,Inhibition,,%,,CHEMBL677534,CHEMBL203,
CHEMBL129592,CCOc1cc2ncnc(Nc3cccc(-c4nc(C)cs4)c3)c2cc1OCC,Inhibition,82.0,%,=,CHEMBL677532,CHEMBL203,
CHEMBL127292,CCOc1cc2ncnc(Nc3cccc(-c4csc(C)n4)c3)c2cc1OC,Inhibition,,%,,CHEMBL677534,CHEMBL203,
CHEMBL316009,COC(=O)CCc1c[nH]c(/C=C2\C(=O)Nc3ccccc32)c1C,IC50,100000.0,nM,>,CHEMBL676159,CHEMBL203,
CHEMBL278630,O=C(Nc1ccc(Cl)c(Nc2nccc(-c3cccnc3)n2)c1)c1ccccc1,IC50,100000.0,nM,>,CHEMBL676151,CHEMBL203,
CHEMBL342929,CNC(=O)c1c(SSc2c(C(=O)NC)c3ccccc3n2C)n(C)c2ccccc12,IC50,1800.0,nM,=,CHEMBL677470,CHEMBL203,5.75
CHEMBL348554,CN(C)CCNC(=O)c1c(SSc2c(C(=O)NCCN(C)C)c3ccccc3n2C)n(C)c2ccccc12,IC50,17500.0,nM,=,CHEMBL677470,CHEMBL203,4.76
CHEMBL127367,CCOc1cc2ncnc(Nc3cccc(-c4nc[nH]n4)c3)c2cc1OCC,IC50,390.0,nM,=,CHEMBL678292,CHEMBL203,6.41
CHEMBL126974,CCOc1cc2ncnc(Nc3cccc(-c4cncnc4)c3)c2cc1OCC,IC50,1100.0,nM,=,CHEMBL678292,CHEMBL203,5.96
CHEMBL129424,CCOc1cc2nc(CS(C)(=O)=O)nc(Nc3cccc(-c4csc(C)n4)c3)c2cc1OCC,Inhibition,10.0,%,>,CHEMBL677532,CHEMBL203,
CHEMBL126653,CCOc1cc2ncnc(Nc3cccc(-c4cnc(C)o4)c3)c2cc1OCC,IC50,10000.0,nM,>,CHEMBL678292,CHEMBL203,
CHEMBL339940,CCOc1cc2c(Nc3cccc(-c4csc(C)n4)c3)ncnc2c(OCC)c1OCC,Inhibition,,%,,CHEMBL677533,CHEMBL203,
CHEMBL160935,Cn1c(SSc2c(C(=O)c3ccco3)c3ccccc3n2C)c(C(=O)c2ccco2)c2ccccc21,IC50,7700.0,nM,=,CHEMBL677470,CHEMBL203,5.11
CHEMBL339339,CCOc1cc2ncnc(Nc3cc(-c4csc(C)n4)ccc3Br)c2cc1OCC,Inhibition,,%,,CHEMBL677534,CHEMBL203,
CHEMBL128027,CCOc1cc2nc(C)nc(Nc3cccc(-c4csc(C)n4)c3)c2cc1OCC,IC50,9000.0,nM,=,CHEMBL678292,CHEMBL203,5.05
CHEMBL127249,COCCOc1cc2c(Nc3cccc(-c4csc(C)n4)c3)ncnc2cc1OC,Inhibition,,%,,CHEMBL677534,CHEMBL203,
CHEMBL314021,CN1C(=O)/C(=C\c2ccc(Br)cc2)c2ccccc21,IC50,100000.0,nM,>,CHEMBL676159,CHEMBL203,
CHEMBL347160,O=C(NCc1ccccc1)c1c(SSc2[nH]c3ccccc3c2C(=O)NCc2ccccc2)[nH]c2ccccc12,IC50,15000.0,nM,=,CHEMBL677470,CHEMBL203,4.82
CHEMBL53203,C=CC(=O)Nc1ccc2ncnc(Nc3ccc(Oc4ccccc4)cc3)c2c1,IC50,5.8,nM,=,CHEMBL679676,CHEMBL203,8.24
CHEMBL53203,C=CC(=O)Nc1ccc2ncnc(Nc3ccc(Oc4ccccc4)cc3)c2c1,IC50,4.8,nM,=,CHEMBL679550,CHEMBL203,8.32
CHEMBL53203,C=CC(=O)Nc1ccc2ncnc(Nc3ccc(Oc4ccccc4)cc3)c2c1,Inhibition,,%,,CHEMBL621158,CHEMBL203,
CHEMBL419776,CCOc1cc2ncnc(Nc3cccc(-c4csc(C(N)=O)n4)c3)c2cc1OCC,Inhibition,94.0,%,=,CHEMBL677532,CHEMBL203,
CHEMBL127694,CCC(C)Oc1cc2ncnc(Nc3cccc(-c4csc(C)n4)c3)c2cc1OC,Inhibition,87.0,%,=,CHEMBL677532,CHEMBL203,
CHEMBL420411,CCc1c(C)[nH]c(/C=C2\C(=O)Nc3ccccc32)c1C,IC50,100000.0,nM,>,CHEMBL676159,CHEMBL203,
CHEMBL86631,Cn1cccc1/C=C1\C(=O)Nc2ccccc21,IC50,100000.0,nM,>,CHEMBL676159,CHEMBL203,
CHEMBL79704,O=C(O)CCc1c(SSc2[nH]c3ccccc3c2CCC(=O)O)[nH]c2ccccc12,IC50,4200.0,nM,=,CHEMBL677470,CHEMBL203,5.38
CHEMBL158275,Cn1c(SSc2c(C(=O)NCc3ccccc3)c3ccccc3n2C)c(C(=O)NCc2ccccc2)c2ccccc21,IC50,1700.0,nM,=,CHEMBL677470,CHEMBL203,5.77
CHEMBL92824,FC(F)(F)c1cccc(Nc2ncnc3ccccc23)c1,IC50,577.0,nM,=,CHEMBL677204,CHEMBL203,6.24
CHEMBL340622,CCOc1cc2ncnc(Nc3cccc(-c4ccccc4C)c3)c2cc1OCC,Inhibition,,%,,CHEMBL677534,CHEMBL203,
CHEMBL126996,CCOc1cc2ncnc(Nc3cccc(-c4cocn4)c3)c2cc1OCC,IC50,720.0,nM,=,CHEMBL678292,CHEMBL203,6.14
CHEMBL329367,CN(C)c1ccc(/C=C2\C(=O)Nc3cc(F)ccc32)cc1,IC50,100000.0,nM,>,CHEMBL676159,CHEMBL203,
CHEMBL313259,O=C1Nc2ccccc2/C1=C/c1ccc(C(=O)O)cc1,IC50,100000.0,nM,>,CHEMBL676159,CHEMBL203,
CHEMBL431025,O=C1Nc2ccc(Cl)cc2/C1=C/c1ccc[nH]1,IC50,100000.0,nM,>,CHEMBL676159,CHEMBL203,
CHEMBL316020,Cc1c[nH]c(/C=C2\C(=O)Nc3ccccc32)c1C,IC50,100000.0,nM,>,CHEMBL676159,CHEMBL203,
CHEMBL87324,Cc1cc(C)c(/C=C2\C(=O)Nc3cc(F)ccc32)[nH]1,IC50,100000.0,nM,>,CHEMBL676159,CHEMBL203,
CHEMBL89697,Cc1ccc(/C=C2/C(=O)Nc3ccccc32)o1,IC50,100000.0,nM,>,CHEMBL676159,CHEMBL203,
CHEMBL266182,O=C1c2c(c3c4cccc(O)c4n(C4OC(CO)C(O)C(O)C4O)c3c3[nH]c4c(O)cccc4c23)C(=O)N1NCC(O)CO,IC50,180000.0,nM,=,CHEMBL675381,CHEMBL203,
CHEMBL60816,O=[N+]([O-])c1cccc(Nc2nccc(-c3ccccn3)n2)c1,IC50,100000.0,nM,>,CHEMBL675386,CHEMBL203,
CHEMBL20867,Cc1ccc(C(=O)Nc2ccc(C)c(Nc3nccc(-c4cccnc4)n3)c2)cc1,IC50,100000.0,nM,>,CHEMBL675386,CHEMBL203,
CHEMBL277667,CNN1C(=O)c2c(c3c4cccc(O)c4n(C4OC(CO)C(O)C(O)C4O)c3c3[nH]c4c(O)cccc4c23)C1=O,IC50,100000.0,nM,=,CHEMBL675381,CHEMBL203,4.00
CHEMBL20811,O=C1c2c(c3c4cccc(O)c4n(C4OC(CO)C(O)C(O)C4O)c3c3[nH]c4c(O)cccc4c23)C(=O)N1NCCO,IC50,200000.0,nM,>,CHEMBL675381,CHEMBL203,
CHEMBL941,Cc1ccc(NC(=O)c2ccc(CN3CCN(C)CC3)cc2)cc1Nc1nccc(-c2cccnc2)n1,IC50,100000.0,nM,>,CHEMBL675386,CHEMBL203,
CHEMBL57581,FC(F)C(F)(F)Oc1cccc(Nc2nccc(-c3ccc(Cl)cc3)n2)c1,IC50,100000.0,nM,>,CHEMBL675386,CHEMBL203,
CHEMBL21267,Cc1ccc(S(=O)(=O)NN2C(=O)c3c(c4c5cccc(O)c5n(C5OC(CO)C(O)C(O)C5O)c4c4[nH]c5c(O)cccc5c34)C2=O)cc1,IC50,200000.0,nM,>,CHEMBL675381,CHEMBL203,
CHEMBL103667,Cc1ccc(-n2nc(C(C)(C)C)cc2NC(=O)Nc2ccc(OCCN3CCOCC3)c3ccccc23)cc1,IC50,20000.0,nM,>,CHEMBL677531,CHEMBL203,
CHEMBL21162,Cc1ccc(NC(=O)c2ccc(Cl)cc2)cc1Nc1nccc(-c2cccnc2)n1,IC50,100000.0,nM,>,CHEMBL675386,CHEMBL203,
CHEMBL300817,Clc1cccc(Nc2nccc(-c3cccnc3)n2)c1,IC50,100000.0,nM,>,CHEMBL675386,CHEMBL203,
CHEMBL20255,O=C(NN1C(=O)c2c(c3c4cccc(O)c4n(C4OC(CO)C(O)C(O)C4O)c3c3[nH]c4c(O)cccc4c23)C1=O)c1ccccn1,IC50,200000.0,nM,>,CHEMBL675381,CHEMBL203,
CHEMBL19978,O=C(Nc1ccccc1)NN1C(=O)c2c(c3c4cccc(O)c4n(C4OC(CO)C(O)C(O)C4O)c3c3[nH]c4c(O)cccc4c23)C1=O,IC50,95000.0,nM,=,CHEMBL675381,CHEMBL203,4.02
CHEMBL277931,O=C(Nc1cccc(Nc2nccc(-c3cccnc3)n2)c1)c1ccccc1,IC50,50000.0,nM,>,CHEMBL675386,CHEMBL203,
CHEMBL57556,O=C(O)c1cccc(Nc2nccc(-c3cccnc3)n2)c1,IC50,,nM,,CHEMBL675387,CHEMBL203,
CHEMBL21221,O=C(CO)NN1C(=O)c2c(c3c4cccc(O)c4n(C4OC(CO)C(O)C(O)C4O)c3c3[nH]c4c(O)cccc4c23)C1=O,IC50,200000.0,nM,>,CHEMBL675381,CHEMBL203,
CHEMBL278757,CN(C)CC(=O)NN1C(=O)c2c(c3c4cccc(O)c4n(C4OC(CO)C(O)C(O)C4O)c3c3[nH]c4c(O)cccc4c23)C1=O,IC50,200000.0,nM,>,CHEMBL675381,CHEMBL203,
CHEMBL20252,Cc1ccc(NC(=O)c2ccc3ccccc3c2)cc1Nc1nccc(-c2cccnc2)n1,IC50,100000.0,nM,>,CHEMBL675386,CHEMBL203,
CHEMBL423288,CC(=O)Nc1ccc(C)c(Nc2nccc(-c3cccnc3)n2)c1,IC50,100000.0,nM,>,CHEMBL675386,CHEMBL203,
CHEMBL278071,CN(C)N1C(=O)c2c(c3c4cccc(O)c4n(C4OC(CO)C(O)C(O)C4O)c3c3[nH]c4c(O)cccc4c23)C1=O,IC50,200000.0,nM,>,CHEMBL675381,CHEMBL203,
CHEMBL21263,O=C(O)CNN1C(=O)c2c(c3c4cccc(O)c4n(C4OC(CO)C(O)C(O)C4O)c3c3[nH]c4c(O)cccc4c23)C1=O,IC50,200000.0,nM,>,CHEMBL675381,CHEMBL203,
CHEMBL418279,O=C(Nc1cccc(Nc2nccc(-c3cccnc3)n2)c1)c1ccc(F)cc1,IC50,50000.0,nM,>,CHEMBL675386,CHEMBL203,
CHEMBL55683,O=[N+]([O-])c1cccc(Nc2nccc(-c3ccncc3)n2)c1,IC50,100000.0,nM,>,CHEMBL675386,CHEMBL203,
CHEMBL21265,NN1C(=O)c2c(c3c4cccc(O)c4n(C4OC(CO)C(O)C(O)C4O)c3c3[nH]c4c(O)cccc4c23)C1=O,IC50,200000.0,nM,>,CHEMBL675381,CHEMBL203,
CHEMBL278526,N#CCC(=O)NN1C(=O)c2c(c3c4cccc(O)c4n(C4OC(CO)C(O)C(O)C4O)c3c3[nH]c4c(O)cccc4c23)C1=O,IC50,200000.0,nM,>,CHEMBL675381,CHEMBL203,
CHEMBL59099,NCCCNC(=O)c1cccc(Nc2nccc(-c3cccnc3)n2)c1,IC50,45000.0,nM,=,CHEMBL675386,CHEMBL203,4.35
CHEMBL279035,O=C(O)c1ccc(NN2C(=O)c3c(c4c5cccc(O)c5n(C5OC(CO)C(O)C(O)C5O)c4c4[nH]c5c(O)cccc5c34)C2=O)cc1,IC50,90000.0,nM,=,CHEMBL675381,CHEMBL203,4.05
CHEMBL57443,Nc1cccc(Nc2nccc(-c3ccncc3)n2)c1,IC50,,nM,,CHEMBL675387,CHEMBL203,
CHEMBL21096,CCCNN1C(=O)c2c(c3c4cccc(O)c4n(C4OC(CO)C(O)C(O)C4O)c3c3[nH]c4c(O)cccc4c23)C1=O,IC50,59000.0,nM,=,CHEMBL675381,CHEMBL203,4.23
CHEMBL279481,O=C1NC(=O)c2c1c1c3cccc(O)c3[nH]c1c1[nH]c3c(O)cccc3c21,IC50,29000.0,nM,=,CHEMBL675381,CHEMBL203,4.54
CHEMBL21108,O=C1NC(=O)c2c1c1c3cccc(O)c3[nH]c1c1c2c2cccc(O)c2n1C1OC(CO)C(O)C(O)C1O,IC50,90000.0,nM,=,CHEMBL675381,CHEMBL203,4.05
CHEMBL282436,O=CNN1C(=O)c2c(c3c4cccc(O)c4n(C4OC(CO)C(O)C(O)C4O)c3c3[nH]c4c(O)cccc4c23)C1=O,IC50,200000.0,nM,>,CHEMBL675381,CHEMBL203,
CHEMBL283766,N#CCCNN1C(=O)c2c(c3c4cccc(O)c4n(C4OC(CO)C(O)C(O)C4O)c3c3[nH]c4c(O)cccc4c23)C1=O,IC50,200000.0,nM,>,CHEMBL675381,CHEMBL203,
CHEMBL56669,CCCCCC(=O)Nc1cccc(Nc2nccc(-c3cccnc3)n2)c1,IC50,100000.0,nM,>,CHEMBL675386,CHEMBL203,
CHEMBL277039,NC(=O)NN1C(=O)c2c(c3c4cccc(O)c4n(C4OC(CO)C(O)C(O)C4O)c3c3[nH]c4c(O)cccc4c23)C1=O,IC50,200000.0,nM,>,CHEMBL675381,CHEMBL203,
CHEMBL58436,c1cc(Nc2nccc(-c3cccnc3)n2)cc(OCCn2ccnc2)c1,IC50,7100.0,nM,=,CHEMBL675386,CHEMBL203,5.15
CHEMBL59036,Cc1ccc(C(=O)Nc2cccc(Nc3nccc(-c4cccnc4)n3)c2)cc1,IC50,100000.0,nM,>,CHEMBL675386,CHEMBL203,
CHEMBL116306,Cn1cc(C2=C(O)C(O)=C(c3ccccc3)C(=O)C2=O)c2ccccc21,Activation,,,,CHEMBL674024,CHEMBL203,
CHEMBL299707,COc1ccccc1C(=O)Nc1cccc(Nc2nccc(-c3cccnc3)n2)c1,IC50,100000.0,nM,=,CHEMBL675386,CHEMBL203,4.00
CHEMBL291963,c1cncc(-c2ccnc(Nc3cccc(-n4ccnc4)c3)n2)c1,IC50,100000.0,nM,>,CHEMBL675386,CHEMBL203,
CHEMBL292866,O=C(Nc1cccc(Nc2nccc(-c3cccnc3)n2)c1)c1ccccn1,IC50,,nM,,CHEMBL675387,CHEMBL203,
CHEMBL117440,O=C1C(O)=C(c2csc3ccccc23)C(=O)C(O)=C1c1ccccc1,Activation,,,,CHEMBL674024,CHEMBL203,
CHEMBL278101,CCC(=O)NN1C(=O)c2c(c3c4cccc(O)c4n(C4OC(CO)C(O)C(O)C4O)c3c3[nH]c4c(O)cccc4c23)C1=O,IC50,200000.0,nM,>,CHEMBL675381,CHEMBL203,
CHEMBL277408,CS(=O)(=O)NN1C(=O)c2c(c3c4cccc(O)c4n(C4OC(CO)C(O)C(O)C4O)c3c3[nH]c4c(O)cccc4c23)C1=O,IC50,200000.0,nM,>,CHEMBL675381,CHEMBL203,
CHEMBL56671,COC(=O)c1cccc(Nc2nccc(-c3cccnc3)n2)c1,IC50,,nM,,CHEMBL675387,CHEMBL203,
CHEMBL282655,O=C1c2c(c3c4cccc(O)c4n(C4OC(CO)C(O)C(O)C4O)c3c3[nH]c4c(O)cccc4c23)C(=O)N1NCc1cccc(O)c1,IC50,200000.0,nM,>,CHEMBL675381,CHEMBL203,
CHEMBL55379,FC(F)C(F)(F)Oc1cccc(Nc2nccc(-c3c[nH]c4ccccc34)n2)c1,IC50,1800.0,nM,=,CHEMBL675386,CHEMBL203,5.75
CHEMBL55742,O=C(O)c1ccccc1C(=O)Nc1cccc(Nc2nccc(-c3cccnc3)n2)c1,IC50,,nM,,CHEMBL675387,CHEMBL203,
CHEMBL56904,CN1CCN(Cc2ccc(C(=O)Nc3cccc(Nc4nccc(-c5cccnc5)n4)c3)cc2)CC1,IC50,100000.0,nM,>,CHEMBL675386,CHEMBL203,
CHEMBL418270,O=C(Nc1cccc(Nc2nccc(-c3cccnc3)n2)c1)c1cccnc1,IC50,100000.0,nM,>,CHEMBL675386,CHEMBL203,
CHEMBL293991,NCCCn1ccc2c(-c3ccnc(Nc4cccc(OC(F)(F)C(F)F)c4)n3)cccc21,IC50,530.0,nM,=,CHEMBL675386,CHEMBL203,6.28
CHEMBL418010,COc1ccccc1C(=O)Nc1ccc(C)c(Nc2nccc(-c3cccnc3)n2)c1,IC50,100000.0,nM,>,CHEMBL675386,CHEMBL203,
CHEMBL18879,C=CC(C)(C)c1[nH]c2ccccc2c1C1=C(O)C(O)=C(c2c[nH]c3c(CC=C(C)C)cccc23)C(=O)C1=O,Activation,15.0,%,=,CHEMBL674023,CHEMBL203,
CHEMBL117206,O=C1C(O)=C(c2c[nH]c3ccccc23)C(=O)C(O)=C1c1ccccc1,Activation,20.0,%,=,CHEMBL674023,CHEMBL203,
CHEMBL56359,O=C(Nc1cccc(Nc2nccc(-c3cccnc3)n2)c1)c1cccs1,IC50,50000.0,nM,>,CHEMBL675386,CHEMBL203,
CHEMBL116907,O=C1C(O)=C(c2coc3ccccc23)C(=O)C(O)=C1c1ccccc1,Activation,,,,CHEMBL674024,CHEMBL203,
CHEMBL118856,COc1ccc(C2=C(O)C(O)=C(c3ccccc3)C(=O)C2=O)cc1,Activation,,,,CHEMBL674022,CHEMBL203,
CHEMBL428453,CC(=O)NN1C(=O)c2c(c3c4cccc(O)c4n(C4OC(CO)C(O)C(O)C4O)c3c3[nH]c4c(O)cccc4c23)C1=O,IC50,200000.0,nM,>,CHEMBL675381,CHEMBL203,
CHEMBL277011,CCNN1C(=O)c2c(c3c4cccc(O)c4n(C4OC(CO)C(O)C(O)C4O)c3c3[nH]c4c(O)cccc4c23)C1=O,IC50,200000.0,nM,>,CHEMBL675381,CHEMBL203,
CHEMBL277008,O=C1c2c(c3c4cccc(O)c4n(C4OC(CO)C(O)C(O)C4O)c3c3[nH]c4c(O)cccc4c23)C(=O)N1NC(CO)CO,IC50,200000.0,nM,>,CHEMBL675381,CHEMBL203,
CHEMBL20926,Cc1ccc(NC(=O)c2ccccc2)cc1Nc1nccc(-c2cccnc2)n1,IC50,65000.0,nM,=,CHEMBL675386,CHEMBL203,4.19
CHEMBL331137,Cc1cccc2c(C3=C(O)C(O)=C(c4c[nH]c5ccccc45)C(=O)C3=O)c[nH]c12,Activation,25.0,%,=,CHEMBL674023,CHEMBL203,
CHEMBL278103,Cc1ccc(N)cc1Nc1nccc(-c2cccnc2)n1,IC50,100000.0,nM,>,CHEMBL675386,CHEMBL203,
CHEMBL57690,c1ccc(Nc2nccc(-c3cccnc3)n2)cc1,IC50,100000.0,nM,=,CHEMBL675386,CHEMBL203,4.00
CHEMBL55662,FC(F)C(F)(F)Oc1cccc(Nc2nccc(-c3ccncc3)n2)c1,IC50,100000.0,nM,>,CHEMBL675386,CHEMBL203,
CHEMBL277432,O=C(NN1C(=O)c2c(c3c4cccc(O)c4n(C4OC(CO)C(O)C(O)C4O)c3c3[nH]c4c(O)cccc4c23)C1=O)c1ccccc1,IC50,200000.0,nM,>,CHEMBL675381,CHEMBL203,
CHEMBL55592,O=C(Nc1cccc(Nc2nccc(-c3cccnc3)n2)c1)c1ccncc1,IC50,100000.0,nM,>,CHEMBL675386,CHEMBL203,
CHEMBL57553,Nc1cccc(Nc2nccc(-c3cccnc3)n2)c1,IC50,50000.0,nM,=,CHEMBL675386,CHEMBL203,4.30
CHEMBL56081,O=[N+]([O-])c1cccc(Nc2nccc(-c3cccnc3)n2)c1,IC50,100000.0,nM,=,CHEMBL675386,CHEMBL203,4.00
CHEMBL58142,O=C(Nc1cccc(Nc2nccc(-c3cccnc3)n2)c1)C1CCCCC1,IC50,100000.0,nM,>,CHEMBL675386,CHEMBL203,
CHEMBL58580,N#Cc1ccc(C(=O)Nc2cccc(Nc3nccc(-c4cccnc4)n3)c2)cc1,IC50,100000.0,nM,>,CHEMBL675386,CHEMBL203,
CHEMBL49350,O=C(NCCc1ccccc1)c1cc2ccc(O)c(O)c2cn1,IC50,1400.0,nM,=,CHEMBL873595,CHEMBL203,5.85
CHEMBL93173,COc1cc2ncnc(NCc3cccc(C)c3)c2cc1OC,IC50,170.0,nM,=,CHEMBL680029,CHEMBL203,6.77
CHEMBL93173,COc1cc2ncnc(NCc3cccc(C)c3)c2cc1OC,IC50,1600.0,nM,=,CHEMBL705978,CHEMBL203,5.80
CHEMBL3144655,COc1cc2ncnc(-n3[nH]c4ccccc4c3=O)c2cc1OC,Inhibition,14.0,%,=,CHEMBL674573,CHEMBL203,
CHEMBL329777,COc1cc2ncnc(Nc3ncnc4ccccc34)c2cc1OC,Inhibition,28.0,%,=,CHEMBL674573,CHEMBL203,
CHEMBL90541,COc1cc2ncnc(Nc3nnc4ccccc4n3)c2cc1OC,IC50,820.0,nM,=,CHEMBL680029,CHEMBL203,6.09
CHEMBL90541,COc1cc2ncnc(Nc3nnc4ccccc4n3)c2cc1OC,IC50,25000.0,nM,>,CHEMBL705978,CHEMBL203,
CHEMBL330323,COc1cc2ncnc(Nc3nccc4ccccc34)c2cc1OC,IC50,200.0,nM,=,CHEMBL680029,CHEMBL203,6.70
CHEMBL330323,COc1cc2ncnc(Nc3nccc4ccccc34)c2cc1OC,IC50,1800.0,nM,=,CHEMBL705978,CHEMBL203,5.75
CHEMBL48384,NC(=O)c1cc2ccc(O)c(O)c2cn1,IC50,100000.0,nM,>,CHEMBL873595,CHEMBL203,
CHEMBL295939,NC(=O)c1cc2cc(O)c(O)cc2cn1,IC50,100000.0,nM,>,CHEMBL873595,CHEMBL203,
CHEMBL422066,COc1cc2ncnc(NNc3ccc(F)c(Cl)c3)c2cc1OC,IC50,430.0,nM,=,CHEMBL680029,CHEMBL203,6.37
CHEMBL422066,COc1cc2ncnc(NNc3ccc(F)c(Cl)c3)c2cc1OC,IC50,780.0,nM,=,CHEMBL705978,CHEMBL203,6.11
CHEMBL327660,COc1cc2ncnc(-n3cc4ccccc4n3)c2cc1OC,Inhibition,0.0,%,=,CHEMBL674573,CHEMBL203,
CHEMBL102651,C[C@@H](Nc1[nH]cnc2c3ccccc3nc1-2)c1ccccc1,IC50,419.0,nM,=,CHEMBL884002,CHEMBL203,6.38
CHEMBL301018,COc1cc2ncnc(Nc3ccc(F)c(Cl)c3)c2cc1OC,IC50,9.0,nM,=,CHEMBL680029,CHEMBL203,8.05
CHEMBL301018,COc1cc2ncnc(Nc3ccc(F)c(Cl)c3)c2cc1OC,IC50,80.0,nM,=,CHEMBL705978,CHEMBL203,7.10
CHEMBL296407,N#C/C(=C\c1ccc(O)c(O)c1)C(N)=O,IC50,20000.0,nM,=,CHEMBL873595,CHEMBL203,4.70
CHEMBL48436,O=C(NCc1ccccc1)c1cc2ccc(O)c(O)c2cn1,IC50,1400.0,nM,=,CHEMBL873595,CHEMBL203,5.85
CHEMBL91167,COc1cc2ncnc(NC(=O)Nc3ccccc3)c2cc1OC,Inhibition,0.0,%,=,CHEMBL674573,CHEMBL203,
CHEMBL50415,O=C(Nc1ccccc1)c1cc2cc(O)c(O)cc2cn1,IC50,5600.0,nM,=,CHEMBL873595,CHEMBL203,5.25
CHEMBL94019,COc1cc2ncnc(NC3CCc4ccccc43)c2cc1OC,IC50,910.0,nM,=,CHEMBL680029,CHEMBL203,6.04
CHEMBL94019,COc1cc2ncnc(NC3CCc4ccccc43)c2cc1OC,IC50,1730.0,nM,=,CHEMBL705978,CHEMBL203,5.76
CHEMBL93423,COc1cc2ncnc(NC3CC3c3ccccc3)c2cc1O,IC50,390.0,nM,=,CHEMBL680029,CHEMBL203,6.41
CHEMBL93423,COc1cc2ncnc(NC3CC3c3ccccc3)c2cc1O,IC50,25000.0,nM,>,CHEMBL705978,CHEMBL203,
CHEMBL296582,O=C(NCc1ccccc1)c1cc2cc(O)c(O)cc2cn1,IC50,3100.0,nM,=,CHEMBL873595,CHEMBL203,5.51
CHEMBL48650,O=C(Nc1ccccc1)c1cc2ccc(O)c(O)c2cn1,IC50,7700.0,nM,=,CHEMBL873595,CHEMBL203,5.11
CHEMBL329393,COc1cc2ncnc(-n3cnc4ccccc43)c2cc1OC,Inhibition,0.0,%,=,CHEMBL674573,CHEMBL203,
CHEMBL103014,C[C@@H](Nc1ncnc2c1sc1ccccc12)c1ccccc1,IC50,538.0,nM,=,CHEMBL884002,CHEMBL203,6.27
CHEMBL91428,COc1cc2ncnc(Nc3cc4ccccc4cn3)c2cc1OC,IC50,660.0,nM,=,CHEMBL680029,CHEMBL203,6.18
CHEMBL91428,COc1cc2ncnc(Nc3cc4ccccc4cn3)c2cc1OC,IC50,810.0,nM,=,CHEMBL705978,CHEMBL203,6.09
CHEMBL330668,COc1cc2ncnc(Nc3cnc4ccccc4n3)c2cc1OC,IC50,780.0,nM,=,CHEMBL680029,CHEMBL203,6.11
CHEMBL330668,COc1cc2ncnc(Nc3cnc4ccccc4n3)c2cc1OC,IC50,25000.0,nM,>,CHEMBL705978,CHEMBL203,
CHEMBL329215,COc1cc2ncnc(-n3nnc4ccccc43)c2cc1OC,Inhibition,14.0,%,=,CHEMBL674573,CHEMBL203,
CHEMBL92006,COc1cc2ncnc(/N=N/c3ccc(F)c(Cl)c3)c2cc1OC,IC50,730.0,nM,=,CHEMBL680029,CHEMBL203,6.14
CHEMBL92006,COc1cc2ncnc(/N=N/c3ccc(F)c(Cl)c3)c2cc1OC,IC50,3930.0,nM,=,CHEMBL705978,CHEMBL203,5.41
CHEMBL329867,COc1cc2ncnc(Nc3cncc4ccccc34)c2cc1OC,IC50,6.4,nM,=,CHEMBL680029,CHEMBL203,8.19
CHEMBL329867,COc1cc2ncnc(Nc3cncc4ccccc34)c2cc1OC,IC50,360.0,nM,=,CHEMBL705978,CHEMBL203,6.44
CHEMBL90723,COc1cc2ncnc(NC(=O)c3ccccc3)c2cc1OC,Inhibition,1.0,%,=,CHEMBL674573,CHEMBL203,
CHEMBL105053,C[C@@H](Nc1[nH]cnc2nc(-c3ccccc3)cc1-2)c1ccccc1,IC50,10.0,nM,=,CHEMBL624197,CHEMBL203,8.00
CHEMBL420059,COc1cc2ncnc(NC3CC3c3ccccc3)c2cc1OCCN1CCOCC1,IC50,300.0,nM,=,CHEMBL680029,CHEMBL203,6.52
CHEMBL420059,COc1cc2ncnc(NC3CC3c3ccccc3)c2cc1OCCN1CCOCC1,IC50,570.0,nM,=,CHEMBL705978,CHEMBL203,6.24
CHEMBL538798,CC(C)N(CCC(=O)c1ccc2ccccc2c1)Cc1ccccc1.Cl,IC50,2511.89,nM,=,CHEMBL857165,CHEMBL203,5.60
CHEMBL419137,COc1cc2ncnc(NC3CC3c3ccccc3)c2cc1OC,IC50,10.0,nM,=,CHEMBL680029,CHEMBL203,8.00
CHEMBL419137,COc1cc2ncnc(NC3CC3c3ccccc3)c2cc1OC,IC50,140.0,nM,=,CHEMBL705978,CHEMBL203,6.85
CHEMBL91484,COc1cc2ncnc(NC3CC3c3ccccc3)c2cc1OCCCN(C)C,IC50,27.0,nM,=,CHEMBL680029,CHEMBL203,7.57
CHEMBL91484,COc1cc2ncnc(NC3CC3c3ccccc3)c2cc1OCCCN(C)C,IC50,310.0,nM,=,CHEMBL705978,CHEMBL203,6.51
CHEMBL328933,COc1cc2ncnc(-n3ccc4ccccc43)c2cc1OC,Inhibition,10.0,%,=,CHEMBL674573,CHEMBL203,
CHEMBL154580,C=CC(=O)c1ccc2ccccc2c1,IC50,10000.0,nM,=,CHEMBL857165,CHEMBL203,5.00
CHEMBL103864,C[C@H](Nc1[nH]cnc2c3ccccc3nc1-2)c1ccccc1,IC50,50.0,nM,=,CHEMBL884002,CHEMBL203,7.30
CHEMBL328277,COc1cc2ncnc(N3CCc4ccccc43)c2cc1OC,IC50,820.0,nM,=,CHEMBL680029,CHEMBL203,6.09
CHEMBL328277,COc1cc2ncnc(N3CCc4ccccc43)c2cc1OC,IC50,4100.0,nM,=,CHEMBL705978,CHEMBL203,5.39
CHEMBL93387,COc1cc2ncnc(-n3nc4ccccc4c3N)c2cc1OC,Inhibition,13.0,%,=,CHEMBL674573,CHEMBL203,
CHEMBL329394,COc1cc2ncnc(-n3ncc4ccccc43)c2cc1OC,Inhibition,7.0,%,=,CHEMBL674573,CHEMBL203,
CHEMBL90540,COc1cc2ncnc(NC3CC3c3ccccc3)c2cc1OC(C)=O,IC50,84.0,nM,=,CHEMBL680029,CHEMBL203,7.08
CHEMBL90540,COc1cc2ncnc(NC3CC3c3ccccc3)c2cc1OC(C)=O,IC50,11400.0,nM,=,CHEMBL705978,CHEMBL203,4.94
CHEMBL93751,COc1cc2ncnc(Nc3nc4ccccc4s3)c2cc1OC,Inhibition,24.0,%,=,CHEMBL674572,CHEMBL203,
CHEMBL321511,O=[N+]([O-])c1ccc2ncnc(Nc3cccc(C(F)(F)F)c3)c2c1,IC50,10000.0,nM,>,CHEMBL680017,CHEMBL203,
CHEMBL328106,COc1cc2ncnc(Nc3ccc(Br)cc3)c2cc1OC,IC50,0.96,nM,=,CHEMBL680017,CHEMBL203,9.02
CHEMBL316064,COc1cc2ncnc(Nc3cccc(C(F)(F)F)c3)c2cc1OC,IC50,0.24,nM,=,CHEMBL680017,CHEMBL203,9.62
CHEMBL52765,Nc1ccc2ncnc(Nc3cccc(Br)c3)c2c1,IC50,0.78,nM,=,CHEMBL680017,CHEMBL203,9.11
CHEMBL294769,COc1cc2nc(C)nc(Nc3cccc(Br)c3)c2cc1OC,IC50,10000.0,nM,>,CHEMBL680017,CHEMBL203,
CHEMBL329183,O=[N+]([O-])c1ccc2c(Nc3cccc(F)c3)ncnc2c1,IC50,6100.0,nM,=,CHEMBL680017,CHEMBL203,5.21
CHEMBL93302,Oc1ccc2c(Nc3cccc(Br)c3)ncnc2c1,IC50,4.7,nM,=,CHEMBL680017,CHEMBL203,8.33
CHEMBL418967,CCCOc1cc2ncnc(Nc3cccc(Br)c3)c2cc1OCCC,IC50,0.17,nM,=,CHEMBL680017,CHEMBL203,9.77
CHEMBL96627,COc1ccc2ncnc(Nc3cccc(Br)c3)c2c1OC,IC50,1367.0,nM,=,CHEMBL680017,CHEMBL203,5.86
CHEMBL94275,O=[N+]([O-])c1ccc2c(Nc3cccc(Br)c3)ncnc2c1,IC50,1000.0,nM,=,CHEMBL680017,CHEMBL203,6.00
CHEMBL93032,Oc1cc2ncnc(Nc3cccc(Br)c3)c2cc1O,IC50,0.17,nM,=,CHEMBL680017,CHEMBL203,9.77
CHEMBL328216,Nc1cc2ncnc(Nc3cccc(Br)c3)c2cc1N,IC50,0.12,nM,=,CHEMBL680017,CHEMBL203,9.92
CHEMBL94191,COc1cc2ncnc(Nc3ccccc3)c2cc1OC,IC50,29.0,nM,=,CHEMBL680017,CHEMBL203,7.54
CHEMBL328879,COc1ccc2ncnc(Nc3ccccc3)c2c1,IC50,55.0,nM,=,CHEMBL680017,CHEMBL203,7.26
CHEMBL173459,CCn1cnc2c(Nc3cccc(Cl)c3)nc(N[C@H]3CC[C@@H](N)CC3)nc21,IC50,,nM,,CHEMBL675244,CHEMBL203,
CHEMBL289959,c1ccc(Nc2ncnc3ccccc23)cc1,IC50,344.0,nM,=,CHEMBL680017,CHEMBL203,6.46
CHEMBL318736,CCCCOc1cc2ncnc(Nc3cccc(Br)c3)c2cc1OCCCC,IC50,105.0,nM,=,CHEMBL680017,CHEMBL203,6.98
CHEMBL96780,COc1cc2ncnc(Nc3cccc(Br)c3)c2cc1N,IC50,3.8,nM,=,CHEMBL680017,CHEMBL203,8.42
CHEMBL90013,CN(C)c1ccc2c(Nc3cccc(Br)c3)ncnc2c1,IC50,11.0,nM,=,CHEMBL680017,CHEMBL203,7.96
CHEMBL433205,Nc1ccc2c(Nc3cccc(C(F)(F)F)c3)ncnc2c1,IC50,3.3,nM,=,CHEMBL680017,CHEMBL203,8.48
CHEMBL52197,COc1ccc2ncnc(Nc3cccc(Br)c3)c2c1,IC50,30.0,nM,=,CHEMBL680017,CHEMBL203,7.52
CHEMBL328244,Nc1ccc2ncnc(Nc3cccc(C(F)(F)F)c3)c2c1,IC50,574.0,nM,=,CHEMBL680017,CHEMBL203,6.24
CHEMBL91980,Nc1ccc2c(Nc3cccc(I)c3)ncnc2c1,IC50,0.35,nM,=,CHEMBL680017,CHEMBL203,9.46
CHEMBL431811,COc1cc2c(Nc3cccc(Br)c3)ncnc2c(OC)c1OC,IC50,10000.0,nM,>,CHEMBL680017,CHEMBL203,
CHEMBL93051,Brc1cccc(Nc2ncnc3cc4c(cc23)OCO4)c1,IC50,15.0,nM,=,CHEMBL680017,CHEMBL203,7.82
CHEMBL93966,Nc1ccc2c(Nc3cccc(F)c3)ncnc2c1,IC50,2.0,nM,=,CHEMBL680017,CHEMBL203,8.70
CHEMBL328955,Nc1ccc2c(Nc3cccc(Cl)c3)ncnc2c1,IC50,0.25,nM,=,CHEMBL680017,CHEMBL203,9.60
CHEMBL93284,O=[N+]([O-])c1ccc2c(Nc3cccc(I)c3)ncnc2c1,IC50,540.0,nM,=,CHEMBL680017,CHEMBL203,6.27
CHEMBL92174,COc1cc2ncnc(Nc3ccccc3Br)c2cc1OC,IC50,128.0,nM,=,CHEMBL680017,CHEMBL203,6.89
CHEMBL534909,CCn1cnc2c(Nc3cccc(C(F)(F)F)c3)nc(NCCN)nc21.Cl,IC50,10000.0,nM,>,CHEMBL675242,CHEMBL203,
CHEMBL367625,CCn1cnc2c(Nc3cccc(Cl)c3)nc(N[C@@H]3CCCC[C@@H]3N)nc21,IC50,5100.0,nM,=,CHEMBL675242,CHEMBL203,5.29
CHEMBL368278,CCn1cnc2c(Nc3cccc(Cl)c3)nc(N[C@H]3CCC[C@@H](N)C3)nc21,IC50,5300.0,nM,=,CHEMBL675242,CHEMBL203,5.28
CHEMBL366734,CCn1cnc2c(Nc3cccc(Cl)c3)nc(N3CCC[C@@H]3CO)nc21,IC50,,nM,,CHEMBL675243,CHEMBL203,
CHEMBL93461,CC(=O)Nc1ccc2c(Nc3cccc(Br)c3)ncnc2c1,IC50,40.0,nM,=,CHEMBL680017,CHEMBL203,7.40
CHEMBL173647,CCn1cnc2c(Nc3cccc(Cl)c3)nc(NCCN)nc21,IC50,100000.0,nM,>,CHEMBL675242,CHEMBL203,
CHEMBL329672,Clc1cccc(Nc2ncnc3ccccc23)c1,IC50,23.0,nM,=,CHEMBL680017,CHEMBL203,7.64
CHEMBL420254,CCNc1ccc2c(Nc3cccc(Br)c3)ncnc2c1,IC50,12.0,nM,=,CHEMBL680017,CHEMBL203,7.92
CHEMBL141247,O=C(Nc1ccccn1)Nc1cccc2c1[C@H]1CCCN1C2=O,IC50,20000.0,nM,>,CHEMBL677394,CHEMBL203,
CHEMBL63469,Nc1cc2c(Nc3cccc(Br)c3)ncnc2cc1Cl,IC50,6.5,nM,=,CHEMBL680017,CHEMBL203,8.19
CHEMBL89940,Nc1ccc2ncnc(Nc3ccccc3)c2c1,IC50,770.0,nM,=,CHEMBL680017,CHEMBL203,6.11
CHEMBL52015,CN(C)c1ccc2ncnc(Nc3cccc(Br)c3)c2c1,IC50,84.0,nM,=,CHEMBL680017,CHEMBL203,7.08
CHEMBL7917,COc1cc2ncnc(Nc3cccc(Cl)c3)c2cc1OC,IC50,0.31,nM,=,CHEMBL680017,CHEMBL203,9.51
CHEMBL93734,CC(=O)Nc1cc2ncnc(Nc3cccc(Br)c3)c2cc1[N+](=O)[O-],IC50,28.0,nM,=,CHEMBL680017,CHEMBL203,7.55
CHEMBL35820,CCOc1cc2ncnc(Nc3cccc(Br)c3)c2cc1OCC,IC50,0.006,nM,=,CHEMBL680017,CHEMBL203,
CHEMBL92985,Fc1cccc(Nc2ncnc3ccccc23)c1,IC50,56.0,nM,=,CHEMBL680017,CHEMBL203,7.25
CHEMBL330224,Nc1ccc2c(Nc3ccccc3)ncnc2c1,IC50,100.0,nM,=,CHEMBL680017,CHEMBL203,7.00
CHEMBL367625,CCn1cnc2c(Nc3cccc(Cl)c3)nc(N[C@@H]3CCCC[C@@H]3N)nc21,IC50,2000.0,nM,=,CHEMBL675242,CHEMBL203,5.70
CHEMBL66409,O=[N+]([O-])c1cc2c(Nc3cccc(Br)c3)ncnc2cc1Cl,IC50,25.0,nM,=,CHEMBL680017,CHEMBL203,7.60
CHEMBL447230,COc1cc2ncnc(N(C)c3cccc(Br)c3)c2cc1OC,IC50,152.0,nM,=,CHEMBL680017,CHEMBL203,6.82
CHEMBL94431,COc1cc2ncnc(Nc3cccc(F)c3)c2cc1OC,IC50,3.8,nM,=,CHEMBL680017,CHEMBL203,8.42
CHEMBL328295,O=[N+]([O-])c1ccc2ncnc(Nc3ccccc3)c2c1,IC50,5000.0,nM,=,CHEMBL680017,CHEMBL203,5.30
CHEMBL92936,CNc1cc2ncnc(Nc3cccc(Br)c3)c2cc1[N+](=O)[O-],IC50,68.0,nM,=,CHEMBL680017,CHEMBL203,7.17
CHEMBL329161,O=[N+]([O-])c1ccc2ncnc(Nc3cccc(Br)c3)c2c1,IC50,900.0,nM,=,CHEMBL680017,CHEMBL203,6.05
CHEMBL92937,CNc1cc2ncnc(Nc3cccc(Br)c3)c2cc1N,IC50,0.69,nM,=,CHEMBL680017,CHEMBL203,9.16
CHEMBL92824,FC(F)(F)c1cccc(Nc2ncnc3ccccc23)c1,IC50,577.0,nM,=,CHEMBL680017,CHEMBL203,6.24
CHEMBL50344,CNc1ccc2ncnc(Nc3cccc(Br)c3)c2c1,IC50,4.0,nM,=,CHEMBL680017,CHEMBL203,8.40
CHEMBL94432,O=[N+]([O-])c1ccc2c(Nc3cccc(C(F)(F)F)c3)ncnc2c1,IC50,10000.0,nM,>,CHEMBL680017,CHEMBL203,
CHEMBL96489,CN(C)c1cc2ncnc(Nc3cccc(Br)c3)c2cc1N,IC50,159.0,nM,=,CHEMBL680017,CHEMBL203,6.80
CHEMBL290096,Brc1cccc(Nc2ncnc3ccccc23)c1,IC50,27.0,nM,=,CHEMBL680017,CHEMBL203,7.57
CHEMBL93545,Nc1cc2ncnc(Nc3cccc(Br)c3)c2cc1[N+](=O)[O-],IC50,53.0,nM,=,CHEMBL680017,CHEMBL203,7.28
CHEMBL93544,CN(C)c1cc2ncnc(Nc3cccc(Br)c3)c2cc1[N+](=O)[O-],IC50,2000.0,nM,=,CHEMBL680017,CHEMBL203,5.70
CHEMBL93295,COc1cc2nc(N)nc(Nc3cccc(Br)c3)c2cc1OC,IC50,463.0,nM,=,CHEMBL680017,CHEMBL203,6.33
CHEMBL96065,COc1cc2ncnc(Nc3cccc(I)c3)c2cc1OC,IC50,0.89,nM,=,CHEMBL680017,CHEMBL203,9.05
CHEMBL328691,COC(=O)Nc1ccc2ncnc(Nc3cccc(Br)c3)c2c1,IC50,12.0,nM,=,CHEMBL680017,CHEMBL203,7.92
CHEMBL92709,COc1cc2ncnc(Nc3cc(Br)cc(Br)c3)c2cc1OC,IC50,113.0,nM,=,CHEMBL680017,CHEMBL203,6.95
CHEMBL65038,COc1cc2ncnc(Nc3cccc(Br)c3)c2cc1[N+](=O)[O-],IC50,15.0,nM,=,CHEMBL680017,CHEMBL203,7.82
CHEMBL29197,COc1cc2ncnc(Nc3cccc(Br)c3)c2cc1OC,IC50,0.025,nM,=,CHEMBL680017,CHEMBL203,10.60
CHEMBL93346,COc1ccc2c(Nc3cccc(Br)c3)ncnc2c1OC,IC50,10000.0,nM,>,CHEMBL680017,CHEMBL203,
CHEMBL317925,COc1cc2ncnc(Nc3cccc(Br)c3)c2c(OC)c1OC,IC50,0.67,nM,=,CHEMBL680017,CHEMBL203,9.17
CHEMBL92398,COc1ccc2c(Nc3ccccc3)ncnc2c1,IC50,120.0,nM,=,CHEMBL680017,CHEMBL203,6.92
CHEMBL91914,O=[N+]([O-])c1ccc2c(Nc3ccccc3)ncnc2c1,IC50,12000.0,nM,=,CHEMBL680017,CHEMBL203,4.92
CHEMBL327307,COc1cc2ncnc(Nc3ccc(Br)c(Br)c3)c2cc1OC,IC50,0.072,nM,=,CHEMBL680017,CHEMBL203,10.14
CHEMBL557975,CCn1cnc2c(Nc3cccc(C#N)c3)nc(NCCN)nc21.Cl,IC50,10000.0,nM,>,CHEMBL675242,CHEMBL203,
CHEMBL92825,Ic1cccc(Nc2ncnc3ccccc23)c1,IC50,80.0,nM,=,CHEMBL680017,CHEMBL203,7.10
CHEMBL93181,COc1ccc2c(Nc3cccc(Br)c3)ncnc2c1,IC50,10.0,nM,=,CHEMBL680017,CHEMBL203,8.00
CHEMBL420624,Nc1ccc2c(Nc3cccc(Br)c3)ncnc2c1,IC50,0.1,nM,=,CHEMBL680017,CHEMBL203,10.00
CHEMBL92812,CNc1ccc2c(Nc3cccc(Br)c3)ncnc2c1,IC50,7.0,nM,=,CHEMBL680017,CHEMBL203,8.15
CHEMBL93635,O=[N+]([O-])c1ccc2c(Nc3cccc(Cl)c3)ncnc2c1,IC50,810.0,nM,=,CHEMBL680017,CHEMBL203,6.09
CHEMBL30973,CN(C)C/C=C/C(=O)Nc1ccc2ncc(C#N)c(Nc3cccc(Br)c3)c2c1,IC50,310.0,nM,=,CHEMBL680027,CHEMBL203,6.51
CHEMBL93783,CN(C/C=C/C(=O)Nc1ccc2ncnc(Nc3cccc(Br)c3)c2c1)CCO,IC50,14.0,nM,=,CHEMBL680018,CHEMBL203,7.85
CHEMBL93032,Oc1cc2ncnc(Nc3cccc(Br)c3)c2cc1O,IC50,0.17,nM,=,CHEMBL683040,CHEMBL203,9.77
CHEMBL177053,Brc1cccc(Nc2ncnc3cc4ncsc4cc23)c1,IC50,44.0,nM,=,CHEMBL683040,CHEMBL203,7.36
CHEMBL114490,COc1cc2ncc(C#N)c(Nc3ccc(F)c(Cl)c3)c2cc1NC(=O)/C=C/CN(C)C,IC50,2320.0,nM,=,CHEMBL680027,CHEMBL203,5.63
CHEMBL266487,O=C1NC(=O)C(c2c[nH]c3ccccc23)=C1c1c[nH]c2ccccc12,Inhibition,,%,,CHEMBL674708,CHEMBL203,
CHEMBL266487,O=C1NC(=O)C(c2c[nH]c3ccccc23)=C1c1c[nH]c2ccccc12,Inhibition,,%,,CHEMBL674709,CHEMBL203,
CHEMBL266487,O=C1NC(=O)C(c2c[nH]c3ccccc23)=C1c1c[nH]c2ccccc12,Inhibition,,%,,CHEMBL674707,CHEMBL203,
CHEMBL426580,Cc1nc2cc3c(Nc4cccc(Br)c4)ncnc3cc2[nH]1,IC50,0.29,nM,=,CHEMBL683040,CHEMBL203,9.54
CHEMBL92902,CN1CCC=C(C(=O)Nc2ccc3ncnc(Nc4cccc(Br)c4)c3c2)C1,IC50,115.0,nM,=,CHEMBL680018,CHEMBL203,6.94
CHEMBL327838,COCCOCC#CC(=O)Nc1ccc2ncnc(Nc3cccc(Br)c3)c2c1,IC50,65.0,nM,=,CHEMBL680018,CHEMBL203,7.19
CHEMBL328704,CCN(CC)CC#CC(=O)Nc1ccc2ncnc(Nc3cccc(Br)c3)c2c1,IC50,12.0,nM,=,CHEMBL680018,CHEMBL203,7.92
CHEMBL114593,COCC#CC(=O)Nc1ccc2ncc(C#N)c(Nc3cccc(Br)c3)c2c1,IC50,960.0,nM,=,CHEMBL680027,CHEMBL203,6.02
CHEMBL113900,CC(C)N(CC#CC(=O)Nc1ccc2ncc(C#N)c(Nc3cccc(Br)c3)c2c1)C(C)C,IC50,250.0,nM,=,CHEMBL680027,CHEMBL203,6.60
CHEMBL117324,COC[C@@H]1CCCN1CC#CC(=O)Nc1ccc2ncc(C#N)c(Nc3cccc(Br)c3)c2c1,IC50,150.0,nM,=,CHEMBL680027,CHEMBL203,6.82
CHEMBL421047,CN(C)C/C=C/C(=O)Nc1cc2c(Nc3ccc(F)c(Cl)c3)c(C#N)cnc2cc1OC(F)(F)F,IC50,2640.0,nM,=,CHEMBL680027,CHEMBL203,5.58
CHEMBL319620,O=C(O)c1cc(NCc2cc(O)ccc2O)ccc1O,IC50,4000.0,nM,=,CHEMBL677211,CHEMBL203,5.40
CHEMBL172652,Brc1cccc(Nc2ncnc3cc4[nH]nnc4cc23)c1,IC50,4.1,nM,=,CHEMBL679548,CHEMBL203,8.39
CHEMBL94066,C=C(CN1CCOCC1)C(=O)Nc1ccc2ncnc(Nc3cccc(Br)c3)c2c1,IC50,107.0,nM,=,CHEMBL680018,CHEMBL203,6.97
CHEMBL113985,COc1cc(NC(=O)/C=C/CN2CCOCC2)cc2c(Nc3cccc(Br)c3)c(C#N)cnc12,IC50,5390.0,nM,=,CHEMBL680027,CHEMBL203,5.27
CHEMBL117326,C=C(CN(C)C)C(=O)Nc1cc2c(Nc3ccc(F)c(Cl)c3)c(C#N)cnc2cc1OCC,IC50,560.0,nM,=,CHEMBL680027,CHEMBL203,6.25
CHEMBL94061,CN(C)C/C=C/C(=O)Nc1ccc2ncnc(Nc3cccc(Br)c3)c2c1,IC50,11.0,nM,=,CHEMBL680018,CHEMBL203,7.96
CHEMBL325156,CCN(CC)C(C)/C=C/C(=O)Nc1cc2c(Nc3ccc(F)c(Cl)c3)c(C#N)cnc2cc1OC,IC50,4840.0,nM,=,CHEMBL680027,CHEMBL203,5.32
CHEMBL153525,Brc1cccc(Nc2ncnc3ccc4cc[nH]c4c23)c1,IC50,1.24,nM,=,CHEMBL683040,CHEMBL203,8.91
CHEMBL366580,Brc1cccc(Nc2ncnc3cc4c[nH]nc4cc23)c1,IC50,0.34,nM,=,CHEMBL679548,CHEMBL203,9.47
CHEMBL329642,C/C=C\C(=O)Nc1ccc2ncnc(Nc3cccc(Br)c3)c2c1,IC50,269.0,nM,=,CHEMBL680018,CHEMBL203,6.57
CHEMBL324718,C=CC(=O)Nc1cc2c(Nc3cccc(Br)c3)c(C#N)cnc2cc1OC,IC50,810.0,nM,=,CHEMBL680027,CHEMBL203,6.09
CHEMBL92356,CCN1CCN(CC#CC(=O)Nc2ccc3ncnc(Nc4cccc(Br)c4)c3c2)CC1,IC50,65.0,nM,=,CHEMBL680018,CHEMBL203,7.19
CHEMBL94062,O=C(C#CCO)Nc1ccc2ncnc(Nc3cccc(Br)c3)c2c1,IC50,2.0,nM,=,CHEMBL680018,CHEMBL203,8.70
CHEMBL263788,COc1cc2ncc(C#N)c(Nc3cccc(Br)c3)c2cc1NC(=O)/C=C/CN(C)C,IC50,790.0,nM,=,CHEMBL680027,CHEMBL203,6.10
CHEMBL123046,Oc1ccc(NCc2cc(O)ccc2O)cc1,IC50,41900.0,nM,=,CHEMBL677211,CHEMBL203,4.38
CHEMBL7364,CNC(=O)[C@H](CCCCN)NC(=O)[C@H](CCCCN)NC(=O)[C@@H]1CCCN1C(=O)[C@H](CSCCOCCOCCn1cc(C2=C(c3c[nH]c4ccccc34)C(=O)NC2=O)c2ccccc21)NC(C)=O,Inhibition,,%,,CHEMBL674708,CHEMBL203,
CHEMBL7364,CNC(=O)[C@H](CCCCN)NC(=O)[C@H](CCCCN)NC(=O)[C@@H]1CCCN1C(=O)[C@H](CSCCOCCOCCn1cc(C2=C(c3c[nH]c4ccccc34)C(=O)NC2=O)c2ccccc21)NC(C)=O,Inhibition,,%,,CHEMBL674709,CHEMBL203,
CHEMBL7364,CNC(=O)[C@H](CCCCN)NC(=O)[C@H](CCCCN)NC(=O)[C@@H]1CCCN1C(=O)[C@H](CSCCOCCOCCn1cc(C2=C(c3c[nH]c4ccccc34)C(=O)NC2=O)c2ccccc21)NC(C)=O,Inhibition,,%,,CHEMBL674707,CHEMBL203,
CHEMBL153170,Brc1cccc(Nc2ncnc3ccc4[nH]cnc4c23)c1,IC50,29.0,nM,=,CHEMBL683040,CHEMBL203,7.54
CHEMBL323630,CN(C)C/C=C/C(=O)Nc1ccc2ncc(C#N)c(Nc3ccc(F)c(Cl)c3)c2c1,IC50,650.0,nM,=,CHEMBL680027,CHEMBL203,6.19
CHEMBL424252,CCN(CC)C/C=C/C(=O)Nc1cc2c(Nc3ccc(F)c(Cl)c3)c(C#N)cnc2cc1OC,IC50,1910.0,nM,=,CHEMBL680027,CHEMBL203,5.72
CHEMBL93784,COCC1CCCN1CC#CC(=O)Nc1ccc2ncnc(Nc3cccc(Br)c3)c2c1,IC50,65.0,nM,=,CHEMBL680018,CHEMBL203,7.19
CHEMBL116853,COc1cc2ncc(C#N)c(Nc3cccc(Br)c3)c2cc1NC(=O)C#CCN(C)C,IC50,90.0,nM,=,CHEMBL680027,CHEMBL203,7.05
CHEMBL116857,COc1cc(NC(=O)/C=C/CN(C)C)cc2c(Nc3cccc(Br)c3)c(C#N)cnc12,IC50,2880.0,nM,=,CHEMBL680027,CHEMBL203,5.54
CHEMBL176582,Cn1cnc2cc3ncnc(Nc4cccc(Br)c4)c3cc21,IC50,0.01,nM,=,CHEMBL683040,CHEMBL203,11.00
CHEMBL93537,O=C(/C=C/CN1CCSCC1)Nc1ccc2ncnc(Nc3cccc(Br)c3)c2c1,IC50,203.0,nM,=,CHEMBL680018,CHEMBL203,6.69
CHEMBL122785,O=S(=O)(O)c1cc(NCc2cc(O)ccc2O)ccc1O,IC50,10300.0,nM,=,CHEMBL677211,CHEMBL203,4.99
CHEMBL63786,Brc1cccc(Nc2ncnc3cc4ccccc4cc23)c1,IC50,0.003,nM,=,CHEMBL683040,CHEMBL203,
CHEMBL94123,O=C(/C=C/N1CCOCC1)Nc1ccc2ncnc(Nc3cccc(Br)c3)c2c1,IC50,215.0,nM,=,CHEMBL680018,CHEMBL203,6.67
CHEMBL92882,COC/C=C/C(=O)Nc1ccc2ncnc(Nc3cccc(Br)c3)c2c1,IC50,1132.0,nM,=,CHEMBL680018,CHEMBL203,5.95
CHEMBL332497,COc1cc2ncc(C#N)c(Nc3cccc(Br)c3)c2cc1NC(=O)/C=C/CN1CCOCC1,IC50,3830.0,nM,=,CHEMBL680027,CHEMBL203,5.42
CHEMBL114728,CCOc1cc2ncc(C#N)c(Nc3cccc(Br)c3)c2cc1NC(=O)/C=C/CN(C)C,IC50,1600.0,nM,=,CHEMBL680027,CHEMBL203,5.80
CHEMBL39337,Brc1cccc(Nc2ncnc3cc4[nH]ncc4cc23)c1,IC50,0.44,nM,=,CHEMBL679548,CHEMBL203,9.36
CHEMBL93386,O=C(C#CCN1CCOCC1)Nc1ccc2ncnc(Nc3cccc(Br)c3)c2c1,IC50,20.0,nM,=,CHEMBL680018,CHEMBL203,7.70
CHEMBL122260,CNC(=O)c1cc(NCc2cc(O)ccc2O)ccc1O,IC50,9700.0,nM,=,CHEMBL677211,CHEMBL203,5.01
CHEMBL92731,CCCN(C/C=C/C(=O)Nc1ccc2ncnc(Nc3cccc(Br)c3)c2c1)CCC,IC50,90.0,nM,=,CHEMBL680018,CHEMBL203,7.05
CHEMBL115440,COCCOCC#CC(=O)Nc1ccc2ncc(C#N)c(Nc3cccc(Br)c3)c2c1,IC50,930.0,nM,=,CHEMBL680027,CHEMBL203,6.03
CHEMBL93049,COCOCC#CC(=O)Nc1ccc2ncnc(Nc3cccc(Br)c3)c2c1,IC50,59.0,nM,=,CHEMBL680018,CHEMBL203,7.23
CHEMBL283682,CC#CC(=O)Nc1ccc2ncc(C#N)c(Nc3cccc(Br)c3)c2c1,IC50,940.0,nM,=,CHEMBL680027,CHEMBL203,6.03
CHEMBL40734,Brc1cccc(Nc2ncnc3cc4[nH]ccc4cc23)c1,IC50,0.44,nM,=,CHEMBL683040,CHEMBL203,9.36
CHEMBL29197,COc1cc2ncnc(Nc3cccc(Br)c3)c2cc1OC,IC50,0.025,nM,=,CHEMBL679548,CHEMBL203,10.60
CHEMBL93051,Brc1cccc(Nc2ncnc3cc4c(cc23)OCO4)c1,IC50,15.0,nM,=,CHEMBL679548,CHEMBL203,7.82
CHEMBL155100,Brc1cccc(Nc2ncnc3c2ccc2[nH]cnc23)c1,IC50,272.0,nM,=,CHEMBL683040,CHEMBL203,6.57
CHEMBL93464,C/C=C/C(=O)Nc1ccc2ncnc(Nc3cccc(Br)c3)c2c1,IC50,236.0,nM,=,CHEMBL680018,CHEMBL203,6.63
CHEMBL92961,CC(C)N(CC#CC(=O)Nc1ccc2ncnc(Nc3cccc(Br)c3)c2c1)C(C)C,IC50,97.0,nM,=,CHEMBL680018,CHEMBL203,7.01
CHEMBL175101,CN(C)CCn1cnc2cc3c(Nc4cccc(Br)c4)ncnc3cc21,IC50,22.0,nM,=,CHEMBL679548,CHEMBL203,7.66
CHEMBL93754,O=C(/C=C/Cn1cccn1)Nc1ccc2ncnc(Nc3cccc(Br)c3)c2c1,IC50,1124.0,nM,=,CHEMBL680018,CHEMBL203,5.95
CHEMBL441279,COCOCC#CC(=O)Nc1ccc2ncc(C#N)c(Nc3cccc(Br)c3)c2c1,IC50,330.0,nM,=,CHEMBL680027,CHEMBL203,6.48
CHEMBL113901,COc1cc2ncc(C#N)c(Nc3ccc(F)c(Cl)c3)c2cc1NC(=O)/C=C/C(C)N(C)C,IC50,5220.0,nM,=,CHEMBL680027,CHEMBL203,5.28
CHEMBL123045,O=[N+]([O-])c1cc(NCc2cc(O)ccc2O)ccc1O,IC50,5400.0,nM,=,CHEMBL677211,CHEMBL203,5.27
CHEMBL328245,CCCN(CC#CC(=O)Nc1ccc2ncnc(Nc3cccc(Br)c3)c2c1)CCC,IC50,62.0,nM,=,CHEMBL680018,CHEMBL203,7.21
CHEMBL91925,CCN(CC)C/C=C/C(=O)Nc1ccc2ncnc(Nc3cccc(Br)c3)c2c1,IC50,73.0,nM,=,CHEMBL680018,CHEMBL203,7.14
CHEMBL316127,O=C(/C=C/CN1CCOCC1)Nc1ccc2ncnc(Nc3cccc(Br)c3)c2c1,IC50,74.0,nM,=,CHEMBL680018,CHEMBL203,7.13
CHEMBL114073,COc1cc2ncc(C#N)c(Nc3ccc(F)c(Cl)c3)c2cc1NC(=O)/C=C/C(C)N1CCOCC1,IC50,10600.0,nM,=,CHEMBL680027,CHEMBL203,4.97
CHEMBL66031,Brc1cccc(Nc2ncnc3cc4[nH]cnc4cc23)c1,IC50,0.008,nM,=,CHEMBL683040,CHEMBL203,
CHEMBL174426,Cn1cnc2cc3c(Nc4cccc(Br)c4)ncnc3cc21,IC50,0.025,nM,=,CHEMBL683040,CHEMBL203,10.60
CHEMBL91748,CN(C)/C=C/C(=O)Nc1ccc2ncnc(Nc3cccc(Br)c3)c2c1,IC50,250.0,nM,=,CHEMBL680018,CHEMBL203,6.60
CHEMBL91009,COCC#CC(=O)Nc1ccc2ncnc(Nc3cccc(Br)c3)c2c1,IC50,9.0,nM,=,CHEMBL680018,CHEMBL203,8.05
CHEMBL607707,CCOc1cc2ncc(C#N)c(Nc3ccc(F)c(Cl)c3)c2cc1NC(=O)/C=C/CN(C)C,IC50,80.0,nM,=,CHEMBL680027,CHEMBL203,7.10
CHEMBL118000,N#Cc1cnc2ccc(NC(=O)/C=C/CN3CCOCC3)cc2c1Nc1ccc(F)c(Cl)c1,IC50,2290.0,nM,=,CHEMBL680027,CHEMBL203,5.64
CHEMBL173498,Brc1cccc(Nc2ncnc3cc4nccnc4cc23)c1,IC50,1.7,nM,=,CHEMBL683040,CHEMBL203,8.77
CHEMBL92086,C=C(C)C(=O)Nc1ccc2ncnc(Nc3cccc(Br)c3)c2c1,IC50,339.0,nM,=,CHEMBL680018,CHEMBL203,6.47
CHEMBL2112369,COC[C@@H]1CCCN1C/C=C\C(=O)Nc1ccc2ncnc(Nc3cccc(Br)c3)c2c1,IC50,194.0,nM,=,CHEMBL680018,CHEMBL203,6.71
CHEMBL90595,O=C(C#CCN1CCCCC1)Nc1ccc2ncnc(Nc3cccc(Br)c3)c2c1,IC50,57.0,nM,=,CHEMBL680018,CHEMBL203,7.24
CHEMBL419501,COC[C@H]1CCCN1C/C=C/C(=O)Nc1ccc2ncnc(Nc3cccc(Br)c3)c2c1,IC50,85.0,nM,=,CHEMBL680018,CHEMBL203,7.07
CHEMBL326280,COCC#CC(=O)Nc1cc2c(Nc3cccc(Br)c3)c(C#N)cnc2cc1OC,IC50,790.0,nM,=,CHEMBL680027,CHEMBL203,6.10
CHEMBL326811,C/C=C/C(=O)Nc1ccc2ncc(C#N)c(Nc3cccc(Br)c3)c2c1,IC50,1620.0,nM,=,CHEMBL680027,CHEMBL203,5.79
CHEMBL122397,CCCCCCNC(=O)c1cc(NCc2cc(O)ccc2O)ccc1O,IC50,900.0,nM,=,CHEMBL677211,CHEMBL203,6.05
CHEMBL7329,O=C1NC(=O)C(c2cn(CCOCCO)c3ccccc23)=C1c1c[nH]c2ccccc12,Inhibition,,%,,CHEMBL674708,CHEMBL203,
CHEMBL7329,O=C1NC(=O)C(c2cn(CCOCCO)c3ccccc23)=C1c1c[nH]c2ccccc12,Inhibition,,%,,CHEMBL674709,CHEMBL203,
CHEMBL7329,O=C1NC(=O)C(c2cn(CCOCCO)c3ccccc23)=C1c1c[nH]c2ccccc12,Inhibition,,%,,CHEMBL674707,CHEMBL203,
CHEMBL116012,CCOc1cc2ncc(C#N)c(Nc3cccc(Br)c3)c2cc1NC(=O)/C=C/CN1CCOCC1,IC50,10300.0,nM,=,CHEMBL680027,CHEMBL203,4.99
CHEMBL114392,C=C(CN1CCOCC1)C(=O)Nc1ccc2ncc(C#N)c(Nc3ccc(F)c(Cl)c3)c2c1,IC50,2700.0,nM,=,CHEMBL680027,CHEMBL203,5.57
CHEMBL7463,CN(C)CCCn1cc(C2=C(c3c[nH]c4ccccc34)C(=O)NC2=O)c2ccccc21,Inhibition,,%,,CHEMBL674708,CHEMBL203,
CHEMBL7463,CN(C)CCCn1cc(C2=C(c3c[nH]c4ccccc34)C(=O)NC2=O)c2ccccc21,Inhibition,,%,,CHEMBL674709,CHEMBL203,
CHEMBL7463,CN(C)CCCn1cc(C2=C(c3c[nH]c4ccccc34)C(=O)NC2=O)c2ccccc21,Inhibition,,%,,CHEMBL674707,CHEMBL203,
CHEMBL290096,Brc1cccc(Nc2ncnc3ccccc23)c1,IC50,27.0,nM,=,CHEMBL683040,CHEMBL203,7.57
CHEMBL91811,CC(C)N(C)CC#CC(=O)Nc1ccc2ncnc(Nc3cccc(Br)c3)c2c1,IC50,85.0,nM,=,CHEMBL680018,CHEMBL203,7.07
CHEMBL328977,O=C(C#CCN1CCSCC1)Nc1ccc2ncnc(Nc3cccc(Br)c3)c2c1,IC50,95.0,nM,=,CHEMBL680018,CHEMBL203,7.02
CHEMBL94068,O=C(/C=C/CN1CCCCC1)Nc1ccc2ncnc(Nc3cccc(Br)c3)c2c1,IC50,106.0,nM,=,CHEMBL680018,CHEMBL203,6.97
CHEMBL285063,C=CC(=O)Nc1ccc2ncnc(Nc3cccc(Br)c3)c2c1,IC50,2.0,nM,=,CHEMBL680018,CHEMBL203,8.70
CHEMBL115187,CCCN(CC#CC(=O)Nc1ccc2ncc(C#N)c(Nc3cccc(Br)c3)c2c1)CCC,IC50,130.0,nM,=,CHEMBL680027,CHEMBL203,6.89
CHEMBL281300,C=CC(=O)Nc1ccc2ncc(C#N)c(Nc3cccc(Br)c3)c2c1,IC50,590.0,nM,=,CHEMBL680027,CHEMBL203,6.23
CHEMBL427298,CN(C)CCn1cnc2c(Cl)c3c(Nc4cccc(Br)c4)ncnc3cc21,IC50,203.0,nM,=,CHEMBL679548,CHEMBL203,6.69
CHEMBL329856,CN(C)CC#CC(=O)Nc1ccc2ncnc(Nc3cccc(Br)c3)c2c1,IC50,6.0,nM,=,CHEMBL680018,CHEMBL203,8.22
CHEMBL442754,COCCN(C)C/C=C/C(=O)Nc1ccc2ncnc(Nc3cccc(Br)c3)c2c1,IC50,62.0,nM,=,CHEMBL680018,CHEMBL203,7.21
CHEMBL94109,O=C(/C=C/CN1CCC(N2CCCCC2)CC1)Nc1ccc2ncnc(Nc3cccc(Br)c3)c2c1,IC50,68.0,nM,=,CHEMBL680018,CHEMBL203,7.17
CHEMBL113902,C/C=C/C(=O)Nc1cc2c(Nc3ccc(F)c(Cl)c3)c(C#N)cnc2cc1OCC,IC50,7500.0,nM,=,CHEMBL680027,CHEMBL203,5.12
CHEMBL96627,COc1ccc2ncnc(Nc3cccc(Br)c3)c2c1OC,IC50,1370.0,nM,=,CHEMBL679548,CHEMBL203,5.86
CHEMBL93346,COc1ccc2c(Nc3cccc(Br)c3)ncnc2c1OC,IC50,10000.0,nM,>,CHEMBL679548,CHEMBL203,
CHEMBL91867,CC#CC(=O)Nc1ccc2ncnc(Nc3cccc(Br)c3)c2c1,IC50,8.0,nM,=,CHEMBL680018,CHEMBL203,8.10
CHEMBL2112370,COC[C@@H]1CCCN1C/C=C/C(=O)Nc1ccc2ncnc(Nc3cccc(Br)c3)c2c1,IC50,131.0,nM,=,CHEMBL680018,CHEMBL203,6.88
CHEMBL116525,CC#CC(=O)Nc1cc2c(Nc3cccc(Br)c3)c(C#N)cnc2cc1OC,IC50,910.0,nM,=,CHEMBL680027,CHEMBL203,6.04
CHEMBL122721,CCCCCCCCCCCCCCNC(=O)c1cc(NCc2cc(O)ccc2O)ccc1O,IC50,27200.0,nM,=,CHEMBL677211,CHEMBL203,4.57
CHEMBL176891,CN(C)CCn1cnc2cc3ncnc(Nc4cccc(Br)c4)c3cc21,IC50,1.32,nM,=,CHEMBL679548,CHEMBL203,8.88
CHEMBL414220,C=CCN(C)CC#CC(=O)Nc1ccc2ncnc(Nc3cccc(Br)c3)c2c1,IC50,71.0,nM,=,CHEMBL680018,CHEMBL203,7.15
CHEMBL327023,N#Cc1cnc2ccc(NC(=O)C#CCN3CCSCC3)cc2c1Nc1cccc(Br)c1,IC50,550.0,nM,=,CHEMBL680027,CHEMBL203,6.26
CHEMBL113996,COc1cc2ncc(C#N)c(Nc3ccc(F)c(Cl)c3)c2cc1NC(=O)/C=C/CN1CCOCC1,IC50,13600.0,nM,=,CHEMBL680027,CHEMBL203,4.87
CHEMBL328216,Nc1cc2ncnc(Nc3cccc(Br)c3)c2cc1N,IC50,0.12,nM,=,CHEMBL683040,CHEMBL203,9.92
CHEMBL542955,COc1ccc2ncnc(N(C)c3ccccc3)c2c1.Cl,IC50,20000.0,nM,>,CHEMBL873587,CHEMBL203,
CHEMBL169970,O=C(Oc1ccccc1)c1cc(NCc2cc(O)ccc2O)ccc1O,IC50,70.0,nM,=,CHEMBL680022,CHEMBL203,7.16
CHEMBL169970,O=C(Oc1ccccc1)c1cc(NCc2cc(O)ccc2O)ccc1O,IC50,10000.0,nM,=,CHEMBL674009,CHEMBL203,5.00
CHEMBL355767,O=C(Oc1cccc2ccccc12)c1cc(/N=C/c2cc(O)ccc2O)ccc1O,IC50,,nM,,CHEMBL680024,CHEMBL203,
CHEMBL355767,O=C(Oc1cccc2ccccc12)c1cc(/N=C/c2cc(O)ccc2O)ccc1O,IC50,,nM,,CHEMBL674010,CHEMBL203,
CHEMBL543904,COc1cc2ncnc(Nc3cc(OC)c(OC)c(OC)c3)c2cc1OC.Cl,IC50,500.0,nM,=,CHEMBL873587,CHEMBL203,6.30
CHEMBL553908,COc1cc2ncnc(N(C)c3cccc(Cl)c3)c2cc1OC.Cl,IC50,100.0,nM,=,CHEMBL873587,CHEMBL203,7.00
CHEMBL554566,Cc1cccc(N(C)c2ncnc3cc(C)c(C)cc23)c1.Cl,IC50,6500.0,nM,=,CHEMBL873587,CHEMBL203,5.19
CHEMBL101683,O=C(Nc1ccc(Cl)cc1)c1ccccc1NCc1ccncc1,IC50,7300.0,nM,=,CHEMBL674695,CHEMBL203,5.14
CHEMBL355294,O=C(NOCc1ccccc1)c1cc(NCc2cc(O)ccc2O)ccc1O,IC50,50.0,nM,=,CHEMBL680022,CHEMBL203,7.30
CHEMBL355294,O=C(NOCc1ccccc1)c1cc(NCc2cc(O)ccc2O)ccc1O,Inhibition,41.0,%,=,CHEMBL673300,CHEMBL203,
CHEMBL354498,O=C(OCCC12C[C@H]3C[C@@H](C1)C[C@@H](C2)C3)c1cc(/N=C/c2cc(O)ccc2O)ccc1O,IC50,,nM,,CHEMBL680024,CHEMBL203,
CHEMBL354498,O=C(OCCC12C[C@H]3C[C@@H](C1)C[C@@H](C2)C3)c1cc(/N=C/c2cc(O)ccc2O)ccc1O,IC50,,nM,,CHEMBL674010,CHEMBL203,
CHEMBL301359,c1ccc2ncncc2c1,IC50,27.0,nM,=,CHEMBL680021,CHEMBL203,7.57
CHEMBL354836,O=C(Oc1ccc(-c2ccccc2)cc1)c1cc(/N=C/c2cc(O)ccc2O)ccc1O,IC50,,nM,,CHEMBL680024,CHEMBL203,
CHEMBL354836,O=C(Oc1ccc(-c2ccccc2)cc1)c1cc(/N=C/c2cc(O)ccc2O)ccc1O,IC50,,nM,,CHEMBL674010,CHEMBL203,
CHEMBL169131,O=C(OCCCc1ccccc1)c1cc(/N=C/c2cc(O)ccc2O)ccc1O,IC50,,nM,,CHEMBL680025,CHEMBL203,
CHEMBL169131,O=C(OCCCc1ccccc1)c1cc(/N=C/c2cc(O)ccc2O)ccc1O,IC50,,nM,,CHEMBL673298,CHEMBL203,
CHEMBL53375,COc1cc2ncnc(Nc3cccc(Br)c3)c2cn1,IC50,39.0,nM,=,CHEMBL680021,CHEMBL203,7.41
CHEMBL101253,Clc1ccc(Nc2nnc(Cc3ccncc3)c3ccccc23)cc1,IC50,10000.0,nM,>,CHEMBL674695,CHEMBL203,
CHEMBL171000,O=C(O)Cc1cc(/N=C/c2cc(O)ccc2O)ccc1O,IC50,35000.0,nM,=,CHEMBL680022,CHEMBL203,4.46
CHEMBL171000,O=C(O)Cc1cc(/N=C/c2cc(O)ccc2O)ccc1O,IC50,60000.0,nM,=,CHEMBL674005,CHEMBL203,4.22
CHEMBL52472,COc1ccc2ncncc2c1,IC50,30.0,nM,=,CHEMBL680021,CHEMBL203,7.52
CHEMBL136011,Cc1cccc(N(C)c2[nH]cnc3nncc2-3)c1,IC50,50000.0,nM,>,CHEMBL873587,CHEMBL203,
CHEMBL169081,COC(=O)Cc1cc(/N=C/c2cc(O)ccc2O)ccc1O,IC50,100000.0,nM,=,CHEMBL680022,CHEMBL203,4.00
CHEMBL169081,COC(=O)Cc1cc(/N=C/c2cc(O)ccc2O)ccc1O,IC50,20000.0,nM,=,CHEMBL674005,CHEMBL203,4.70
CHEMBL353879,CC(C)(C)ONC(=O)c1cc(/N=C/c2cc(O)ccc2O)ccc1O,Inhibition,20.0,%,=,CHEMBL674571,CHEMBL203,
CHEMBL353879,CC(C)(C)ONC(=O)c1cc(/N=C/c2cc(O)ccc2O)ccc1O,IC50,20000.0,nM,>>,CHEMBL674006,CHEMBL203,
CHEMBL171383,CC(CCOC(=O)c1cc(/N=C/c2cc(O)ccc2O)ccc1O)c1ccccc1,IC50,,nM,,CHEMBL680025,CHEMBL203,
CHEMBL171383,CC(CCOC(=O)c1cc(/N=C/c2cc(O)ccc2O)ccc1O)c1ccccc1,IC50,,nM,,CHEMBL673298,CHEMBL203,
CHEMBL168446,O=C(Oc1cccc(O)c1)c1cc(/N=C/c2cc(O)ccc2O)ccc1O,IC50,,nM,,CHEMBL680024,CHEMBL203,
CHEMBL168446,O=C(Oc1cccc(O)c1)c1cc(/N=C/c2cc(O)ccc2O)ccc1O,IC50,,nM,,CHEMBL674010,CHEMBL203,
CHEMBL169356,Cc1cc(C)cc(COC(=O)c2cc(NCc3cc(O)ccc3O)ccc2O)c1,IC50,3000.0,nM,=,CHEMBL680022,CHEMBL203,5.52
CHEMBL169356,Cc1cc(C)cc(COC(=O)c2cc(NCc3cc(O)ccc3O)ccc2O)c1,IC50,1600.0,nM,=,CHEMBL674009,CHEMBL203,5.80
CHEMBL545538,COc1cc2ncnc(N(C)c3ccc(C)cc3)c2cc1OC.Cl,IC50,4000.0,nM,=,CHEMBL873587,CHEMBL203,5.40
CHEMBL301549,COc1ccc2c(Nc3cccc(Br)c3)ncnc2n1,IC50,263.0,nM,=,CHEMBL680021,CHEMBL203,6.58
CHEMBL354521,CCOC(=O)c1cc(/N=C/c2cc(O)ccc2O)ccc1O,IC50,50000.0,nM,=,CHEMBL680022,CHEMBL203,4.30
CHEMBL354521,CCOC(=O)c1cc(/N=C/c2cc(O)ccc2O)ccc1O,IC50,40000.0,nM,=,CHEMBL674006,CHEMBL203,4.40
CHEMBL171727,CCOC(=O)Cc1cc(NCc2cc(O)ccc2O)ccc1O,IC50,7000.0,nM,=,CHEMBL680022,CHEMBL203,5.16
CHEMBL171727,CCOC(=O)Cc1cc(NCc2cc(O)ccc2O)ccc1O,IC50,11000.0,nM,=,CHEMBL674009,CHEMBL203,4.96
CHEMBL171054,CC(COC(=O)c1cc(NCc2cc(O)ccc2O)ccc1O)Cc1ccccc1,IC50,360.0,nM,=,CHEMBL680022,CHEMBL203,6.44
CHEMBL171054,CC(COC(=O)c1cc(NCc2cc(O)ccc2O)ccc1O)Cc1ccccc1,IC50,3500.0,nM,=,CHEMBL674009,CHEMBL203,5.46
CHEMBL169302,O=C(OCCCCc1ccccc1)c1cc(/N=C/c2cc(O)ccc2O)ccc1O,IC50,,nM,,CHEMBL680025,CHEMBL203,
CHEMBL169302,O=C(OCCCCc1ccccc1)c1cc(/N=C/c2cc(O)ccc2O)ccc1O,IC50,,nM,,CHEMBL673298,CHEMBL203,
CHEMBL54383,c1ccc(CNc2ncnc3ncccc23)cc1,IC50,10.0,nM,>,CHEMBL680021,CHEMBL203,
CHEMBL53796,CN(C)c1ccc2ncnc(Nc3cccc(Br)c3)c2n1,IC50,9.6,nM,=,CHEMBL680021,CHEMBL203,8.02
CHEMBL53796,CN(C)c1ccc2ncnc(Nc3cccc(Br)c3)c2n1,IC50,32.0,nM,=,CHEMBL677215,CHEMBL203,7.50
CHEMBL368296,CC(CCOC(=O)c1cc(NCc2cc(O)ccc2O)ccc1O)CC(C)(C)C,IC50,1000.0,nM,>>,CHEMBL680022,CHEMBL203,
CHEMBL368296,CC(CCOC(=O)c1cc(NCc2cc(O)ccc2O)ccc1O)CC(C)(C)C,IC50,800.0,nM,=,CHEMBL674009,CHEMBL203,6.10
CHEMBL352583,O=C(OCc1ccccc1)c1cc(NCc2cc(O)ccc2O)ccc1O,IC50,80.0,nM,=,CHEMBL680022,CHEMBL203,7.10
CHEMBL352583,O=C(OCc1ccccc1)c1cc(NCc2cc(O)ccc2O)ccc1O,IC50,2500.0,nM,=,CHEMBL674009,CHEMBL203,5.60
CHEMBL53299,COc1ccc(CNc2cc3c(Nc4cccc(Br)c4)ncnc3cn2)cc1,IC50,2.3,nM,=,CHEMBL680021,CHEMBL203,8.64
CHEMBL354300,CONC(=O)c1cc(/N=C/c2cc(O)ccc2O)ccc1O,IC50,27000.0,nM,=,CHEMBL680022,CHEMBL203,4.57
CHEMBL354300,CONC(=O)c1cc(/N=C/c2cc(O)ccc2O)ccc1O,IC50,100000.0,nM,>>,CHEMBL674006,CHEMBL203,
CHEMBL53940,CNc1cc2c(Nc3ccccc3)ncnc2cn1,IC50,9.0,nM,=,CHEMBL680021,CHEMBL203,8.05
CHEMBL298637,CNc1ccc2c(Nc3cccc(Br)c3)ncnc2n1,IC50,52.0,nM,=,CHEMBL680021,CHEMBL203,7.28
CHEMBL298637,CNc1ccc2c(Nc3cccc(Br)c3)ncnc2n1,IC50,552.0,nM,=,CHEMBL677215,CHEMBL203,6.26
CHEMBL50519,COc1ccc2ncnc(Nc3cccc(Br)c3)c2n1,IC50,4.3,nM,=,CHEMBL680021,CHEMBL203,8.37
CHEMBL53062,COc1cc2c(Nc3cccc(Br)c3)ncnc2cn1,IC50,2.6,nM,=,CHEMBL680021,CHEMBL203,8.59
CHEMBL53062,COc1cc2c(Nc3cccc(Br)c3)ncnc2cn1,IC50,12.0,nM,=,CHEMBL677215,CHEMBL203,7.92
CHEMBL54805,Brc1cccc(Nc2ncnc3cccnc23)c1,IC50,34.0,nM,=,CHEMBL680021,CHEMBL203,7.47
CHEMBL170996,CC(C)(C)ONC(=O)c1cc(NCc2cc(O)ccc2O)ccc1O,IC50,100.0,nM,=,CHEMBL680022,CHEMBL203,7.00
CHEMBL170996,CC(C)(C)ONC(=O)c1cc(NCc2cc(O)ccc2O)ccc1O,Inhibition,35.0,%,=,CHEMBL678264,CHEMBL203,
CHEMBL168363,O=C(OCC1CCCCC1)c1cc(NCc2cc(O)ccc2O)ccc1O,IC50,1200.0,nM,=,CHEMBL680022,CHEMBL203,5.92
CHEMBL168363,O=C(OCC1CCCCC1)c1cc(NCc2cc(O)ccc2O)ccc1O,IC50,2500.0,nM,=,CHEMBL674009,CHEMBL203,5.60
CHEMBL53300,Nc1ccc2ncncc2c1,IC50,0.79,nM,=,CHEMBL680021,CHEMBL203,9.10
CHEMBL135417,COc1cc2nc(Cl)nc(N(C)c3ccccc3)c2cc1OC,IC50,50000.0,nM,>,CHEMBL873587,CHEMBL203,
CHEMBL169332,CCCCCCCCCCCCCCCCOC(=O)c1cc(/N=C/c2cc(O)ccc2O)ccc1O,IC50,,nM,,CHEMBL680024,CHEMBL203,
CHEMBL169332,CCCCCCCCCCCCCCCCOC(=O)c1cc(/N=C/c2cc(O)ccc2O)ccc1O,IC50,,nM,,CHEMBL674010,CHEMBL203,
CHEMBL355461,COC(=O)Cc1cc(NCc2cc(O)ccc2O)ccc1O,IC50,3000.0,nM,=,CHEMBL680022,CHEMBL203,5.52
CHEMBL355461,COC(=O)Cc1cc(NCc2cc(O)ccc2O)ccc1O,IC50,12000.0,nM,=,CHEMBL674009,CHEMBL203,4.92
CHEMBL355419,CCOP(=O)(Cc1cc(NCc2cc(O)ccc2O)ccc1O)OCC,IC50,4000.0,nM,=,CHEMBL680022,CHEMBL203,5.40
CHEMBL355419,CCOP(=O)(Cc1cc(NCc2cc(O)ccc2O)ccc1O)OCC,IC50,70000.0,nM,=,CHEMBL674009,CHEMBL203,4.16
CHEMBL352591,O=C(Cc1cc(/N=C/c2cc(O)ccc2O)ccc1O)NOCc1ccccc1,IC50,50000.0,nM,=,CHEMBL680022,CHEMBL203,4.30
CHEMBL352591,O=C(Cc1cc(/N=C/c2cc(O)ccc2O)ccc1O)NOCc1ccccc1,IC50,61000.0,nM,=,CHEMBL674006,CHEMBL203,4.21
CHEMBL54400,CNc1cc2ncnc(Nc3cccc(Br)c3)c2cn1,IC50,0.13,nM,=,CHEMBL680021,CHEMBL203,9.89
CHEMBL54400,CNc1cc2ncnc(Nc3cccc(Br)c3)c2cn1,IC50,16.0,nM,=,CHEMBL677215,CHEMBL203,7.80
CHEMBL53711,CN(C)c1cc2c(Nc3cccc(Br)c3)ncnc2cn1,IC50,0.006,nM,=,CHEMBL680021,CHEMBL203,
CHEMBL53711,CN(C)c1cc2c(Nc3cccc(Br)c3)ncnc2cn1,IC50,21.0,nM,=,CHEMBL677215,CHEMBL203,7.68
CHEMBL291496,Clc1ccc2ncnc(Nc3cccc(Br)c3)c2n1,IC50,18.0,nM,=,CHEMBL680021,CHEMBL203,7.75
CHEMBL553523,COc1cc2ncnc(N(C)c3cccc(C)c3)c2cc1OC.Cl,IC50,12000.0,nM,=,CHEMBL873587,CHEMBL203,4.92
CHEMBL335052,CN(c1ccccc1)c1[nH]cnc2ncnc1-2,IC50,2000.0,nM,=,CHEMBL873587,CHEMBL203,5.70
CHEMBL353473,CC(COC(=O)c1cc(/N=C/c2cc(O)ccc2O)ccc1O)Cc1ccccc1,IC50,,nM,,CHEMBL680025,CHEMBL203,
CHEMBL353473,CC(COC(=O)c1cc(/N=C/c2cc(O)ccc2O)ccc1O)Cc1ccccc1,IC50,,nM,,CHEMBL673298,CHEMBL203,
CHEMBL168343,CC(C)(C)ONC(=O)Cc1cc(NCc2cc(O)ccc2O)ccc1O,IC50,5000.0,nM,=,CHEMBL680022,CHEMBL203,5.30
CHEMBL168343,CC(C)(C)ONC(=O)Cc1cc(NCc2cc(O)ccc2O)ccc1O,IC50,46000.0,nM,=,CHEMBL674009,CHEMBL203,4.34
CHEMBL300083,Nc1cc2ncnc(NCc3ccccc3)c2cn1,IC50,578.0,nM,=,CHEMBL680021,CHEMBL203,6.24
CHEMBL300083,Nc1cc2ncnc(NCc3ccccc3)c2cn1,IC50,2085.0,nM,=,CHEMBL677215,CHEMBL203,5.68
CHEMBL52418,CC(=O)Nc1cc2ncnc(Nc3cccc(Br)c3)c2cn1,IC50,29.0,nM,=,CHEMBL680021,CHEMBL203,7.54
CHEMBL53156,CNc1ccc2ncnc(Nc3cccc(Br)c3)c2n1,IC50,3.1,nM,=,CHEMBL680021,CHEMBL203,8.51
CHEMBL53156,CNc1ccc2ncnc(Nc3cccc(Br)c3)c2n1,IC50,20.0,nM,=,CHEMBL677215,CHEMBL203,7.70
CHEMBL134439,CN(c1ccccc1)c1ncnc2ccc(Cl)cc12,IC50,20000.0,nM,>,CHEMBL873587,CHEMBL203,
CHEMBL131653,COC(=O)c1cc(NCc2cc(O)ccc2O)ccc1O,IC50,600.0,nM,=,CHEMBL680022,CHEMBL203,6.22
CHEMBL131653,COC(=O)c1cc(NCc2cc(O)ccc2O)ccc1O,IC50,9000.0,nM,=,CHEMBL674009,CHEMBL203,5.05
CHEMBL131653,COC(=O)c1cc(NCc2cc(O)ccc2O)ccc1O,IC50,1000.0,nM,=,CHEMBL674647,CHEMBL203,6.00
CHEMBL172211,O=C(Oc1ccc2ccccc2c1)c1cc(/N=C/c2cc(O)ccc2O)ccc1O,IC50,,nM,,CHEMBL680024,CHEMBL203,
CHEMBL172211,O=C(Oc1ccc2ccccc2c1)c1cc(/N=C/c2cc(O)ccc2O)ccc1O,IC50,,nM,,CHEMBL674010,CHEMBL203,
CHEMBL352876,O=P(O)(O)Cc1cc(NCc2cc(O)ccc2O)ccc1O,IC50,3000.0,nM,=,CHEMBL680022,CHEMBL203,5.52
CHEMBL352876,O=P(O)(O)Cc1cc(NCc2cc(O)ccc2O)ccc1O,IC50,100000.0,nM,>,CHEMBL674009,CHEMBL203,
CHEMBL54784,c1ccc(CNc2ncnc3ccncc23)cc1,IC50,1460.0,nM,=,CHEMBL680021,CHEMBL203,5.84
CHEMBL296377,Clc1cc2c(Nc3cccc(Br)c3)ncnc2cn1,IC50,40.0,nM,=,CHEMBL680021,CHEMBL203,7.40
CHEMBL53753,CNc1cc2c(Nc3cccc(Br)c3)ncnc2cn1,IC50,0.008,nM,=,CHEMBL680021,CHEMBL203,
CHEMBL53753,CNc1cc2c(Nc3cccc(Br)c3)ncnc2cn1,IC50,15.0,nM,=,CHEMBL677215,CHEMBL203,7.82
CHEMBL54474,Nc1ccc2c(Nc3cccc(Br)c3)ncnc2n1,IC50,940.0,nM,=,CHEMBL680021,CHEMBL203,6.03
CHEMBL355853,CC(COC(=O)c1cc(NCc2cc(O)ccc2O)ccc1O)CC(C)(C)C,IC50,4000.0,nM,~,CHEMBL680022,CHEMBL203,
CHEMBL355853,CC(COC(=O)c1cc(NCc2cc(O)ccc2O)ccc1O)CC(C)(C)C,IC50,800.0,nM,=,CHEMBL674009,CHEMBL203,6.10
CHEMBL355853,CC(COC(=O)c1cc(NCc2cc(O)ccc2O)ccc1O)CC(C)(C)C,IC50,8000.0,nM,=,CHEMBL674647,CHEMBL203,5.10
CHEMBL355087,O=C(OCC1CCCCC1)c1cc(/N=C/c2cc(O)ccc2O)ccc1O,IC50,,nM,,CHEMBL680025,CHEMBL203,
CHEMBL355087,O=C(OCC1CCCCC1)c1cc(/N=C/c2cc(O)ccc2O)ccc1O,IC50,,nM,,CHEMBL673298,CHEMBL203,
CHEMBL172333,O=C(OC/C=C/c1ccccc1)c1cc(NCc2cc(O)ccc2O)ccc1O,IC50,1300.0,nM,=,CHEMBL680022,CHEMBL203,5.89
CHEMBL172333,O=C(OC/C=C/c1ccccc1)c1cc(NCc2cc(O)ccc2O)ccc1O,IC50,2000.0,nM,=,CHEMBL674009,CHEMBL203,5.70
CHEMBL51320,c1ccc(CNc2ncnc3cnccc23)cc1,IC50,2030.0,nM,=,CHEMBL680021,CHEMBL203,5.69
CHEMBL543195,COc1cc2ncnc(N(C)c3ccc(Cl)cc3)c2cc1OC.Cl,IC50,3000.0,nM,=,CHEMBL873587,CHEMBL203,5.52
CHEMBL545302,COc1cc2c(N(C)c3ccccc3)ncnc2c(OC)c1OC.Cl,IC50,20000.0,nM,>,CHEMBL873587,CHEMBL203,
CHEMBL168425,CCOC(=O)Cc1cc(/N=C/c2cc(O)ccc2O)ccc1O,IC50,100000.0,nM,=,CHEMBL680022,CHEMBL203,4.00
CHEMBL168425,CCOC(=O)Cc1cc(/N=C/c2cc(O)ccc2O)ccc1O,IC50,20000.0,nM,=,CHEMBL674005,CHEMBL203,4.70
CHEMBL355877,O=C(NOCc1ccccc1)c1cc(/N=C/c2cc(O)ccc2O)ccc1O,Inhibition,8.0,%,=,CHEMBL673931,CHEMBL203,
CHEMBL355877,O=C(NOCc1ccccc1)c1cc(/N=C/c2cc(O)ccc2O)ccc1O,Inhibition,43.0,%,=,CHEMBL673299,CHEMBL203,
CHEMBL316764,O=C(O)c1cc(/N=C/c2cc(O)ccc2O)ccc1O,IC50,5000.0,nM,=,CHEMBL680022,CHEMBL203,5.30
CHEMBL316764,O=C(O)c1cc(/N=C/c2cc(O)ccc2O)ccc1O,IC50,100000.0,nM,=,CHEMBL674006,CHEMBL203,4.00
CHEMBL168533,O=C(OCCCc1ccccc1)c1cc(NCc2cc(O)ccc2O)ccc1O,IC50,30.0,nM,=,CHEMBL680022,CHEMBL203,7.52
CHEMBL168533,O=C(OCCCc1ccccc1)c1cc(NCc2cc(O)ccc2O)ccc1O,IC50,1500.0,nM,=,CHEMBL674009,CHEMBL203,5.82
CHEMBL168533,O=C(OCCCc1ccccc1)c1cc(NCc2cc(O)ccc2O)ccc1O,IC50,700.0,nM,=,CHEMBL674647,CHEMBL203,6.16
CHEMBL541334,CN(c1ccccc1)c1[nH]cnc2nncc1-2.Cl,IC50,50000.0,nM,>,CHEMBL873587,CHEMBL203,
CHEMBL133758,COC(=O)c1cc(/N=C/c2cc(O)ccc2O)ccc1O,Inhibition,56.0,%,=,CHEMBL674570,CHEMBL203,
CHEMBL133758,COC(=O)c1cc(/N=C/c2cc(O)ccc2O)ccc1O,IC50,,nM,,CHEMBL674008,CHEMBL203,
CHEMBL355206,CC(C)(C)OC(=O)c1cc(/N=C/c2cc(O)ccc2O)ccc1O,Inhibition,15.0,%,=,CHEMBL674571,CHEMBL203,
CHEMBL355206,CC(C)(C)OC(=O)c1cc(/N=C/c2cc(O)ccc2O)ccc1O,IC50,10000.0,nM,>>,CHEMBL674006,CHEMBL203,
CHEMBL52882,CNC1=CC2N=CN(C)/C(=N\c3cccc(Br)c3)C2C=N1,IC50,3.1,nM,=,CHEMBL680021,CHEMBL203,8.51
CHEMBL51265,Brc1cccc(Nc2ncnc3cnccc23)c1,IC50,51.0,nM,=,CHEMBL680021,CHEMBL203,7.29
CHEMBL50245,CN(C)c1ccc2c(Nc3cccc(Br)c3)ncnc2n1,IC50,324.0,nM,=,CHEMBL680021,CHEMBL203,6.49
CHEMBL50245,CN(C)c1ccc2c(Nc3cccc(Br)c3)ncnc2n1,IC50,2300.0,nM,=,CHEMBL677215,CHEMBL203,5.64
CHEMBL169885,O=C(OCCC12C[C@H]3C[C@@H](C1)C[C@@H](C2)C3)c1cc(NCc2cc(O)ccc2O)ccc1O,IC50,5000.0,nM,>>,CHEMBL680022,CHEMBL203,
CHEMBL169885,O=C(OCCC12C[C@H]3C[C@@H](C1)C[C@@H](C2)C3)c1cc(NCc2cc(O)ccc2O)ccc1O,IC50,1250.0,nM,=,CHEMBL674009,CHEMBL203,5.90
CHEMBL354301,CC(C)CCCC(C)CCOC(=O)c1cc(/N=C/c2cc(O)ccc2O)ccc1O,Inhibition,20.0,uM,=,CHEMBL673930,CHEMBL203,
CHEMBL354301,CC(C)CCCC(C)CCOC(=O)c1cc(/N=C/c2cc(O)ccc2O)ccc1O,IC50,5000.0,nM,=,CHEMBL674009,CHEMBL203,5.30
CHEMBL51853,Nc1cc2c(Nc3cccc(Br)c3)ncnc2cn1,IC50,0.13,nM,=,CHEMBL680021,CHEMBL203,9.89
CHEMBL51853,Nc1cc2c(Nc3cccc(Br)c3)ncnc2cn1,IC50,16.0,nM,=,CHEMBL677215,CHEMBL203,7.80
CHEMBL53552,c1ccc(CNc2ncnc3cccnc23)cc1,IC50,603.0,nM,=,CHEMBL680021,CHEMBL203,6.22
CHEMBL422899,CC(C)(C)ONC(=O)Cc1cc(/N=C/c2cc(O)ccc2O)ccc1O,IC50,31000.0,nM,=,CHEMBL680022,CHEMBL203,4.51
CHEMBL422899,CC(C)(C)ONC(=O)Cc1cc(/N=C/c2cc(O)ccc2O)ccc1O,IC50,30000.0,nM,=,CHEMBL674006,CHEMBL203,4.52
CHEMBL168882,CCCCCCCCCCCCCCCCOC(=O)c1cc(NCc2cc(O)ccc2O)ccc1O,IC50,5000.0,nM,>>,CHEMBL680022,CHEMBL203,
CHEMBL168882,CCCCCCCCCCCCCCCCOC(=O)c1cc(NCc2cc(O)ccc2O)ccc1O,IC50,5000.0,nM,>>,CHEMBL674009,CHEMBL203,
CHEMBL354376,Cc1cc(C)cc(COC(=O)c2cc(/N=C/c3cc(O)ccc3O)ccc2O)c1,IC50,,nM,,CHEMBL680025,CHEMBL203,
CHEMBL354376,Cc1cc(C)cc(COC(=O)c2cc(/N=C/c3cc(O)ccc3O)ccc2O)c1,IC50,,nM,,CHEMBL673298,CHEMBL203,
CHEMBL171144,CC(COC(=O)c1cc(/N=C/c2cc(O)ccc2O)ccc1O)CC(C)(C)C,IC50,10000.0,nM,>>,CHEMBL680022,CHEMBL203,
CHEMBL171144,CC(COC(=O)c1cc(/N=C/c2cc(O)ccc2O)ccc1O)CC(C)(C)C,IC50,10000.0,nM,=,CHEMBL674006,CHEMBL203,5.00
CHEMBL543669,COc1cc2ncnc(N(C)c3ccccc3)c2cc1OC.Cl,IC50,4000.0,nM,=,CHEMBL873587,CHEMBL203,5.40
CHEMBL542484,COc1cc2ncnc(Nc3ccccc3)c2cc1OC.Cl,IC50,50.0,nM,=,CHEMBL873587,CHEMBL203,7.30
CHEMBL354757,CCOP(=O)(Cc1cc(/N=C/c2cc(O)ccc2O)ccc1O)OCC,IC50,100000.0,nM,>>,CHEMBL680022,CHEMBL203,
CHEMBL354757,CCOP(=O)(Cc1cc(/N=C/c2cc(O)ccc2O)ccc1O)OCC,IC50,75000.0,nM,=,CHEMBL674006,CHEMBL203,4.12
CHEMBL135928,COc1nc(N(C)c2ccccc2)c2cc(OC)c(OC)cc2n1,IC50,50000.0,nM,>,CHEMBL873587,CHEMBL203,
CHEMBL435662,CC(C)c1ccc(COC(=O)c2cc(NCc3cc(O)ccc3O)ccc2O)cc1,IC50,1000.0,nM,=,CHEMBL680022,CHEMBL203,6.00
CHEMBL435662,CC(C)c1ccc(COC(=O)c2cc(NCc3cc(O)ccc3O)ccc2O)cc1,IC50,1400.0,nM,=,CHEMBL674009,CHEMBL203,5.85
CHEMBL169514,O=C(Oc1ccc2ccccc2c1)c1cc(NCc2cc(O)ccc2O)ccc1O,IC50,90.0,nM,=,CHEMBL680022,CHEMBL203,7.05
CHEMBL169514,O=C(Oc1ccc2ccccc2c1)c1cc(NCc2cc(O)ccc2O)ccc1O,Inhibition,21.0,%,=,CHEMBL678265,CHEMBL203,
CHEMBL434305,O=C(OC/C=C/c1ccccc1)c1cc(/N=C/c2cc(O)ccc2O)ccc1O,IC50,,nM,,CHEMBL680024,CHEMBL203,
CHEMBL434305,O=C(OC/C=C/c1ccccc1)c1cc(/N=C/c2cc(O)ccc2O)ccc1O,IC50,,nM,,CHEMBL674010,CHEMBL203,
CHEMBL168330,CC(C)(C)CCOC(=O)c1cc(/N=C/c2cc(O)ccc2O)ccc1O,Inhibition,10.0,%,=,CHEMBL673932,CHEMBL203,
CHEMBL168330,CC(C)(C)CCOC(=O)c1cc(/N=C/c2cc(O)ccc2O)ccc1O,IC50,2000.0,nM,>>,CHEMBL674006,CHEMBL203,
CHEMBL171085,O=C(O)Cc1cc(NCc2cc(O)ccc2O)ccc1O,IC50,6000.0,nM,=,CHEMBL680022,CHEMBL203,5.22
CHEMBL171085,O=C(O)Cc1cc(NCc2cc(O)ccc2O)ccc1O,IC50,38000.0,nM,=,CHEMBL674009,CHEMBL203,4.42
CHEMBL352589,O=C(Cc1cc(NCc2cc(O)ccc2O)ccc1O)NOCc1ccccc1,IC50,1000.0,nM,=,CHEMBL680022,CHEMBL203,6.00
CHEMBL352589,O=C(Cc1cc(NCc2cc(O)ccc2O)ccc1O)NOCc1ccccc1,IC50,16000.0,nM,=,CHEMBL674009,CHEMBL203,4.80
CHEMBL169047,O=C(OCc1ccccc1)c1cc(/N=C/c2cc(O)ccc2O)ccc1O,IC50,,nM,,CHEMBL680024,CHEMBL203,
CHEMBL169047,O=C(OCc1ccccc1)c1cc(/N=C/c2cc(O)ccc2O)ccc1O,IC50,,nM,,CHEMBL674010,CHEMBL203,
CHEMBL55150,CN(C)c1ccc2ncncc2c1,IC50,120.0,nM,=,CHEMBL680021,CHEMBL203,6.92
CHEMBL539807,COc1cc2ncnc(N(C)c3cccc(C(F)(F)F)c3)c2cc1OC.Cl,IC50,30000.0,nM,=,CHEMBL873587,CHEMBL203,4.52
CHEMBL355308,CC(CCOC(=O)c1cc(/N=C/c2cc(O)ccc2O)ccc1O)CC(C)(C)C,Inhibition,20.0,%,=,CHEMBL674571,CHEMBL203,
CHEMBL355308,CC(CCOC(=O)c1cc(/N=C/c2cc(O)ccc2O)ccc1O)CC(C)(C)C,Inhibition,42.0,%,=,CHEMBL678265,CHEMBL203,
CHEMBL52076,Nc1cc2ncnc(Nc3cccc(Br)c3)c2cn1,IC50,10.0,nM,=,CHEMBL680021,CHEMBL203,8.00
CHEMBL52076,Nc1cc2ncnc(Nc3cccc(Br)c3)c2cn1,IC50,110.0,nM,=,CHEMBL677215,CHEMBL203,6.96
CHEMBL291701,Fc1ccc2c(Nc3cccc(Br)c3)ncnc2n1,IC50,684.0,nM,=,CHEMBL680021,CHEMBL203,6.17
CHEMBL53850,CNc1ccc2ncncc2c1,IC50,7.0,nM,=,CHEMBL680021,CHEMBL203,8.15
CHEMBL55729,Nc1ccc2cncnc2c1,IC50,0.1,nM,=,CHEMBL680021,CHEMBL203,10.00
CHEMBL52784,CN(C)c1ccc2cncnc2c1,IC50,11.0,nM,=,CHEMBL680021,CHEMBL203,7.96
CHEMBL324371,CN(c1ccccc1)c1ncnc2ccccc12,IC50,50000.0,nM,>,CHEMBL873587,CHEMBL203,
CHEMBL422335,O=C(Oc1cccc(O)c1)c1cc(NCc2cc(O)ccc2O)ccc1O,IC50,90.0,nM,=,CHEMBL680022,CHEMBL203,7.05
CHEMBL422335,O=C(Oc1cccc(O)c1)c1cc(NCc2cc(O)ccc2O)ccc1O,IC50,5000.0,nM,>>,CHEMBL674009,CHEMBL203,
CHEMBL172449,O=C(NO)c1cc(NCc2cc(O)ccc2O)ccc1O,IC50,400.0,nM,=,CHEMBL680022,CHEMBL203,6.40
CHEMBL172449,O=C(NO)c1cc(NCc2cc(O)ccc2O)ccc1O,IC50,40000.0,nM,=,CHEMBL674009,CHEMBL203,4.40
CHEMBL51707,Fc1cc2ncnc(Nc3cccc(Br)c3)c2cn1,IC50,13.0,nM,=,CHEMBL680021,CHEMBL203,7.89
CHEMBL554053,CCN(c1ccccc1)c1ncnc2cc(OC)c(OC)cc12.Cl,IC50,5500.0,nM,=,CHEMBL873587,CHEMBL203,5.26
CHEMBL353028,CC(C)(C)CCOC(=O)c1cc(NCc2cc(O)ccc2O)ccc1O,IC50,700.0,nM,=,CHEMBL680022,CHEMBL203,6.16
CHEMBL353028,CC(C)(C)CCOC(=O)c1cc(NCc2cc(O)ccc2O)ccc1O,IC50,7000.0,nM,=,CHEMBL674009,CHEMBL203,5.16
CHEMBL54475,Brc1cccc(Nc2ncnc3ncccc23)c1,IC50,688.0,nM,=,CHEMBL680021,CHEMBL203,6.16
CHEMBL295961,CNc1ccc2cncnc2c1,IC50,4.0,nM,=,CHEMBL680021,CHEMBL203,8.40
CHEMBL168366,O=C(OCCc1ccccc1)c1cc(NCc2cc(O)ccc2O)ccc1O,IC50,130.0,nM,=,CHEMBL680022,CHEMBL203,6.89
CHEMBL168366,O=C(OCCc1ccccc1)c1cc(NCc2cc(O)ccc2O)ccc1O,IC50,3000.0,nM,=,CHEMBL674009,CHEMBL203,5.52
CHEMBL168366,O=C(OCCc1ccccc1)c1cc(NCc2cc(O)ccc2O)ccc1O,IC50,200.0,nM,=,CHEMBL674647,CHEMBL203,6.70
CHEMBL435902,O=C(OCCCCc1ccccc1)c1cc(NCc2cc(O)ccc2O)ccc1O,IC50,400.0,nM,=,CHEMBL680022,CHEMBL203,6.40
CHEMBL435902,O=C(OCCCCc1ccccc1)c1cc(NCc2cc(O)ccc2O)ccc1O,IC50,1250.0,nM,=,CHEMBL674009,CHEMBL203,5.90
CHEMBL52665,Brc1cccc(Nc2ncnc3ccncc23)c1,IC50,35.0,nM,=,CHEMBL680021,CHEMBL203,7.46
CHEMBL545776,COc1cc2ncnc(N3CCc4ccccc43)c2cc1OC.Cl,IC50,3000.0,nM,=,CHEMBL873587,CHEMBL203,5.52
CHEMBL355061,O=C(NO)c1cc(/N=C/c2cc(O)ccc2O)ccc1O,IC50,,nM,,CHEMBL680023,CHEMBL203,
CHEMBL355061,O=C(NO)c1cc(/N=C/c2cc(O)ccc2O)ccc1O,IC50,,nM,,CHEMBL674007,CHEMBL203,
CHEMBL169657,CONC(=O)c1cc(NCc2cc(O)ccc2O)ccc1O,IC50,300.0,nM,=,CHEMBL680022,CHEMBL203,6.52
CHEMBL169657,CONC(=O)c1cc(NCc2cc(O)ccc2O)ccc1O,IC50,20000.0,nM,=,CHEMBL674009,CHEMBL203,4.70
CHEMBL171172,O=C(Oc1ccc(-c2ccccc2)cc1)c1cc(NCc2cc(O)ccc2O)ccc1O,IC50,5000.0,nM,=,CHEMBL680022,CHEMBL203,5.30
CHEMBL171172,O=C(Oc1ccc(-c2ccccc2)cc1)c1cc(NCc2cc(O)ccc2O)ccc1O,Inhibition,42.0,%,=,CHEMBL678265,CHEMBL203,
CHEMBL354682,CC(C)c1ccc(COC(=O)c2cc(/N=C/c3cc(O)ccc3O)ccc2O)cc1,IC50,,nM,,CHEMBL680025,CHEMBL203,
CHEMBL354682,CC(C)c1ccc(COC(=O)c2cc(/N=C/c3cc(O)ccc3O)ccc2O)cc1,IC50,,nM,,CHEMBL673298,CHEMBL203,
CHEMBL300217,Nc1ccc2ncnc(Nc3cccc(Br)c3)c2n1,IC50,7.6,nM,=,CHEMBL680021,CHEMBL203,8.12
CHEMBL300217,Nc1ccc2ncnc(Nc3cccc(Br)c3)c2n1,IC50,53.0,nM,=,CHEMBL677215,CHEMBL203,7.28
CHEMBL300491,COc1ccc2cncnc2c1,IC50,10.0,nM,=,CHEMBL680021,CHEMBL203,8.00
CHEMBL319620,O=C(O)c1cc(NCc2cc(O)ccc2O)ccc1O,IC50,30.0,nM,=,CHEMBL680022,CHEMBL203,7.52
CHEMBL319620,O=C(O)c1cc(NCc2cc(O)ccc2O)ccc1O,IC50,92000.0,nM,=,CHEMBL674009,CHEMBL203,4.04
CHEMBL319620,O=C(O)c1cc(NCc2cc(O)ccc2O)ccc1O,IC50,150.0,nM,=,CHEMBL674647,CHEMBL203,6.82
CHEMBL170997,CC(C)CCCC(C)CCOC(=O)c1cc(NCc2cc(O)ccc2O)ccc1O,IC50,7000.0,nM,=,CHEMBL680022,CHEMBL203,5.16
CHEMBL170997,CC(C)CCCC(C)CCOC(=O)c1cc(NCc2cc(O)ccc2O)ccc1O,IC50,800.0,nM,=,CHEMBL674009,CHEMBL203,6.10
CHEMBL170997,CC(C)CCCC(C)CCOC(=O)c1cc(NCc2cc(O)ccc2O)ccc1O,IC50,25000.0,nM,=,CHEMBL674647,CHEMBL203,4.60
CHEMBL354128,CC(CCOC(=O)c1cc(NCc2cc(O)ccc2O)ccc1O)c1ccccc1,IC50,400.0,nM,=,CHEMBL680022,CHEMBL203,6.40
CHEMBL354128,CC(CCOC(=O)c1cc(NCc2cc(O)ccc2O)ccc1O)c1ccccc1,IC50,2700.0,nM,=,CHEMBL674009,CHEMBL203,5.57
CHEMBL168915,O=C(Oc1cccc2ccccc12)c1cc(NCc2cc(O)ccc2O)ccc1O,IC50,110.0,nM,=,CHEMBL680022,CHEMBL203,6.96
CHEMBL168915,O=C(Oc1cccc2ccccc12)c1cc(NCc2cc(O)ccc2O)ccc1O,IC50,4400.0,nM,=,CHEMBL674009,CHEMBL203,5.36
CHEMBL354810,O=C(OCCc1ccccc1)c1cc(/N=C/c2cc(O)ccc2O)ccc1O,IC50,,nM,,CHEMBL680025,CHEMBL203,
CHEMBL354810,O=C(OCCc1ccccc1)c1cc(/N=C/c2cc(O)ccc2O)ccc1O,IC50,,nM,,CHEMBL673298,CHEMBL203,
CHEMBL53428,CN(C)c1cc2ncnc(Nc3cccc(Br)c3)c2cn1,IC50,0.091,nM,=,CHEMBL680021,CHEMBL203,10.04
CHEMBL53428,CN(C)c1cc2ncnc(Nc3cccc(Br)c3)c2cn1,IC50,14.0,nM,=,CHEMBL677215,CHEMBL203,7.85
CHEMBL53121,Fc1cc2c(Nc3cccc(Br)c3)ncnc2cn1,IC50,124.0,nM,=,CHEMBL680021,CHEMBL203,6.91
CHEMBL170111,CC(C)(C)OC(=O)c1cc(NCc2cc(O)ccc2O)ccc1O,IC50,1000.0,nM,=,CHEMBL680022,CHEMBL203,6.00
CHEMBL170111,CC(C)(C)OC(=O)c1cc(NCc2cc(O)ccc2O)ccc1O,IC50,8000.0,nM,=,CHEMBL674009,CHEMBL203,5.10
CHEMBL168227,O=P(O)(O)Cc1cc(/N=C/c2cc(O)ccc2O)ccc1O,IC50,,nM,,CHEMBL680023,CHEMBL203,
CHEMBL168227,O=P(O)(O)Cc1cc(/N=C/c2cc(O)ccc2O)ccc1O,IC50,,nM,,CHEMBL674007,CHEMBL203,
CHEMBL133147,Cc1cc(C)c2ncnc(N(C)c3ccccc3)c2c1,IC50,20000.0,nM,>,CHEMBL873587,CHEMBL203,
CHEMBL355857,CCOC(=O)c1cc(NCc2cc(O)ccc2O)ccc1O,IC50,400.0,nM,=,CHEMBL680022,CHEMBL203,6.40
CHEMBL355857,CCOC(=O)c1cc(NCc2cc(O)ccc2O)ccc1O,IC50,6100.0,nM,=,CHEMBL674009,CHEMBL203,5.21
CHEMBL169108,O=C(Oc1ccccc1)c1cc(/N=C/c2cc(O)ccc2O)ccc1O,IC50,,nM,,CHEMBL680024,CHEMBL203,
CHEMBL169108,O=C(Oc1ccccc1)c1cc(/N=C/c2cc(O)ccc2O)ccc1O,IC50,,nM,,CHEMBL674010,CHEMBL203,
CHEMBL53404,CC(=O)Nc1cc2ncnc(NCc3ccccc3)c2cn1,IC50,100.0,nM,=,CHEMBL680021,CHEMBL203,7.00
CHEMBL54788,Fc1ccc2ncnc(Nc3cccc(Br)c3)c2n1,IC50,44.0,nM,=,CHEMBL680021,CHEMBL203,7.36
CHEMBL29197,COc1cc2ncnc(Nc3cccc(Br)c3)c2cc1OC,IC50,0.029,nM,=,CHEMBL680021,CHEMBL203,10.54
CHEMBL29197,COc1cc2ncnc(Nc3cccc(Br)c3)c2cc1OC,IC50,0.029,nM,=,CHEMBL676150,CHEMBL203,10.54
CHEMBL141705,COCOc1cc(-c2ccccc2)ccc1-c1ccc(C(=O)OCC(C)CC(C)(C)C)cc1,IC50,20000.0,nM,>,CHEMBL677207,CHEMBL203,
CHEMBL141705,COCOc1cc(-c2ccccc2)ccc1-c1ccc(C(=O)OCC(C)CC(C)(C)C)cc1,Inhibition,10.0,%,=,CHEMBL673782,CHEMBL203,
CHEMBL142420,CC(C)(C)c1cc(O)cc(-c2ccc(C(=O)O)cc2)c1,IC50,50000.0,nM,>,CHEMBL677207,CHEMBL203,
CHEMBL142420,CC(C)(C)c1cc(O)cc(-c2ccc(C(=O)O)cc2)c1,IC50,20000.0,nM,>,CHEMBL678922,CHEMBL203,
CHEMBL142898,COCOc1cc(C(C)(C)C)ccc1-c1ccc(C(=O)OC)cc1,IC50,10000.0,nM,>,CHEMBL677208,CHEMBL203,
CHEMBL142898,COCOc1cc(C(C)(C)C)ccc1-c1ccc(C(=O)OC)cc1,IC50,10000.0,nM,=,CHEMBL678922,CHEMBL203,5.00
CHEMBL357695,COCOc1cc(C(C)(C)C)ccc1-c1ccc(C(=O)OCC(C)CC(C)(C)C)cc1,IC50,50000.0,nM,>,CHEMBL677207,CHEMBL203,
CHEMBL357695,COCOc1cc(C(C)(C)C)ccc1-c1ccc(C(=O)OCC(C)CC(C)(C)C)cc1,IC50,,nM,=,CHEMBL678923,CHEMBL203,
CHEMBL144921,COCOc1c(-c2ccccc2)cccc1-c1ccc(C(=O)OCC(C)CC(C)(C)C)cc1,Inhibition,16.0,%,=,CHEMBL673927,CHEMBL203,
CHEMBL144921,COCOc1c(-c2ccccc2)cccc1-c1ccc(C(=O)OCC(C)CC(C)(C)C)cc1,IC50,10000.0,nM,>,CHEMBL678922,CHEMBL203,
CHEMBL141435,O=C(NCc1ccccc1)c1ccc(-c2cccc(-c3ccccc3)c2O)cc1,IC50,5000.0,nM,>,CHEMBL677207,CHEMBL203,
CHEMBL141435,O=C(NCc1ccccc1)c1ccc(-c2cccc(-c3ccccc3)c2O)cc1,IC50,5000.0,nM,>,CHEMBL678922,CHEMBL203,
CHEMBL99743,COc1cc2ncnc(N3CCN(C(=O)Nc4ccc([N+](=O)[O-])cc4)CC3)c2cc1OC,IC50,100000.0,nM,>,CHEMBL678297,CHEMBL203,
CHEMBL142745,CC(COC(=O)c1ccc(-c2cccc(-c3ccccc3)c2O)cc1)CC(C)(C)C,Inhibition,11.0,%,=,CHEMBL673927,CHEMBL203,
CHEMBL142745,CC(COC(=O)c1ccc(-c2cccc(-c3ccccc3)c2O)cc1)CC(C)(C)C,IC50,10000.0,nM,>,CHEMBL678922,CHEMBL203,
CHEMBL104067,COc1cc2ncnc(N3CCN(C(=O)Nc4ccc(C(C)C)cc4)CC3)c2cc1OC,IC50,30000.0,nM,>,CHEMBL678297,CHEMBL203,
CHEMBL132466,COc1cc2cc3ncc(C#N)c(Nc4ccc(F)c(Cl)c4)c3cc2cc1OC,IC50,18000.0,nM,=,CHEMBL675388,CHEMBL203,4.75
CHEMBL132466,COc1cc2cc3ncc(C#N)c(Nc4ccc(F)c(Cl)c4)c3cc2cc1OC,IC50,680.0,nM,=,CHEMBL621154,CHEMBL203,6.17
CHEMBL343314,CC(C)(C)c1ccc(-c2ccc(C(=O)O)cc2)c(O)c1,IC50,10000.0,nM,>,CHEMBL677207,CHEMBL203,
CHEMBL343314,CC(C)(C)c1ccc(-c2ccc(C(=O)O)cc2)c(O)c1,IC50,10000.0,nM,>,CHEMBL678922,CHEMBL203,
CHEMBL102346,COc1cc2ncnc(N3CCN(C(=O)Nc4ccc(Oc5ccccc5)cc4)CC3)c2cc1OC,IC50,30000.0,nM,>,CHEMBL678297,CHEMBL203,
CHEMBL142200,COCOc1cc(-c2ccccc2)ccc1-c1ccc(C(=O)OC)cc1,Inhibition,2.0,%,=,CHEMBL673927,CHEMBL203,
CHEMBL142200,COCOc1cc(-c2ccccc2)ccc1-c1ccc(C(=O)OC)cc1,IC50,5000.0,nM,>,CHEMBL678922,CHEMBL203,
CHEMBL143968,COCOc1cc(-c2ccccc2)ccc1-c1ccc(C(=O)NCc2ccccc2)cc1,IC50,1000.0,nM,>,CHEMBL677207,CHEMBL203,
CHEMBL143968,COCOc1cc(-c2ccccc2)ccc1-c1ccc(C(=O)NCc2ccccc2)cc1,IC50,1100.0,nM,=,CHEMBL678922,CHEMBL203,5.96
CHEMBL323336,COc1cc2ncnc(N3CCN(C(=O)Nc4ccc(Br)cc4)CC3)c2cc1OC,IC50,100000.0,nM,>,CHEMBL678297,CHEMBL203,
CHEMBL358513,CC(COC(=O)c1ccc(-c2ccc(C(C)(C)C)cc2O)cc1)CC(C)(C)C,Inhibition,3.0,%,=,CHEMBL673926,CHEMBL203,
CHEMBL358513,CC(COC(=O)c1ccc(-c2ccc(C(C)(C)C)cc2O)cc1)CC(C)(C)C,Inhibition,25.0,%,=,CHEMBL673782,CHEMBL203,
CHEMBL347786,CC(C)(C)c1cc(O)cc(-c2ccc(CO)cc2)c1,IC50,10000.0,nM,>,CHEMBL677207,CHEMBL203,
CHEMBL347786,CC(C)(C)c1cc(O)cc(-c2ccc(CO)cc2)c1,Inhibition,21.0,%,=,CHEMBL678925,CHEMBL203,
CHEMBL143899,O=C(O)c1ccc(-c2cc(O)cc(-c3ccccc3)c2)cc1,Inhibition,9.0,%,=,CHEMBL673926,CHEMBL203,
CHEMBL143899,O=C(O)c1ccc(-c2cc(O)cc(-c3ccccc3)c2)cc1,IC50,10000.0,nM,=,CHEMBL678922,CHEMBL203,5.00
CHEMBL359136,CC(COC(=O)c1ccc(-c2cc(O)cc(C(C)(C)C)c2)cc1)CC(C)(C)C,Inhibition,10.0,%,=,CHEMBL673926,CHEMBL203,
CHEMBL359136,CC(COC(=O)c1ccc(-c2cc(O)cc(C(C)(C)C)c2)cc1)CC(C)(C)C,IC50,5000.0,nM,>,CHEMBL678922,CHEMBL203,
CHEMBL142148,O=C(NCc1ccccc1)c1ccc(-c2cc(O)cc(-c3ccccc3)c2)cc1,Inhibition,5.0,%,=,CHEMBL673926,CHEMBL203,
CHEMBL142148,O=C(NCc1ccccc1)c1ccc(-c2cc(O)cc(-c3ccccc3)c2)cc1,IC50,8000.0,nM,=,CHEMBL678922,CHEMBL203,5.10
CHEMBL141884,CC(COC(=O)c1ccc(-c2cc(O)cc(-c3ccccc3)c2)cc1)CC(C)(C)C,Inhibition,15.0,%,=,CHEMBL673926,CHEMBL203,
CHEMBL141884,CC(COC(=O)c1ccc(-c2cc(O)cc(-c3ccccc3)c2)cc1)CC(C)(C)C,IC50,5000.0,nM,>,CHEMBL678922,CHEMBL203,
CHEMBL142335,CC(C)(C)c1ccc(-c2ccc(C(=O)NCc3ccccc3)cc2)c(O)c1,IC50,5000.0,nM,>,CHEMBL677207,CHEMBL203,
CHEMBL142335,CC(C)(C)c1ccc(-c2ccc(C(=O)NCc3ccccc3)cc2)c(O)c1,Inhibition,57.0,%,=,CHEMBL673781,CHEMBL203,
CHEMBL346637,CC(COC(=O)c1ccc(-c2ccc(-c3ccccc3)cc2O)cc1)CC(C)(C)C,Inhibition,3.0,%,=,CHEMBL673927,CHEMBL203,
CHEMBL346637,CC(COC(=O)c1ccc(-c2ccc(-c3ccccc3)cc2O)cc1)CC(C)(C)C,Inhibition,27.0,%,=,CHEMBL673782,CHEMBL203,
CHEMBL109372,COc1cc2ncc(C#N)c(Nc3ccc(F)c(Cl)c3)c2cc1OC,IC50,5170.0,nM,=,CHEMBL675388,CHEMBL203,5.29
CHEMBL109372,COc1cc2ncc(C#N)c(Nc3ccc(F)c(Cl)c3)c2cc1OC,IC50,1030.0,nM,=,CHEMBL621154,CHEMBL203,5.99
CHEMBL142611,COC(=O)c1ccc(-c2cc(O)cc(C(C)(C)C)c2)cc1,IC50,10000.0,nM,>,CHEMBL677207,CHEMBL203,
CHEMBL142611,COC(=O)c1ccc(-c2cc(O)cc(C(C)(C)C)c2)cc1,IC50,10000.0,nM,>,CHEMBL678922,CHEMBL203,
CHEMBL345019,O=C(NCc1ccccc1)c1ccc(-c2ccc(-c3ccccc3)cc2O)cc1,IC50,1000.0,nM,>,CHEMBL677207,CHEMBL203,
CHEMBL345019,O=C(NCc1ccccc1)c1ccc(-c2ccc(-c3ccccc3)cc2O)cc1,IC50,1400.0,nM,=,CHEMBL678922,CHEMBL203,5.85
CHEMBL142985,COC(=O)c1ccc(-c2cccc(-c3ccccc3)c2O)cc1,IC50,20000.0,nM,>,CHEMBL677207,CHEMBL203,
CHEMBL142985,COC(=O)c1ccc(-c2cccc(-c3ccccc3)c2O)cc1,IC50,5000.0,nM,>,CHEMBL678922,CHEMBL203,
CHEMBL143160,CC(C)(C)c1cc(O)cc(-c2ccc(C(=O)NCc3ccccc3)cc2)c1,IC50,5000.0,nM,>,CHEMBL677207,CHEMBL203,
CHEMBL143160,CC(C)(C)c1cc(O)cc(-c2ccc(C(=O)NCc3ccccc3)cc2)c1,IC50,5400.0,nM,=,CHEMBL678922,CHEMBL203,5.27
CHEMBL106966,COc1cc2ncnc(N3CCN(C(=O)Nc4ccc(C#N)cc4)CC3)c2cc1OC,IC50,100000.0,nM,>,CHEMBL678297,CHEMBL203,
CHEMBL142831,COCOc1cc(-c2ccccc2)ccc1-c1ccc(C(=O)O)cc1,Inhibition,8.0,%,=,CHEMBL673927,CHEMBL203,
CHEMBL142831,COCOc1cc(-c2ccccc2)ccc1-c1ccc(C(=O)O)cc1,IC50,10000.0,nM,=,CHEMBL678922,CHEMBL203,5.00
CHEMBL358092,COC(=O)c1ccc(-c2ccc(-c3ccccc3)cc2O)cc1,IC50,14000.0,nM,=,CHEMBL677207,CHEMBL203,4.85
CHEMBL358092,COC(=O)c1ccc(-c2ccc(-c3ccccc3)cc2O)cc1,Inhibition,41.0,%,=,CHEMBL678924,CHEMBL203,
CHEMBL357040,COC(=O)c1ccc(-c2ccc(C(C)(C)C)cc2O)cc1,Inhibition,6.0,%,=,CHEMBL673926,CHEMBL203,
CHEMBL357040,COC(=O)c1ccc(-c2ccc(C(C)(C)C)cc2O)cc1,IC50,5000.0,nM,>,CHEMBL678922,CHEMBL203,
CHEMBL142499,COCOc1cc(C(C)(C)C)ccc1-c1ccc(C(=O)NCc2ccccc2)cc1,IC50,5000.0,nM,>,CHEMBL677207,CHEMBL203,
CHEMBL142499,COCOc1cc(C(C)(C)C)ccc1-c1ccc(C(=O)NCc2ccccc2)cc1,Inhibition,47.0,%,=,CHEMBL678926,CHEMBL203,
CHEMBL49596,Cn1c(=O)c(-c2c(Cl)cccc2Cl)cc2cnc(N)nc21,IC50,5600.0,nM,=,CHEMBL683042,CHEMBL203,5.25
CHEMBL54471,Cc1ccc(C(=O)/C(C#N)=C/c2ccc(O)c(O)c2)cc1,IC50,880.0,nM,=,CHEMBL763200,CHEMBL203,6.06
CHEMBL54471,Cc1ccc(C(=O)/C(C#N)=C/c2ccc(O)c(O)c2)cc1,IC50,15000.0,nM,=,CHEMBL676152,CHEMBL203,4.82
CHEMBL54471,Cc1ccc(C(=O)/C(C#N)=C/c2ccc(O)c(O)c2)cc1,IC50,7000.0,nM,=,CHEMBL701406,CHEMBL203,5.16
CHEMBL56543,N#C/C(=C\c1ccc(O)c(O)c1)C(=O)NCc1ccccc1,IC50,2000.0,nM,=,CHEMBL763200,CHEMBL203,5.70
CHEMBL56543,N#C/C(=C\c1ccc(O)c(O)c1)C(=O)NCc1ccccc1,IC50,100.0,nM,=,CHEMBL676152,CHEMBL203,7.00
CHEMBL56543,N#C/C(=C\c1ccc(O)c(O)c1)C(=O)NCc1ccccc1,IC50,3500.0,nM,=,CHEMBL700784,CHEMBL203,5.46
CHEMBL332612,Nc1ccc(Nc2[nH]nc3ncnc(Nc4cccc(Cl)c4)c23)cc1,IC50,5.0,nM,=,CHEMBL677832,CHEMBL203,8.30
CHEMBL332612,Nc1ccc(Nc2[nH]nc3ncnc(Nc4cccc(Cl)c4)c23)cc1,IC50,500.0,nM,=,CHEMBL621022,CHEMBL203,6.30
CHEMBL118904,O=[N+]([O-])c1cccc(-c2[nH]nc3ncnc(Nc4cccc(Cl)c4)c23)c1,IC50,270.0,nM,=,CHEMBL677832,CHEMBL203,6.57
CHEMBL118904,O=[N+]([O-])c1cccc(-c2[nH]nc3ncnc(Nc4cccc(Cl)c4)c23)c1,IC50,100000.0,nM,>,CHEMBL621022,CHEMBL203,
CHEMBL56879,N#C/C(=C\c1ccc(O)c(O)c1)C(=O)c1ccc([N+](=O)[O-])cc1,IC50,2300.0,nM,=,CHEMBL763200,CHEMBL203,5.64
CHEMBL56879,N#C/C(=C\c1ccc(O)c(O)c1)C(=O)c1ccc([N+](=O)[O-])cc1,IC50,11000.0,nM,=,CHEMBL676152,CHEMBL203,4.96
CHEMBL56879,N#C/C(=C\c1ccc(O)c(O)c1)C(=O)c1ccc([N+](=O)[O-])cc1,IC50,20000.0,nM,<,CHEMBL701406,CHEMBL203,
CHEMBL55979,CC(NC(=O)/C(C#N)=C/c1ccc(O)c(O)c1)c1ccccc1,IC50,400.0,nM,=,CHEMBL763200,CHEMBL203,6.40
CHEMBL55979,CC(NC(=O)/C(C#N)=C/c1ccc(O)c(O)c1)c1ccccc1,IC50,2500.0,nM,=,CHEMBL676152,CHEMBL203,5.60
CHEMBL55979,CC(NC(=O)/C(C#N)=C/c1ccc(O)c(O)c1)c1ccccc1,IC50,3500.0,nM,=,CHEMBL701406,CHEMBL203,5.46
CHEMBL56455,COc1ccc(CCNC(=O)/C(C#N)=C/c2ccc(O)c(O)c2)cc1OC,IC50,1700.0,nM,=,CHEMBL763200,CHEMBL203,5.77
CHEMBL332333,c1ccc(Nc2nc[nH]c3nnc(Nc4ccccc4)c2-3)cc1,IC50,58.0,nM,=,CHEMBL677832,CHEMBL203,7.24
CHEMBL332333,c1ccc(Nc2nc[nH]c3nnc(Nc4ccccc4)c2-3)cc1,IC50,12000.0,nM,=,CHEMBL621022,CHEMBL203,4.92
CHEMBL332882,Nc1cccc(-c2[nH]nc3ncnc(Nc4cccc(Cl)c4)c23)c1,IC50,5.0,nM,=,CHEMBL677832,CHEMBL203,8.30
CHEMBL332882,Nc1cccc(-c2[nH]nc3ncnc(Nc4cccc(Cl)c4)c23)c1,IC50,800.0,nM,=,CHEMBL621022,CHEMBL203,6.10
CHEMBL56132,N#C/C(=C\c1ccc(O)c(O)c1)C(=O)c1ccccc1,IC50,1300.0,nM,=,CHEMBL763200,CHEMBL203,5.89
CHEMBL56132,N#C/C(=C\c1ccc(O)c(O)c1)C(=O)c1ccccc1,IC50,14000.0,nM,=,CHEMBL676152,CHEMBL203,4.85
CHEMBL56132,N#C/C(=C\c1ccc(O)c(O)c1)C(=O)c1ccccc1,IC50,15000.0,nM,=,CHEMBL701406,CHEMBL203,4.82
CHEMBL56219,N#C/C(=C\c1ccc(O)c(O)c1)C(=O)Nc1ccccc1Cl,IC50,1100.0,nM,=,CHEMBL763200,CHEMBL203,5.96
CHEMBL56219,N#C/C(=C\c1ccc(O)c(O)c1)C(=O)Nc1ccccc1Cl,IC50,2100.0,nM,=,CHEMBL676152,CHEMBL203,5.68
CHEMBL56219,N#C/C(=C\c1ccc(O)c(O)c1)C(=O)Nc1ccccc1Cl,IC50,35000.0,nM,=,CHEMBL701406,CHEMBL203,4.46
CHEMBL50371,CN(C)c1cc(-c2cc3cnc(N)nc3nc2NC(=O)NC(C)(C)C)cc(N(C)C)c1,IC50,,nM,,CHEMBL680014,CHEMBL203,
CHEMBL62756,Nc1ncnc2c1ncn2-c1ccccc1,IC50,15000.0,nM,=,CHEMBL677832,CHEMBL203,4.82
CHEMBL57251,COc1ccc(NC(=O)/C(C#N)=C/c2ccc(O)c(O)c2)c(OC)c1,IC50,1700.0,nM,=,CHEMBL763200,CHEMBL203,5.77
CHEMBL57251,COc1ccc(NC(=O)/C(C#N)=C/c2ccc(O)c(O)c2)c(OC)c1,IC50,166000.0,nM,>,CHEMBL676152,CHEMBL203,
CHEMBL120979,COc1cccc(Nc2[nH]nc3ncnc(Nc4cccc(Cl)c4)c23)c1,IC50,8.0,nM,=,CHEMBL677832,CHEMBL203,8.10
CHEMBL120979,COc1cccc(Nc2[nH]nc3ncnc(Nc4cccc(Cl)c4)c23)c1,IC50,800.0,nM,=,CHEMBL621022,CHEMBL203,6.10
CHEMBL57631,CC(=O)Nc1ccc(C=C(C#N)C#N)cc1,IC50,325000.0,nM,>,CHEMBL763200,CHEMBL203,
CHEMBL292648,N#CC(C#N)=C1CCCc2c(O)cccc21,IC50,1200000.0,nM,=,CHEMBL763200,CHEMBL203,
CHEMBL50977,Cn1c(=O)c(-c2c(Cl)cccc2Cl)cc2cncnc21,IC50,50000.0,nM,>,CHEMBL683042,CHEMBL203,
CHEMBL51573,Cc1ncc2cc(-c3c(Cl)cccc3Cl)c(=O)n(C)c2n1,IC50,50000.0,nM,>,CHEMBL683042,CHEMBL203,
CHEMBL301612,Cn1c(=O)c(-c2c(Cl)cccc2Cl)cc2cnc(Nc3ccccc3)nc21,IC50,78.0,nM,=,CHEMBL683042,CHEMBL203,7.11
CHEMBL122243,Nc1ncnc2c1c(-c1ccccc1)nn2-c1ccccc1,IC50,800.0,nM,=,CHEMBL677832,CHEMBL203,6.10
CHEMBL122245,COc1ccc(CNc2[nH]nc3ncnc(Nc4cccc(Cl)c4)c23)cc1,IC50,7.0,nM,=,CHEMBL677832,CHEMBL203,8.15
CHEMBL122245,COc1ccc(CNc2[nH]nc3ncnc(Nc4cccc(Cl)c4)c23)cc1,IC50,20.0,nM,=,CHEMBL621022,CHEMBL203,7.70
CHEMBL296407,N#C/C(=C\c1ccc(O)c(O)c1)C(N)=O,IC50,10000.0,nM,=,CHEMBL763200,CHEMBL203,5.00
CHEMBL296407,N#C/C(=C\c1ccc(O)c(O)c1)C(N)=O,IC50,4500.0,nM,=,CHEMBL676152,CHEMBL203,5.35
CHEMBL296407,N#C/C(=C\c1ccc(O)c(O)c1)C(N)=O,IC50,15000.0,nM,=,CHEMBL700784,CHEMBL203,4.82
CHEMBL296540,COc1cc(OC)cc(-c2cc3cnc(N)nc3n(C)c2=O)c1,IC50,,nM,,CHEMBL680014,CHEMBL203,
CHEMBL49120,CCN(CC)CCOc1ccc(Nc2ncc3cc(-c4c(Cl)cccc4Cl)c(=O)n(C)c3n2)cc1,IC50,350.0,nM,=,CHEMBL683042,CHEMBL203,6.46
CHEMBL56731,N#C/C(=C\c1ccc(O)c(O)c1)C(=O)Nc1ccccc1,IC50,700.0,nM,=,CHEMBL763200,CHEMBL203,6.16
CHEMBL56731,N#C/C(=C\c1ccc(O)c(O)c1)C(=O)Nc1ccccc1,IC50,1250.0,nM,=,CHEMBL676152,CHEMBL203,5.90
CHEMBL56731,N#C/C(=C\c1ccc(O)c(O)c1)C(=O)Nc1ccccc1,IC50,15000.0,nM,>,CHEMBL701406,CHEMBL203,
CHEMBL56542,N#C/C(=C\c1ccc(O)c(O)c1)C(=O)N1CCc2ccccc21,IC50,2100.0,nM,=,CHEMBL763200,CHEMBL203,5.68
CHEMBL56542,N#C/C(=C\c1ccc(O)c(O)c1)C(=O)N1CCc2ccccc21,IC50,12000.0,nM,=,CHEMBL676152,CHEMBL203,4.92
CHEMBL56542,N#C/C(=C\c1ccc(O)c(O)c1)C(=O)N1CCc2ccccc21,IC50,25000.0,nM,=,CHEMBL701406,CHEMBL203,4.60
CHEMBL299763,COc1cc(OC)cc(-c2cc3cnc(N)nc3nc2NC(=O)NC(C)(C)C)c1,IC50,50000.0,nM,=,CHEMBL683042,CHEMBL203,4.30
CHEMBL153843,O=C(Nc1cccc(C(F)(F)F)c1)c1ccccc1NCc1ccncc1,IC50,10400.0,nM,=,CHEMBL677883,CHEMBL203,4.98
CHEMBL294213,N#CC(C#N)=Cc1ccc2[nH]ccc2c1,IC50,2200000.0,nM,=,CHEMBL763200,CHEMBL203,
CHEMBL294213,N#CC(C#N)=Cc1ccc2[nH]ccc2c1,IC50,100000.0,nM,>,CHEMBL701406,CHEMBL203,
CHEMBL332765,CN(C)c1ccc(Nc2[nH]nc3ncnc(Nc4cccc(Cl)c4)c23)cc1,IC50,29.0,nM,=,CHEMBL677832,CHEMBL203,7.54
CHEMBL332765,CN(C)c1ccc(Nc2[nH]nc3ncnc(Nc4cccc(Cl)c4)c23)cc1,IC50,1500.0,nM,=,CHEMBL621022,CHEMBL203,5.82
CHEMBL306081,Cc1[nH]c2ncnc(Nc3cccc(Cl)c3)c2c1C,IC50,27000.0,nM,=,CHEMBL677832,CHEMBL203,4.57
CHEMBL291313,N#CC(C#N)=C1C(=O)Nc2ccc([N+](=O)[O-])cc21,IC50,40000.0,nM,=,CHEMBL763200,CHEMBL203,4.40
CHEMBL291313,N#CC(C#N)=C1C(=O)Nc2ccc([N+](=O)[O-])cc21,IC50,20000.0,nM,=,CHEMBL701406,CHEMBL203,4.70
CHEMBL51028,CN1CCN(CCCNc2ncc3cc(-c4c(Cl)cccc4Cl)c(NC(=O)NC4CCCCC4)nc3n2)CC1,IC50,880.0,nM,=,CHEMBL683042,CHEMBL203,6.06
CHEMBL51485,CN1CCN(CCCNc2ncc3cc(-c4c(Cl)cccc4Cl)c(NC(=O)NCc4ccccc4)nc3n2)CC1,IC50,980.0,nM,=,CHEMBL683042,CHEMBL203,6.01
CHEMBL294681,C[S+]([O-])c1ccc(C=C(C#N)C#N)cc1,IC50,1800000.0,nM,=,CHEMBL763200,CHEMBL203,
CHEMBL121796,Clc1cccc(Nc2[nH]cnc3nnc(NCc4ccccc4)c2-3)c1,IC50,7.0,nM,=,CHEMBL677832,CHEMBL203,8.15
CHEMBL121796,Clc1cccc(Nc2[nH]cnc3nnc(NCc4ccccc4)c2-3)c1,IC50,3.0,nM,=,CHEMBL621022,CHEMBL203,8.52
CHEMBL55979,CC(NC(=O)/C(C#N)=C/c1ccc(O)c(O)c1)c1ccccc1,IC50,860.0,nM,=,CHEMBL763200,CHEMBL203,6.07
CHEMBL121190,Nc1[nH]cnc2nnc(Nc3cccc(Cl)c3)c1-2,IC50,160.0,nM,=,CHEMBL677832,CHEMBL203,6.80
CHEMBL121190,Nc1[nH]cnc2nnc(Nc3cccc(Cl)c3)c1-2,IC50,35000.0,nM,=,CHEMBL621022,CHEMBL203,4.46
CHEMBL331906,Oc1cccc(-c2[nH]nc3ncnc(Nc4cccc(Cl)c4)c23)c1,IC50,26.0,nM,=,CHEMBL677832,CHEMBL203,7.58
CHEMBL331906,Oc1cccc(-c2[nH]nc3ncnc(Nc4cccc(Cl)c4)c23)c1,IC50,1500.0,nM,=,CHEMBL621022,CHEMBL203,5.82
CHEMBL332906,Nc1ccc(-c2[nH]nc3ncnc(Nc4cccc(Cl)c4)c23)cc1,IC50,2.0,nM,=,CHEMBL677832,CHEMBL203,8.70
CHEMBL332906,Nc1ccc(-c2[nH]nc3ncnc(Nc4cccc(Cl)c4)c23)cc1,IC50,800.0,nM,=,CHEMBL621022,CHEMBL203,6.10
CHEMBL57462,N#CC(C#N)=C1C(=O)Nc2cc(O)c(O)cc21,IC50,2500.0,nM,=,CHEMBL763200,CHEMBL203,5.60
CHEMBL57462,N#CC(C#N)=C1C(=O)Nc2cc(O)c(O)cc21,IC50,16000.0,nM,>,CHEMBL701406,CHEMBL203,
CHEMBL55994,N#C/C(=C\c1ccc(O)c(O)c1)C(=O)c1cccs1,IC50,3100.0,nM,=,CHEMBL763200,CHEMBL203,5.51
CHEMBL55994,N#C/C(=C\c1ccc(O)c(O)c1)C(=O)c1cccs1,IC50,31000.0,nM,=,CHEMBL676152,CHEMBL203,4.51
CHEMBL51283,CN1CCN(c2ccc(Nc3ncc4cc(-c5c(Cl)cccc5Cl)c(=O)n(C)c4n3)cc2)CC1,IC50,,nM,,CHEMBL680014,CHEMBL203,
CHEMBL57712,N#CC(C#N)=Cc1cc[n+]([O-])cc1,IC50,1300000.0,nM,=,CHEMBL763200,CHEMBL203,
CHEMBL55993,Cc1cc(C)c(C(=O)/C(C#N)=C/c2ccc(O)c(O)c2)c(C)c1,IC50,10700.0,nM,=,CHEMBL763200,CHEMBL203,4.97
CHEMBL55993,Cc1cc(C)c(C(=O)/C(C#N)=C/c2ccc(O)c(O)c2)c(C)c1,IC50,24000.0,nM,=,CHEMBL676152,CHEMBL203,4.62
CHEMBL55360,Cc1cccc(C)c1NC(=O)/C(C#N)=C/c1ccc(O)c(O)c1,IC50,5100.0,nM,=,CHEMBL763200,CHEMBL203,5.29
CHEMBL55360,Cc1cccc(C)c1NC(=O)/C(C#N)=C/c1ccc(O)c(O)c1,IC50,10300.0,nM,=,CHEMBL676152,CHEMBL203,4.99
CHEMBL55360,Cc1cccc(C)c1NC(=O)/C(C#N)=C/c1ccc(O)c(O)c1,IC50,5000.0,nM,>,CHEMBL701406,CHEMBL203,
CHEMBL299194,CN1CCN(CCCNc2ncc3cc(-c4c(Cl)cccc4Cl)c(=O)n(C)c3n2)CC1,IC50,8700.0,nM,=,CHEMBL683042,CHEMBL203,5.06
CHEMBL122068,Nc1nc(N)c2c(Nc3cccc(Cl)c3)[nH]nc2n1,IC50,220.0,nM,=,CHEMBL677832,CHEMBL203,6.66
CHEMBL122068,Nc1nc(N)c2c(Nc3cccc(Cl)c3)[nH]nc2n1,IC50,9000.0,nM,=,CHEMBL621022,CHEMBL203,5.05
CHEMBL333231,Clc1cccc(CNc2[nH]nc3ncnc(Nc4cccc(Cl)c4)c23)c1,IC50,26.0,nM,=,CHEMBL677832,CHEMBL203,7.58
CHEMBL333231,Clc1cccc(CNc2[nH]nc3ncnc(Nc4cccc(Cl)c4)c23)c1,IC50,1500.0,nM,=,CHEMBL621022,CHEMBL203,5.82
CHEMBL332971,COc1ccc(-c2[nH]nc3ncnc(Nc4cccc(Cl)c4)c23)cc1,IC50,96.0,nM,=,CHEMBL677832,CHEMBL203,7.02
CHEMBL332971,COc1ccc(-c2[nH]nc3ncnc(Nc4cccc(Cl)c4)c23)cc1,IC50,1500.0,nM,=,CHEMBL621022,CHEMBL203,5.82
CHEMBL56281,N#CC(C#N)=Cc1cccnc1,IC50,225000.0,nM,=,CHEMBL763200,CHEMBL203,
CHEMBL57170,COc1ccc(C=C(C#N)C#N)cc1F,IC50,800000.0,nM,=,CHEMBL763200,CHEMBL203,
CHEMBL55748,N#CC(C#N)=C1C(=O)Nc2ccc(O)cc21,IC50,12500.0,nM,=,CHEMBL763200,CHEMBL203,4.90
CHEMBL55748,N#CC(C#N)=C1C(=O)Nc2ccc(O)cc21,IC50,,nM,=,CHEMBL701408,CHEMBL203,
CHEMBL56393,N#C/C(=C\c1ccc(O)c(O)c1)C(=O)c1ccc(O)c(O)c1,IC50,370.0,nM,=,CHEMBL763200,CHEMBL203,6.43
CHEMBL56393,N#C/C(=C\c1ccc(O)c(O)c1)C(=O)c1ccc(O)c(O)c1,IC50,5000.0,nM,=,CHEMBL676152,CHEMBL203,5.30
CHEMBL56393,N#C/C(=C\c1ccc(O)c(O)c1)C(=O)c1ccc(O)c(O)c1,IC50,8000.0,nM,>,CHEMBL701406,CHEMBL203,
CHEMBL293749,N#C/C(=C\c1ccc(O)c(O)c1)C(=O)NCCc1ccccc1,IC50,930.0,nM,=,CHEMBL763200,CHEMBL203,6.03
CHEMBL293749,N#C/C(=C\c1ccc(O)c(O)c1)C(=O)NCCc1ccccc1,IC50,625.0,nM,<,CHEMBL676152,CHEMBL203,
CHEMBL432314,CCN(CC)CCOc1ccc(Nc2ncc3cc(-c4c(Cl)cccc4Cl)c(NC(=O)NC(C)(C)C)nc3n2)cc1,IC50,,nM,,CHEMBL680014,CHEMBL203,
CHEMBL49658,CC(C)(C)NC(=O)Nc1nc2nc(N)ncc2cc1-c1cc(C(F)(F)F)cc(C(F)(F)F)c1,IC50,,nM,,CHEMBL680014,CHEMBL203,
CHEMBL300341,N#CC(C#N)=Cc1ccco1,IC50,1250000.0,nM,>,CHEMBL763200,CHEMBL203,
CHEMBL59145,N#C/C(=C\c1ccc(O)c(O)c1)C(=O)c1ccccc1Cl,IC50,1540.0,nM,=,CHEMBL763200,CHEMBL203,5.81
CHEMBL59145,N#C/C(=C\c1ccc(O)c(O)c1)C(=O)c1ccccc1Cl,IC50,6600.0,nM,=,CHEMBL676152,CHEMBL203,5.18
CHEMBL55204,N#C/C(=C\c1ccc(O)c(O)c1)C(=O)c1ccc(F)cc1,IC50,560.0,nM,=,CHEMBL763200,CHEMBL203,6.25
CHEMBL55204,N#C/C(=C\c1ccc(O)c(O)c1)C(=O)c1ccc(F)cc1,IC50,5100.0,nM,=,CHEMBL676153,CHEMBL203,5.29
CHEMBL55204,N#C/C(=C\c1ccc(O)c(O)c1)C(=O)c1ccc(F)cc1,IC50,20000.0,nM,=,CHEMBL701406,CHEMBL203,4.70
CHEMBL65063,Nc1ncnc2c1cnn2-c1ccccc1,IC50,2700.0,nM,=,CHEMBL677832,CHEMBL203,5.57
CHEMBL120703,CC(C)(C)OC(=O)Nc1ccc(Nc2[nH]nc3ncnc(Nc4cccc(Cl)c4)c23)cc1,IC50,10000.0,nM,>,CHEMBL677832,CHEMBL203,
CHEMBL120703,CC(C)(C)OC(=O)Nc1ccc(Nc2[nH]nc3ncnc(Nc4cccc(Cl)c4)c23)cc1,IC50,100000.0,nM,>,CHEMBL621022,CHEMBL203,
CHEMBL120667,Cc1c(C)n(C)c2ncnc(Nc3cccc(Cl)c3)c12,IC50,450000.0,nM,=,CHEMBL677832,CHEMBL203,
CHEMBL45827,CCN(CC)CCCCNc1ncc2cc(-c3c(Cl)cccc3Cl)c(NC(=O)NC(C)(C)C)nc2n1,IC50,390.0,nM,=,CHEMBL683042,CHEMBL203,6.41
CHEMBL123189,COc1cccc(CNc2[nH]nc3ncnc(Nc4cccc(Cl)c4)c23)c1,IC50,8.0,nM,=,CHEMBL677832,CHEMBL203,8.10
CHEMBL123189,COc1cccc(CNc2[nH]nc3ncnc(Nc4cccc(Cl)c4)c23)c1,IC50,200.0,nM,=,CHEMBL621022,CHEMBL203,6.70
CHEMBL293482,N#CC(C#N)=Cc1ncc[nH]1,IC50,532000.0,nM,=,CHEMBL763200,CHEMBL203,
CHEMBL57471,CSc1ccc(C=C(C#N)C#N)cc1,IC50,625000.0,nM,>,CHEMBL763200,CHEMBL203,
CHEMBL440298,N#C/C(=C\c1ccc(O)c(O)c1)C(=O)NCCCCc1ccccc1,IC50,1100.0,nM,=,CHEMBL763200,CHEMBL203,5.96
CHEMBL440298,N#C/C(=C\c1ccc(O)c(O)c1)C(=O)NCCCCc1ccccc1,IC50,5000.0,nM,=,CHEMBL676152,CHEMBL203,5.30
CHEMBL440298,N#C/C(=C\c1ccc(O)c(O)c1)C(=O)NCCCCc1ccccc1,IC50,3000.0,nM,=,CHEMBL700784,CHEMBL203,5.52
CHEMBL420885,CC(C)(C)OC(=O)Nc1ccc(-c2[nH]nc3ncnc(Nc4cccc(Cl)c4)c23)cc1,IC50,270.0,nM,=,CHEMBL677832,CHEMBL203,6.57
CHEMBL420885,CC(C)(C)OC(=O)Nc1ccc(-c2[nH]nc3ncnc(Nc4cccc(Cl)c4)c23)cc1,IC50,1500.0,nM,=,CHEMBL621022,CHEMBL203,5.82
CHEMBL334026,Clc1cccc(Nc2[nH]nc3ncnc(Oc4cccc(Cl)c4)c23)c1,IC50,24200.0,nM,=,CHEMBL677832,CHEMBL203,4.62
CHEMBL334026,Clc1cccc(Nc2[nH]nc3ncnc(Oc4cccc(Cl)c4)c23)c1,IC50,100000.0,nM,>,CHEMBL621022,CHEMBL203,
CHEMBL293798,N#CC(C#N)=C1C(=O)Nc2ccccc21,IC50,250000.0,nM,>,CHEMBL763200,CHEMBL203,
CHEMBL291986,N#C/C(=C\c1ccc(O)c(O)c1)C(=O)N1CCN(c2ccccc2)CC1,IC50,4300.0,nM,=,CHEMBL763200,CHEMBL203,5.37
CHEMBL291986,N#C/C(=C\c1ccc(O)c(O)c1)C(=O)N1CCN(c2ccccc2)CC1,IC50,55000.0,nM,=,CHEMBL676152,CHEMBL203,4.26
CHEMBL56674,N#CC(C#N)=Cc1ccc(S(=O)(=O)[O-])o1.[Na+],IC50,250000.0,nM,>,CHEMBL763200,CHEMBL203,
CHEMBL57663,N#CC(C#N)=Cc1ccc(C#N)cc1,IC50,1400000.0,nM,=,CHEMBL763200,CHEMBL203,
CHEMBL48809,CCOc1cc(OCC)cc(-c2cc3cnc(N)nc3nc2NC(=O)NC(C)(C)C)c1,IC50,,nM,,CHEMBL680014,CHEMBL203,
CHEMBL333038,Clc1cccc(Nc2nc[nH]c3nnc(Nc4cccc(Cl)c4)c2-3)c1,IC50,330.0,nM,=,CHEMBL677832,CHEMBL203,6.48
CHEMBL333038,Clc1cccc(Nc2nc[nH]c3nnc(Nc4cccc(Cl)c4)c2-3)c1,IC50,250.0,nM,=,CHEMBL621022,CHEMBL203,6.60
CHEMBL119982,Clc1cccc(Nc2[nH]nc3ncnc(NCc4ccccc4)c23)c1,IC50,870.0,nM,=,CHEMBL677832,CHEMBL203,6.06
CHEMBL119982,Clc1cccc(Nc2[nH]nc3ncnc(NCc4ccccc4)c23)c1,IC50,1500.0,nM,=,CHEMBL621022,CHEMBL203,5.82
CHEMBL59150,N#CC(C#N)=C(N)/C(C#N)=C/c1ccc2[nH]ccc2c1,IC50,820000.0,nM,=,CHEMBL763200,CHEMBL203,
CHEMBL59150,N#CC(C#N)=C(N)/C(C#N)=C/c1ccc2[nH]ccc2c1,IC50,60000.0,nM,>,CHEMBL701407,CHEMBL203,
CHEMBL417941,N#C/C(=C\c1ccc(O)c(O)c1)C(=O)NC1CCCCC1,IC50,1600.0,nM,=,CHEMBL763200,CHEMBL203,5.80
CHEMBL417941,N#C/C(=C\c1ccc(O)c(O)c1)C(=O)NC1CCCCC1,IC50,5900.0,nM,=,CHEMBL676152,CHEMBL203,5.23
CHEMBL417941,N#C/C(=C\c1ccc(O)c(O)c1)C(=O)NC1CCCCC1,IC50,15000.0,nM,=,CHEMBL700785,CHEMBL203,4.82
CHEMBL120319,Clc1cccc(Nc2[nH]nc3ncnc(Nc4cccc(Br)c4)c23)c1,IC50,130.0,nM,=,CHEMBL677832,CHEMBL203,6.89
CHEMBL120319,Clc1cccc(Nc2[nH]nc3ncnc(Nc4cccc(Br)c4)c23)c1,IC50,800.0,nM,<,CHEMBL621022,CHEMBL203,
CHEMBL281957,CCN(CC)C/C=C/c1nc(O)c2c(ccc3nc(Nc4c(Cl)cccc4Cl)n(C)c32)c1C,IC50,10000.0,nM,>,CHEMBL678294,CHEMBL203,
CHEMBL56964,COc1cc2c(cc1O)NC(=O)C2=C(C#N)C#N,IC50,60000.0,nM,=,CHEMBL763200,CHEMBL203,4.22
CHEMBL56964,COc1cc2c(cc1O)NC(=O)C2=C(C#N)C#N,IC50,120000.0,nM,>,CHEMBL701406,CHEMBL203,
CHEMBL56319,CCOC(=O)C(Cc1ccccc1)NC(=O)/C(C#N)=C/c1ccc(O)c(O)c1,IC50,1530.0,nM,=,CHEMBL763200,CHEMBL203,5.82
CHEMBL56319,CCOC(=O)C(Cc1ccccc1)NC(=O)/C(C#N)=C/c1ccc(O)c(O)c1,IC50,49000.0,nM,=,CHEMBL676152,CHEMBL203,4.31
CHEMBL121260,Clc1cccc(Nc2[nH]nc3ncnc(Nc4ccccc4)c23)c1,IC50,84.0,nM,=,CHEMBL677832,CHEMBL203,7.08
CHEMBL121260,Clc1cccc(Nc2[nH]nc3ncnc(Nc4ccccc4)c23)c1,IC50,1000.0,nM,=,CHEMBL621022,CHEMBL203,6.00
CHEMBL121954,Oc1cccc(Nc2[nH]nc3ncnc(Nc4cccc(Cl)c4)c23)c1,IC50,1.0,nM,=,CHEMBL677832,CHEMBL203,9.00
CHEMBL121954,Oc1cccc(Nc2[nH]nc3ncnc(Nc4cccc(Cl)c4)c23)c1,IC50,4.0,nM,=,CHEMBL621022,CHEMBL203,8.40
CHEMBL24828,COc1cc2/c(=N/c3ccc(Br)cc3F)nc[nH]c2cc1OCC1CCN(C)CC1,IC50,16.0,nM,=,CHEMBL677883,CHEMBL203,7.80
CHEMBL24828,COc1cc2/c(=N/c3ccc(Br)cc3F)nc[nH]c2cc1OCC1CCN(C)CC1,IC50,500.0,nM,=,CHEMBL677882,CHEMBL203,6.30
CHEMBL276711,Cc1cc(C)c(/C=C2\C(=O)Nc3ccccc32)[nH]1,IC50,10000.0,nM,>,CHEMBL677881,CHEMBL203,
CHEMBL298679,COc1ccc(NC(=O)Nc2nc3nc(NCCCN4CCN(C)CC4)ncc3cc2-c2c(Cl)cccc2Cl)cc1,IC50,720.0,nM,=,CHEMBL683042,CHEMBL203,6.14
CHEMBL291753,N#C/C(=C\c1ccc(O)c(O)c1)C(=O)N1CCCCC1,IC50,1000000.0,nM,>,CHEMBL763200,CHEMBL203,
CHEMBL50647,Cn1c(=O)c(-c2c(Cl)cccc2Cl)cc2cnc(Nc3ccc(CC(=O)O)cc3)nc21,IC50,,nM,,CHEMBL680014,CHEMBL203,
CHEMBL50470,CCN(CC)CCCNc1ncc2cc(-c3c(Cl)cccc3Cl)c(=O)n(C)c2n1,IC50,1350.0,nM,=,CHEMBL683042,CHEMBL203,5.87
CHEMBL292609,N#CC(C#N)=Cc1ccc2c(c1)CCN2Cc1ccccc1,IC50,2500000.0,nM,>,CHEMBL763200,CHEMBL203,
CHEMBL299347,CN(C)c1ncc2cc(-c3c(Cl)cccc3Cl)c(=O)n(C)c2n1,IC50,50000.0,nM,>,CHEMBL683042,CHEMBL203,
CHEMBL319540,Cc1c(C)n(-c2ccccc2)c2ncnc(N)c12,IC50,2710.0,nM,=,CHEMBL677832,CHEMBL203,5.57
CHEMBL122411,COc1ccc(Nc2[nH]nc3ncnc(Nc4cccc(Cl)c4)c23)cc1,IC50,30.0,nM,=,CHEMBL677832,CHEMBL203,7.52
CHEMBL122411,COc1ccc(Nc2[nH]nc3ncnc(Nc4cccc(Cl)c4)c23)cc1,IC50,1500.0,nM,=,CHEMBL621022,CHEMBL203,5.82
CHEMBL29197,COc1cc2ncnc(Nc3cccc(Br)c3)c2cc1OC,IC50,6.0,nM,=,CHEMBL677832,CHEMBL203,8.22
CHEMBL29197,COc1cc2ncnc(Nc3cccc(Br)c3)c2cc1OC,IC50,30.0,nM,=,CHEMBL621022,CHEMBL203,7.52
CHEMBL75232,Clc1ccc(Nc2nnc(Cc3ccncc3)c3ccccc23)cc1.O=C(O)CCC(=O)O,IC50,10000.0,nM,>,CHEMBL677883,CHEMBL203,
CHEMBL298810,N#CC(C#N)=Cc1cc[nH]n1,IC50,1480000.0,nM,=,CHEMBL763200,CHEMBL203,
CHEMBL57300,N#CC(C#N)=C1CCc2c1ccc(O)c2O,IC50,7000.0,nM,=,CHEMBL763200,CHEMBL203,5.16
CHEMBL48172,Cn1c(=O)c(-c2c(Cl)cccc2Cl)cc2cnc(NCCCN3CCOCC3)nc21,IC50,,nM,,CHEMBL680014,CHEMBL203,
CHEMBL297523,CCN(CC)CCOc1cccc(Nc2ncc3cc(-c4c(Cl)cccc4Cl)c(=O)n(C)c3n2)c1,IC50,,nM,,CHEMBL680014,CHEMBL203,
CHEMBL56201,CN1C(=O)C(=C(C#N)C#N)c2cc(O)ccc21,IC50,26000.0,nM,=,CHEMBL763200,CHEMBL203,4.58
CHEMBL122182,Oc1ccc(Nc2[nH]nc3ncnc(Nc4cccc(Cl)c4)c23)cc1,IC50,8.0,nM,=,CHEMBL677832,CHEMBL203,8.10
CHEMBL122182,Oc1ccc(Nc2[nH]nc3ncnc(Nc4cccc(Cl)c4)c23)cc1,IC50,40.0,nM,=,CHEMBL621022,CHEMBL203,7.40
CHEMBL347537,O=C(Nc1cccc(-c2cncc3ccccc23)c1)c1ccccc1NCc1ccncc1,IC50,10000.0,nM,>,CHEMBL677883,CHEMBL203,
CHEMBL293584,N#CC(C#N)=C1CCc2cc(O)c(O)cc21,IC50,500.0,nM,=,CHEMBL763200,CHEMBL203,6.30
CHEMBL293584,N#CC(C#N)=C1CCc2cc(O)c(O)cc21,IC50,30000.0,nM,>,CHEMBL701406,CHEMBL203,
CHEMBL53898,N#C/C(=C\c1ccc(O)c(O)c1)C(=O)NCCCc1ccccc1,IC50,700.0,nM,=,CHEMBL763200,CHEMBL203,6.16
CHEMBL53898,N#C/C(=C\c1ccc(O)c(O)c1)C(=O)NCCCc1ccccc1,IC50,700.0,nM,=,CHEMBL676152,CHEMBL203,6.16
CHEMBL53898,N#C/C(=C\c1ccc(O)c(O)c1)C(=O)NCCCc1ccccc1,IC50,2500.0,nM,=,CHEMBL701406,CHEMBL203,5.60
CHEMBL120069,Cc1cccc(Nc2[nH]cnc3nnc(Nc4cccc(Cl)c4)c2-3)c1,IC50,130.0,nM,=,CHEMBL677832,CHEMBL203,6.89
CHEMBL120069,Cc1cccc(Nc2[nH]cnc3nnc(Nc4cccc(Cl)c4)c2-3)c1,IC50,150.0,nM,=,CHEMBL621022,CHEMBL203,6.82
CHEMBL119977,Clc1cccc(Nc2[nH]cnc3nnc(-c4ccccc4)c2-3)c1,IC50,19.0,nM,=,CHEMBL677832,CHEMBL203,7.72
CHEMBL119977,Clc1cccc(Nc2[nH]cnc3nnc(-c4ccccc4)c2-3)c1,IC50,30.0,nM,=,CHEMBL621022,CHEMBL203,7.52
CHEMBL118130,Oc1ccc(-c2[nH]nc3ncnc(Nc4cccc(Cl)c4)c23)cc1,IC50,6.0,nM,=,CHEMBL677832,CHEMBL203,8.22
CHEMBL118130,Oc1ccc(-c2[nH]nc3ncnc(Nc4cccc(Cl)c4)c23)cc1,IC50,500.0,nM,=,CHEMBL621022,CHEMBL203,6.30
CHEMBL2111784,C[C@H](Nc1cc(-c2sc(C3CCN(C)CC3)nc2-c2ccc(F)cc2)ccn1)c1ccccc1,IC50,1100.0,nM,=,CHEMBL683037,CHEMBL203,5.96
CHEMBL2111784,C[C@H](Nc1cc(-c2sc(C3CCN(C)CC3)nc2-c2ccc(F)cc2)ccn1)c1ccccc1,IC50,700.0,nM,=,CHEMBL683039,CHEMBL203,6.16
CHEMBL131405,COC1=CCC(OC)C=C1COc1ccc(O)c(C(=O)O)c1,IC50,100000.0,nM,>,CHEMBL674642,CHEMBL203,
CHEMBL290389,COc1cc(/C=C(\C#N)C(N)=O)cc(Sc2nc3ccccc3s2)c1O,IC50,350.0,nM,=,CHEMBL821544,CHEMBL203,6.46
CHEMBL419409,COc1ccc(C#CC(C)(C)N)cc1C(=O)c1ccc(Nc2ccc(F)cc2F)cc1,IC50,8800.0,nM,=,CHEMBL689294,CHEMBL203,5.06
CHEMBL419409,COc1ccc(C#CC(C)(C)N)cc1C(=O)c1ccc(Nc2ccc(F)cc2F)cc1,IC50,4400.0,nM,=,CHEMBL683038,CHEMBL203,5.36
CHEMBL120185,CN1CCN(c2ccc3c(n2)nc(-c2ccc(F)cc2)n3-c2ccnc(NC3CCCC3)n2)CC1,IC50,10000.0,nM,>,CHEMBL683037,CHEMBL203,
CHEMBL120185,CN1CCN(c2ccc3c(n2)nc(-c2ccc(F)cc2)n3-c2ccnc(NC3CCCC3)n2)CC1,IC50,8700.0,nM,=,CHEMBL683039,CHEMBL203,5.06
CHEMBL103552,O=C(O)c1cc(N(Cc2ccccc2O)Cc2cc(O)ccc2O)ccc1O,IC50,4100.0,nM,=,CHEMBL674642,CHEMBL203,5.39
CHEMBL121405,OC1(c2nc(-c3ccc(F)cc3)c(-c3ccnc(NC4CCCCC4)c3)o2)CCNCC1,IC50,2000.0,nM,=,CHEMBL683037,CHEMBL203,5.70
CHEMBL121405,OC1(c2nc(-c3ccc(F)cc3)c(-c3ccnc(NC4CCCCC4)c3)o2)CCNCC1,IC50,1100.0,nM,=,CHEMBL683039,CHEMBL203,5.96
CHEMBL120067,COc1cc2[nH]c(C)nc2cc1C(=O)c1ccc(Nc2ccc(F)cc2F)cc1,Inhibition,-10.0,%,=,CHEMBL689295,CHEMBL203,
CHEMBL120067,COc1cc2[nH]c(C)nc2cc1C(=O)c1ccc(Nc2ccc(F)cc2F)cc1,Inhibition,-24.0,%,=,CHEMBL673929,CHEMBL203,
CHEMBL319620,O=C(O)c1cc(NCc2cc(O)ccc2O)ccc1O,IC50,2900.0,nM,=,CHEMBL674642,CHEMBL203,5.54
CHEMBL341459,COc1ccc(OC)c(CNc2ccc(O)c(C(=O)O)c2)c1,IC50,100000.0,nM,>,CHEMBL674642,CHEMBL203,
CHEMBL131653,COC(=O)c1cc(NCc2cc(O)ccc2O)ccc1O,IC50,24400.0,nM,=,CHEMBL674642,CHEMBL203,4.61
CHEMBL103860,O=C(O)c1cc(CCc2cc(O)ccc2O)ccc1O,IC50,3300.0,nM,=,CHEMBL674642,CHEMBL203,5.48
CHEMBL129856,COC(=O)c1cc(CCc2cc(OC)ccc2OC)ccc1O,IC50,100000.0,nM,>,CHEMBL674642,CHEMBL203,
CHEMBL118258,CN1CCC(O)(c2cn(-c3ccnc(NC4CCCC4)n3)c(-c3cccc(C(F)(F)F)c3)n2)CC1,IC50,10000.0,nM,>,CHEMBL680016,CHEMBL203,
CHEMBL118258,CN1CCC(O)(c2cn(-c3ccnc(NC4CCCC4)n3)c(-c3cccc(C(F)(F)F)c3)n2)CC1,IC50,10000.0,nM,>,CHEMBL683039,CHEMBL203,
CHEMBL43689,N#C/C(=C\c1ccc(O)cc1)c1ccccn1,IC50,71700.0,nM,=,CHEMBL709833,CHEMBL203,4.14
CHEMBL130633,COC(=O)c1cc(OCC2=CC(OC)CC=C2OC)ccc1O,IC50,100000.0,nM,>,CHEMBL674642,CHEMBL203,
CHEMBL39295,COc1cc(/C=C(\C#N)c2ccccn2)ccc1O,IC50,2100.0,nM,=,CHEMBL709833,CHEMBL203,5.68
CHEMBL43417,N#C/C(=C\c1ccc(Oc2ccccc2)c(I)c1)c1ccccn1,IC50,45800.0,nM,=,CHEMBL709833,CHEMBL203,4.34
CHEMBL27085,Cc1nc(O)c2c(ccc3[nH]c(Nc4c(Cl)cccc4Cl)nc32)c1C,IC50,100000.0,nM,=,CHEMBL677529,CHEMBL203,4.00
CHEMBL7572,CC(=O)Oc1ccc2[nH]c(C(=O)c3cc4ccccc4[nH]3)cc2c1,IC50,10000.0,nM,>,CHEMBL678295,CHEMBL203,
CHEMBL7432,CN(C)CC(=O)Oc1ccc2[nH]c(C(=O)c3cc4ccccc4[nH]3)cc2c1,IC50,30000.0,nM,>,CHEMBL678295,CHEMBL203,
CHEMBL553824,COc1cc2ncnc(N3CCN(C(=O)Nc4ccsc4)CC3)c2cc1OC.Cl,IC50,100000.0,nM,>,CHEMBL679943,CHEMBL203,
CHEMBL102301,COc1cc2ncnc(N3CCN(/C(S)=N\Cc4ccc5c(c4)OCO5)CC3)c2cc1OC,IC50,100000.0,nM,>,CHEMBL679945,CHEMBL203,
CHEMBL319894,COc1cc2ncnc(N3CCN(/C(S)=N\Cc4ccccc4)CC3)c2cc1OC,IC50,100000.0,nM,>,CHEMBL679945,CHEMBL203,
CHEMBL7735,O=C(c1cc2ccccc2[nH]1)c1cc2cc(O)ccc2[nH]1,IC50,30000.0,nM,>,CHEMBL678295,CHEMBL203,
CHEMBL7600,COCC(=O)Oc1ccc2[nH]c(C(=O)c3cc4ccccc4[nH]3)cc2c1,IC50,30000.0,nM,>,CHEMBL678295,CHEMBL203,
CHEMBL104466,COc1cc2ncc(N[C@H]3CC[C@H](O)CC3)nc2cc1OC,IC50,3700.0,nM,=,CHEMBL674697,CHEMBL203,5.43
CHEMBL75208,Cc1[nH]c2ncnc(Nc3cccc(C#N)c3)c2c1C,IC50,200.0,nM,=,CHEMBL677880,CHEMBL203,6.70
CHEMBL76444,Cc1[nH]c2ncnc(N(C)c3cccc(Cl)c3)c2c1C,IC50,500.0,nM,=,CHEMBL677880,CHEMBL203,6.30
CHEMBL72976,CCOC(=O)c1cccc(Nc2ncnc3[nH]c(C)c(C)c23)c1,IC50,100000.0,nM,>,CHEMBL677880,CHEMBL203,
CHEMBL306315,Clc1cccc(Nc2ncnc3[nH]c4ccccc4c23)c1,IC50,6.0,nM,=,CHEMBL677880,CHEMBL203,8.22
CHEMBL306315,Clc1cccc(Nc2ncnc3[nH]c4ccccc4c23)c1,IC50,120.0,nM,=,CHEMBL621147,CHEMBL203,6.92
CHEMBL306315,Clc1cccc(Nc2ncnc3[nH]c4ccccc4c23)c1,ED50,2.0,mg.kg-1,=,CHEMBL621018,CHEMBL203,
CHEMBL433305,c1ccc(Nc2ncnc3[nH]c4c(c23)CCCC4)cc1,IC50,310.0,nM,=,CHEMBL677880,CHEMBL203,6.51
CHEMBL433305,c1ccc(Nc2ncnc3[nH]c4c(c23)CCCC4)cc1,IC50,3000.0,nM,=,CHEMBL621147,CHEMBL203,5.52
CHEMBL421686,Cc1[nH]c2ncnc(NCc3ccccc3)c2c1C,IC50,1080.0,nM,=,CHEMBL677880,CHEMBL203,5.97
CHEMBL307062,Cc1cccc(Nc2ncnc3[nH]c4c(c23)CCCC4)c1,IC50,820.0,nM,=,CHEMBL677880,CHEMBL203,6.09
CHEMBL307062,Cc1cccc(Nc2ncnc3[nH]c4c(c23)CCCC4)c1,IC50,100000.0,nM,>,CHEMBL621147,CHEMBL203,
CHEMBL74645,O=C(O)c1cccc(Nc2ncnc3[nH]c4c(c23)CCCC4)c1,IC50,25700.0,nM,=,CHEMBL677880,CHEMBL203,4.59
CHEMBL73402,Cc1nc(Nc2cccc(Cl)c2)c2c(C)c(C)[nH]c2n1,IC50,100000.0,nM,>,CHEMBL677880,CHEMBL203,
CHEMBL74778,Cc1[nH]c2ncnc(Nc3cccc(O)c3)c2c1C,IC50,1250.0,nM,=,CHEMBL677880,CHEMBL203,5.90
CHEMBL307209,Clc1cccc(Nc2ncnc3[nH]c(-c4ccccc4)c(-c4ccccc4)c23)c1,IC50,96.0,nM,=,CHEMBL677880,CHEMBL203,7.02
CHEMBL307209,Clc1cccc(Nc2ncnc3[nH]c(-c4ccccc4)c(-c4ccccc4)c23)c1,IC50,3000.0,nM,=,CHEMBL621147,CHEMBL203,5.52
CHEMBL73406,Cc1[nH]c2ncnc(Nc3cc(Cl)cc(Cl)c3)c2c1C,IC50,170.0,nM,=,CHEMBL677880,CHEMBL203,6.77
CHEMBL72393,Brc1cccc(Nc2ncnc3[nH]c4c(c23)CCCC4)c1,IC50,46.0,nM,=,CHEMBL677880,CHEMBL203,7.34
CHEMBL72393,Brc1cccc(Nc2ncnc3[nH]c4c(c23)CCCC4)c1,IC50,400.0,nM,=,CHEMBL621147,CHEMBL203,6.40
CHEMBL268868,O=C1NC(=O)c2cc(Nc3ccccc3)c(Nc3ccccc3)cc21,IC50,300.0,nM,=,CHEMBL677880,CHEMBL203,6.52
CHEMBL307599,Cc1ccc(Nc2ncnc3[nH]c(C)c(C)c23)cc1,IC50,2100.0,nM,=,CHEMBL677880,CHEMBL203,5.68
CHEMBL440873,FC(F)(F)c1cccc(Nc2ncnc3[nH]c4c(c23)CCCC4)c1,IC50,360.0,nM,=,CHEMBL677880,CHEMBL203,6.44
CHEMBL308593,Cc1[nH]c2ncnc(Nc3cccc(Cl)c3)c2c1-c1ccccc1,IC50,230.0,nM,=,CHEMBL677880,CHEMBL203,6.64
CHEMBL308593,Cc1[nH]c2ncnc(Nc3cccc(Cl)c3)c2c1-c1ccccc1,IC50,6000.0,nM,=,CHEMBL621147,CHEMBL203,5.22
CHEMBL4106341,Cc1[nH]c2ncnc(NC3CCCCC3)c2c1C,IC50,6920.0,nM,=,CHEMBL677880,CHEMBL203,5.16
CHEMBL74481,Cc1ccc(Nc2ncnc3[nH]c4c(c23)CCCC4)cc1,IC50,110.0,nM,=,CHEMBL677880,CHEMBL203,6.96
CHEMBL75177,Clc1cccc(Nc2ncnc3[nH]c4c(c23)CCCC4)c1,IC50,29.0,nM,=,CHEMBL677880,CHEMBL203,7.54
CHEMBL75177,Clc1cccc(Nc2ncnc3[nH]c4c(c23)CCCC4)c1,IC50,120.0,nM,=,CHEMBL621147,CHEMBL203,6.92
CHEMBL306029,Cc1[nH]c2ncnc(Nc3cccc(C(F)(F)F)c3)c2c1C,IC50,1900.0,nM,=,CHEMBL677880,CHEMBL203,5.72
CHEMBL431191,COc1cccc(Nc2ncnc3[nH]c4c(c23)CCCC4)c1,IC50,860.0,nM,=,CHEMBL677880,CHEMBL203,6.07
CHEMBL73301,COc1cccc(Nc2ncnc3[nH]c(C)c(C)c23)c1,IC50,1200.0,nM,=,CHEMBL677880,CHEMBL203,5.92
CHEMBL73710,Cc1[nH]c2ncnc(Nc3ccc(F)cc3)c2c1C,IC50,560.0,nM,=,CHEMBL677880,CHEMBL203,6.25
CHEMBL73625,Cc1[nH]c2ncnc(Nc3ccccc3Cl)c2c1C,IC50,75100.0,nM,=,CHEMBL677880,CHEMBL203,4.12
CHEMBL310923,CCc1ccccc1Nc1ncnc2[nH]c(C)c(C)c12,IC50,100000.0,nM,>,CHEMBL677880,CHEMBL203,
CHEMBL72322,Oc1cccc(Nc2ncnc3[nH]c4c(c23)CCCC4)c1,IC50,420.0,nM,=,CHEMBL677880,CHEMBL203,6.38
CHEMBL431001,Cc1[nH]c2ncnc(Nc3cccc(C(=O)O)c3)c2c1C,IC50,16300.0,nM,=,CHEMBL677880,CHEMBL203,4.79
CHEMBL75049,Cc1[nH]c2ncnc(Nc3ccccc3)c2c1C,IC50,1900.0,nM,=,CHEMBL677880,CHEMBL203,5.72
CHEMBL75049,Cc1[nH]c2ncnc(Nc3ccccc3)c2c1C,IC50,100000.0,nM,>,CHEMBL621147,CHEMBL203,
CHEMBL306081,Cc1[nH]c2ncnc(Nc3cccc(Cl)c3)c2c1C,IC50,27.0,nM,=,CHEMBL677880,CHEMBL203,7.57
CHEMBL306081,Cc1[nH]c2ncnc(Nc3cccc(Cl)c3)c2c1C,IC50,300.0,nM,=,CHEMBL621147,CHEMBL203,6.52
CHEMBL306081,Cc1[nH]c2ncnc(Nc3cccc(Cl)c3)c2c1C,ED50,1.5,mg.kg-1,=,CHEMBL621018,CHEMBL203,
CHEMBL309937,CCc1ccc(Nc2ncnc3[nH]c(C)c(C)c23)cc1,IC50,77500.0,nM,=,CHEMBL677880,CHEMBL203,4.11
CHEMBL72984,CCc1ccc(Nc2ncnc3[nH]c4c(c23)CCCC4)cc1,IC50,50000.0,nM,>,CHEMBL677880,CHEMBL203,
CHEMBL74722,Cc1[nH]c2ncnc(Nc3cccc(Br)c3)c2c1C,IC50,25.0,nM,=,CHEMBL677880,CHEMBL203,7.60
CHEMBL74722,Cc1[nH]c2ncnc(Nc3cccc(Br)c3)c2c1C,IC50,1500.0,nM,=,CHEMBL621147,CHEMBL203,5.82
CHEMBL76116,Cc1[nH]c2ncnc(Oc3cccc(Cl)c3)c2c1C,IC50,2500.0,nM,=,CHEMBL677880,CHEMBL203,5.60
CHEMBL307026,Cc1cccc(Nc2ncnc3[nH]c(C)c(C)c23)c1,IC50,570.0,nM,=,CHEMBL677880,CHEMBL203,6.24
CHEMBL307026,Cc1cccc(Nc2ncnc3[nH]c(C)c(C)c23)c1,IC50,100000.0,nM,>,CHEMBL621147,CHEMBL203,
CHEMBL72560,Cc1[nH]c2ncnc(Nc3ccc(Cl)cc3)c2c1C,IC50,50000.0,nM,>,CHEMBL677880,CHEMBL203,
CHEMBL308582,Cc1[nH]c2ncnc(Nc3cccc(F)c3)c2c1C,IC50,550.0,nM,=,CHEMBL677880,CHEMBL203,6.26
CHEMBL308582,Cc1[nH]c2ncnc(Nc3cccc(F)c3)c2c1C,IC50,100000.0,nM,>,CHEMBL621147,CHEMBL203,
CHEMBL311129,Cc1c(-c2ccccc2)[nH]c2ncnc(Nc3cccc(Cl)c3)c12,IC50,10.0,nM,=,CHEMBL677880,CHEMBL203,8.00
CHEMBL311129,Cc1c(-c2ccccc2)[nH]c2ncnc(Nc3cccc(Cl)c3)c12,IC50,6000.0,nM,=,CHEMBL621147,CHEMBL203,5.22
CHEMBL29197,COc1cc2ncnc(Nc3cccc(Br)c3)c2cc1OC,IC50,4.0,nM,=,CHEMBL677880,CHEMBL203,8.40
CHEMBL177688,OCCCNc1cncc(-c2cncc(Nc3cccc(Cl)c3)n2)c1,IC50,1360.0,nM,=,CHEMBL832814,CHEMBL203,5.87
CHEMBL366359,CN(Cc1ccccc1)c1nc(O)nc(Nc2ccc3scnc3c2)n1,IC50,,nM,,CHEMBL827767,CHEMBL203,
CHEMBL175760,CC(C)(Nc1nc(Cl)nc(Nc2ccc3ncsc3c2)n1)c1ccccc1,IC50,,nM,,CHEMBL827767,CHEMBL203,
CHEMBL177298,CC(C)(Nc1nc(NO)nc(Nc2ccc3ncsc3c2)n1)c1ccccc1,IC50,10000.0,nM,>,CHEMBL832976,CHEMBL203,
CHEMBL175506,COc1nc(Nc2ccc3ncsc3c2)nc(NC(C)(C)c2ccccc2)n1,IC50,,nM,,CHEMBL827767,CHEMBL203,
CHEMBL175862,CC(C)(Nc1nc(O)nc(Nc2ccc3ncsc3c2)n1)c1ccccc1,IC50,10000.0,nM,>,CHEMBL832976,CHEMBL203,
CHEMBL539425,Oc1nc(NCc2ccccc2)nc(Nc2ccc3ncsc3c2)n1,IC50,,nM,,CHEMBL827767,CHEMBL203,
CHEMBL176078,CCN(Cc1ccccc1)c1nc(O)nc(Nc2ccc3ncsc3c2)n1,IC50,10000.0,nM,>,CHEMBL832976,CHEMBL203,
CHEMBL176019,CC(C)N(Cc1ccccc1)c1nc(O)nc(Nc2ccc3ncsc3c2)n1,IC50,10000.0,nM,>,CHEMBL832718,CHEMBL203,
CHEMBL175914,CN(c1ccc2ncsc2c1)c1nc(O)nc(NC(C)(C)c2ccccc2)n1,IC50,,nM,,CHEMBL828427,CHEMBL203,
CHEMBL175830,CC(C)(Nc1nc(O)nc(Nc2ccc3[nH]cnc3c2)n1)c1ccccc1,IC50,,nM,,CHEMBL828427,CHEMBL203,
CHEMBL179164,CCOc1cc2ncc(C#N)c(Nc3ccc4c(ccn4S(=O)(=O)c4ccccc4)c3)c2cc1NC(=O)/C=C/CN(C)C,IC50,82.0,nM,=,CHEMBL873338,CHEMBL203,7.09
CHEMBL178654,CCOc1cc2ncc(C#N)c(Nc3ccc(OCc4cccc(F)c4)c(Cl)c3)c2cc1NC(=O)/C=C/CN(C)C,IC50,34.0,nM,=,CHEMBL873338,CHEMBL203,7.47
CHEMBL179726,COc1cc2ncc(C#N)c(Nc3ccc(OCc4ccccc4)c(Cl)c3)c2cc1NC(=O)/C=C/CN(C)C,IC50,24.0,nM,=,CHEMBL873338,CHEMBL203,7.62
CHEMBL424959,COc1cc2ncc(C#N)c(Nc3ccc(OCc4ccccc4)cc3)c2cc1NC(=O)/C=C/CN(C)C,IC50,185.0,nM,=,CHEMBL873338,CHEMBL203,6.73
CHEMBL360028,CCOc1cc2ncc(C#N)c(Nc3ccc(OCc4ccc(F)cc4F)c(Cl)c3)c2cc1NC(=O)/C=C/CN(C)C,IC50,110.0,nM,=,CHEMBL873338,CHEMBL203,6.96
CHEMBL179363,CCOc1cc2ncc(C#N)c(Nc3ccc(OCc4cccc(Cl)c4)c(Cl)c3)c2cc1NC(=O)/C=C/CN(C)C,IC50,7.0,nM,=,CHEMBL873338,CHEMBL203,8.15
CHEMBL362232,CCOc1cc2ncc(C#N)c(Nc3ccc(OCc4ccccc4OC)c(Cl)c3)c2cc1NC(=O)/C=C/CN(C)C,IC50,31.0,nM,=,CHEMBL873338,CHEMBL203,7.51
CHEMBL362233,CCOc1cc2ncc(C#N)c(Nc3ccc(OCc4ccc(OCc5ccccc5)cc4)c(Cl)c3)c2cc1NC(=O)/C=C/CN(C)C,IC50,574.0,nM,=,CHEMBL873338,CHEMBL203,6.24
CHEMBL426051,CCOc1cc2ncc(C#N)c(Nc3ccc(OCc4cccs4)c(Cl)c3)c2cc1NC(=O)/C=C/CN(C)C,IC50,277.0,nM,=,CHEMBL873338,CHEMBL203,6.56
CHEMBL179274,CCOc1cc2ncc(C#N)c(Nc3ccc(O[C@@H]4CCc5ccccc54)c(Cl)c3)c2cc1NC(=O)/C=C/CN(C)C,IC50,380.0,nM,=,CHEMBL873338,CHEMBL203,6.42
CHEMBL360754,CCOc1cc2ncc(C#N)c(Nc3ccc(O[C@H]4CCc5ccccc54)c(Cl)c3)c2cc1NC(=O)/C=C/CN(C)C,IC50,400.0,nM,=,CHEMBL873338,CHEMBL203,6.40
CHEMBL427314,CCOc1cc2ncc(C#N)c(Nc3cccc(OCc4ccccc4)c3)c2cc1NC(=O)/C=C/CN(C)C,IC50,13000.0,nM,=,CHEMBL873338,CHEMBL203,4.89
CHEMBL175552,CCOc1cc2ncc(C#N)c(Nc3ccc(N(C)Cc4ccccc4)c(Cl)c3)c2cc1NC(=O)/C=C/CN(C)C,IC50,250.0,nM,=,CHEMBL873338,CHEMBL203,6.60
CHEMBL369299,CCOc1cc2ncc(C#N)c(Nc3ccc(OCc4ccccc4)cc3)c2cc1NC(=O)/C=C/CN(C)C,IC50,345.0,nM,=,CHEMBL873338,CHEMBL203,6.46
CHEMBL178199,CCOc1cc2ncc(C#N)c(Nc3ccc(OCCc4ccccc4)c(Cl)c3)c2cc1NC(=O)/C=C/CN(C)C,IC50,165.0,nM,=,CHEMBL873338,CHEMBL203,6.78
CHEMBL360780,CCOc1cc2ncc(C#N)c(Nc3cc(Cl)c(OCc4ccccc4)c(Cl)c3)c2cc1NC(=O)/C=C/CN(C)C,IC50,163.0,nM,=,CHEMBL873338,CHEMBL203,6.79
CHEMBL440935,CCOc1cc2ncc(C#N)c(Nc3ccc(OCc4ccccc4)c(C#N)c3)c2cc1NC(=O)/C=C/CN(C)C,IC50,768.0,nM,=,CHEMBL873338,CHEMBL203,6.12
CHEMBL179923,CCOc1cc2ncc(C#N)c(Nc3ccc(OCc4ccccc4F)c(Cl)c3)c2cc1NC(=O)/C=C/CN(C)C,IC50,401.0,nM,=,CHEMBL873338,CHEMBL203,6.40
CHEMBL180516,CCOc1cc2ncc(C#N)c(Nc3ccc(OCc4ccc(F)cc4)c(Cl)c3)c2cc1NC(=O)/C=C/CN(C)C,IC50,64.0,nM,=,CHEMBL873338,CHEMBL203,7.19
CHEMBL362618,CCOc1cc2ncc(C#N)c(Nc3cc(Cl)c(OCc4cccc(F)c4)c(Cl)c3)c2cc1NC(=O)/C=C/CN(C)C,IC50,362.0,nM,=,CHEMBL873338,CHEMBL203,6.44
CHEMBL178290,CCOc1cc2ncc(C#N)c(Nc3ccc(OCc4cc(F)cc(F)c4)c(Cl)c3)c2cc1NC(=O)/C=C/CN(C)C,IC50,140.0,nM,=,CHEMBL873338,CHEMBL203,6.85
CHEMBL180415,CCOc1cc2ncc(C#N)c(Nc3ccc(OCc4ccc(Cl)cc4)c(Cl)c3)c2cc1NC(=O)/C=C/CN(C)C,IC50,51.0,nM,=,CHEMBL873338,CHEMBL203,7.29
CHEMBL179527,CCOc1cc2ncc(C#N)c(Nc3ccc(OCc4cccc(C#N)c4)c(Cl)c3)c2cc1NC(=O)/C=C/CN(C)C,IC50,195.0,nM,=,CHEMBL873338,CHEMBL203,6.71
CHEMBL175726,CCCCCOc1ccc(Nc2c(C#N)cnc3cc(OCC)c(NC(=O)/C=C/CN(C)C)cc23)cc1Cl,IC50,894.0,nM,=,CHEMBL873338,CHEMBL203,6.05
CHEMBL179659,CCOc1cc2ncc(C#N)c(Nc3ccc(OCc4cccc(C)c4)c(Cl)c3)c2cc1NC(=O)/C=C/CN(C)C,IC50,111.0,nM,=,CHEMBL873338,CHEMBL203,6.96
CHEMBL179123,CCOc1cc2ncc(C#N)c(Nc3ccc(OCC4CCCCC4)c(Cl)c3)c2cc1NC(=O)/C=C/CN(C)C,IC50,285.0,nM,=,CHEMBL873338,CHEMBL203,6.54
CHEMBL180022,CCOc1cc2ncc(C#N)c(Nc3ccc(OCc4ccccn4)c(Cl)c3)c2cc1NC(=O)/C=C/CN(C)C,IC50,92.0,nM,=,CHEMBL873338,CHEMBL203,7.04
CHEMBL179313,CCOc1cc2ncc(C#N)c(Nc3ccc(OCc4cccnc4)c(Cl)c3)c2cc1NC(=O)/C=C/CN(C)C,IC50,341.0,nM,=,CHEMBL873338,CHEMBL203,6.47
CHEMBL176199,CCOc1cc2ncc(C#N)c(Nc3ccc(OCc4ccco4)c(Cl)c3)c2cc1NC(=O)/C=C/CN(C)C,IC50,23.0,nM,=,CHEMBL873338,CHEMBL203,7.64
CHEMBL175513,CCOc1cc2ncc(C#N)c(Nc3ccc(OCc4nc5ccccc5s4)c(Cl)c3)c2cc1NC(=O)/C=C/CN(C)C,IC50,188.0,nM,=,CHEMBL873338,CHEMBL203,6.73
CHEMBL175621,CCOc1cc2ncc(C#N)c(Nc3ccc(OCc4ccnc5ccccc45)c(Cl)c3)c2cc1NC(=O)/C=C/CN(C)C,IC50,238.0,nM,=,CHEMBL873338,CHEMBL203,6.62
CHEMBL359629,CCOc1cc2ncc(C#N)c(Nc3ccc(OCc4cccc5ccccc45)c(Cl)c3)c2cc1NC(=O)/C=C/CN(C)C,IC50,10.0,nM,=,CHEMBL873338,CHEMBL203,8.00
CHEMBL178573,CCOc1cc2ncc(C#N)c(Nc3ccc(OCc4ccc5ccccc5c4)c(Cl)c3)c2cc1NC(=O)/C=C/CN(C)C,IC50,15.0,nM,=,CHEMBL873338,CHEMBL203,7.82
CHEMBL360662,CCOc1cc2ncc(C#N)c(Nc3ccc(O[C@H](C)c4ccccc4)c(Cl)c3)c2cc1NC(=O)/C=C/CN(C)C,IC50,100.0,nM,=,CHEMBL873338,CHEMBL203,7.00
CHEMBL427315,CCOc1cc2ncc(C#N)c(Nc3ccc(O[C@@H](C)c4ccccc4)c(Cl)c3)c2cc1NC(=O)/C=C/CN(C)C,IC50,770.0,nM,=,CHEMBL873338,CHEMBL203,6.11
CHEMBL179577,CCOc1cc2ncc(C#N)c(Nc3ccc(NCc4ccccc4)c(Cl)c3)c2cc1NC(=O)/C=C/CN(C)C,IC50,45.0,nM,=,CHEMBL873338,CHEMBL203,7.35
CHEMBL179766,CCOc1cc2ncc(C#N)c(Nc3ccc(NCc4cccc5ccccc45)c(Cl)c3)c2cc1NC(=O)/C=C/CN(C)C,IC50,34.0,nM,=,CHEMBL873338,CHEMBL203,7.47
CHEMBL179521,COc1cc2ncc(C#N)c(Nc3ccc(NCc4ccccc4)c(Cl)c3)c2cc1NC(=O)/C=C/CN(C)C,IC50,400.0,nM,=,CHEMBL873338,CHEMBL203,6.40
CHEMBL179633,COc1cc2ncc(C#N)c(Nc3ccc(NCc4cccnc4)c(Cl)c3)c2cc1NC(=O)/C=C/CN(C)C,IC50,72.0,nM,=,CHEMBL873338,CHEMBL203,7.14
CHEMBL178096,COc1cc2ncc(C#N)c(Nc3ccc(NCNc4ccccc4)c(Cl)c3)c2cc1NC(=O)/C=C/CN(C)C,IC50,210.0,nM,=,CHEMBL873338,CHEMBL203,6.68
CHEMBL178144,CCOc1cc2ncc(C#N)c(Nc3ccc(OCc4ccccc4)c(Cl)c3)c2cc1NC(=O)/C=C/CN(C)CCOC,IC50,68.0,nM,=,CHEMBL873338,CHEMBL203,7.17
CHEMBL361343,CCOc1cc2ncc(C#N)c(Nc3ccc(OCc4ccccc4)c(Cl)c3)c2cc1NC(=O)/C=C/CN(C)CCO,IC50,20.0,nM,=,CHEMBL873338,CHEMBL203,7.70
CHEMBL2112990,CCOc1cc2ncc(C#N)c(Nc3ccc(OCc4ccccc4)c(Cl)c3)c2cc1NC(=O)/C=C/CN(C)NC[C@H](O)[C@@H](O)[C@H](O)[C@H](O)CO,IC50,719.0,nM,=,CHEMBL873338,CHEMBL203,6.14
CHEMBL369088,CCOc1cc2ncc(C#N)c(Nc3ccc(OCc4ccccc4)c(Cl)c3)c2cc1NC(=O)/C=C/CN(CC(C)O)CC(C)O,IC50,98.0,nM,=,CHEMBL873338,CHEMBL203,7.01
CHEMBL178958,CCOc1cc2ncc(C#N)c(Nc3ccc(OCc4ccccc4)c(Cl)c3)c2cc1NC(=O)/C=C/CN1CCCC1COC,IC50,151.0,nM,=,CHEMBL873338,CHEMBL203,6.82
CHEMBL360958,CCOc1cc2ncc(C#N)c(Nc3ccc(OCc4ccccc4)c(Cl)c3)c2cc1NC(=O)/C=C/CN1CCCCC1,IC50,31.0,nM,=,CHEMBL873338,CHEMBL203,7.51
CHEMBL362611,CCOc1cc2ncc(C#N)c(Nc3ccc(OCc4ccccc4)c(Cl)c3)c2cc1NC(=O)/C=C/CN1CCC(O)CC1,IC50,221.0,nM,=,CHEMBL873338,CHEMBL203,6.66
CHEMBL362824,CCOc1cc2ncc(C#N)c(Nc3ccc(OCc4ccccc4)c(Cl)c3)c2cc1NC(=O)/C=C/CN1CCC(O)(O)CC1,IC50,282.0,nM,=,CHEMBL873338,CHEMBL203,6.55
CHEMBL153763,CCOc1cc2ncc(C#N)c(Nc3ccc(OCc4ccccc4)c(Cl)c3)c2cc1NC(=O)/C=C/CN1C(C)CCCC1C,IC50,247.0,nM,=,CHEMBL873338,CHEMBL203,6.61
CHEMBL175556,CCOc1cc2ncc(C#N)c(Nc3ccc(OCc4ccccc4)c(Cl)c3)c2cc1NC(=O)/C=C/CN1CCOCC1,IC50,20.0,nM,=,CHEMBL873338,CHEMBL203,7.70
CHEMBL175557,CCOc1cc2ncc(C#N)c(Nc3ccc(OCc4ccccc4)c(Cl)c3)c2cc1NC(=O)/C=C/CN1CCSCC1,IC50,16.0,nM,=,CHEMBL873338,CHEMBL203,7.80
CHEMBL360933,CCOc1cc2ncc(C#N)c(Nc3ccc(OCc4ccccc4)c(Cl)c3)c2cc1NC(=O)/C=C/CN1CCN(C)CC1,IC50,360.0,nM,=,CHEMBL873338,CHEMBL203,6.44
CHEMBL368702,CCOc1cc2ncc(C#N)c(Nc3ccc(OCc4ccccc4)c(Cl)c3)c2cc1NC(=O)/C=C/CN1CCC1,IC50,26.0,nM,=,CHEMBL873338,CHEMBL203,7.58
CHEMBL359660,CCOc1cc2ncc(C#N)c(Nc3ccc(OCc4ccccc4)c(Cl)c3)c2cc1NC(=O)/C=C/CN1CC1C(=O)OC,IC50,343.0,nM,=,CHEMBL873338,CHEMBL203,6.46
CHEMBL360211,CCOc1cc2ncc(C#N)c(Nc3ccc(OCc4ccccc4)c(Cl)c3)c2cc1NC(=O)/C=C/CN1CCOCCOCCOCC1,IC50,321.0,nM,=,CHEMBL873338,CHEMBL203,6.49
CHEMBL178312,CCOc1cc2ncc(C#N)c(Nc3ccc(OCc4ccccc4)c(Cl)c3)c2cc1NC(=O)/C=C/CN1CCCC1,IC50,78.0,nM,=,CHEMBL873338,CHEMBL203,7.11
CHEMBL359630,CCOc1cc2ncc(C#N)c(Nc3ccc(OCc4ccccc4)c(Cl)c3)c2cc1NC(=O)/C=C/Cc1c[nH]cn1,IC50,24.0,nM,=,CHEMBL873338,CHEMBL203,7.62
CHEMBL367792,CCOc1cc2ncc(C#N)c(Nc3ccc(OCc4ccccc4)c(Cl)c3)c2cc1NC(=O)/C=C/c1cccc2cccnc12,IC50,990.0,nM,=,CHEMBL873338,CHEMBL203,6.00
CHEMBL359705,CCOc1cc2ncc(C#N)c(Nc3ccc(OCc4ccccc4)c(Cl)c3)c2cc1NC(=O)/C=C/c1ccccc1N(C)C,IC50,1569.0,nM,=,CHEMBL873338,CHEMBL203,5.80
CHEMBL368234,CCOc1cc2ncc(C#N)c(Nc3ccc(OCc4ccccc4)c(Cl)c3)c2cc1NC(=O)/C=C/c1cn(C)cn1,IC50,255.0,nM,=,CHEMBL873338,CHEMBL203,6.59
CHEMBL179969,C=CS(=O)(=O)Nc1cc2c(Nc3ccc(OCc4ccccc4)c(Cl)c3)c(C#N)cnc2cc1OCC,IC50,45.0,nM,=,CHEMBL873338,CHEMBL203,7.35
CHEMBL175492,C=C(CN(C)C)C(=O)Nc1cc2c(Nc3ccc(OCc4ccccc4)c(Cl)c3)c(C#N)cnc2cc1OCC,IC50,223.0,nM,=,CHEMBL873338,CHEMBL203,6.65
CHEMBL179607,C=C(CN1CCOCC1)C(=O)Nc1cc2c(Nc3ccc(OCc4ccccc4)c(Cl)c3)c(C#N)cnc2cc1OCC,IC50,75.0,nM,=,CHEMBL873338,CHEMBL203,7.12
CHEMBL367754,C=C(CNc1cc2c(Nc3ccc(OCc4ccccc4)c(Cl)c3)c(C#N)cnc2cc1OCC)C(=O)O,IC50,1191.0,nM,=,CHEMBL873338,CHEMBL203,5.92
CHEMBL360519,CCOc1cc2ncc(C#N)c(Nc3ccc(OCc4ccccc4Cl)c(Cl)c3)c2cc1NC(=O)/C=C/CN(C)C,IC50,11.0,nM,=,CHEMBL873338,CHEMBL203,7.96
CHEMBL179052,CCOc1cc2ncc(C#N)c(Nc3ccc(OCc4ccccc4)c(Cl)c3)c2cc1NC(=O)/C=C/CN(C(C)C)C(C)C,IC50,30.0,nM,=,CHEMBL873338,CHEMBL203,7.52
CHEMBL179458,COc1cc2ncc(C#N)c(Nc3ccc(-n4ccnc4)c(Cl)c3)c2cc1NC(=O)/C=C/CN(C)C,IC50,770.0,nM,=,CHEMBL873338,CHEMBL203,6.11
CHEMBL178265,CCOc1cc2ncc(C#N)c(Nc3ccc(Oc4ccncc4)c(Cl)c3)c2cc1NC(=O)/C=C/CN(C)C,IC50,650.0,nM,=,CHEMBL873338,CHEMBL203,6.19
CHEMBL180175,COc1cc2ncc(C#N)c(Nc3ccc(Sc4nccn4C)c(Cl)c3)c2cc1NC(=O)/C=C/CN(C)C,IC50,41.0,nM,=,CHEMBL873338,CHEMBL203,7.39
CHEMBL179572,COc1cc2ncc(C#N)c(Nc3ccc(Sc4nccs4)c(Cl)c3)c2cc1NC(=O)/C=C/CN(C)C,IC50,42.0,nM,=,CHEMBL873338,CHEMBL203,7.38
CHEMBL179074,CCOc1cc2ncc(C#N)c(Nc3ccc(Cn4ccnc4)c(Cl)c3)c2cc1NC(=O)/C=C/CN(C)C,IC50,519.0,nM,=,CHEMBL873338,CHEMBL203,6.29
CHEMBL178922,CCOc1cc2ncc(C#N)c(Nc3ccc(N4CCOCC4)c(Cl)c3)c2cc1NC(=O)/C=C/CN(C)C,IC50,12700.0,nM,=,CHEMBL873338,CHEMBL203,4.90
CHEMBL434720,CCOc1cc2ncc(C#N)c(Nc3ccc(OCc4ccccc4)c(Cl)c3)c2cc1NC(=O)/C=C/CN(C)C,IC50,53.0,nM,=,CHEMBL873338,CHEMBL203,7.28
CHEMBL175933,COc1cc2ncc(C#N)c(Nc3ccc(Sc4ncccn4)c(Cl)c3)c2cc1NC(=O)/C=C/CN(C)C,IC50,403.0,nM,=,CHEMBL873338,CHEMBL203,6.39
CHEMBL175558,COc1cc2ncc(C#N)c(Nc3ccc(Sc4ncc(-c5ccccc5)s4)c(Cl)c3)c2cc1NC(=O)/C=C/CN(C)C,IC50,32.0,nM,=,CHEMBL873338,CHEMBL203,7.50
CHEMBL367492,CCOc1cc2ncc(C#N)c(Nc3ccc(Sc4nc(-c5ccccc5)cs4)c(Cl)c3)c2cc1NC(=O)/C=C/CN(C)C,IC50,125.0,nM,=,CHEMBL873338,CHEMBL203,6.90
CHEMBL360979,COc1cc2ncc(C#N)c(Nc3ccc(Cc4nc(-c5ccccc5)cs4)c(Cl)c3)c2cc1NC(=O)/C=C/CN(C)C,IC50,214.0,nM,=,CHEMBL873338,CHEMBL203,6.67
CHEMBL175840,CCOc1cc2ncc(C#N)c(Nc3ccc(OCc4nccn4C)c(Cl)c3)c2cc1NC(=O)/C=C/CN(C)C,IC50,500.0,nM,=,CHEMBL873338,CHEMBL203,6.30
CHEMBL180018,CCOc1cc2ncc(C#N)c(Nc3ccc(Oc4ccccc4)c(Cl)c3)c2cc1NC(=O)/C=C/CN(C)C,IC50,445.0,nM,=,CHEMBL873338,CHEMBL203,6.35
CHEMBL607707,CCOc1cc2ncc(C#N)c(Nc3ccc(F)c(Cl)c3)c2cc1NC(=O)/C=C/CN(C)C,IC50,80.0,nM,=,CHEMBL873338,CHEMBL203,7.10
CHEMBL179652,CCOc1cc2ncc(C#N)c(Nc3ccc4c(ccn4Cc4ccccc4)c3)c2cc1NC(=O)/C=C/CN(C)C,IC50,100.0,nM,=,CHEMBL873338,CHEMBL203,7.00
CHEMBL180227,COc1cc2ncc(C#N)c(Nc3ccc4c(cnn4Cc4ccccc4)c3)c2cc1NC(=O)/C=C/CN(C)C,IC50,130.0,nM,=,CHEMBL873338,CHEMBL203,6.89
CHEMBL179310,CCOc1cc2ncc(C#N)c(Nc3ccc4c(c3)CCN4Cc3ccccc3)c2cc1NC(=O)/C=C/CN(C)C,IC50,340.0,nM,=,CHEMBL873338,CHEMBL203,6.47
CHEMBL178455,COc1cc2nccc(Oc3ccc(NC(=O)Nc4ccc(F)cc4F)c(F)c3)c2cc1OC,IC50,10000.0,nM,>,CHEMBL830909,CHEMBL203,
CHEMBL178455,COc1cc2nccc(Oc3ccc(NC(=O)Nc4ccc(F)cc4F)c(F)c3)c2cc1OC,IC50,10000.0,nM,>,CHEMBL832736,CHEMBL203,
CHEMBL181275,Fc1ccc(Nc2ncnc3nn4ccccc4c23)cc1Cl,IC50,200.0,nM,=,CHEMBL832627,CHEMBL203,6.70
CHEMBL182254,Fc1cccc(COc2ccc(Nc3ncnc4nn5ccccc5c34)cc2Cl)c1,IC50,32.0,nM,=,CHEMBL832627,CHEMBL203,7.50
CHEMBL181742,Clc1cc(Nc2ncnc3nn4ccccc4c23)ccc1OCc1ccccc1,IC50,50.0,nM,=,CHEMBL832627,CHEMBL203,7.30
CHEMBL368891,Nc1ncnc2nn3ccccc3c12,IC50,10000.0,nM,>,CHEMBL832627,CHEMBL203,
CHEMBL361322,c1ccc(Cc2nc3cc(Nc4ncnc5nn6ccccc6c45)ccc3[nH]2)cc1,IC50,5010.0,nM,=,CHEMBL832627,CHEMBL203,5.30
CHEMBL52765,Nc1ccc2ncnc(Nc3cccc(Br)c3)c2c1,IC50,44.0,nM,=,CHEMBL828723,CHEMBL203,7.36
CHEMBL343352,Nc1ccc2ncnc(Nc3cccc(Cl)c3)c2c1,IC50,200.0,nM,=,CHEMBL828723,CHEMBL203,6.70
CHEMBL181617,ClCCNc1ccc2ncnc(Nc3cccc(Br)c3)c2c1,IC50,10.0,nM,=,CHEMBL828723,CHEMBL203,8.00
CHEMBL179451,ClCCNc1ccc2ncnc(Nc3cccc(Cl)c3)c2c1,IC50,26.0,nM,=,CHEMBL828723,CHEMBL203,7.58
CHEMBL49120,CCN(CC)CCOc1ccc(Nc2ncc3cc(-c4c(Cl)cccc4Cl)c(=O)n(C)c3n2)cc1,IC50,44000.0,nM,=,CHEMBL830975,CHEMBL203,4.36
CHEMBL186802,COc1cc2ncnc(Nc3cccc(NC(=O)c4ccccc4)c3)c2cc1OC,IC50,5600.0,nM,=,CHEMBL832673,CHEMBL203,5.25
CHEMBL186580,COc1cc2ncnc(Nc3cc(NC(=O)c4ccccc4)c(F)cc3F)c2cc1OC,IC50,490.0,nM,=,CHEMBL832673,CHEMBL203,6.31
CHEMBL185327,COc1cc2ncnc(Nc3cc(NC(=O)c4ccccc4)ccc3Cl)c2cc1OC,IC50,11000.0,nM,=,CHEMBL832673,CHEMBL203,4.96
CHEMBL184555,COc1cc2ncnc(Nc3cc(NC(=O)c4ccccc4)ccc3C)c2cc1OC,IC50,33000.0,nM,>,CHEMBL832673,CHEMBL203,
CHEMBL186747,COc1cc2ncnc(Nc3ccc(C)c(NC(=O)c4ccccc4)c3)c2cc1OC,IC50,3200.0,nM,=,CHEMBL832673,CHEMBL203,5.50
CHEMBL182397,COc1cc2ncnc(Nc3cccc(NC(=O)c4ccccc4)c3F)c2cc1OC,IC50,2800.0,nM,=,CHEMBL832673,CHEMBL203,5.55
CHEMBL360209,COc1cc2ncnc(Nc3ccc(Cl)c(NC(=O)c4ccccc4)c3)c2cc1OC,IC50,2200.0,nM,=,CHEMBL832673,CHEMBL203,5.66
CHEMBL365830,COc1cc2ncnc(Nc3cccc(NC(=O)c4cccc(N(C)C)c4)c3)c2cc1OC,IC50,33000.0,nM,>,CHEMBL832673,CHEMBL203,
CHEMBL187007,COc1cc2ncnc(Nc3cc(NC(=O)c4cccc(N(C)C)c4)ccc3Cl)c2cc1OC,IC50,29000.0,nM,=,CHEMBL832673,CHEMBL203,4.54
CHEMBL364576,COc1cc2ncnc(Nc3cc(NC(=O)c4cccc(N(C)C)c4)ccc3C)c2cc1OC,IC50,33000.0,nM,>,CHEMBL832673,CHEMBL203,
CHEMBL184682,COc1cc2ncnc(Nc3ccc(Cl)c(NC(=O)c4cccc(N(C)C)c4)c3)c2cc1OC,IC50,1000.0,nM,=,CHEMBL832673,CHEMBL203,6.00
CHEMBL184052,COc1cc2ncnc(Nc3cc(NC(=O)c4cccc(N5CCOCC5)c4)ccc3C)c2cc1OC,IC50,33000.0,nM,>,CHEMBL832673,CHEMBL203,
CHEMBL10,C[S+]([O-])c1ccc(-c2nc(-c3ccc(F)cc3)c(-c3ccncc3)[nH]2)cc1,IC50,33000.0,nM,>,CHEMBL832673,CHEMBL203,
CHEMBL7917,COc1cc2ncnc(Nc3cccc(Cl)c3)c2cc1OC,IC50,5.0,nM,=,CHEMBL832673,CHEMBL203,8.30
CHEMBL185637,Fc1ccc(Nc2ncnn3cccc23)cc1Cl,IC50,110.0,nM,=,CHEMBL832893,CHEMBL203,6.96
CHEMBL188304,Cc1ccn2ncnc(Nc3ccc(F)c(Cl)c3)c12,IC50,100.0,nM,=,CHEMBL832893,CHEMBL203,7.00
CHEMBL186080,Cc1cc2c(Nc3ccc(F)c(Cl)c3)ncnn2c1,IC50,150.0,nM,=,CHEMBL832893,CHEMBL203,6.82
CHEMBL184311,Cc1ccc2c(Nc3ccc(F)c(Cl)c3)ncnn12,IC50,3250.0,nM,=,CHEMBL832893,CHEMBL203,5.49
CHEMBL185853,Cc1ccc(Nc2ncnn3cccc23)cc1O,IC50,510.0,nM,=,CHEMBL832893,CHEMBL203,6.29
CHEMBL188522,Cc1ccc(Nc2ncnn3ccc(C)c23)cc1O,IC50,340.0,nM,=,CHEMBL832893,CHEMBL203,6.47
CHEMBL184750,Cc1cc2c(Nc3ccc(C)c(O)c3)ncnn2c1,IC50,650.0,nM,=,CHEMBL832893,CHEMBL203,6.19
CHEMBL187431,Cc1ccc(Nc2ncnn3c(C)ccc23)cc1O,IC50,29400.0,nM,=,CHEMBL832893,CHEMBL203,4.53
CHEMBL186001,Cc1ccc(Nc2ncnn3cc(C)c(C)c23)cc1O,IC50,200.0,nM,=,CHEMBL832893,CHEMBL203,6.70
CHEMBL189338,Cc1cccc(Cl)c1Nc1nc2ccc(N3CCN[C@@H](C)C3)nc2n2cncc12,IC50,1000.0,nM,>,CHEMBL828737,CHEMBL203,
CHEMBL426445,O=C(O)c1ccc2cc3nc(-c4cccs4)c(-c4cccs4)nc3cc2c1,Inhibition,40.0,%,=,CHEMBL834121,CHEMBL203,
CHEMBL371169,Clc1cccc(Nc2cncc(-c3cncc(NCCCn4cccn4)c3)n2)c1,IC50,,nM,,CHEMBL833554,CHEMBL203,
CHEMBL373367,COc1cc2nc(-c3cccs3)c(-c3cccs3)nc2cc1OC,Inhibition,10.0,%,=,CHEMBL834121,CHEMBL203,
CHEMBL190039,Oc1cc2nc(-c3cccs3)c(-c3cccs3)nc2cc1O,Inhibition,25.0,%,=,CHEMBL834121,CHEMBL203,
CHEMBL372657,Clc1cccc(Nc2cncc(-c3cncc(NCCCn4cncn4)c3)n2)c1,IC50,,nM,,CHEMBL827102,CHEMBL203,
CHEMBL189940,c1csc(-c2nc3cc4c(cc3nc2-c2cccs2)OCO4)c1,Inhibition,35.0,%,=,CHEMBL834121,CHEMBL203,
CHEMBL191410,c1csc(-c2nc3cc4c(cc3nc2-c2cccs2)OCCCO4)c1,Inhibition,26.0,%,=,CHEMBL834121,CHEMBL203,
CHEMBL193232,O=C(O)C1COc2cc3nc(-c4cccs4)c(-c4cccs4)nc3cc2O1,Inhibition,39.0,%,=,CHEMBL834121,CHEMBL203,
CHEMBL192489,c1csc(-c2nc3cc4c(cc3nc2-c2cccs2)OCCO4)c1,Inhibition,34.0,%,=,CHEMBL834121,CHEMBL203,
CHEMBL364499,c1csc(-c2nc3cc4ccccc4cc3nc2-c2cccs2)c1,Inhibition,6.0,%,=,CHEMBL834121,CHEMBL203,
CHEMBL192974,COC(=O)Cc1csc(-c2nc3cc4ccccc4cc3nc2-c2cc(CC(=O)OC)cs2)c1,Inhibition,11.0,%,=,CHEMBL834121,CHEMBL203,
CHEMBL177688,OCCCNc1cncc(-c2cncc(Nc3cccc(Cl)c3)n2)c1,IC50,1360.0,nM,=,CHEMBL833554,CHEMBL203,5.87
CHEMBL190143,COC(=O)CCc1ccc(-c2nc3cc4ccccc4cc3nc2-c2ccc(CCC(=O)OC)s2)s1,Inhibition,32.0,%,=,CHEMBL834121,CHEMBL203,
CHEMBL189104,COC(=O)CCCc1ccc(-c2nc3cc4ccccc4cc3nc2-c2ccc(CCCC(=O)OC)s2)s1,Inhibition,8.0,%,=,CHEMBL834121,CHEMBL203,
CHEMBL188386,OCCCCNc1cncc(-c2cncc(Nc3cccc(Cl)c3)n2)c1,IC50,7400.0,nM,=,CHEMBL833554,CHEMBL203,5.13
CHEMBL193162,O=C(O)Cc1ccc(-c2nc3cc4ccccc4cc3nc2-c2ccc(CC(=O)O)s2)s1,Inhibition,52.0,%,=,CHEMBL834121,CHEMBL203,
CHEMBL190984,CN(C)CCNc1cncc(-c2cncc(Nc3cccc(Cl)c3)n2)c1,IC50,10000.0,nM,>,CHEMBL833554,CHEMBL203,
CHEMBL192909,O=C(O)Cc1csc(-c2nc3cc4ccccc4cc3nc2-c2cc(CC(=O)O)cs2)c1,Inhibition,54.0,%,=,CHEMBL834121,CHEMBL203,
CHEMBL366201,O=C(O)CCc1ccc(-c2nc3cc4ccccc4cc3nc2-c2ccc(CCC(=O)O)s2)s1,Inhibition,40.0,%,=,CHEMBL834121,CHEMBL203,
CHEMBL190057,O=C(O)CCCc1ccc(-c2nc3cc4ccccc4cc3nc2-c2ccc(CCCC(=O)O)s2)s1,Inhibition,32.0,%,=,CHEMBL834121,CHEMBL203,
CHEMBL188502,Clc1cccc(Nc2cncc(-c3cncc(NCCCc4cccnc4)c3)n2)c1,IC50,10000.0,nM,>,CHEMBL829568,CHEMBL203,
CHEMBL366185,O=C(O)c1ccc(-c2nc3cc4ccccc4cc3nc2-c2ccc(C(=O)O)s2)s1,Inhibition,49.0,%,=,CHEMBL834121,CHEMBL203,
CHEMBL193172,COc1cc2nc3nc(-c4cccs4)c(-c4cccs4)nc3nc2cc1OC,Inhibition,20.0,%,=,CHEMBL834121,CHEMBL203,
CHEMBL363130,Cc1ccsc1C(=O)n1nc(Nc2ccc(S(N)(=O)=O)cc2)nc1N,IC50,8400.0,nM,=,CHEMBL829442,CHEMBL203,5.08
CHEMBL261720,Nc1nc(Nc2ccc(S(N)(=O)=O)cc2)nn1C(=S)Nc1c(F)cccc1F,IC50,10000.0,nM,>,CHEMBL829442,CHEMBL203,
CHEMBL191003,Nc1nc(Nc2ccc(S(N)(=O)=O)cc2)nn1C(=O)c1c(F)cccc1F,IC50,100000.0,nM,>,CHEMBL829442,CHEMBL203,
CHEMBL363607,Cc1ccc(F)c(C(=O)n2nc(Nc3ccc(S(N)(=O)=O)cc3)nc2C)c1F,IC50,45800.0,nM,=,CHEMBL829442,CHEMBL203,4.34
CHEMBL1788116,N#C/C(=C1/Nc2ccccc2S1)c1ccnc(NCCc2cccnc2)n1.O=C(O)C(F)(F)F.O=C(O)C(F)(F)F,IC50,10000.0,nM,>,CHEMBL832813,CHEMBL203,
CHEMBL191336,OCCCNc1cc(-c2ncnc(Nc3cccc(Cl)c3)n2)ccn1,IC50,10000.0,nM,>,CHEMBL832463,CHEMBL203,
CHEMBL190546,O=C1NCc2c1c1c3ccc(O)cc3[nH]c1c1[nH]c3ccccc3c21,Inhibition,50.0,%,<,CHEMBL836268,CHEMBL203,
CHEMBL190546,O=C1NCc2c1c1c3ccc(O)cc3[nH]c1c1[nH]c3ccccc3c21,Inhibition,50.0,%,<,CHEMBL875600,CHEMBL203,
CHEMBL190546,O=C1NCc2c1c1c3ccc(O)cc3[nH]c1c1[nH]c3ccccc3c21,Inhibition,50.0,%,<,CHEMBL835357,CHEMBL203,
CHEMBL190651,COCC(=O)Nc1ccc2ncnc(Nc3cc(Cl)c(Cl)cc3F)c2c1,IC50,252.0,nM,=,CHEMBL832761,CHEMBL203,6.60
CHEMBL190651,COCC(=O)Nc1ccc2ncnc(Nc3cc(Cl)c(Cl)cc3F)c2c1,IC50,10000.0,nM,=,CHEMBL832979,CHEMBL203,5.00
CHEMBL190651,COCC(=O)Nc1ccc2ncnc(Nc3cc(Cl)c(Cl)cc3F)c2c1,IC50,50000.0,nM,=,CHEMBL827826,CHEMBL203,4.30
CHEMBL190651,COCC(=O)Nc1ccc2ncnc(Nc3cc(Cl)c(Cl)cc3F)c2c1,IC50,250.0,nM,>,CHEMBL831695,CHEMBL203,
CHEMBL192737,COCC(=O)Nc1ccc2ncnc(Nc3cccc(Br)c3)c2c1,IC50,174.0,nM,=,CHEMBL832761,CHEMBL203,6.76
CHEMBL192737,COCC(=O)Nc1ccc2ncnc(Nc3cccc(Br)c3)c2c1,IC50,13000.0,nM,>,CHEMBL831153,CHEMBL203,
CHEMBL192737,COCC(=O)Nc1ccc2ncnc(Nc3cccc(Br)c3)c2c1,IC50,100000.0,nM,>,CHEMBL833025,CHEMBL203,
CHEMBL190567,COCC(=O)Nc1ccc2ncnc(Nc3cccc(I)c3)c2c1,IC50,150.0,nM,=,CHEMBL832761,CHEMBL203,6.82
CHEMBL190567,COCC(=O)Nc1ccc2ncnc(Nc3cccc(I)c3)c2c1,IC50,5000.0,nM,=,CHEMBL829928,CHEMBL203,5.30
CHEMBL190567,COCC(=O)Nc1ccc2ncnc(Nc3cccc(I)c3)c2c1,IC50,50000.0,nM,=,CHEMBL833025,CHEMBL203,4.30
CHEMBL275762,O=C(CCl)Nc1ccc2ncnc(Nc3cc(Cl)c(Cl)cc3F)c2c1,IC50,0.07,nM,=,CHEMBL832761,CHEMBL203,10.15
CHEMBL275762,O=C(CCl)Nc1ccc2ncnc(Nc3cc(Cl)c(Cl)cc3F)c2c1,IC50,25.0,nM,=,CHEMBL828302,CHEMBL203,7.60
CHEMBL275762,O=C(CCl)Nc1ccc2ncnc(Nc3cc(Cl)c(Cl)cc3F)c2c1,IC50,25.0,nM,=,CHEMBL829089,CHEMBL203,7.60
CHEMBL275762,O=C(CCl)Nc1ccc2ncnc(Nc3cc(Cl)c(Cl)cc3F)c2c1,IC50,15.0,nM,=,CHEMBL828032,CHEMBL203,7.82
CHEMBL193159,O=C(CCl)Nc1ccc2ncnc(Nc3cccc(Br)c3)c2c1,IC50,32.0,nM,=,CHEMBL832761,CHEMBL203,7.50
CHEMBL193159,O=C(CCl)Nc1ccc2ncnc(Nc3cccc(Br)c3)c2c1,IC50,5.0,nM,<,CHEMBL831153,CHEMBL203,
CHEMBL193159,O=C(CCl)Nc1ccc2ncnc(Nc3cccc(Br)c3)c2c1,IC50,10.0,nM,=,CHEMBL833025,CHEMBL203,8.00
CHEMBL193160,O=C(CCl)Nc1ccc2ncnc(Nc3cccc(I)c3)c2c1,IC50,0.12,nM,=,CHEMBL832761,CHEMBL203,9.92
CHEMBL193160,O=C(CCl)Nc1ccc2ncnc(Nc3cccc(I)c3)c2c1,IC50,10.0,nM,=,CHEMBL828301,CHEMBL203,8.00
CHEMBL193160,O=C(CCl)Nc1ccc2ncnc(Nc3cccc(I)c3)c2c1,IC50,30.0,nM,=,CHEMBL833025,CHEMBL203,7.52
CHEMBL190094,CN(C)C/C=C/C(=O)Nc1ccc2ncnc(Nc3cc(Cl)c(Cl)cc3F)c2c1,IC50,0.11,nM,=,CHEMBL832761,CHEMBL203,9.96
CHEMBL190094,CN(C)C/C=C/C(=O)Nc1ccc2ncnc(Nc3cc(Cl)c(Cl)cc3F)c2c1,IC50,10.0,nM,=,CHEMBL828301,CHEMBL203,8.00
CHEMBL190094,CN(C)C/C=C/C(=O)Nc1ccc2ncnc(Nc3cc(Cl)c(Cl)cc3F)c2c1,IC50,50.0,nM,=,CHEMBL829088,CHEMBL203,7.30
CHEMBL190094,CN(C)C/C=C/C(=O)Nc1ccc2ncnc(Nc3cc(Cl)c(Cl)cc3F)c2c1,IC50,4.0,nM,=,CHEMBL831695,CHEMBL203,8.40
CHEMBL94061,CN(C)C/C=C/C(=O)Nc1ccc2ncnc(Nc3cccc(Br)c3)c2c1,IC50,0.41,nM,=,CHEMBL832761,CHEMBL203,9.39
CHEMBL94061,CN(C)C/C=C/C(=O)Nc1ccc2ncnc(Nc3cccc(Br)c3)c2c1,IC50,10.0,nM,=,CHEMBL828300,CHEMBL203,8.00
CHEMBL94061,CN(C)C/C=C/C(=O)Nc1ccc2ncnc(Nc3cccc(Br)c3)c2c1,IC50,10.0,nM,=,CHEMBL828089,CHEMBL203,8.00
CHEMBL189779,CN(C)C/C=C/C(=O)Nc1ccc2ncnc(Nc3cccc(I)c3)c2c1,IC50,0.94,nM,=,CHEMBL832761,CHEMBL203,9.03
CHEMBL189779,CN(C)C/C=C/C(=O)Nc1ccc2ncnc(Nc3cccc(I)c3)c2c1,IC50,5.0,nM,<,CHEMBL831153,CHEMBL203,
CHEMBL189779,CN(C)C/C=C/C(=O)Nc1ccc2ncnc(Nc3cccc(I)c3)c2c1,IC50,5.0,nM,<,CHEMBL833025,CHEMBL203,
CHEMBL372246,C=CC(=O)Nc1cc2c(Nc3cc(Cl)c(Cl)cc3F)ncnc2cc1N1CCN(C)CC1,IC50,6000.0,nM,=,CHEMBL832761,CHEMBL203,5.22
CHEMBL372246,C=CC(=O)Nc1cc2c(Nc3cc(Cl)c(Cl)cc3F)ncnc2cc1N1CCN(C)CC1,IC50,250.0,nM,=,CHEMBL831153,CHEMBL203,6.60
CHEMBL372246,C=CC(=O)Nc1cc2c(Nc3cc(Cl)c(Cl)cc3F)ncnc2cc1N1CCN(C)CC1,IC50,500.0,nM,>,CHEMBL833025,CHEMBL203,
CHEMBL365805,C=CC(=O)Nc1cc2c(Nc3cccc(Br)c3)ncnc2cc1N1CCN(C)CC1,IC50,13000.0,nM,=,CHEMBL832761,CHEMBL203,4.89
CHEMBL365805,C=CC(=O)Nc1cc2c(Nc3cccc(Br)c3)ncnc2cc1N1CCN(C)CC1,IC50,250.0,nM,=,CHEMBL832921,CHEMBL203,6.60
CHEMBL365805,C=CC(=O)Nc1cc2c(Nc3cccc(Br)c3)ncnc2cc1N1CCN(C)CC1,IC50,500.0,nM,>,CHEMBL833025,CHEMBL203,
CHEMBL437879,COc1cc2ncnc(Nc3cc(Cl)c(Cl)cc3F)c2cc1OC,IC50,0.208,nM,=,CHEMBL832761,CHEMBL203,9.68
CHEMBL437879,COc1cc2ncnc(Nc3cc(Cl)c(Cl)cc3F)c2cc1OC,IC50,5.0,nM,=,CHEMBL827827,CHEMBL203,8.30
CHEMBL363815,C=CC(=O)Nc1ccc2ncnc(Nc3cc(Cl)c(Cl)cc3F)c2c1,IC50,0.037,nM,=,CHEMBL832761,CHEMBL203,10.43
CHEMBL363815,C=CC(=O)Nc1ccc2ncnc(Nc3cc(Cl)c(Cl)cc3F)c2c1,IC50,20.0,nM,=,CHEMBL832922,CHEMBL203,7.70
CHEMBL363815,C=CC(=O)Nc1ccc2ncnc(Nc3cc(Cl)c(Cl)cc3F)c2c1,IC50,20.0,nM,=,CHEMBL829536,CHEMBL203,7.70
CHEMBL195218,CONC(=O)c1cc(Nc2ncnn3cc(NC(=O)OCCCS(C)(=O)=O)c(C(C)C)c23)c(F)cc1F,IC50,4200.0,nM,=,CHEMBL830273,CHEMBL203,5.38
CHEMBL370266,CONC(=O)c1cc(Nc2ncnn3cc(NC(=O)OCC4CCCO4)c(C(C)C)c23)c(F)cc1F,IC50,5500.0,nM,=,CHEMBL830273,CHEMBL203,5.26
CHEMBL365318,CONC(=O)c1cc(Nc2ncnn3cc(-c4nnc(C)o4)c(C(C)C)c23)c(F)cc1F,IC50,10000.0,nM,>,CHEMBL830273,CHEMBL203,
CHEMBL194498,CONC(=O)c1cc(Nc2ncnn3cc(-c4nnc(C(F)F)o4)c(C(C)C)c23)c(F)cc1F,IC50,10000.0,nM,>,CHEMBL830273,CHEMBL203,
CHEMBL195903,CONC(=O)c1cc(Nc2ncnn3cc(-c4nnc(C(F)(F)S(C)(=O)=O)o4)c(C(C)C)c23)c(F)cc1F,IC50,25000.0,nM,>,CHEMBL830273,CHEMBL203,
CHEMBL194176,CCS(=O)(=O)c1ccc(OC)c(Nc2ncc(-c3cccc(-c4ccccn4)c3)o2)c1,Selectivity,10.0,uM,>,CHEMBL831726,CHEMBL203,
CHEMBL372474,CCS(=O)(=O)c1ccc(OC)c(Nc2ncc(-c3cccc(-c4ccccc4F)c3)o2)c1,Selectivity,10.0,uM,>,CHEMBL831726,CHEMBL203,
CHEMBL191993,CCS(=O)(=O)c1ccc(OC)c(Nc2ncc(-c3cccc(-c4ccccc4Cl)c3)o2)c1,Selectivity,,,,CHEMBL832154,CHEMBL203,
CHEMBL193468,O=C1NC(=O)c2c1c1c3ccccc3[nH]c1c1[nH]c3cc(O)c(O)cc3c21,Inhibition,50.0,%,<,CHEMBL836268,CHEMBL203,
CHEMBL193468,O=C1NC(=O)c2c1c1c3ccccc3[nH]c1c1[nH]c3cc(O)c(O)cc3c21,Inhibition,50.0,%,<,CHEMBL875600,CHEMBL203,
CHEMBL193468,O=C1NC(=O)c2c1c1c3ccccc3[nH]c1c1[nH]c3cc(O)c(O)cc3c21,Inhibition,50.0,%,<,CHEMBL835357,CHEMBL203,
CHEMBL439675,COC(=O)c1[nH]c(C(=O)OC)c(-c2c[nH]c3ccc(O)cc23)c1-c1c[nH]c2ccccc12,Inhibition,50.0,%,<,CHEMBL836268,CHEMBL203,
CHEMBL439675,COC(=O)c1[nH]c(C(=O)OC)c(-c2c[nH]c3ccc(O)cc23)c1-c1c[nH]c2ccccc12,Inhibition,50.0,%,<,CHEMBL875600,CHEMBL203,
CHEMBL439675,COC(=O)c1[nH]c(C(=O)OC)c(-c2c[nH]c3ccc(O)cc23)c1-c1c[nH]c2ccccc12,Inhibition,50.0,%,<,CHEMBL835357,CHEMBL203,
CHEMBL193456,CN(C)S(=O)(=O)c1ccc(Nc2ccc(C(=O)c3c(F)cccc3F)c(N)n2)cc1,IC50,100000.0,nM,>,CHEMBL827663,CHEMBL203,
CHEMBL193643,Nc1nc(Nc2ccc(S(N)(=O)=O)cc2)ccc1C(=O)c1c(F)cccc1F,IC50,100000.0,nM,>,CHEMBL827663,CHEMBL203,
CHEMBL2113092,CCCCOc1cc(Nc2ccc(S(N)(=O)=O)cc2)nc(N)c1C(=O)c1c(F)cccc1F,IC50,100000.0,nM,>,CHEMBL827663,CHEMBL203,
CHEMBL371472,COC(=O)c1[nH]c(C(=O)OC)c(-c2c[nH]c3ccccc23)c1-c1c[nH]c2ccccc12,Inhibition,50.0,%,<,CHEMBL836268,CHEMBL203,
CHEMBL371472,COC(=O)c1[nH]c(C(=O)OC)c(-c2c[nH]c3ccccc23)c1-c1c[nH]c2ccccc12,Inhibition,50.0,%,<,CHEMBL875600,CHEMBL203,
CHEMBL371472,COC(=O)c1[nH]c(C(=O)OC)c(-c2c[nH]c3ccccc23)c1-c1c[nH]c2ccccc12,Inhibition,50.0,%,<,CHEMBL835357,CHEMBL203,
CHEMBL266487,O=C1NC(=O)C(c2c[nH]c3ccccc23)=C1c1c[nH]c2ccccc12,Inhibition,50.0,%,<,CHEMBL836268,CHEMBL203,
CHEMBL266487,O=C1NC(=O)C(c2c[nH]c3ccccc23)=C1c1c[nH]c2ccccc12,Inhibition,50.0,%,<,CHEMBL875600,CHEMBL203,
CHEMBL266487,O=C1NC(=O)C(c2c[nH]c3ccccc23)=C1c1c[nH]c2ccccc12,Inhibition,50.0,%,<,CHEMBL835357,CHEMBL203,
CHEMBL373101,COc1cc(Nc2c(C#N)cnc3cc(-c4ccc(CN5CCN(C)CC5)cn4)sc23)c(Cl)cc1Cl,IC50,2000.0,nM,=,CHEMBL884483,CHEMBL203,5.70
CHEMBL196018,CCOC(=O)c1cn2ncnc(Nc3ccc(F)c(Cl)c3)c2c1CC,IC50,90.0,nM,=,CHEMBL881943,CHEMBL203,7.05
CHEMBL370934,CCOC(=O)c1cn2ncnc(Nc3cccc(Br)c3)c2c1CC,IC50,60.0,nM,=,CHEMBL881943,CHEMBL203,7.22
CHEMBL372112,CCOC(=O)c1cn2ncnc(Nc3ccc4[nH]ncc4c3)c2c1CC,IC50,50.0,nM,=,CHEMBL881943,CHEMBL203,7.30
CHEMBL371863,CCOC(=O)c1cn2ncnc(NCc3ccccc3)c2c1CC,IC50,200.0,nM,=,CHEMBL881943,CHEMBL203,6.70
CHEMBL196925,CCOC(=O)c1cn2ncnc(Nc3ccc4c(cnn4Cc4ccccc4)c3)c2c1CC,IC50,120.0,nM,=,CHEMBL881943,CHEMBL203,6.92
CHEMBL194349,CCOC(=O)c1cn2ncnc(Nc3ccc(Oc4ccccc4)cc3)c2c1CC,IC50,610.0,nM,=,CHEMBL881943,CHEMBL203,6.21
CHEMBL425738,CCOC(=O)c1cc2c(Nc3ccc4c(cnn4Cc4ccccc4)c3)ncnn2c1,IC50,120.0,nM,=,CHEMBL881943,CHEMBL203,6.92
CHEMBL196738,CCOC(=O)c1cn2ncnc(Nc3ccc4c(cnn4Cc4ccccc4)c3)c2c1C,IC50,200.0,nM,=,CHEMBL881943,CHEMBL203,6.70
CHEMBL365606,CCOC(=O)c1cn2ncnc(Nc3ccc4c(cnn4Cc4ccccc4)c3)c2c1C(C)C,IC50,200.0,nM,=,CHEMBL881943,CHEMBL203,6.70
CHEMBL438805,CCCc1c(C(=O)OCC)cn2ncnc(Nc3ccc4c(cnn4Cc4ccccc4)c3)c12,IC50,950.0,nM,=,CHEMBL881943,CHEMBL203,6.02
CHEMBL197568,CCOC(=O)c1cn2ncnc(Nc3ccc4c(cnn4Cc4ccccc4)c3)c2c1Cc1ccccc1,IC50,25000.0,nM,>,CHEMBL881943,CHEMBL203,
CHEMBL196438,CCc1c(C(=O)O)cn2ncnc(Nc3ccc4c(cnn4Cc4ccccc4)c3)c12,IC50,20.0,nM,=,CHEMBL881943,CHEMBL203,7.70
CHEMBL194958,CCc1c(C(N)=O)cn2ncnc(Nc3ccc4c(cnn4Cc4ccccc4)c3)c12,IC50,120.0,nM,=,CHEMBL881943,CHEMBL203,6.92
CHEMBL197689,CCc1c(C(=O)NC)cn2ncnc(Nc3ccc4c(cnn4Cc4ccccc4)c3)c12,IC50,70.0,nM,=,CHEMBL881943,CHEMBL203,7.16
CHEMBL372293,CCc1c(C(=O)N(C)C)cn2ncnc(Nc3ccc4c(cnn4Cc4ccccc4)c3)c12,IC50,200.0,nM,=,CHEMBL881943,CHEMBL203,6.70
CHEMBL372523,CCc1c(NC(=O)OCc2ccccc2)cn2ncnc(Nc3ccc4c(cnn4Cc4ccccc4)c3)c12,IC50,210.0,nM,=,CHEMBL881943,CHEMBL203,6.68
CHEMBL373025,CCc1c(CO)cn2ncnc(Nc3ccc4c(cnn4Cc4ccccc4)c3)c12,IC50,490.0,nM,=,CHEMBL881943,CHEMBL203,6.31
CHEMBL369967,CCNCc1cn2ncnc(Nc3ccc4c(cnn4Cc4ccccc4)c3)c2c1CC,IC50,7400.0,nM,=,CHEMBL881943,CHEMBL203,5.13
CHEMBL196548,CCOCc1cn2ncnc(Nc3ccc4c(cnn4Cc4ccccc4)c3)c2c1CC,IC50,950.0,nM,=,CHEMBL881943,CHEMBL203,6.02
CHEMBL194160,CCc1c(CC(N)=O)cn2ncnc(Nc3ccc4c(cnn4Cc4ccccc4)c3)c12,IC50,1100.0,nM,=,CHEMBL881943,CHEMBL203,5.96
CHEMBL372692,CCc1c(CC(=O)O)cn2ncnc(Nc3ccc4c(cnn4Cc4ccccc4)c3)c12,IC50,1600.0,nM,=,CHEMBL881943,CHEMBL203,5.80
CHEMBL193681,CCc1c(C(=O)NCCCn2ccnc2)cn2ncnc(Nc3ccc4c(cnn4Cc4ccccc4)c3)c12,IC50,40.0,nM,=,CHEMBL881943,CHEMBL203,7.40
CHEMBL193368,CCc1c(C(=O)OCCCn2ccnc2)cn2ncnc(Nc3ccc4c(cnn4Cc4ccccc4)c3)c12,IC50,170.0,nM,=,CHEMBL881943,CHEMBL203,6.77
CHEMBL412367,CCc1c(NC(=O)OCCn2ccnc2)cn2ncnc(Nc3ccc4c(cnn4Cc4ccccc4)c3)c12,IC50,40.0,nM,=,CHEMBL881943,CHEMBL203,7.40
CHEMBL371888,COc1cc2ncnc(Nc3ccc(OCc4ccccn4)c(C)c3)c2cc1OC,IC50,59.0,nM,=,CHEMBL881949,CHEMBL203,7.23
CHEMBL444619,COc1cc(ON2CCC(C)CC2)c2c(Nc3ccc(OCc4ccccn4)c(Cl)c3)ncnc2c1,IC50,5.0,nM,=,CHEMBL881949,CHEMBL203,8.30
CHEMBL197640,CN1CCC(Oc2cccc3ncnc(Nc4ccc(OCc5cccc(F)c5)c(Cl)c4)c23)CC1,IC50,5.0,nM,=,CHEMBL881949,CHEMBL203,8.30
CHEMBL197525,COc1ccc(Nc2ncnc3cccc(OC4CCN(C)CC4)c23)cc1Cl,IC50,1800.0,nM,=,CHEMBL881949,CHEMBL203,5.75
CHEMBL193578,Clc1cc(Nc2ncnc3cccc(OC4CCOCC4)c23)ccc1OCc1ccccn1,IC50,2400.0,nM,=,CHEMBL881949,CHEMBL203,5.62
CHEMBL193544,CN1CCC(Oc2cccc3ncnc(Nc4ccc(OCc5ccccn5)c(Cl)c4)c23)CC1,IC50,140.0,nM,=,CHEMBL881949,CHEMBL203,6.85
CHEMBL436511,CN1CCC(Oc2cccc3ncnc(Nc4ccc(OCc5cnccn5)c(Cl)c4)c23)CC1,IC50,690.0,nM,=,CHEMBL881949,CHEMBL203,6.16
CHEMBL195204,CN1CCC(Oc2cccc3ncnc(Nc4ccc(OCc5cscn5)c(Cl)c4)c23)CC1,IC50,698.0,nM,=,CHEMBL881949,CHEMBL203,6.16
CHEMBL194337,CN1CCC(Oc2cccc3ncnc(Nc4ccc(OCc5ccccn5)cc4)c23)CC1,IC50,2100.0,nM,=,CHEMBL881949,CHEMBL203,5.68
CHEMBL194389,COc1cccc2ncnc(Nc3ccc(OCc4ccccn4)c(Cl)c3)c12,IC50,440.0,nM,=,CHEMBL881949,CHEMBL203,6.36
CHEMBL401930,Cc1cc(N2CCOCC2)cc2[nH]c(-c3c(NC[C@@H](O)c4cccc(Cl)c4)cc[nH]c3=O)nc12,IC50,1600.0,nM,=,CHEMBL881766,CHEMBL203,5.80
CHEMBL383172,Cc1ccc(C(=O)Nc2ccon2)cc1Nc1ncnc(NC2CCCC2)c1C#N,IC50,50000.0,nM,>,CHEMBL882899,CHEMBL203,
CHEMBL195029,COc1cc(Nc2c(C#N)cnc3cc4cc(OCCN5CCOCC5)c(OC)cc4cc23)c(Cl)cc1Cl,IC50,2700.0,nM,=,CHEMBL857670,CHEMBL203,5.57
CHEMBL196363,Cc1cccc(NC(=O)Nc2ccc(-c3csc4ncnc(N)c34)cc2)c1,IC50,50000.0,nM,>,CHEMBL882897,CHEMBL203,
CHEMBL381207,Cc1sc2ncnc(N)c2c1-c1ccc(NC(=O)Nc2cc(C(F)(F)F)ccc2F)cc1,IC50,50000.0,nM,>,CHEMBL882897,CHEMBL203,
CHEMBL554,CS(=O)(=O)CCNCc1ccc(-c2ccc3ncnc(Nc4ccc(OCc5cccc(F)c5)c(Cl)c4)c3c2)o1,Kd,5.5,nM,=,CHEMBL859867,CHEMBL203,8.26
CHEMBL607707,CCOc1cc2ncc(C#N)c(Nc3ccc(F)c(Cl)c3)c2cc1NC(=O)/C=C/CN(C)C,Kd,1.0,nM,=,CHEMBL859867,CHEMBL203,9.00
CHEMBL101253,Clc1ccc(Nc2nnc(Cc3ccncc3)c3ccccc23)cc1,Kd,,,,CHEMBL859867,CHEMBL203,
CHEMBL535,CCN(CC)CCNC(=O)c1c(C)[nH]c(/C=C2\C(=O)Nc3ccc(F)cc32)c1C,Kd,,,,CHEMBL859867,CHEMBL203,
CHEMBL124660,COc1cc2c(N3CCN(C(=O)Nc4ccc(OC(C)C)cc4)CC3)ncnc2cc1OCCCN1CCCCC1,Kd,,,,CHEMBL859867,CHEMBL203,
CHEMBL91829,CN(C)C[C@@H]1CCn2cc(c3ccccc32)C2=C(C(=O)NC2=O)c2cn(c3ccccc23)CCO1,Kd,,,,CHEMBL859867,CHEMBL203,
CHEMBL1336,CNC(=O)c1cc(Oc2ccc(NC(=O)Nc3ccc(Cl)c(C(F)(F)F)c3)cc2)ccn1,Kd,,,,CHEMBL859867,CHEMBL203,
CHEMBL14762,CC[C@H](CO)Nc1nc(NCc2ccccc2)c2ncn(C(C)C)c2n1,Kd,,,,CHEMBL859867,CHEMBL203,
CHEMBL428690,CN1CC[C@H](c2c(O)cc(O)c3c(=O)cc(-c4ccccc4Cl)oc23)[C@H](O)C1,Kd,,,,CHEMBL859867,CHEMBL203,
CHEMBL388978,CN[C@@H]1C[C@H]2O[C@@](C)([C@@H]1OC)n1c3ccccc3c3c4c(c5c6ccccc6n2c5c31)C(=O)NC4,Kd,70.0,nM,=,CHEMBL859867,CHEMBL203,7.16
CHEMBL278041,Oc1ccc(-c2nc(-c3ccc(F)cc3)c(-c3ccncc3)[nH]2)cc1,Kd,4600.0,nM,=,CHEMBL859867,CHEMBL203,5.34
CHEMBL10,C[S+]([O-])c1ccc(-c2nc(-c3ccc(F)cc3)c(-c3ccncc3)[nH]2)cc1,Kd,2900.0,nM,=,CHEMBL859867,CHEMBL203,5.54
CHEMBL119385,O=c1ncn2nc(Sc3ccc(F)cc3F)ccc2c1-c1c(Cl)cccc1Cl,Kd,,,,CHEMBL859867,CHEMBL203,
CHEMBL103667,Cc1ccc(-n2nc(C(C)(C)C)cc2NC(=O)Nc2ccc(OCCN3CCOCC3)c3ccccc23)cc1,Kd,,,,CHEMBL859867,CHEMBL203,
CHEMBL1725279,Oc1c2ccccc2c2c3c(cccc13)N=N2,Kd,,,,CHEMBL859867,CHEMBL203,
CHEMBL941,Cc1ccc(NC(=O)c2ccc(CN3CCN(C)CC3)cc2)cc1Nc1nccc(-c2cccnc2)n1,Kd,,,,CHEMBL859867,CHEMBL203,
CHEMBL939,COc1cc2ncnc(Nc3ccc(F)c(Cl)c3)c2cc1OCCCN1CCOCC1,Kd,1.8,nM,=,CHEMBL859867,CHEMBL203,8.74
CHEMBL553,C#Cc1cccc(Nc2ncnc3cc(OCCOC)c(OCCOC)cc23)c1,Kd,1.4,nM,=,CHEMBL859867,CHEMBL203,8.85
CHEMBL24828,COc1cc2/c(=N/c3ccc(Br)cc3F)nc[nH]c2cc1OCC1CCN(C)CC1,Kd,17.0,nM,=,CHEMBL859867,CHEMBL203,7.77
CHEMBL31965,C=CC(=O)Nc1cc2c(Nc3ccc(F)c(Cl)c3)ncnc2cc1OCCCN1CCOCC1,Kd,1.4,nM,=,CHEMBL859867,CHEMBL203,8.85
CHEMBL120077,COc1cc2c(cc1OC)-c1n[nH]c(Nc3cccc(F)c3)c1C2,IC50,100000.0,nM,>,CHEMBL861478,CHEMBL203,
CHEMBL197538,N#Cc1cnc2cnc(NCCN3CCOCC3)cc2c1Nc1ccc(F)c(Cl)c1,Inhibition,100.0,%,=,CHEMBL860431,CHEMBL203,
CHEMBL200381,N#Cc1cnc2cnc(NCc3cccnc3)cc2c1Nc1ccc(F)c(Cl)c1,Inhibition,50.0,%,=,CHEMBL860431,CHEMBL203,
CHEMBL371095,N#Cc1cnc2cnc(NCCN3CCOCC3)cc2c1Nc1ccc(Oc2ccccc2)cc1,Inhibition,50.0,%,=,CHEMBL860431,CHEMBL203,
CHEMBL199210,N#Cc1cnc2cnc(NCCN3CCOCC3)cc2c1Nc1ccc(Sc2ccccc2)cc1,Inhibition,10.0,%,=,CHEMBL860431,CHEMBL203,
CHEMBL371658,N#Cc1cnc2cnc(NCCN3CCOCC3)cc2c1Nc1ccc(Cc2ccccc2)cc1,Inhibition,50.0,%,=,CHEMBL860431,CHEMBL203,
CHEMBL199886,O=C(Nc1ccc2c(c1)C=Nc1c(Cl)ncnc1O2)Nc1ccc(Cl)c(C(F)(F)F)c1,Activity,,,,CHEMBL867551,CHEMBL203,
CHEMBL200820,COc1ccc(C#CC(C)(C)N)cc1-c1[nH]nc2nc(Nc3ccc(F)cc3F)ccc12,Inhibition,-43.0,%,=,CHEMBL863538,CHEMBL203,
CHEMBL370808,COc1ccc(C#CC(C)(C)N)cc1-c1[nH]nc2nc(Nc3ccc(F)cc3F)ncc12,IC50,5200.0,nM,=,CHEMBL863537,CHEMBL203,5.28
CHEMBL370156,COc1ccc(C#CC(C)(C)O)cc1-c1[nH]nc2nc(Nc3ccc(F)cc3F)cnc12,Inhibition,0.0,%,=,CHEMBL863538,CHEMBL203,
CHEMBL202930,COc1cc(-c2ccc3c(c2)NC(=O)/C3=C\c2ccc[nH]2)ccc1O,IC50,50000.0,nM,>,CHEMBL865812,CHEMBL203,
CHEMBL383316,COc1cc(-c2ccc3c(c2)NC(=O)/C3=C\c2c[nH]c3ncccc23)ccc1O,IC50,,,,CHEMBL865812,CHEMBL203,
CHEMBL199299,COc1cc(-c2ccc3c(c2)NC(=O)/C3=C\c2ncc[nH]2)ccc1O,IC50,50000.0,nM,>,CHEMBL865812,CHEMBL203,
CHEMBL426657,C=CC(=O)Nc1ccc(C(=O)Nc2cccc(Cl)c2)c(O)c1,Inhibition,62.6,%,=,CHEMBL864603,CHEMBL203,
CHEMBL426657,C=CC(=O)Nc1ccc(C(=O)Nc2cccc(Cl)c2)c(O)c1,Inhibition,46.3,%,=,CHEMBL864604,CHEMBL203,
CHEMBL426657,C=CC(=O)Nc1ccc(C(=O)Nc2cccc(Cl)c2)c(O)c1,Inhibition,21.6,%,=,CHEMBL862813,CHEMBL203,
CHEMBL426657,C=CC(=O)Nc1ccc(C(=O)Nc2cccc(Cl)c2)c(O)c1,Inhibition,,%,,CHEMBL862814,CHEMBL203,
CHEMBL200896,C=CC(=O)Nc1ccc(O)c(C(=O)Nc2cccc(Cl)c2)c1,Inhibition,73.1,%,=,CHEMBL864603,CHEMBL203,
CHEMBL200896,C=CC(=O)Nc1ccc(O)c(C(=O)Nc2cccc(Cl)c2)c1,Inhibition,38.3,%,=,CHEMBL864604,CHEMBL203,
CHEMBL200896,C=CC(=O)Nc1ccc(O)c(C(=O)Nc2cccc(Cl)c2)c1,Inhibition,23.3,%,=,CHEMBL862813,CHEMBL203,
CHEMBL200896,C=CC(=O)Nc1ccc(O)c(C(=O)Nc2cccc(Cl)c2)c1,Inhibition,,%,,CHEMBL862814,CHEMBL203,
CHEMBL200958,C=CC(=O)Nc1ccc(C(=O)Nc2cccc(Br)c2)c(O)c1,Inhibition,91.3,%,=,CHEMBL864603,CHEMBL203,
CHEMBL200958,C=CC(=O)Nc1ccc(C(=O)Nc2cccc(Br)c2)c(O)c1,Inhibition,89.9,%,=,CHEMBL864604,CHEMBL203,
CHEMBL200958,C=CC(=O)Nc1ccc(C(=O)Nc2cccc(Br)c2)c(O)c1,Inhibition,88.2,%,=,CHEMBL862813,CHEMBL203,
CHEMBL200958,C=CC(=O)Nc1ccc(C(=O)Nc2cccc(Br)c2)c(O)c1,Inhibition,76.0,%,=,CHEMBL862814,CHEMBL203,
CHEMBL382537,C=CC(=O)Nc1ccc(O)c(C(=O)Nc2cccc(Br)c2)c1,Inhibition,93.0,%,=,CHEMBL864603,CHEMBL203,
CHEMBL382537,C=CC(=O)Nc1ccc(O)c(C(=O)Nc2cccc(Br)c2)c1,Inhibition,90.6,%,=,CHEMBL864604,CHEMBL203,
CHEMBL382537,C=CC(=O)Nc1ccc(O)c(C(=O)Nc2cccc(Br)c2)c1,Inhibition,89.5,%,=,CHEMBL862813,CHEMBL203,
CHEMBL382537,C=CC(=O)Nc1ccc(O)c(C(=O)Nc2cccc(Br)c2)c1,Inhibition,52.9,%,=,CHEMBL862814,CHEMBL203,
CHEMBL200174,C=CC(=O)Nc1ccc(C(=O)Nc2cccc(Oc3ccccc3)c2)c(O)c1,Inhibition,91.2,%,=,CHEMBL864603,CHEMBL203,
CHEMBL200174,C=CC(=O)Nc1ccc(C(=O)Nc2cccc(Oc3ccccc3)c2)c(O)c1,Inhibition,89.3,%,=,CHEMBL864604,CHEMBL203,
CHEMBL200174,C=CC(=O)Nc1ccc(C(=O)Nc2cccc(Oc3ccccc3)c2)c(O)c1,Inhibition,86.6,%,=,CHEMBL862813,CHEMBL203,
CHEMBL200174,C=CC(=O)Nc1ccc(C(=O)Nc2cccc(Oc3ccccc3)c2)c(O)c1,Inhibition,18.8,%,=,CHEMBL862814,CHEMBL203,
CHEMBL382753,C=CC(=O)Nc1ccc(C(=O)Nc2cccc(Oc3ccccc3)c2)c(OC)c1,Inhibition,1.59,%,=,CHEMBL864603,CHEMBL203,
CHEMBL382753,C=CC(=O)Nc1ccc(C(=O)Nc2cccc(Oc3ccccc3)c2)c(OC)c1,Inhibition,,%,,CHEMBL864604,CHEMBL203,
CHEMBL382753,C=CC(=O)Nc1ccc(C(=O)Nc2cccc(Oc3ccccc3)c2)c(OC)c1,Inhibition,,%,,CHEMBL862813,CHEMBL203,
CHEMBL382753,C=CC(=O)Nc1ccc(C(=O)Nc2cccc(Oc3ccccc3)c2)c(OC)c1,Inhibition,,%,,CHEMBL862814,CHEMBL203,
CHEMBL444005,C=CC(=O)Nc1ccc(C(=O)Nc2cccc(C(O)c3ccccc3)c2)c(O)c1,Inhibition,93.5,%,=,CHEMBL864603,CHEMBL203,
CHEMBL444005,C=CC(=O)Nc1ccc(C(=O)Nc2cccc(C(O)c3ccccc3)c2)c(O)c1,Inhibition,91.7,%,=,CHEMBL864604,CHEMBL203,
CHEMBL444005,C=CC(=O)Nc1ccc(C(=O)Nc2cccc(C(O)c3ccccc3)c2)c(O)c1,Inhibition,84.8,%,=,CHEMBL862813,CHEMBL203,
CHEMBL444005,C=CC(=O)Nc1ccc(C(=O)Nc2cccc(C(O)c3ccccc3)c2)c(O)c1,Inhibition,49.3,%,=,CHEMBL862814,CHEMBL203,
CHEMBL201218,C=CC(=O)Nc1ccc(C(=O)Nc2cccc(C(O)c3ccccc3)c2)c(OC)c1,Inhibition,5.84,%,=,CHEMBL864603,CHEMBL203,
CHEMBL201218,C=CC(=O)Nc1ccc(C(=O)Nc2cccc(C(O)c3ccccc3)c2)c(OC)c1,Inhibition,,%,,CHEMBL864604,CHEMBL203,
CHEMBL201218,C=CC(=O)Nc1ccc(C(=O)Nc2cccc(C(O)c3ccccc3)c2)c(OC)c1,Inhibition,,%,,CHEMBL862813,CHEMBL203,
CHEMBL201218,C=CC(=O)Nc1ccc(C(=O)Nc2cccc(C(O)c3ccccc3)c2)c(OC)c1,Inhibition,,%,,CHEMBL862814,CHEMBL203,
CHEMBL382918,C=CC(=O)Nc1ccc(C(=O)Nc2cccc(C(=O)N(CC)CC)c2)c(O)c1,Inhibition,63.9,%,=,CHEMBL864603,CHEMBL203,
CHEMBL382918,C=CC(=O)Nc1ccc(C(=O)Nc2cccc(C(=O)N(CC)CC)c2)c(O)c1,Inhibition,54.4,%,=,CHEMBL864604,CHEMBL203,
CHEMBL382918,C=CC(=O)Nc1ccc(C(=O)Nc2cccc(C(=O)N(CC)CC)c2)c(O)c1,Inhibition,40.4,%,=,CHEMBL862813,CHEMBL203,
CHEMBL382918,C=CC(=O)Nc1ccc(C(=O)Nc2cccc(C(=O)N(CC)CC)c2)c(O)c1,Inhibition,14.1,%,=,CHEMBL862814,CHEMBL203,
CHEMBL200880,CCC(=O)Nc1ccc(C(=O)Nc2cccc(C(=O)N(CC)CC)c2)c(O)c1,Inhibition,46.6,%,=,CHEMBL864603,CHEMBL203,
CHEMBL200880,CCC(=O)Nc1ccc(C(=O)Nc2cccc(C(=O)N(CC)CC)c2)c(O)c1,Inhibition,,%,,CHEMBL864604,CHEMBL203,
CHEMBL200880,CCC(=O)Nc1ccc(C(=O)Nc2cccc(C(=O)N(CC)CC)c2)c(O)c1,Inhibition,,%,,CHEMBL862813,CHEMBL203,
CHEMBL200880,CCC(=O)Nc1ccc(C(=O)Nc2cccc(C(=O)N(CC)CC)c2)c(O)c1,Inhibition,,%,,CHEMBL862814,CHEMBL203,
CHEMBL200142,C=CC(=O)Nc1ccc(C(=O)Nc2ccc(Oc3ccccc3)cc2)c(O)c1,Inhibition,62.2,%,=,CHEMBL864603,CHEMBL203,
CHEMBL200142,C=CC(=O)Nc1ccc(C(=O)Nc2ccc(Oc3ccccc3)cc2)c(O)c1,Inhibition,28.1,%,=,CHEMBL864604,CHEMBL203,
CHEMBL200142,C=CC(=O)Nc1ccc(C(=O)Nc2ccc(Oc3ccccc3)cc2)c(O)c1,Inhibition,0.8,%,=,CHEMBL862813,CHEMBL203,
CHEMBL200142,C=CC(=O)Nc1ccc(C(=O)Nc2ccc(Oc3ccccc3)cc2)c(O)c1,Inhibition,0.0,%,=,CHEMBL862814,CHEMBL203,
CHEMBL199388,CCC(=O)Nc1ccc(C(=O)Nc2ccc(Oc3ccccc3)cc2)c(O)c1,Inhibition,48.5,%,=,CHEMBL864603,CHEMBL203,
CHEMBL199388,CCC(=O)Nc1ccc(C(=O)Nc2ccc(Oc3ccccc3)cc2)c(O)c1,Inhibition,,%,,CHEMBL864604,CHEMBL203,
CHEMBL199388,CCC(=O)Nc1ccc(C(=O)Nc2ccc(Oc3ccccc3)cc2)c(O)c1,Inhibition,,%,,CHEMBL862813,CHEMBL203,
CHEMBL199388,CCC(=O)Nc1ccc(C(=O)Nc2ccc(Oc3ccccc3)cc2)c(O)c1,Inhibition,,%,,CHEMBL862814,CHEMBL203,
CHEMBL199440,C=CC(=O)Nc1ccc(C(=O)Nc2cccc(C(=O)N3CCCC3)c2)c(O)c1,Inhibition,91.0,%,=,CHEMBL864603,CHEMBL203,
CHEMBL199440,C=CC(=O)Nc1ccc(C(=O)Nc2cccc(C(=O)N3CCCC3)c2)c(O)c1,Inhibition,88.6,%,=,CHEMBL864604,CHEMBL203,
CHEMBL199440,C=CC(=O)Nc1ccc(C(=O)Nc2cccc(C(=O)N3CCCC3)c2)c(O)c1,Inhibition,84.2,%,=,CHEMBL862813,CHEMBL203,
CHEMBL199440,C=CC(=O)Nc1ccc(C(=O)Nc2cccc(C(=O)N3CCCC3)c2)c(O)c1,Inhibition,26.0,%,=,CHEMBL862814,CHEMBL203,
CHEMBL197600,C=CC(=O)Nc1ccc(C(=O)Nc2cccc(C(=O)N3CCCCC3)c2)c(O)c1,Inhibition,91.9,%,=,CHEMBL864603,CHEMBL203,
CHEMBL197600,C=CC(=O)Nc1ccc(C(=O)Nc2cccc(C(=O)N3CCCCC3)c2)c(O)c1,Inhibition,91.2,%,=,CHEMBL864604,CHEMBL203,
CHEMBL197600,C=CC(=O)Nc1ccc(C(=O)Nc2cccc(C(=O)N3CCCCC3)c2)c(O)c1,Inhibition,88.0,%,=,CHEMBL862813,CHEMBL203,
CHEMBL197600,C=CC(=O)Nc1ccc(C(=O)Nc2cccc(C(=O)N3CCCCC3)c2)c(O)c1,Inhibition,75.1,%,=,CHEMBL862814,CHEMBL203,
CHEMBL371300,C[C@H](N)Cn1ncc2ccc(O)cc21,Inhibition,1.44,%,=,CHEMBL860359,CHEMBL203,
CHEMBL371300,C[C@H](N)Cn1ncc2ccc(O)cc21,Inhibition,1.86,%,=,CHEMBL860360,CHEMBL203,
CHEMBL371300,C[C@H](N)Cn1ncc2ccc(O)cc21,Inhibition,-5.17,%,=,CHEMBL860361,CHEMBL203,
CHEMBL40275,O=C1c2cccc(O)c2C(=O)c2c(O)cc(CO)cc21,Activity,,,,CHEMBL865163,CHEMBL203,
CHEMBL383237,COC(=O)c1c(O)c2ccccc2c2oc3c(c12)C(=O)c1ccccc1C3=O,Inhibition,21.4,%,=,CHEMBL858796,CHEMBL203,
CHEMBL370449,COC(=O)c1c(OCc2ccncc2)c2ccccc2c2oc3c(c12)C(=O)c1ccccc1C3=O,Inhibition,19.4,%,=,CHEMBL858796,CHEMBL203,
CHEMBL372798,COC(=O)c1c(OCc2ccc(C(=O)OC(C)(C)C)cc2)c2ccccc2c2oc3c(c12)C(=O)c1ccccc1C3=O,Inhibition,57.1,%,=,CHEMBL858796,CHEMBL203,
CHEMBL383280,COC(=O)c1c(OCc2ccc(C(F)(F)F)cc2)c2ccccc2c2oc3c(c12)C(=O)c1ccccc1C3=O,Inhibition,33.6,%,=,CHEMBL858796,CHEMBL203,
CHEMBL383008,COC(=O)c1c(OCc2ccc(OC)cc2)c2ccccc2c2oc3c(c12)C(=O)c1ccccc1C3=O,Inhibition,72.6,%,=,CHEMBL858796,CHEMBL203,
CHEMBL201830,COC(=O)c1c(OCCN2CCN(Cc3ccc(C(F)(F)F)cc3)CC2)c2ccccc2c2oc3c(c12)C(=O)c1ccccc1C3=O,Inhibition,47.5,%,=,CHEMBL858796,CHEMBL203,
CHEMBL382462,COC(=O)c1c(OCCCN2CCN(c3ccccc3Cl)CC2)c2ccccc2c2oc3c(c12)C(=O)c1ccccc1C3=O,Inhibition,68.3,%,=,CHEMBL858796,CHEMBL203,
CHEMBL201089,COC(=O)c1c(OCCN2CCOCC2)c2ccccc2c2oc3c(c12)C(=O)c1ccccc1C3=O,Inhibition,67.9,%,=,CHEMBL858796,CHEMBL203,
CHEMBL200976,COC(=O)c1c(OCCN2CCCCC2)c2ccccc2c2oc3c(c12)C(=O)c1ccccc1C3=O,Inhibition,84.3,%,=,CHEMBL858796,CHEMBL203,
CHEMBL202244,COC(=O)c1c(OCCN2CCCC2)c2ccccc2c2oc3c(c12)C(=O)c1ccccc1C3=O,Inhibition,77.1,%,=,CHEMBL858796,CHEMBL203,
CHEMBL383030,COC(=O)c1c(OCCCN(C)C)c2ccccc2c2oc3c(c12)C(=O)c1ccccc1C3=O,Inhibition,72.4,%,=,CHEMBL858796,CHEMBL203,
CHEMBL202162,CCN(CC)CCOc1c(C(=O)OC)c2c3c(oc2c2ccccc12)C(=O)c1ccccc1C3=O,Inhibition,82.1,%,=,CHEMBL858796,CHEMBL203,
CHEMBL201865,COC(=O)c1c(OCCN(C)C)c2ccccc2c2oc3c(c12)C(=O)c1ccccc1C3=O,Inhibition,71.0,%,=,CHEMBL858796,CHEMBL203,
CHEMBL202158,COC(=O)c1c(OC(C)=O)c2ccccc2c2oc3c(c12)C(=O)c1ccccc1C3=O,Inhibition,21.6,%,=,CHEMBL858796,CHEMBL203,
CHEMBL202216,CCCOc1c(C(=O)OC)c2c3c(oc2c2ccccc12)C(=O)c1ccccc1C3=O,Inhibition,38.7,%,=,CHEMBL858796,CHEMBL203,
CHEMBL201840,COC(=O)c1c(OC)c2ccccc2c2oc3c(c12)C(=O)c1ccccc1C3=O,Inhibition,16.7,%,=,CHEMBL858796,CHEMBL203,
CHEMBL78257,N#CC(C#N)=C(N)/C(C#N)=C/c1cc(O)c(O)c(O)c1,Inhibition,90.0,%,=,CHEMBL858796,CHEMBL203,
CHEMBL201840,COC(=O)c1c(OC)c2ccccc2c2oc3c(c12)C(=O)c1ccccc1C3=O,IC50,12600.0,nM,=,CHEMBL862242,CHEMBL203,4.90
CHEMBL78257,N#CC(C#N)=C(N)/C(C#N)=C/c1cc(O)c(O)c(O)c1,IC50,4100.0,nM,=,CHEMBL862242,CHEMBL203,5.39
CHEMBL200976,COC(=O)c1c(OCCN2CCCCC2)c2ccccc2c2oc3c(c12)C(=O)c1ccccc1C3=O,IC50,2800.0,nM,=,CHEMBL862242,CHEMBL203,5.55
CHEMBL202244,COC(=O)c1c(OCCN2CCCC2)c2ccccc2c2oc3c(c12)C(=O)c1ccccc1C3=O,IC50,9000.0,nM,=,CHEMBL862242,CHEMBL203,5.05
CHEMBL383030,COC(=O)c1c(OCCCN(C)C)c2ccccc2c2oc3c(c12)C(=O)c1ccccc1C3=O,IC50,13600.0,nM,=,CHEMBL862242,CHEMBL203,4.87
CHEMBL202162,CCN(CC)CCOc1c(C(=O)OC)c2c3c(oc2c2ccccc12)C(=O)c1ccccc1C3=O,IC50,5100.0,nM,=,CHEMBL862242,CHEMBL203,5.29
CHEMBL201865,COC(=O)c1c(OCCN(C)C)c2ccccc2c2oc3c(c12)C(=O)c1ccccc1C3=O,IC50,31000.0,nM,=,CHEMBL862242,CHEMBL203,4.51
CHEMBL202216,CCCOc1c(C(=O)OC)c2c3c(oc2c2ccccc12)C(=O)c1ccccc1C3=O,IC50,50000.0,nM,>,CHEMBL862242,CHEMBL203,
CHEMBL200976,COC(=O)c1c(OCCN2CCCCC2)c2ccccc2c2oc3c(c12)C(=O)c1ccccc1C3=O,Activity,,,,CHEMBL853574,CHEMBL203,
CHEMBL202162,CCN(CC)CCOc1c(C(=O)OC)c2c3c(oc2c2ccccc12)C(=O)c1ccccc1C3=O,Activity,,,,CHEMBL853574,CHEMBL203,
CHEMBL201307,COc1cc2c(Nc3ncc(CC(=O)Nc4cccc(F)c4)s3)ncnc2cc1OCCCN1CCC(CO)CC1,IC50,800.0,nM,=,CHEMBL860874,CHEMBL203,6.10
CHEMBL382128,COc1ccc(C2=C(c3cc(OC)c(OC)c(OC)c3)C(=O)NC2=O)cc1O,Inhibition,99.0,%,=,CHEMBL865900,CHEMBL203,
CHEMBL382128,COc1ccc(C2=C(c3cc(OC)c(OC)c(OC)c3)C(=O)NC2=O)cc1O,Inhibition,64.0,%,=,CHEMBL865266,CHEMBL203,
CHEMBL202378,COc1cc2c3c(c4c5ccccc5n(C)c4c2c(OC)c1OC)C(=O)NC3=O,Inhibition,67.0,%,=,CHEMBL865900,CHEMBL203,
CHEMBL201090,COc1ccc2[nH]c3c4c(OC)c(OC)c(OC)cc4c4c(c3c2c1)C(=O)NC4=O,Inhibition,97.0,%,=,CHEMBL865900,CHEMBL203,
CHEMBL421087,O=C1NC(=O)c2c1c1ccccc1c1[nH]c3ccccc3c21,Inhibition,86.0,%,=,CHEMBL865900,CHEMBL203,
CHEMBL380898,COc1cc2c3c(c4c5ccccc5[nH]c4c2c(OC)c1OC)C(=O)NC3=O,Inhibition,98.0,%,=,CHEMBL865900,CHEMBL203,
CHEMBL202501,COc1cc(C2=C(c3cc4ccccc4[nH]3)C(=O)NC2=O)cc(OC)c1OC,Inhibition,87.0,%,=,CHEMBL865900,CHEMBL203,
CHEMBL202196,O=C1NC(=O)C(c2c[nH]c3ccccc23)=C1c1cccc2ccccc12,Inhibition,102.0,%,=,CHEMBL865900,CHEMBL203,
CHEMBL371449,COc1cc(C2=C(c3c(-c4ccccc4)[nH]c4ccccc34)C(=O)NC2=O)cc(OC)c1OC,Inhibition,72.0,%,=,CHEMBL865900,CHEMBL203,
CHEMBL201463,COc1cc(C2=C(c3c(C)[nH]c4ccccc34)C(=O)NC2=O)cc(OC)c1OC,Inhibition,95.0,%,=,CHEMBL865900,CHEMBL203,
CHEMBL201708,COc1cc(C2=C(c3cn(C)c4ccccc34)C(=O)NC2=O)cc(OC)c1OC,Inhibition,93.0,%,=,CHEMBL865900,CHEMBL203,
CHEMBL446182,COc1ccc2[nH]cc(C3=C(c4cc(OC)c(OC)c(OC)c4)C(=O)NC3=O)c2c1,Inhibition,105.0,%,=,CHEMBL865900,CHEMBL203,
CHEMBL371025,O=C1NC(=O)C(c2c[nH]c3ccccc23)=C1c1ccc(Cl)cc1,Inhibition,107.0,%,=,CHEMBL865900,CHEMBL203,
CHEMBL201264,COc1ccc(C2=C(c3c[nH]c4ccccc34)C(=O)NC2=O)cc1OC,Inhibition,90.0,%,=,CHEMBL865900,CHEMBL203,
CHEMBL202504,COc1ccc(C2=C(c3c[nH]c4ccccc34)C(=O)NC2=O)cc1,Inhibition,99.0,%,=,CHEMBL865900,CHEMBL203,
CHEMBL380598,O=C1NC(=O)C(c2c[nH]c3ccccc23)=C1c1ccccc1,Inhibition,80.0,%,=,CHEMBL865900,CHEMBL203,
CHEMBL201512,COc1cc(C2=C(c3cc[nH]c3)C(=O)NC2=O)cc(OC)c1OC,Inhibition,105.0,%,=,CHEMBL865900,CHEMBL203,
CHEMBL201511,COc1cc(C2=C(c3c[nH]c4ccccc34)C(=O)NC2=O)cc(OC)c1OC,Inhibition,83.0,%,=,CHEMBL865900,CHEMBL203,
CHEMBL381099,COc1ccc(C2=C(c3ccc(OC)cc3)C(=O)NC2=O)cc1,Inhibition,106.0,%,=,CHEMBL865900,CHEMBL203,
CHEMBL201949,O=C1NC(=O)C(c2ccccc2)=C1c1ccccc1,Inhibition,106.0,%,=,CHEMBL865900,CHEMBL203,
CHEMBL372076,COc1ccc(C2=C(c3ccccc3)C(=O)NC2=O)cc1,Inhibition,122.0,%,=,CHEMBL865900,CHEMBL203,
CHEMBL202135,COc1ccc(C2=C(c3ccccc3)C(=O)NC2=O)cc1OC,Inhibition,103.0,%,=,CHEMBL865900,CHEMBL203,
CHEMBL372944,COc1cc(C2=C(c3ccccc3)C(=O)NC2=O)cc(OC)c1OC,Inhibition,108.0,%,=,CHEMBL865900,CHEMBL203,
CHEMBL202215,COc1ccc(C2=C(c3cc(OC)c(OC)c(OC)c3)C(=O)NC2=O)cc1,Inhibition,109.0,%,=,CHEMBL865900,CHEMBL203,
CHEMBL202378,COc1cc2c3c(c4c5ccccc5n(C)c4c2c(OC)c1OC)C(=O)NC3=O,Inhibition,19.0,%,=,CHEMBL865266,CHEMBL203,
CHEMBL201090,COc1ccc2[nH]c3c4c(OC)c(OC)c(OC)cc4c4c(c3c2c1)C(=O)NC4=O,Inhibition,69.0,%,=,CHEMBL865266,CHEMBL203,
CHEMBL421087,O=C1NC(=O)c2c1c1ccccc1c1[nH]c3ccccc3c21,Inhibition,22.0,%,=,CHEMBL865266,CHEMBL203,
CHEMBL380898,COc1cc2c3c(c4c5ccccc5[nH]c4c2c(OC)c1OC)C(=O)NC3=O,Inhibition,29.0,%,=,CHEMBL865266,CHEMBL203,
CHEMBL202501,COc1cc(C2=C(c3cc4ccccc4[nH]3)C(=O)NC2=O)cc(OC)c1OC,Inhibition,57.0,%,=,CHEMBL865266,CHEMBL203,
CHEMBL202196,O=C1NC(=O)C(c2c[nH]c3ccccc23)=C1c1cccc2ccccc12,Inhibition,54.0,%,=,CHEMBL865266,CHEMBL203,
CHEMBL371449,COc1cc(C2=C(c3c(-c4ccccc4)[nH]c4ccccc34)C(=O)NC2=O)cc(OC)c1OC,Inhibition,54.0,%,=,CHEMBL865266,CHEMBL203,
CHEMBL201463,COc1cc(C2=C(c3c(C)[nH]c4ccccc34)C(=O)NC2=O)cc(OC)c1OC,Inhibition,89.0,%,=,CHEMBL865266,CHEMBL203,
CHEMBL201708,COc1cc(C2=C(c3cn(C)c4ccccc34)C(=O)NC2=O)cc(OC)c1OC,Inhibition,32.0,%,=,CHEMBL865266,CHEMBL203,
CHEMBL446182,COc1ccc2[nH]cc(C3=C(c4cc(OC)c(OC)c(OC)c4)C(=O)NC3=O)c2c1,Inhibition,99.0,%,=,CHEMBL865266,CHEMBL203,
CHEMBL371025,O=C1NC(=O)C(c2c[nH]c3ccccc23)=C1c1ccc(Cl)cc1,Inhibition,104.0,%,=,CHEMBL865266,CHEMBL203,
CHEMBL201264,COc1ccc(C2=C(c3c[nH]c4ccccc34)C(=O)NC2=O)cc1OC,Inhibition,73.0,%,=,CHEMBL865266,CHEMBL203,
CHEMBL202504,COc1ccc(C2=C(c3c[nH]c4ccccc34)C(=O)NC2=O)cc1,Inhibition,73.0,%,=,CHEMBL865266,CHEMBL203,
CHEMBL380598,O=C1NC(=O)C(c2c[nH]c3ccccc23)=C1c1ccccc1,Inhibition,43.0,%,=,CHEMBL865266,CHEMBL203,
CHEMBL201512,COc1cc(C2=C(c3cc[nH]c3)C(=O)NC2=O)cc(OC)c1OC,Inhibition,103.0,%,=,CHEMBL865266,CHEMBL203,
CHEMBL201511,COc1cc(C2=C(c3c[nH]c4ccccc34)C(=O)NC2=O)cc(OC)c1OC,Inhibition,62.0,%,=,CHEMBL865266,CHEMBL203,
CHEMBL381099,COc1ccc(C2=C(c3ccc(OC)cc3)C(=O)NC2=O)cc1,Inhibition,83.0,%,=,CHEMBL865266,CHEMBL203,
CHEMBL201949,O=C1NC(=O)C(c2ccccc2)=C1c1ccccc1,Inhibition,93.0,%,=,CHEMBL865266,CHEMBL203,
CHEMBL372076,COc1ccc(C2=C(c3ccccc3)C(=O)NC2=O)cc1,Inhibition,94.0,%,=,CHEMBL865266,CHEMBL203,
CHEMBL202135,COc1ccc(C2=C(c3ccccc3)C(=O)NC2=O)cc1OC,Inhibition,69.0,%,=,CHEMBL865266,CHEMBL203,
CHEMBL372944,COc1cc(C2=C(c3ccccc3)C(=O)NC2=O)cc(OC)c1OC,Inhibition,82.0,%,=,CHEMBL865266,CHEMBL203,
CHEMBL202215,COc1ccc(C2=C(c3cc(OC)c(OC)c(OC)c3)C(=O)NC2=O)cc1,Inhibition,75.0,%,=,CHEMBL865266,CHEMBL203,
CHEMBL200976,COC(=O)c1c(OCCN2CCCCC2)c2ccccc2c2oc3c(c12)C(=O)c1ccccc1C3=O,Activity,,,,CHEMBL866383,CHEMBL203,
CHEMBL200976,COC(=O)c1c(OCCN2CCCCC2)c2ccccc2c2oc3c(c12)C(=O)c1ccccc1C3=O,Activity,,,,CHEMBL866384,CHEMBL203,
CHEMBL200976,COC(=O)c1c(OCCN2CCCCC2)c2ccccc2c2oc3c(c12)C(=O)c1ccccc1C3=O,Activity,,,,CHEMBL866385,CHEMBL203,
CHEMBL200976,COC(=O)c1c(OCCN2CCCCC2)c2ccccc2c2oc3c(c12)C(=O)c1ccccc1C3=O,Activity,,,,CHEMBL866386,CHEMBL203,
CHEMBL545315,C=CC(=O)Nc1cc2c(Nc3ccc(F)c(Cl)c3)ncnc2cc1OCCCN1CCOCC1.Cl.Cl,IC50,3.0,nM,=,CHEMBL862512,CHEMBL203,8.52
CHEMBL545315,C=CC(=O)Nc1cc2c(Nc3ccc(F)c(Cl)c3)ncnc2cc1OCCCN1CCOCC1.Cl.Cl,IC50,1.7,nM,=,CHEMBL862515,CHEMBL203,8.77
CHEMBL437890,CN1CCN(CCC#CC(=O)Nc2cc3c(Nc4ccc(F)c(Br)c4)ncnc3cn2)CC1,IC50,1.1,nM,=,CHEMBL862512,CHEMBL203,8.96
CHEMBL203599,CN1CCN(CCC#CC(=O)Nc2cc3c(Nc4ccc(F)c(Cl)c4)ncnc3cn2)CC1,IC50,0.5,nM,=,CHEMBL862512,CHEMBL203,9.30
CHEMBL205059,O=C(C#CCCN1CCCCC1)Nc1cc2c(Nc3ccc(F)c(Cl)c3)ncnc2cn1,IC50,0.9,nM,=,CHEMBL862512,CHEMBL203,9.05
CHEMBL204638,O=C(C#CCCN1CCOCC1)Nc1cc2c(Nc3ccc(F)c(Br)c3)ncnc2cn1,IC50,1.5,nM,=,CHEMBL862512,CHEMBL203,8.82
CHEMBL203661,O=C(C#CCCN1CCOCC1)Nc1cc2c(Nc3ccc(F)c(Cl)c3)ncnc2cn1,IC50,1.3,nM,=,CHEMBL862512,CHEMBL203,8.89
CHEMBL202556,O=C(C#CCN1CCOCC1)Nc1cc2c(Nc3ccc(F)c(Cl)c3)ncnc2cn1,IC50,3.1,nM,=,CHEMBL862512,CHEMBL203,8.51
CHEMBL202421,CCCCN(CC#CC(=O)Nc1cc2c(Nc3ccc(F)c(Cl)c3)ncnc2cn1)CCCC,IC50,17.0,nM,=,CHEMBL862512,CHEMBL203,7.77
CHEMBL383499,CC(C)N(CC#CC(=O)Nc1cc2c(Nc3ccc(F)c(Cl)c3)ncnc2cn1)C(C)C,IC50,44.0,nM,=,CHEMBL862512,CHEMBL203,7.36
CHEMBL202425,CCN(CC)CC#CC(=O)Nc1cc2c(Nc3ccc(F)c(Cl)c3)ncnc2cn1,IC50,15.0,nM,=,CHEMBL862512,CHEMBL203,7.82
CHEMBL202424,CCCCC#CC(=O)Nc1cc2c(Nc3ccc(F)c(Cl)c3)ncnc2cn1,IC50,15.0,nM,=,CHEMBL862512,CHEMBL203,7.82
CHEMBL203645,CCCC#CC(=O)Nc1cc2c(Nc3ccc(F)c(Cl)c3)ncnc2cn1,IC50,1.7,nM,=,CHEMBL862512,CHEMBL203,8.77
CHEMBL203644,CC#CC(=O)Nc1cc2c(Nc3ccc(F)c(Cl)c3)ncnc2cn1,IC50,0.3,nM,=,CHEMBL862512,CHEMBL203,9.52
CHEMBL378144,C#CC(=O)Nc1cc2c(Nc3cccc(Br)c3)ncnc2cn1,IC50,0.6,nM,=,CHEMBL862512,CHEMBL203,9.22
CHEMBL204085,O=C(C#CCCN1CCOCC1)Nc1ccc2ncnc(Nc3ccc(F)c(Cl)c3)c2c1,IC50,1.7,nM,=,CHEMBL862512,CHEMBL203,8.77
CHEMBL382073,CCN(CC)CCC#CC(=O)Nc1ccc2ncnc(Nc3ccc(F)c(Cl)c3)c2c1,IC50,1.8,nM,=,CHEMBL862512,CHEMBL203,8.74
CHEMBL202621,O=C(C#CCN1CCOCC1)Nc1ccc2ncnc(Nc3ccc(F)c(Cl)c3)c2c1,IC50,86.0,nM,=,CHEMBL862512,CHEMBL203,7.07
CHEMBL202398,CCCCN(CC#CC(=O)Nc1ccc2ncnc(Nc3ccc(F)c(Cl)c3)c2c1)CCCC,IC50,40.0,nM,=,CHEMBL862512,CHEMBL203,7.40
CHEMBL380669,CC(C)N(CC#CC(=O)Nc1ccc2ncnc(Nc3ccc(F)c(Cl)c3)c2c1)C(C)C,IC50,4.2,nM,=,CHEMBL862512,CHEMBL203,8.38
CHEMBL373207,CCN(CC)CC#CC(=O)Nc1ccc2ncnc(Nc3ccc(F)c(Cl)c3)c2c1,IC50,3.1,nM,=,CHEMBL862512,CHEMBL203,8.51
CHEMBL202411,O=C(C#CCO)Nc1ccc2ncnc(Nc3ccc(F)c(Cl)c3)c2c1,IC50,1.4,nM,=,CHEMBL862512,CHEMBL203,8.85
CHEMBL91867,CC#CC(=O)Nc1ccc2ncnc(Nc3cccc(Br)c3)c2c1,IC50,0.2,nM,=,CHEMBL862512,CHEMBL203,9.70
CHEMBL202360,C#CC(=O)Nc1ccc2ncnc(Nc3cccc(Br)c3)c2c1,IC50,1.6,nM,=,CHEMBL862512,CHEMBL203,8.80
CHEMBL437890,CN1CCN(CCC#CC(=O)Nc2cc3c(Nc4ccc(F)c(Br)c4)ncnc3cn2)CC1,IC50,2.7,nM,=,CHEMBL862515,CHEMBL203,8.57
CHEMBL203599,CN1CCN(CCC#CC(=O)Nc2cc3c(Nc4ccc(F)c(Cl)c4)ncnc3cn2)CC1,IC50,1.9,nM,=,CHEMBL862515,CHEMBL203,8.72
CHEMBL205059,O=C(C#CCCN1CCCCC1)Nc1cc2c(Nc3ccc(F)c(Cl)c3)ncnc2cn1,IC50,4.3,nM,=,CHEMBL862515,CHEMBL203,8.37
CHEMBL204638,O=C(C#CCCN1CCOCC1)Nc1cc2c(Nc3ccc(F)c(Br)c3)ncnc2cn1,IC50,4.5,nM,=,CHEMBL862515,CHEMBL203,8.35
CHEMBL203661,O=C(C#CCCN1CCOCC1)Nc1cc2c(Nc3ccc(F)c(Cl)c3)ncnc2cn1,IC50,1.8,nM,=,CHEMBL862515,CHEMBL203,8.74
CHEMBL202556,O=C(C#CCN1CCOCC1)Nc1cc2c(Nc3ccc(F)c(Cl)c3)ncnc2cn1,IC50,14.0,nM,=,CHEMBL862515,CHEMBL203,7.85
CHEMBL202421,CCCCN(CC#CC(=O)Nc1cc2c(Nc3ccc(F)c(Cl)c3)ncnc2cn1)CCCC,IC50,49.0,nM,=,CHEMBL862515,CHEMBL203,7.31
CHEMBL383499,CC(C)N(CC#CC(=O)Nc1cc2c(Nc3ccc(F)c(Cl)c3)ncnc2cn1)C(C)C,IC50,73.0,nM,=,CHEMBL862515,CHEMBL203,7.14
CHEMBL202425,CCN(CC)CC#CC(=O)Nc1cc2c(Nc3ccc(F)c(Cl)c3)ncnc2cn1,IC50,48.0,nM,=,CHEMBL862515,CHEMBL203,7.32
CHEMBL202424,CCCCC#CC(=O)Nc1cc2c(Nc3ccc(F)c(Cl)c3)ncnc2cn1,IC50,4.5,nM,=,CHEMBL862515,CHEMBL203,8.35
CHEMBL203645,CCCC#CC(=O)Nc1cc2c(Nc3ccc(F)c(Cl)c3)ncnc2cn1,IC50,9.6,nM,=,CHEMBL862515,CHEMBL203,8.02
CHEMBL203644,CC#CC(=O)Nc1cc2c(Nc3ccc(F)c(Cl)c3)ncnc2cn1,IC50,2.5,nM,=,CHEMBL862515,CHEMBL203,8.60
CHEMBL378144,C#CC(=O)Nc1cc2c(Nc3cccc(Br)c3)ncnc2cn1,IC50,15.0,nM,=,CHEMBL862515,CHEMBL203,7.82
CHEMBL204085,O=C(C#CCCN1CCOCC1)Nc1ccc2ncnc(Nc3ccc(F)c(Cl)c3)c2c1,IC50,12.0,nM,=,CHEMBL862515,CHEMBL203,7.92
CHEMBL382073,CCN(CC)CCC#CC(=O)Nc1ccc2ncnc(Nc3ccc(F)c(Cl)c3)c2c1,IC50,4.5,nM,=,CHEMBL862515,CHEMBL203,8.35
CHEMBL202621,O=C(C#CCN1CCOCC1)Nc1ccc2ncnc(Nc3ccc(F)c(Cl)c3)c2c1,IC50,31.0,nM,=,CHEMBL862515,CHEMBL203,7.51
CHEMBL202398,CCCCN(CC#CC(=O)Nc1ccc2ncnc(Nc3ccc(F)c(Cl)c3)c2c1)CCCC,IC50,11.0,nM,=,CHEMBL862515,CHEMBL203,7.96
CHEMBL380669,CC(C)N(CC#CC(=O)Nc1ccc2ncnc(Nc3ccc(F)c(Cl)c3)c2c1)C(C)C,IC50,11.0,nM,=,CHEMBL862515,CHEMBL203,7.96
CHEMBL373207,CCN(CC)CC#CC(=O)Nc1ccc2ncnc(Nc3ccc(F)c(Cl)c3)c2c1,IC50,6.8,nM,=,CHEMBL862515,CHEMBL203,8.17
CHEMBL202411,O=C(C#CCO)Nc1ccc2ncnc(Nc3ccc(F)c(Cl)c3)c2c1,IC50,25.0,nM,=,CHEMBL862515,CHEMBL203,7.60
CHEMBL91867,CC#CC(=O)Nc1ccc2ncnc(Nc3cccc(Br)c3)c2c1,IC50,2.5,nM,=,CHEMBL862515,CHEMBL203,8.60
CHEMBL202360,C#CC(=O)Nc1ccc2ncnc(Nc3cccc(Br)c3)c2c1,IC50,2.7,nM,=,CHEMBL862515,CHEMBL203,8.57
CHEMBL553,C#Cc1cccc(Nc2ncnc3cc(OCCOC)c(OCCOC)cc23)c1,IC50,19.3,nM,=,CHEMBL862515,CHEMBL203,7.71
CHEMBL939,COc1cc2ncnc(Nc3ccc(F)c(Cl)c3)c2cc1OCCCN1CCOCC1,IC50,14.4,nM,=,CHEMBL862515,CHEMBL203,7.84
CHEMBL553,C#Cc1cccc(Nc2ncnc3cc(OCCOC)c(OCCOC)cc23)c1,IC50,0.6,nM,=,CHEMBL862512,CHEMBL203,9.22
CHEMBL939,COc1cc2ncnc(Nc3ccc(F)c(Cl)c3)c2cc1OCCCN1CCOCC1,IC50,3.1,nM,=,CHEMBL862512,CHEMBL203,8.51
CHEMBL382862,Brc1ccc2c(c1)CNc1c(Nc3ccccc3)ncnc1O2,IC50,10000.0,nM,=,CHEMBL867748,CHEMBL203,5.00
CHEMBL203295,COc1cc(OC2CCN(C)CC2)c2c(Nc3ccc(F)c(Cl)c3)ncnc2c1,IC50,21.0,nM,=,CHEMBL868329,CHEMBL203,7.68
CHEMBL205776,CN1CCN(CCCOc2cc(OC3CCOCC3)c3c(Nc4ccc(F)c(Cl)c4)ncnc3c2)CC1,IC50,66.0,nM,=,CHEMBL868329,CHEMBL203,7.18
CHEMBL382041,COCCOc1cc(OC2CCOCC2)c2c(Nc3ccc(F)c(Cl)c3)ncnc2c1,IC50,671.0,nM,=,CHEMBL868329,CHEMBL203,6.17
CHEMBL379017,COc1cc(OC2CCN(S(C)(=O)=O)CC2)c2c(Nc3ccc(F)c(Cl)c3)ncnc2c1,IC50,9601.0,nM,=,CHEMBL868329,CHEMBL203,5.02
CHEMBL204330,COc1cc(OC2CCN(C(C)=O)CC2)c2c(Nc3ccc(F)c(Cl)c3)ncnc2c1,IC50,873.0,nM,=,CHEMBL868329,CHEMBL203,6.06
CHEMBL203779,CCCN1CCC(Oc2cc(OC)cc3ncnc(Nc4ccc(F)c(Cl)c4)c23)CC1,IC50,2.0,nM,<,CHEMBL868329,CHEMBL203,
CHEMBL204105,CCN1CCC(Oc2cc(OC)cc3ncnc(Nc4ccc(F)c(Cl)c4)c23)CC1,IC50,2.0,nM,<,CHEMBL868329,CHEMBL203,
CHEMBL205149,COc1cc(OC2CCNCC2)c2c(Nc3ccc(F)c(Cl)c3)ncnc2c1,IC50,10.0,nM,=,CHEMBL868329,CHEMBL203,8.00
CHEMBL203725,CN1CCC(Oc2cccc3ncnc(Nc4ccc(F)c(Cl)c4)c23)CC1,IC50,3.0,nM,=,CHEMBL868329,CHEMBL203,8.52
CHEMBL203936,COc1ccc2ncnc(Nc3ccc(F)c(Cl)c3)c2c1OC1CCN(C)CC1,IC50,225.0,nM,=,CHEMBL868329,CHEMBL203,6.65
CHEMBL377277,COc1cc(OC(C)C)c2c(Nc3ccc(F)c(Cl)c3)ncnc2c1,IC50,8068.0,nM,=,CHEMBL868329,CHEMBL203,5.09
CHEMBL204268,COc1cc(OC2CCOC2)c2c(Nc3ccc(F)c(Cl)c3)ncnc2c1,IC50,187.0,nM,=,CHEMBL868329,CHEMBL203,6.73
CHEMBL205783,COc1cc(OC2CCOCC2)c2c(Nc3ccc(F)c(Cl)c3)ncnc2c1,IC50,1384.0,nM,=,CHEMBL868329,CHEMBL203,5.86
CHEMBL203295,COc1cc(OC2CCN(C)CC2)c2c(Nc3ccc(F)c(Cl)c3)ncnc2c1,IC50,87.0,nM,=,CHEMBL868330,CHEMBL203,7.06
CHEMBL381306,Brc1ccc2c(c1)CNc1c(NCc3ccccc3)ncnc1O2,IC50,6000.0,nM,=,CHEMBL867748,CHEMBL203,5.22
CHEMBL381306,Brc1ccc2c(c1)CNc1c(NCc3ccccc3)ncnc1O2,IC50,30000.0,nM,=,CHEMBL867749,CHEMBL203,4.52
CHEMBL204223,COc1cc(OC)c2c(c1)Oc1ncnc(Nc3cccc(Br)c3)c1NC2,IC50,6300.0,nM,=,CHEMBL867748,CHEMBL203,5.20
CHEMBL202970,COc1cc2c(cc1OC)Oc1ncnc(Nc3ccc(F)c(Cl)c3)c1NC2,IC50,1200.0,nM,=,CHEMBL867748,CHEMBL203,5.92
CHEMBL380972,COc1cc2c(cc1OC)Oc1ncnc(Nc3cccc(Br)c3)c1NC2,IC50,340.0,nM,=,CHEMBL867748,CHEMBL203,6.47
CHEMBL425402,Fc1ccc(Nc2ncnc3c2NCc2ccccc2O3)cc1Cl,IC50,1100.0,nM,=,CHEMBL867748,CHEMBL203,5.96
CHEMBL203219,Brc1cccc(Nc2ncnc3c2NCc2ccccc2O3)c1,IC50,3400.0,nM,=,CHEMBL867748,CHEMBL203,5.47
CHEMBL204164,C=CC(=O)Nc1ccc2c(c1)CNc1c(Nc3ccc(F)c(Cl)c3)ncnc1O2,IC50,4900.0,nM,=,CHEMBL867748,CHEMBL203,5.31
CHEMBL381541,C=CC(=O)Nc1ccc2c(c1)CNc1c(Nc3cccc(Br)c3)ncnc1O2,IC50,5700.0,nM,=,CHEMBL867748,CHEMBL203,5.24
CHEMBL202650,CS(=O)(=O)Nc1ccc2c(c1)CNc1c(Nc3ccc(F)c(Cl)c3)ncnc1O2,IC50,10000.0,nM,>,CHEMBL867748,CHEMBL203,
CHEMBL382186,CS(=O)(=O)Nc1ccc2c(c1)CNc1c(Nc3cccc(Br)c3)ncnc1O2,IC50,4100.0,nM,=,CHEMBL867748,CHEMBL203,5.39
CHEMBL206197,Nc1ccc2c(c1)CNc1c(Nc3ccc(F)c(Cl)c3)ncnc1O2,IC50,3700.0,nM,=,CHEMBL867748,CHEMBL203,5.43
CHEMBL203132,Nc1ccc2c(c1)CNc1c(Nc3cccc(Br)c3)ncnc1O2,IC50,1700.0,nM,=,CHEMBL867748,CHEMBL203,5.77
CHEMBL206848,O=C(O)c1ccc2c(c1)CNc1c(Nc3ccc(F)c(Cl)c3)ncnc1O2,IC50,4400.0,nM,=,CHEMBL867748,CHEMBL203,5.36
CHEMBL205148,O=C(O)c1ccc2c(c1)CNc1c(Nc3cccc(Br)c3)ncnc1O2,IC50,1000.0,nM,=,CHEMBL867748,CHEMBL203,6.00
CHEMBL203664,FC(F)(F)Oc1ccc2c(c1)CNc1c(Nc3cccc(Br)c3)ncnc1O2,IC50,10000.0,nM,>,CHEMBL867748,CHEMBL203,
CHEMBL382782,COc1cccc2c1CNc1c(Nc3cccc(Br)c3)ncnc1O2,IC50,10000.0,nM,>,CHEMBL867748,CHEMBL203,
CHEMBL206370,COc1ccc2c(c1)CNc1c(Nc3cccc(-c4ccccc4)c3)ncnc1O2,IC50,10000.0,nM,>,CHEMBL867748,CHEMBL203,
CHEMBL206320,Fc1ccc2c(c1)CNc1c(Nc3cccc(-c4ccccc4)c3)ncnc1O2,IC50,2000.0,nM,=,CHEMBL867748,CHEMBL203,5.70
CHEMBL426124,COc1ccc2c(c1)CNc1c(Nc3ccc(F)c(Cl)c3)ncnc1O2,IC50,900.0,nM,=,CHEMBL867748,CHEMBL203,6.05
CHEMBL206347,COc1ccc2c(c1)Oc1ncnc(Nc3ccc(F)c(Cl)c3)c1NC2,IC50,1000.0,nM,=,CHEMBL867748,CHEMBL203,6.00
CHEMBL424853,Fc1ccc2c(c1)CNc1c(Nc3ccc(F)c(Cl)c3)ncnc1O2,IC50,1000.0,nM,=,CHEMBL867748,CHEMBL203,6.00
CHEMBL205676,Fc1ccc(Nc2ncnc3c2NCc2cc(Cl)ccc2O3)cc1Cl,IC50,1000.0,nM,=,CHEMBL867748,CHEMBL203,6.00
CHEMBL206280,Fc1ccc(Nc2ncnc3c2NCc2cc(Br)ccc2O3)cc1Cl,IC50,2000.0,nM,=,CHEMBL867748,CHEMBL203,5.70
CHEMBL383444,COc1ccc2c(c1)CNc1c(Nc3cccc(Br)c3)ncnc1O2,IC50,3100.0,nM,=,CHEMBL867748,CHEMBL203,5.51
CHEMBL204715,COc1ccc2c(c1)Oc1ncnc(Nc3cccc(Br)c3)c1NC2,IC50,3000.0,nM,=,CHEMBL867748,CHEMBL203,5.52
CHEMBL204965,Fc1ccc2c(c1)CNc1c(Nc3cccc(Br)c3)ncnc1O2,IC50,1500.0,nM,=,CHEMBL867748,CHEMBL203,5.82
CHEMBL378145,Clc1ccc2c(c1)CNc1c(Nc3cccc(Br)c3)ncnc1O2,IC50,3400.0,nM,=,CHEMBL867748,CHEMBL203,5.47
CHEMBL383614,Brc1cccc(Nc2ncnc3c2NCc2cc(Br)ccc2O3)c1,IC50,1000.0,nM,=,CHEMBL867748,CHEMBL203,6.00
CHEMBL205454,COc1ccc2c(c1)CNc1c(Nc3ccc(Cl)cc3)ncnc1O2,IC50,5800.0,nM,=,CHEMBL867748,CHEMBL203,5.24
CHEMBL204117,Fc1ccc2c(c1)CNc1c(Nc3ccc(Cl)cc3)ncnc1O2,IC50,10000.0,nM,>,CHEMBL867748,CHEMBL203,
CHEMBL383121,COc1ccc2c(c1)CNc1c(Nc3ccccc3)ncnc1O2,IC50,7500.0,nM,=,CHEMBL867748,CHEMBL203,5.12
CHEMBL203529,Fc1ccc2c(c1)CNc1c(Nc3ccccc3)ncnc1O2,IC50,7000.0,nM,=,CHEMBL867748,CHEMBL203,5.16
CHEMBL204335,COc1ccc2c(c1)CNc1c(NCc3ccccc3)ncnc1O2,IC50,2000.0,nM,=,CHEMBL867748,CHEMBL203,5.70
CHEMBL202970,COc1cc2c(cc1OC)Oc1ncnc(Nc3ccc(F)c(Cl)c3)c1NC2,IC50,690.0,nM,=,CHEMBL867749,CHEMBL203,6.16
CHEMBL380972,COc1cc2c(cc1OC)Oc1ncnc(Nc3cccc(Br)c3)c1NC2,IC50,470.0,nM,=,CHEMBL867749,CHEMBL203,6.33
CHEMBL425402,Fc1ccc(Nc2ncnc3c2NCc2ccccc2O3)cc1Cl,IC50,2700.0,nM,=,CHEMBL867749,CHEMBL203,5.57
CHEMBL203219,Brc1cccc(Nc2ncnc3c2NCc2ccccc2O3)c1,IC50,8100.0,nM,=,CHEMBL867749,CHEMBL203,5.09
CHEMBL204164,C=CC(=O)Nc1ccc2c(c1)CNc1c(Nc3ccc(F)c(Cl)c3)ncnc1O2,IC50,8900.0,nM,=,CHEMBL867749,CHEMBL203,5.05
CHEMBL381541,C=CC(=O)Nc1ccc2c(c1)CNc1c(Nc3cccc(Br)c3)ncnc1O2,IC50,5400.0,nM,=,CHEMBL867749,CHEMBL203,5.27
CHEMBL202650,CS(=O)(=O)Nc1ccc2c(c1)CNc1c(Nc3ccc(F)c(Cl)c3)ncnc1O2,IC50,,,,CHEMBL867749,CHEMBL203,
CHEMBL382186,CS(=O)(=O)Nc1ccc2c(c1)CNc1c(Nc3cccc(Br)c3)ncnc1O2,IC50,7000.0,nM,=,CHEMBL867749,CHEMBL203,5.16
CHEMBL206197,Nc1ccc2c(c1)CNc1c(Nc3ccc(F)c(Cl)c3)ncnc1O2,IC50,9100.0,nM,=,CHEMBL867749,CHEMBL203,5.04
CHEMBL203132,Nc1ccc2c(c1)CNc1c(Nc3cccc(Br)c3)ncnc1O2,IC50,30000.0,nM,>,CHEMBL867749,CHEMBL203,
CHEMBL206848,O=C(O)c1ccc2c(c1)CNc1c(Nc3ccc(F)c(Cl)c3)ncnc1O2,IC50,30000.0,nM,>,CHEMBL867749,CHEMBL203,
CHEMBL205148,O=C(O)c1ccc2c(c1)CNc1c(Nc3cccc(Br)c3)ncnc1O2,IC50,30000.0,nM,>,CHEMBL867749,CHEMBL203,
CHEMBL203664,FC(F)(F)Oc1ccc2c(c1)CNc1c(Nc3cccc(Br)c3)ncnc1O2,IC50,,,,CHEMBL867749,CHEMBL203,
CHEMBL382782,COc1cccc2c1CNc1c(Nc3cccc(Br)c3)ncnc1O2,IC50,,,,CHEMBL867749,CHEMBL203,
CHEMBL206370,COc1ccc2c(c1)CNc1c(Nc3cccc(-c4ccccc4)c3)ncnc1O2,IC50,9800.0,nM,=,CHEMBL867749,CHEMBL203,5.01
CHEMBL206320,Fc1ccc2c(c1)CNc1c(Nc3cccc(-c4ccccc4)c3)ncnc1O2,IC50,9900.0,nM,=,CHEMBL867749,CHEMBL203,5.00
CHEMBL426124,COc1ccc2c(c1)CNc1c(Nc3ccc(F)c(Cl)c3)ncnc1O2,IC50,2400.0,nM,=,CHEMBL867749,CHEMBL203,5.62
CHEMBL206347,COc1ccc2c(c1)Oc1ncnc(Nc3ccc(F)c(Cl)c3)c1NC2,IC50,8900.0,nM,=,CHEMBL867749,CHEMBL203,5.05
CHEMBL424853,Fc1ccc2c(c1)CNc1c(Nc3ccc(F)c(Cl)c3)ncnc1O2,IC50,7200.0,nM,=,CHEMBL867749,CHEMBL203,5.14
CHEMBL205676,Fc1ccc(Nc2ncnc3c2NCc2cc(Cl)ccc2O3)cc1Cl,IC50,4300.0,nM,=,CHEMBL867749,CHEMBL203,5.37
CHEMBL206280,Fc1ccc(Nc2ncnc3c2NCc2cc(Br)ccc2O3)cc1Cl,IC50,8400.0,nM,=,CHEMBL867749,CHEMBL203,5.08
CHEMBL383444,COc1ccc2c(c1)CNc1c(Nc3cccc(Br)c3)ncnc1O2,IC50,1000.0,nM,=,CHEMBL867749,CHEMBL203,6.00
CHEMBL204715,COc1ccc2c(c1)Oc1ncnc(Nc3cccc(Br)c3)c1NC2,IC50,1900.0,nM,=,CHEMBL867749,CHEMBL203,5.72
CHEMBL204965,Fc1ccc2c(c1)CNc1c(Nc3cccc(Br)c3)ncnc1O2,IC50,6900.0,nM,=,CHEMBL867749,CHEMBL203,5.16
CHEMBL378145,Clc1ccc2c(c1)CNc1c(Nc3cccc(Br)c3)ncnc1O2,IC50,30000.0,nM,>,CHEMBL867749,CHEMBL203,
CHEMBL383614,Brc1cccc(Nc2ncnc3c2NCc2cc(Br)ccc2O3)c1,IC50,7200.0,nM,=,CHEMBL867749,CHEMBL203,5.14
CHEMBL205454,COc1ccc2c(c1)CNc1c(Nc3ccc(Cl)cc3)ncnc1O2,IC50,,,,CHEMBL867749,CHEMBL203,
CHEMBL383121,COc1ccc2c(c1)CNc1c(Nc3ccccc3)ncnc1O2,IC50,,,,CHEMBL867749,CHEMBL203,
CHEMBL203529,Fc1ccc2c(c1)CNc1c(Nc3ccccc3)ncnc1O2,IC50,,,,CHEMBL867749,CHEMBL203,
CHEMBL382862,Brc1ccc2c(c1)CNc1c(Nc3ccccc3)ncnc1O2,IC50,,,,CHEMBL867749,CHEMBL203,
CHEMBL204335,COc1ccc2c(c1)CNc1c(NCc3ccccc3)ncnc1O2,IC50,8500.0,nM,=,CHEMBL867749,CHEMBL203,5.07
CHEMBL379041,Fc1ccc2c(c1)CNc1c(NCc3ccccc3)ncnc1O2,IC50,30000.0,nM,>,CHEMBL867749,CHEMBL203,
CHEMBL379041,Fc1ccc2c(c1)CNc1c(NCc3ccccc3)ncnc1O2,IC50,8900.0,nM,=,CHEMBL867748,CHEMBL203,5.05
CHEMBL204117,Fc1ccc2c(c1)CNc1c(Nc3ccc(Cl)cc3)ncnc1O2,IC50,,,,CHEMBL867749,CHEMBL203,
CHEMBL204223,COc1cc(OC)c2c(c1)Oc1ncnc(Nc3cccc(Br)c3)c1NC2,IC50,30000.0,nM,>,CHEMBL867749,CHEMBL203,
CHEMBL203056,Cn1cnc(NCc2ccncc2)c1-c1nnc(Nc2ccc(Cl)cc2)o1,Activity,30.0,%,<,CHEMBL866549,CHEMBL203,
CHEMBL383126,Cn1cnc(NCc2ccncc2)c1-c1nnc(Nc2ccc(Cc3ccccc3)cc2)o1,Activity,30.0,%,<,CHEMBL866549,CHEMBL203,
CHEMBL206267,Cn1cnc(NCc2ccncc2)c1-c1nnc(Nc2ccc(Oc3ccccc3)cc2)o1,Activity,30.0,%,<,CHEMBL866549,CHEMBL203,
CHEMBL205464,Cn1cnc(NCc2ccncc2)c1-c1nnc(Nc2ccc(-c3ccccc3)cc2)o1,Activity,30.0,%,<,CHEMBL866549,CHEMBL203,
CHEMBL205463,Cn1cnc(NCc2ccncc2)c1-c1nnc(Nc2ccc(Br)cc2)o1,Activity,30.0,%,<,CHEMBL866549,CHEMBL203,
CHEMBL202892,Cn1cnc(NCc2ccncc2)c1-c1nnc(NCc2ccc3c(c2)OCO3)o1,Activity,30.0,%,<,CHEMBL866549,CHEMBL203,
CHEMBL379908,Cc1ccc(Nc2nnc(-c3c(NCc4ccncc4)ncn3C)o2)c(F)c1,Activity,30.0,%,<,CHEMBL866549,CHEMBL203,
CHEMBL205127,Cn1cnc(NCc2ccncc2)c1-c1nnc(Nc2ccc(Cl)c(C(F)(F)F)c2)o1,Activity,30.0,%,<,CHEMBL866549,CHEMBL203,
CHEMBL378592,COc1ccc(Nc2nnc(-c3c(NCc4ccncc4)ncn3C)o2)cc1OC,Activity,30.0,%,<,CHEMBL866549,CHEMBL203,
CHEMBL204874,Cn1cnc(NCc2ccncc2)c1-c1nnc(Nc2ccc(Cl)c(Cl)c2)o1,Activity,30.0,%,<,CHEMBL866549,CHEMBL203,
CHEMBL379239,Cc1ccccc1Nc1nnc(-c2c(NCc3ccncc3)ncn2C)o1,Activity,30.0,%,<,CHEMBL866549,CHEMBL203,
CHEMBL204312,COc1ccccc1Nc1nnc(-c2c(NCc3ccncc3)ncn2C)o1,Activity,30.0,%,<,CHEMBL866549,CHEMBL203,
CHEMBL203796,COc1cccc(Nc2nnc(-c3c(NCc4ccncc4)ncn3C)o2)c1,Activity,30.0,%,<,CHEMBL866549,CHEMBL203,
CHEMBL203789,Cc1cccc(Nc2nnc(-c3c(NCc4ccncc4)ncn3C)o2)c1,Activity,30.0,%,<,CHEMBL866549,CHEMBL203,
CHEMBL206538,Cn1cnc(NCc2ccncc2)c1-c1nnc(Nc2cccc(OC(F)(F)F)c2)o1,Activity,30.0,%,<,CHEMBL866549,CHEMBL203,
CHEMBL380131,Cn1cnc(NCc2ccncc2)c1-c1nnc(Nc2ccc(C(F)(F)F)cc2)o1,Activity,30.0,%,<,CHEMBL866549,CHEMBL203,
CHEMBL383255,Cn1cnc(NCc2ccncc2)c1-c1nnc(Nc2ccc(OC(F)(F)F)cc2)o1,Activity,30.0,%,<,CHEMBL866549,CHEMBL203,
CHEMBL205884,Cn1cnc(NCc2ccncc2)c1-c1nnc(Nc2ccc(OC(F)(F)Cl)cc2)o1,Activity,30.0,%,<,CHEMBL866549,CHEMBL203,
CHEMBL203119,CC(C)c1ccc(Nc2nnc(-c3c(NCc4ccncc4)ncn3C)o2)cc1,Activity,30.0,%,<,CHEMBL866549,CHEMBL203,
CHEMBL203731,Cn1cnc(NCc2ccncc2)c1-c1nnc(Nc2ccc(C(C)(C)C)cc2)o1,Activity,30.0,%,<,CHEMBL866549,CHEMBL203,
CHEMBL378165,Cn1cnc(NCc2cccc3ncccc23)c1-c1nnc(Nc2ccc(Cl)cc2)o1,Activity,30.0,%,<,CHEMBL866549,CHEMBL203,
CHEMBL204718,Cn1cnc(NCc2ccc3ccccc3n2)c1-c1nnc(Nc2ccc(Cl)cc2)o1,Activity,30.0,%,<,CHEMBL866549,CHEMBL203,
CHEMBL206118,Cn1cnc(NCc2ccc3[nH]ncc3c2)c1-c1nnc(Nc2ccc(Cl)cc2)o1,Activity,30.0,%,<,CHEMBL866549,CHEMBL203,
CHEMBL203394,Cn1cnc(NCc2ccc(F)c(F)c2)c1-c1nnc(Nc2ccc(Cl)cc2)o1,Activity,30.0,%,<,CHEMBL866549,CHEMBL203,
CHEMBL382672,Cn1cnc(NCCc2ccc3c(c2)OCO3)c1-c1nnc(Nc2ccc(Cl)cc2)o1,Activity,30.0,%,<,CHEMBL866549,CHEMBL203,
CHEMBL202904,Cn1cnc(NCc2ccccn2)c1-c1nnc(Nc2ccc(Cl)cc2)o1,Activity,30.0,%,<,CHEMBL866549,CHEMBL203,
CHEMBL206742,Cn1cnc(NCc2cccnc2)c1-c1nnc(Nc2ccc(Cl)cc2)o1,Activity,30.0,%,<,CHEMBL866549,CHEMBL203,
CHEMBL380316,Clc1ccc(Nc2nnc(-c3cccc4cnccc34)c3ccccc23)cc1,Inhibition,13.0,%,=,CHEMBL869534,CHEMBL203,
CHEMBL377300,Cc1cc2c(F)c(Oc3ncnn4cc(OC[C@@H](C)O)c(C)c34)ccc2[nH]1,IC50,1900.0,nM,>,CHEMBL859796,CHEMBL203,
CHEMBL606964,COc1ccc(N2Cc3cnc(Nc4ccc(F)cc4)nc3N([C@@H]3CC[C@@H](O)C3)C2=O)cc1,IC50,545.0,nM,=,CHEMBL861201,CHEMBL203,6.26
CHEMBL206356,O=NC1=C(NNc2ccccc2)C(=O)c2ccccc21,Activity,50.3,%,=,CHEMBL863781,CHEMBL203,
CHEMBL381575,Nc1[nH]nc2nc(-c3ccco3)c3c(c12)CCCC3,Activity,44.5,%,=,CHEMBL863781,CHEMBL203,
CHEMBL383026,Cc1ccc(-c2cc(NC(=O)c3cccs3)[nH]n2)cc1,Activity,44.1,%,=,CHEMBL863781,CHEMBL203,
CHEMBL206483,Cc1cccc(-n2ncc3c(NCc4ccc5c(c4)OCO5)ncnc32)c1,Activity,48.4,%,=,CHEMBL863781,CHEMBL203,
CHEMBL378824,O=C(CSc1nc(O)cc(-c2ccccc2)n1)N1c2ccccc2CCc2ccccc21,Activity,41.1,%,=,CHEMBL863781,CHEMBL203,
CHEMBL205875,Oc1[nH]c2ccc(I)cc2c1/N=N/c1cccc2cccnc12,Activity,50.0,%,=,CHEMBL863781,CHEMBL203,
CHEMBL203108,C=CCOc1ccc2c(c1)C(=NO)c1cc(OCC=C)ccc1-2,Activity,55.3,%,=,CHEMBL863781,CHEMBL203,
CHEMBL206483,Cc1cccc(-n2ncc3c(NCc4ccc5c(c4)OCO5)ncnc32)c1,Activity,40.0,%,=,CHEMBL863779,CHEMBL203,
CHEMBL381575,Nc1[nH]nc2nc(-c3ccco3)c3c(c12)CCCC3,Activity,,,,CHEMBL863779,CHEMBL203,
CHEMBL383026,Cc1ccc(-c2cc(NC(=O)c3cccs3)[nH]n2)cc1,Activity,,,,CHEMBL863779,CHEMBL203,
CHEMBL378824,O=C(CSc1nc(O)cc(-c2ccccc2)n1)N1c2ccccc2CCc2ccccc21,Activity,,,,CHEMBL863779,CHEMBL203,
CHEMBL205875,Oc1[nH]c2ccc(I)cc2c1/N=N/c1cccc2cccnc12,Activity,,,,CHEMBL863779,CHEMBL203,
CHEMBL203108,C=CCOc1ccc2c(c1)C(=NO)c1cc(OCC=C)ccc1-2,Activity,,,,CHEMBL863779,CHEMBL203,
CHEMBL206356,O=NC1=C(NNc2ccccc2)C(=O)c2ccccc21,Activity,,,,CHEMBL863779,CHEMBL203,
CHEMBL206483,Cc1cccc(-n2ncc3c(NCc4ccc5c(c4)OCO5)ncnc32)c1,IC50,15000.0,nM,=,CHEMBL863780,CHEMBL203,4.82
CHEMBL382654,O=C1c2ccccc2NC(=O)[C@H]2[C@H]1[C@@H](c1cccc(Cl)c1)C[C@]2(O)c1ccccc1,Inhibition,50.0,%,>,CHEMBL866847,CHEMBL203,
CHEMBL554,CS(=O)(=O)CCNCc1ccc(-c2ccc3ncnc(Nc4ccc(OCc5cccc(F)c5)c(Cl)c4)c3c2)o1,IC50,10.0,nM,=,CHEMBL861550,CHEMBL203,8.00
CHEMBL206029,CS(=O)(=O)CCNC(=O)NCc1cccc(C#Cc2cncnc2Nc2ccc(OCc3cccc(F)c3)c(Cl)c2)n1,IC50,15.0,nM,=,CHEMBL861550,CHEMBL203,7.82
CHEMBL380078,CNC(=O)NCc1cccc(C#Cc2cncnc2Nc2ccc(OCc3cccc(F)c3)c(Cl)c2)n1,IC50,23.0,nM,=,CHEMBL861550,CHEMBL203,7.64
CHEMBL206003,NCc1cccc(C#Cc2cncnc2Nc2ccc(OCc3cccc(F)c3)c(Cl)c2)n1,IC50,21.0,nM,=,CHEMBL861550,CHEMBL203,7.68
CHEMBL204570,OCc1cccc(C#Cc2cncnc2Nc2ccc(OCc3cccc(F)c3)c(Cl)c2)n1,IC50,40.0,nM,=,CHEMBL861550,CHEMBL203,7.40
CHEMBL204467,OCc1ccc(C#Cc2cncnc2Nc2ccc(OCc3cccc(F)c3)c(Cl)c2)o1,IC50,33.0,nM,=,CHEMBL861550,CHEMBL203,7.48
CHEMBL205047,OCc1nc(C#Cc2cncnc2Nc2ccc(OCc3cccc(F)c3)c(Cl)c2)cs1,IC50,76.0,nM,=,CHEMBL861550,CHEMBL203,7.12
CHEMBL205765,CC(=O)Nc1cccc(C#Cc2cncnc2Nc2ccc(OCc3cccc(F)c3)c(Cl)c2)n1,IC50,91.0,nM,=,CHEMBL861550,CHEMBL203,7.04
CHEMBL381604,Nc1nccc(C#Cc2cncnc2Nc2ccc(OCc3cccc(F)c3)c(Cl)c2)n1,IC50,32.0,nM,=,CHEMBL861550,CHEMBL203,7.50
CHEMBL205284,Fc1cccc(COc2ccc(Nc3ncncc3C#Cc3cc[nH]n3)cc2Cl)c1,IC50,42.0,nM,=,CHEMBL861550,CHEMBL203,7.38
CHEMBL207869,Fc1cccc(COc2ccc(Nc3ncncc3C#Cc3ncccn3)cc2Cl)c1,IC50,77.0,nM,=,CHEMBL861550,CHEMBL203,7.11
CHEMBL205045,Fc1cccc(COc2ccc(Nc3ncncc3C#Cc3ccccn3)cc2Cl)c1,IC50,17.0,nM,=,CHEMBL861550,CHEMBL203,7.77
CHEMBL438440,Fc1cccc(COc2ccc(Nc3ncncc3C#Cc3cccnc3)cc2Cl)c1,IC50,74.0,nM,=,CHEMBL861550,CHEMBL203,7.13
CHEMBL206782,COC(=O)CCCC(=O)Nc1cccc(C#Cc2cncnc2Nc2ccc(OCc3cccc(F)c3)c(Cl)c2)c1,IC50,31.0,nM,=,CHEMBL861550,CHEMBL203,7.51
CHEMBL381080,CS(=O)(=O)CCC(=O)Nc1cccc(C#Cc2cncnc2Nc2ccc(OCc3cccc(F)c3)c(Cl)c2)c1,IC50,50.0,nM,=,CHEMBL861550,CHEMBL203,7.30
CHEMBL207247,CC(=O)NCc1cccc(C#Cc2cncnc2Nc2ccc(OCc3cccc(F)c3)c(Cl)c2)c1,IC50,60.0,nM,=,CHEMBL861550,CHEMBL203,7.22
CHEMBL207410,CNC(=O)c1cccc(C#Cc2cncnc2Nc2ccc(OCc3cccc(F)c3)c(Cl)c2)c1,IC50,79.0,nM,=,CHEMBL861550,CHEMBL203,7.10
CHEMBL208358,CS(=O)(=O)Nc1cccc(C#Cc2cncnc2Nc2ccc(OCc3cccc(F)c3)c(Cl)c2)c1,IC50,110.0,nM,=,CHEMBL861550,CHEMBL203,6.96
CHEMBL438075,CC(=O)Nc1ccc(C#Cc2cncnc2Nc2ccc(OCc3cccc(F)c3)c(Cl)c2)cc1,IC50,25100.0,nM,=,CHEMBL861550,CHEMBL203,4.60
CHEMBL205798,CC(=O)Nc1cccc(C#Cc2cncnc2Nc2ccc(OCc3cccc(F)c3)c(Cl)c2)c1,IC50,12.0,nM,=,CHEMBL861550,CHEMBL203,7.92
CHEMBL205966,Nc1ccc(C#Cc2cncnc2Nc2ccc(OCc3cccc(F)c3)c(Cl)c2)cc1,IC50,30.0,nM,=,CHEMBL861550,CHEMBL203,7.52
CHEMBL205235,Nc1cccc(C#Cc2cncnc2Nc2ccc(OCc3cccc(F)c3)c(Cl)c2)c1,IC50,42.0,nM,=,CHEMBL861550,CHEMBL203,7.38
CHEMBL204625,Nc1ccccc1C#Cc1cncnc1Nc1ccc(OCc2cccc(F)c2)c(Cl)c1,IC50,63.0,nM,=,CHEMBL861550,CHEMBL203,7.20
CHEMBL379093,Fc1cccc(COc2ccc(Nc3ncncc3C#Cc3ccccc3)cc2Cl)c1,IC50,79.0,nM,=,CHEMBL861550,CHEMBL203,7.10
CHEMBL205870,C#Cc1cncnc1Nc1ccc(OCc2cccc(F)c2)c(Cl)c1,IC50,85.0,nM,=,CHEMBL861550,CHEMBL203,7.07
CHEMBL205652,Fc1cccc(COc2ccc(Nc3ccncn3)cc2Cl)c1,IC50,320.0,nM,=,CHEMBL861550,CHEMBL203,6.50
CHEMBL939,COc1cc2ncnc(Nc3ccc(F)c(Cl)c3)c2cc1OCCCN1CCOCC1,IC50,33.0,nM,=,CHEMBL853149,CHEMBL203,7.48
CHEMBL207815,COCCN1CC(C(N)=O)(N(C)Cc2cc3c(Nc4cccc(Cl)c4F)ncnc3cc2OC)C1,IC50,6.0,nM,=,CHEMBL853149,CHEMBL203,8.22
CHEMBL425601,COc1cc2ncnc(Nc3cccc(Cl)c3F)c2cc1CN(C)C1(C(N)=O)CN(C(C)C)C1,IC50,9.0,nM,=,CHEMBL853149,CHEMBL203,8.05
CHEMBL207718,COc1cc2ncnc(Nc3cccc(Cl)c3F)c2cc1CN(C)C1(C(N)=O)CN(C)C1,IC50,20.0,nM,=,CHEMBL853149,CHEMBL203,7.70
CHEMBL383246,COc1cc2ncnc(Nc3cccc(Cl)c3F)c2cc1CN(C)C1(C(N)=O)CCN(C(C)C)CC1,IC50,25.0,nM,=,CHEMBL853149,CHEMBL203,7.60
CHEMBL207130,COc1cc2ncnc(Nc3cccc(Cl)c3F)c2cc1CN(C)C1(C(N)=O)CCN(C)CC1,IC50,9.0,nM,=,CHEMBL853149,CHEMBL203,8.05
CHEMBL380889,COc1cc2ncnc(Nc3cccc(Cl)c3F)c2cc1CN(C)[C@@H](CN(C)C)C(N)=O,IC50,50.0,nM,=,CHEMBL853149,CHEMBL203,7.30
CHEMBL207445,COCC[C@@H](C(N)=O)N(C)Cc1cc2c(Nc3cccc(Cl)c3F)ncnc2cc1OC,IC50,10.0,nM,=,CHEMBL853149,CHEMBL203,8.00
CHEMBL379905,COC[C@@H](C(N)=O)N(C)Cc1cc2c(Nc3cccc(Cl)c3F)ncnc2cc1OC,IC50,30.0,nM,=,CHEMBL853149,CHEMBL203,7.52
CHEMBL208286,COc1cc2ncnc(Nc3cccc(Cl)c3F)c2cc1CN(C)[C@@H](CO)C(N)=O,IC50,20.0,nM,=,CHEMBL853149,CHEMBL203,7.70
CHEMBL376967,COc1cc2ncnc(Nc3cccc(Cl)c3F)c2cc1CN(CCN(C)C)[C@@H](C)C(N)=O,IC50,120.0,nM,=,CHEMBL853149,CHEMBL203,6.92
CHEMBL382823,COCCN(Cc1cc2c(Nc3cccc(Cl)c3F)ncnc2cc1OC)[C@@H](C)C(N)=O,IC50,10.0,nM,=,CHEMBL853149,CHEMBL203,8.00
CHEMBL208048,COc1cc2ncnc(Nc3cccc(Cl)c3F)c2cc1CN(C(C)C)[C@@H](C)C(N)=O,IC50,1.0,nM,<,CHEMBL853149,CHEMBL203,
CHEMBL378370,COc1cc2ncnc(Nc3cccc(Cl)c3F)c2cc1CN(C)C1CCNC1=O,IC50,20.0,nM,=,CHEMBL853149,CHEMBL203,7.70
CHEMBL380006,COc1cc2ncnc(Nc3cccc(Cl)c3F)c2cc1CN(C)[C@H](C)C(=O)N(C)C,IC50,40.0,nM,=,CHEMBL853149,CHEMBL203,7.40
CHEMBL211003,CNC(=O)[C@@H](C)N(C)Cc1cc2c(Nc3cccc(Cl)c3F)ncnc2cc1OC,IC50,30.0,nM,=,CHEMBL853149,CHEMBL203,7.52
CHEMBL207687,COc1cc2ncnc(Nc3cccc(Cl)c3F)c2cc1CN(C)[C@@H](C)C(N)=O,IC50,8.0,nM,=,CHEMBL853149,CHEMBL203,8.10
CHEMBL208118,COc1cc2ncnc(Nc3cccc(Cl)c3F)c2cc1CN(C)[C@H](C)C(N)=O,IC50,9.0,nM,=,CHEMBL853149,CHEMBL203,8.05
CHEMBL379601,COc1cc2ncnc(Nc3cccc(Cl)c3F)c2cc1CN(C)CC(N)=O,IC50,20.0,nM,=,CHEMBL853149,CHEMBL203,7.70
CHEMBL380386,COc1cc2ncnc(Nc3cccc(Cl)c3F)c2cc1CN[C@H](C)C(N)=O,IC50,150.0,nM,=,CHEMBL853149,CHEMBL203,6.82
CHEMBL207037,COc1cc2ncnc(Nc3cccc(Cl)c3F)c2cc1CN1CC(C(N)=O)C1,IC50,50.0,nM,=,CHEMBL853149,CHEMBL203,7.30
CHEMBL207246,COc1cc2ncnc(Nc3cccc(Cl)c3F)c2cc1CN1CCC1C(N)=O,IC50,70.0,nM,=,CHEMBL853149,CHEMBL203,7.16
CHEMBL207674,COc1cc2ncnc(Nc3cccc(Cl)c3F)c2cc1CN1CCOCC1C(N)=O,IC50,50.0,nM,=,CHEMBL853149,CHEMBL203,7.30
CHEMBL206783,COc1cc2ncnc(Nc3cccc(Cl)c3F)c2cc1CN1CCCC[C@@H]1C(N)=O,IC50,8.0,nM,=,CHEMBL853149,CHEMBL203,8.10
CHEMBL204420,COc1cc2ncnc(Nc3cccc(Cl)c3F)c2cc1CN1CCN(C)CC1C(N)=O,IC50,30.0,nM,=,CHEMBL853149,CHEMBL203,7.52
CHEMBL377772,COc1cc2ncnc(Nc3cccc(Cl)c3F)c2cc1CN1CCC[C@H]1CC(N)=O,IC50,170.0,nM,=,CHEMBL853149,CHEMBL203,6.77
CHEMBL380454,COc1cc2ncnc(Nc3cccc(Cl)c3F)c2cc1CN1CC[C@H](C(N)=O)C1,IC50,80.0,nM,=,CHEMBL853149,CHEMBL203,7.10
CHEMBL382822,COc1cc2ncnc(Nc3cccc(Cl)c3F)c2cc1CN1CCC[C@@H]1C(=O)N(C)C,IC50,450.0,nM,=,CHEMBL853149,CHEMBL203,6.35
CHEMBL383760,CNC(=O)[C@H]1CCCN1Cc1cc2c(Nc3cccc(Cl)c3F)ncnc2cc1OC,IC50,50.0,nM,=,CHEMBL853149,CHEMBL203,7.30
CHEMBL207235,COc1cc2ncnc(Nc3cccc(Cl)c3F)c2cc1CN1C[C@H](OC)C[C@@H]1C(N)=O,IC50,10.0,nM,=,CHEMBL853149,CHEMBL203,8.00
CHEMBL208292,COc1cc2ncnc(Nc3cccc(Cl)c3F)c2cc1CN1CCC[C@@H]1C(N)=O,IC50,10.0,nM,=,CHEMBL853149,CHEMBL203,8.00
CHEMBL207584,COc1cc2ncnc(Nc3cccc(Cl)c3F)c2cc1CN1CCC[C@H]1C(N)=O,IC50,30.0,nM,=,CHEMBL853149,CHEMBL203,7.52
CHEMBL382638,COc1cc2ncnc(Nc3ccc(F)c(Cl)c3)c2cc1CN1CCC[C@H]1C(N)=O,IC50,20.0,nM,=,CHEMBL853149,CHEMBL203,7.70
CHEMBL206955,COc1cc2ncnc(Nc3ccc(F)c(Cl)c3)c2cc1CN1CCC[C@@H]1C(N)=O,IC50,6.0,nM,=,CHEMBL853149,CHEMBL203,8.22
CHEMBL437885,COc1cc2ncnc(Nc3cccc(Cl)c3F)c2cc1CN1CCCC1,IC50,360.0,nM,=,CHEMBL853149,CHEMBL203,6.44
CHEMBL939,COc1cc2ncnc(Nc3ccc(F)c(Cl)c3)c2cc1OCCCN1CCOCC1,IC50,54.0,nM,=,CHEMBL853150,CHEMBL203,7.27
CHEMBL207815,COCCN1CC(C(N)=O)(N(C)Cc2cc3c(Nc4cccc(Cl)c4F)ncnc3cc2OC)C1,IC50,45.0,nM,=,CHEMBL853150,CHEMBL203,7.35
CHEMBL425601,COc1cc2ncnc(Nc3cccc(Cl)c3F)c2cc1CN(C)C1(C(N)=O)CN(C(C)C)C1,IC50,35.0,nM,=,CHEMBL853150,CHEMBL203,7.46
CHEMBL207718,COc1cc2ncnc(Nc3cccc(Cl)c3F)c2cc1CN(C)C1(C(N)=O)CN(C)C1,IC50,10.0,nM,=,CHEMBL853150,CHEMBL203,8.00
CHEMBL383246,COc1cc2ncnc(Nc3cccc(Cl)c3F)c2cc1CN(C)C1(C(N)=O)CCN(C(C)C)CC1,IC50,95.0,nM,=,CHEMBL853150,CHEMBL203,7.02
CHEMBL207130,COc1cc2ncnc(Nc3cccc(Cl)c3F)c2cc1CN(C)C1(C(N)=O)CCN(C)CC1,IC50,40.0,nM,=,CHEMBL853150,CHEMBL203,7.40
CHEMBL380889,COc1cc2ncnc(Nc3cccc(Cl)c3F)c2cc1CN(C)[C@@H](CN(C)C)C(N)=O,IC50,75.0,nM,=,CHEMBL853150,CHEMBL203,7.12
CHEMBL207445,COCC[C@@H](C(N)=O)N(C)Cc1cc2c(Nc3cccc(Cl)c3F)ncnc2cc1OC,IC50,50.0,nM,=,CHEMBL853150,CHEMBL203,7.30
CHEMBL379905,COC[C@@H](C(N)=O)N(C)Cc1cc2c(Nc3cccc(Cl)c3F)ncnc2cc1OC,IC50,35.0,nM,=,CHEMBL853150,CHEMBL203,7.46
CHEMBL208286,COc1cc2ncnc(Nc3cccc(Cl)c3F)c2cc1CN(C)[C@@H](CO)C(N)=O,IC50,30.0,nM,=,CHEMBL853150,CHEMBL203,7.52
CHEMBL376967,COc1cc2ncnc(Nc3cccc(Cl)c3F)c2cc1CN(CCN(C)C)[C@@H](C)C(N)=O,IC50,90.0,nM,=,CHEMBL853150,CHEMBL203,7.05
CHEMBL382823,COCCN(Cc1cc2c(Nc3cccc(Cl)c3F)ncnc2cc1OC)[C@@H](C)C(N)=O,IC50,55.0,nM,=,CHEMBL853150,CHEMBL203,7.26
CHEMBL208048,COc1cc2ncnc(Nc3cccc(Cl)c3F)c2cc1CN(C(C)C)[C@@H](C)C(N)=O,IC50,50.0,nM,=,CHEMBL853150,CHEMBL203,7.30
CHEMBL378370,COc1cc2ncnc(Nc3cccc(Cl)c3F)c2cc1CN(C)C1CCNC1=O,IC50,70.0,nM,=,CHEMBL853150,CHEMBL203,7.16
CHEMBL380006,COc1cc2ncnc(Nc3cccc(Cl)c3F)c2cc1CN(C)[C@H](C)C(=O)N(C)C,IC50,90.0,nM,=,CHEMBL853150,CHEMBL203,7.05
CHEMBL211003,CNC(=O)[C@@H](C)N(C)Cc1cc2c(Nc3cccc(Cl)c3F)ncnc2cc1OC,IC50,20.0,nM,=,CHEMBL853150,CHEMBL203,7.70
CHEMBL207687,COc1cc2ncnc(Nc3cccc(Cl)c3F)c2cc1CN(C)[C@@H](C)C(N)=O,IC50,25.0,nM,=,CHEMBL853150,CHEMBL203,7.60
CHEMBL208118,COc1cc2ncnc(Nc3cccc(Cl)c3F)c2cc1CN(C)[C@H](C)C(N)=O,IC50,30.0,nM,=,CHEMBL853150,CHEMBL203,7.52
CHEMBL379601,COc1cc2ncnc(Nc3cccc(Cl)c3F)c2cc1CN(C)CC(N)=O,IC50,45.0,nM,=,CHEMBL853150,CHEMBL203,7.35
CHEMBL380386,COc1cc2ncnc(Nc3cccc(Cl)c3F)c2cc1CN[C@H](C)C(N)=O,IC50,120.0,nM,=,CHEMBL853150,CHEMBL203,6.92
CHEMBL207037,COc1cc2ncnc(Nc3cccc(Cl)c3F)c2cc1CN1CC(C(N)=O)C1,IC50,300.0,nM,=,CHEMBL853150,CHEMBL203,6.52
CHEMBL207246,COc1cc2ncnc(Nc3cccc(Cl)c3F)c2cc1CN1CCC1C(N)=O,IC50,90.0,nM,=,CHEMBL853150,CHEMBL203,7.05
CHEMBL207674,COc1cc2ncnc(Nc3cccc(Cl)c3F)c2cc1CN1CCOCC1C(N)=O,IC50,90.0,nM,=,CHEMBL853150,CHEMBL203,7.05
CHEMBL206783,COc1cc2ncnc(Nc3cccc(Cl)c3F)c2cc1CN1CCCC[C@@H]1C(N)=O,IC50,75.0,nM,=,CHEMBL853150,CHEMBL203,7.12
CHEMBL204420,COc1cc2ncnc(Nc3cccc(Cl)c3F)c2cc1CN1CCN(C)CC1C(N)=O,IC50,80.0,nM,=,CHEMBL853150,CHEMBL203,7.10
CHEMBL377772,COc1cc2ncnc(Nc3cccc(Cl)c3F)c2cc1CN1CCC[C@H]1CC(N)=O,IC50,130.0,nM,=,CHEMBL853150,CHEMBL203,6.89
CHEMBL380454,COc1cc2ncnc(Nc3cccc(Cl)c3F)c2cc1CN1CC[C@H](C(N)=O)C1,IC50,150.0,nM,=,CHEMBL853150,CHEMBL203,6.82
CHEMBL382822,COc1cc2ncnc(Nc3cccc(Cl)c3F)c2cc1CN1CCC[C@@H]1C(=O)N(C)C,IC50,950.0,nM,=,CHEMBL853150,CHEMBL203,6.02
CHEMBL383760,CNC(=O)[C@H]1CCCN1Cc1cc2c(Nc3cccc(Cl)c3F)ncnc2cc1OC,IC50,100.0,nM,=,CHEMBL853150,CHEMBL203,7.00
CHEMBL207235,COc1cc2ncnc(Nc3cccc(Cl)c3F)c2cc1CN1C[C@H](OC)C[C@@H]1C(N)=O,IC50,25.0,nM,=,CHEMBL853150,CHEMBL203,7.60
CHEMBL208292,COc1cc2ncnc(Nc3cccc(Cl)c3F)c2cc1CN1CCC[C@@H]1C(N)=O,IC50,25.0,nM,=,CHEMBL853150,CHEMBL203,7.60
CHEMBL207584,COc1cc2ncnc(Nc3cccc(Cl)c3F)c2cc1CN1CCC[C@H]1C(N)=O,IC50,55.0,nM,=,CHEMBL853150,CHEMBL203,7.26
CHEMBL382638,COc1cc2ncnc(Nc3ccc(F)c(Cl)c3)c2cc1CN1CCC[C@H]1C(N)=O,IC50,90.0,nM,=,CHEMBL853150,CHEMBL203,7.05
CHEMBL206955,COc1cc2ncnc(Nc3ccc(F)c(Cl)c3)c2cc1CN1CCC[C@@H]1C(N)=O,IC50,40.0,nM,=,CHEMBL853150,CHEMBL203,7.40
CHEMBL437885,COc1cc2ncnc(Nc3cccc(Cl)c3F)c2cc1CN1CCCC1,IC50,300.0,nM,=,CHEMBL853150,CHEMBL203,6.52
CHEMBL336113,Cc1cccc(Nc2ncnc3ccc(N)cc23)c1,IC50,1000.0,nM,=,CHEMBL870841,CHEMBL203,6.00
CHEMBL210893,CN(C(=O)N(CCCl)N=O)c1ccc2ncnc(Nc3cccc(Br)c3)c2c1,IC50,294.0,nM,=,CHEMBL870841,CHEMBL203,6.53
CHEMBL210378,CN(C(=O)N(CCCl)N=O)c1ccc2ncnc(Nc3cccc(Cl)c3)c2c1,IC50,204.0,nM,=,CHEMBL870841,CHEMBL203,6.69
CHEMBL209818,Cc1cccc(Nc2ncnc3ccc(N(C)C(=O)N(CCCl)N=O)cc23)c1,IC50,1139.0,nM,=,CHEMBL870841,CHEMBL203,5.94
CHEMBL210660,O=NN(CCCl)C(=O)Nc1ccc2ncnc(Nc3cccc(Br)c3)c2c1,IC50,47.0,nM,=,CHEMBL870841,CHEMBL203,7.33
CHEMBL210659,O=NN(CCCl)C(=O)Nc1ccc2ncnc(Nc3cccc(Cl)c3)c2c1,IC50,67.0,nM,=,CHEMBL870841,CHEMBL203,7.17
CHEMBL210502,Cc1cccc(Nc2ncnc3ccc(NC(=O)N(CCCl)N=O)cc23)c1,IC50,1061.0,nM,=,CHEMBL870841,CHEMBL203,5.97
CHEMBL379047,CN(CCCl)C(=O)Nc1ccc2ncnc(Nc3cccc(Br)c3)c2c1,IC50,156.0,nM,=,CHEMBL870841,CHEMBL203,6.81
CHEMBL208144,CN(CCCl)C(=O)Nc1ccc2ncnc(Nc3cccc(Cl)c3)c2c1,IC50,81.0,nM,=,CHEMBL870841,CHEMBL203,7.09
CHEMBL208849,Cc1cccc(Nc2ncnc3ccc(NC(=O)N(C)CCCl)cc23)c1,IC50,1693.0,nM,=,CHEMBL870841,CHEMBL203,5.77
CHEMBL207009,O=C(NCCCl)Nc1ccc2ncnc(Nc3cccc(Br)c3)c2c1,IC50,18.0,nM,=,CHEMBL870841,CHEMBL203,7.75
CHEMBL210444,O=C(NCCCl)Nc1ccc2ncnc(Nc3cccc(Cl)c3)c2c1,IC50,22.0,nM,=,CHEMBL870841,CHEMBL203,7.66
CHEMBL208240,Cc1cccc(Nc2ncnc3ccc(NC(=O)NCCCl)cc23)c1,IC50,676.0,nM,=,CHEMBL870841,CHEMBL203,6.17
CHEMBL50344,CNc1ccc2ncnc(Nc3cccc(Br)c3)c2c1,IC50,5.0,nM,=,CHEMBL870841,CHEMBL203,8.30
CHEMBL209343,CNc1ccc2ncnc(Nc3cccc(Cl)c3)c2c1,IC50,4.0,nM,=,CHEMBL870841,CHEMBL203,8.40
CHEMBL208594,CNc1ccc2ncnc(Nc3cccc(C)c3)c2c1,IC50,11.0,nM,=,CHEMBL870841,CHEMBL203,7.96
CHEMBL52765,Nc1ccc2ncnc(Nc3cccc(Br)c3)c2c1,IC50,44.0,nM,=,CHEMBL870841,CHEMBL203,7.36
CHEMBL343352,Nc1ccc2ncnc(Nc3cccc(Cl)c3)c2c1,IC50,200.0,nM,=,CHEMBL870841,CHEMBL203,6.70
CHEMBL208637,CCOc1nc(NC(C)=O)cc(N)c1C#N,Ki,1800.0,nM,>,CHEMBL860206,CHEMBL203,
CHEMBL210928,CCOc1nc(NC(=O)Cc2cc(OC)c(S(C)(=O)=O)cc2OC)cc(N)c1Cl,Ki,1800.0,nM,>,CHEMBL860206,CHEMBL203,
CHEMBL210032,CC(=O)Nc1cc(N)c(C#N)c(-c2ccccc2)n1,Ki,1800.0,nM,>,CHEMBL860206,CHEMBL203,
CHEMBL378627,COc1cc(S(C)(=O)=O)c(OC)cc1CC(=O)Nc1cc(N)c(C#N)c(OC(C)C)n1,Ki,1800.0,nM,>,CHEMBL860206,CHEMBL203,
CHEMBL210963,CCOc1nc(NC(=O)Cc2cc(OC)c(S(C)(=O)=O)cc2OC)cc(N)c1C#N,Ki,1800.0,nM,>,CHEMBL860206,CHEMBL203,
CHEMBL210618,CCOc1nc(NC(=O)Cc2cc(OC)ccc2OC)cc(N)c1C#N,Ki,1800.0,nM,>,CHEMBL860206,CHEMBL203,
CHEMBL209148,COc1cc(C)c(Sc2cnc(NC(=O)c3ccc(CNC(C)C(C)(C)C)cc3)s2)cc1C(=O)N1CCN(C(C)=O)CC1,IC50,50000.0,nM,>,CHEMBL865409,CHEMBL203,
CHEMBL214268,O=C(N[C@H]1CN2CCC1CC2)c1cc2ccoc2cn1,Inhibition,10.0,%,<,CHEMBL862869,CHEMBL203,
CHEMBL377383,CCOc1nc(C(=O)NCc2ccc(S(C)(=O)=O)cc2)cc(N)c1Cl,Ki,1800.0,nM,>,CHEMBL867306,CHEMBL203,
CHEMBL377734,O=C(NC1CC1)c1cc(NCc2cnc(Nc3ccccn3)s2)c(F)cc1F,IC50,50000.0,nM,>,CHEMBL866177,CHEMBL203,
CHEMBL212084,c1cn(Cc2ccc3c(c2)-c2[nH]nc(-c4ccsc4)c2C3)cn1,IC50,50000.0,nM,>,CHEMBL863746,CHEMBL203,
CHEMBL213743,CN1CCN(Cc2ccc3c(c2)-c2[nH]nc(-c4ccsc4)c2C3)CC1,IC50,50000.0,nM,>,CHEMBL863746,CHEMBL203,
CHEMBL213618,CNc1nccc(-c2ccc(C(=O)N[C@H](CN)Cc3ccc(Cl)cc3Cl)s2)n1,IC50,10000.0,nM,>,CHEMBL868629,CHEMBL203,
CHEMBL213564,O=C1NC(=O)N(CCc2ccccc2)[C@@H]1Cc1ccccc1,Inhibition,0.0,%,=,CHEMBL866711,CHEMBL203,
CHEMBL213564,O=C1NC(=O)N(CCc2ccccc2)[C@@H]1Cc1ccccc1,Inhibition,0.0,%,=,CHEMBL866710,CHEMBL203,
CHEMBL213560,O=C1NC(=O)N(CCc2ccccc2)/C1=C/c1ccc(O)cc1,Inhibition,50.0,%,=,CHEMBL866715,CHEMBL203,
CHEMBL213560,O=C1NC(=O)N(CCc2ccccc2)/C1=C/c1ccc(O)cc1,IC50,27000.0,nM,=,CHEMBL866711,CHEMBL203,4.57
CHEMBL213560,O=C1NC(=O)N(CCc2ccccc2)/C1=C/c1ccc(O)cc1,IC50,710.0,nM,=,CHEMBL866710,CHEMBL203,6.15
CHEMBL425067,Cc1cc(C)c(/C=C2\C(=O)NC(=O)N2CCc2ccccc2)[nH]1,Inhibition,30.4,%,=,CHEMBL866711,CHEMBL203,
CHEMBL425067,Cc1cc(C)c(/C=C2\C(=O)NC(=O)N2CCc2ccccc2)[nH]1,Inhibition,42.1,%,=,CHEMBL866710,CHEMBL203,
CHEMBL214099,O=C1NC(=O)N(CCc2ccccc2)/C1=C/c1ccc[nH]1,Inhibition,12.9,%,=,CHEMBL866711,CHEMBL203,
CHEMBL214099,O=C1NC(=O)N(CCc2ccccc2)/C1=C/c1ccc[nH]1,Inhibition,23.9,%,=,CHEMBL866710,CHEMBL203,
CHEMBL213561,O=C1NC(=O)N(CCc2cccc(Cl)c2)/C1=C/c1ccccc1,Inhibition,9.5,%,=,CHEMBL866711,CHEMBL203,
CHEMBL213561,O=C1NC(=O)N(CCc2cccc(Cl)c2)/C1=C/c1ccccc1,Inhibition,46.8,%,=,CHEMBL866710,CHEMBL203,
CHEMBL213560,O=C1NC(=O)N(CCc2ccccc2)/C1=C/c1ccc(O)cc1,Inhibition,39.6,%,=,CHEMBL866711,CHEMBL203,
CHEMBL213560,O=C1NC(=O)N(CCc2ccccc2)/C1=C/c1ccc(O)cc1,Inhibition,60.9,%,=,CHEMBL866710,CHEMBL203,
CHEMBL210177,O=C1NC(=O)N(CCc2ccccc2)/C1=C/c1cccc(O)c1,Inhibition,30.3,%,=,CHEMBL866711,CHEMBL203,
CHEMBL210177,O=C1NC(=O)N(CCc2ccccc2)/C1=C/c1cccc(O)c1,Inhibition,52.8,%,=,CHEMBL866710,CHEMBL203,
CHEMBL211518,O=C1NC(=O)N(CCc2ccccc2)/C1=C/c1cccc(Cl)c1,Inhibition,16.2,%,=,CHEMBL866711,CHEMBL203,
CHEMBL211518,O=C1NC(=O)N(CCc2ccccc2)/C1=C/c1cccc(Cl)c1,Inhibition,43.4,%,=,CHEMBL866710,CHEMBL203,
CHEMBL380303,O=C1NC(=O)N(CCc2ccccc2)/C1=C\c1ccccc1,Inhibition,14.9,%,=,CHEMBL866711,CHEMBL203,
CHEMBL380303,O=C1NC(=O)N(CCc2ccccc2)/C1=C\c1ccccc1,Inhibition,39.7,%,=,CHEMBL866710,CHEMBL203,
CHEMBL213129,O=C1NC(=O)N(CCc2ccccc2)/C1=C/c1ccccc1,Inhibition,25.6,%,=,CHEMBL866711,CHEMBL203,
CHEMBL213129,O=C1NC(=O)N(CCc2ccccc2)/C1=C/c1ccccc1,Inhibition,45.1,%,=,CHEMBL866710,CHEMBL203,
CHEMBL213564,O=C1NC(=O)N(CCc2ccccc2)[C@@H]1Cc1ccccc1,Inhibition,,%,,CHEMBL866713,CHEMBL203,
CHEMBL213564,O=C1NC(=O)N(CCc2ccccc2)[C@@H]1Cc1ccccc1,Inhibition,,%,,CHEMBL866712,CHEMBL203,
CHEMBL939,COc1cc2ncnc(Nc3ccc(F)c(Cl)c3)c2cc1OCCCN1CCOCC1,Inhibition,65.4,%,=,CHEMBL866714,CHEMBL203,
CHEMBL554,CS(=O)(=O)CCNCc1ccc(-c2ccc3ncnc(Nc4ccc(OCc5cccc(F)c5)c(Cl)c4)c3c2)o1,IC50,12.0,nM,=,CHEMBL910357,CHEMBL203,7.92
CHEMBL212965,[O-][S+]1CCN(Cc2ccc(-c3ccc4ncnc(Nc5ccc(OCc6ccccc6)c(Cl)c5)c4c3)o2)CC1,IC50,12.0,nM,=,CHEMBL910357,CHEMBL203,7.92
CHEMBL215716,[O-][S+]1CCN(Cc2ccc(-c3ccc4ncnc(Nc5ccc(OCc6ccccc6)c(F)c5)c4c3)o2)CC1,IC50,16.0,nM,=,CHEMBL910357,CHEMBL203,7.80
CHEMBL212954,[O-][S+]1CCN(Cc2ccc(-c3ccc4ncnc(Nc5ccc(OCc6cccc(F)c6)c(Cl)c5)c4c3)o2)CC1,IC50,28.0,nM,=,CHEMBL910357,CHEMBL203,7.55
CHEMBL377250,[O-][S+]1CCN(Cc2ccc(-c3ccc4ncnc(Nc5ccc(OCc6cccc(F)c6)c(C(F)(F)F)c5)c4c3)o2)CC1,IC50,89.0,nM,=,CHEMBL910357,CHEMBL203,7.05
CHEMBL445572,CS(=O)(=O)CCN(Cc1ccccc1)Cc1ccc(-c2ccc3ncnc(Nc4ccc(OCc5cccc(F)c5)c(Cl)c4)c3c2)o1,IC50,90.0,nM,=,CHEMBL910357,CHEMBL203,7.05
CHEMBL384407,CS(=O)(=O)CCN(CC#N)Cc1ccc(-c2ccc3ncnc(Nc4ccc(OCc5cccc(F)c5)c(Cl)c4)c3c2)o1,IC50,27.0,nM,=,CHEMBL910357,CHEMBL203,7.57
CHEMBL212251,CCCN(CCS(C)(=O)=O)Cc1ccc(-c2ccc3ncnc(Nc4ccc(OCc5cccc(F)c5)c(Cl)c4)c3c2)o1,IC50,85.0,nM,=,CHEMBL910357,CHEMBL203,7.07
CHEMBL212201,O=S(=O)(CCCCNCc1ccc(-c2ccc3ncnc(Nc4ccc(OCc5ccccc5)c(Cl)c4)c3c2)o1)c1ccccc1,IC50,50.0,nM,=,CHEMBL910357,CHEMBL203,7.30
CHEMBL212250,O=S(=O)(CCOCc1ccc(-c2ccc3ncnc(Nc4ccc(OCc5cccc(F)c5)c(Cl)c4)c3c2)o1)c1ccccc1,IC50,25.0,nM,=,CHEMBL910357,CHEMBL203,7.60
CHEMBL215171,CS(=O)(=O)CCOCc1ccc(-c2ccc3ncnc(Nc4ccc(OCc5cccc(F)c5)c(Cl)c4)c3c2)o1,IC50,26.0,nM,=,CHEMBL910357,CHEMBL203,7.58
CHEMBL265367,Cn1ccnc1S(=O)(=O)CCNCc1ccc(-c2ccc3ncnc(Nc4ccc(OCc5cccc(F)c5)c(C(F)(F)F)c4)c3c2)o1,IC50,17.0,nM,=,CHEMBL910357,CHEMBL203,7.77
CHEMBL214023,O=S(=O)(CCNCc1ccc(-c2ccc3ncnc(Nc4ccc(OCc5cccc(F)c5)c(C(F)(F)F)c4)c3c2)o1)c1ccccn1,IC50,19.0,nM,=,CHEMBL910357,CHEMBL203,7.72
CHEMBL1794063,O=S(=O)(CCNCc1ccc(-c2ccc3ncnc(Nc4ccc(OCc5cccc(F)c5)c(Cl)c4)c3c2)o1)c1ccccc1,IC50,19.0,nM,=,CHEMBL910357,CHEMBL203,7.72
CHEMBL214487,CC(C)S(=O)(=O)CCNCc1ccc(-c2ccc3ncnc(Nc4ccc(OCc5cccc(F)c5)c(Cl)c4)c3c2)o1,IC50,18.0,nM,=,CHEMBL910357,CHEMBL203,7.75
CHEMBL383965,CCCS(=O)(=O)CCNCc1ccc(-c2ccc3ncnc(Nc4ccc(OCc5cccc(F)c5)c(Cl)c4)c3c2)o1,IC50,21.0,nM,=,CHEMBL910357,CHEMBL203,7.68
CHEMBL215814,CS(=O)(=O)CCNCc1ccc(-c2ccc3ncnc(Nc4ccc(OCc5cccc(F)c5)c(C(F)(F)F)c4)c3c2)o1,IC50,80.0,nM,=,CHEMBL910357,CHEMBL203,7.10
CHEMBL387207,CS(=O)(=O)CCNCc1ccc(-c2ccc3ncnc(Nc4ccc(OCc5ccccc5)c(C(F)(F)F)c4)c3c2)o1,IC50,160.0,nM,=,CHEMBL910357,CHEMBL203,6.80
CHEMBL215033,COc1cc(Nc2ncnc3ccc(-c4ccc(CNCCS(C)(=O)=O)o4)cc23)ccc1OCc1cccc(F)c1,IC50,100.0,nM,=,CHEMBL910357,CHEMBL203,7.00
CHEMBL214689,CS(=O)(=O)CCNCc1ccc(-c2ccc3ncnc(Nc4ccc(OCc5ccccc5)c(Br)c4)c3c2)o1,IC50,25.0,nM,=,CHEMBL910357,CHEMBL203,7.60
CHEMBL380247,CS(=O)(=O)CCNCc1ccc(-c2ccc3ncnc(Nc4ccc(OCc5ccccc5)c(Cl)c4)c3c2)o1,IC50,18.0,nM,=,CHEMBL910357,CHEMBL203,7.75
CHEMBL214419,CS(=O)(=O)CCNCc1ccc(-c2ccc3ncnc(Nc4ccc(OCc5cccc(C(F)(F)F)c5)cc4)c3c2)o1,IC50,91.0,nM,=,CHEMBL910357,CHEMBL203,7.04
CHEMBL384711,CS(=O)(=O)CCNCc1ccc(-c2ccc3ncnc(Nc4ccc(OCc5cccc(Br)c5)cc4)c3c2)o1,IC50,43.0,nM,=,CHEMBL910357,CHEMBL203,7.37
CHEMBL213818,CS(=O)(=O)CCNCc1ccc(-c2ccc3ncnc(Nc4ccc(OCc5cccc(F)c5)cc4)c3c2)o1,IC50,24.0,nM,=,CHEMBL910357,CHEMBL203,7.62
CHEMBL213342,CS(=O)(=O)CCNCc1ccc(-c2ccc3ncnc(Nc4ccc(OCc5ccccc5)cc4)c3c2)o1,IC50,27.0,nM,=,CHEMBL910357,CHEMBL203,7.57
CHEMBL939,COc1cc2ncnc(Nc3ccc(F)c(Cl)c3)c2cc1OCCCN1CCOCC1,IC50,23.0,nM,=,CHEMBL856356,CHEMBL203,7.64
CHEMBL939,COc1cc2ncnc(Nc3ccc(F)c(Cl)c3)c2cc1OCCCN1CCOCC1,IC50,80.0,nM,=,CHEMBL856357,CHEMBL203,7.10
CHEMBL385479,COc1cc2ncnc(Nc3cccc(Cl)c3F)c2cc1OCCCN1CCOCC1,IC50,18.0,nM,=,CHEMBL856356,CHEMBL203,7.75
CHEMBL385479,COc1cc2ncnc(Nc3cccc(Cl)c3F)c2cc1OCCCN1CCOCC1,IC50,21.0,nM,=,CHEMBL856357,CHEMBL203,7.68
CHEMBL384699,COc1cc2ncnc(Nc3cc(Cl)ccc3F)c2cc1OCCCN1CCOCC1,IC50,51.0,nM,=,CHEMBL856356,CHEMBL203,7.29
CHEMBL384699,COc1cc2ncnc(Nc3cc(Cl)ccc3F)c2cc1OCCCN1CCOCC1,IC50,110.0,nM,=,CHEMBL856357,CHEMBL203,6.96
CHEMBL213874,COc1cc2ncnc(Nc3cccc(Cl)c3F)c2cc1OCC1CCN(C)CC1,IC50,2.0,nM,=,CHEMBL856356,CHEMBL203,8.70
CHEMBL213874,COc1cc2ncnc(Nc3cccc(Cl)c3F)c2cc1OCC1CCN(C)CC1,IC50,15.0,nM,=,CHEMBL856357,CHEMBL203,7.82
CHEMBL214631,COc1cc2ncnc(Nc3cc(Cl)ccc3F)c2cc1OC1CCN(C)CC1,IC50,106.0,nM,=,CHEMBL856356,CHEMBL203,6.97
CHEMBL385471,COc1cc2ncnc(Nc3cc(Cl)ccc3F)c2cc1OCC1CCN(C)CC1,IC50,9.0,nM,=,CHEMBL856356,CHEMBL203,8.05
CHEMBL276154,COc1cc2ncnc(Nc3ccc(F)c(Cl)c3)c2cc1OC1CCN(C)CC1,IC50,10.0,nM,=,CHEMBL856356,CHEMBL203,8.00
CHEMBL215786,COc1cc2ncnc(Nc3ccc(F)c(Cl)c3)c2cc1OCC1CCN(C)CC1,IC50,3.0,nM,=,CHEMBL856356,CHEMBL203,8.52
CHEMBL214798,COc1cc2ncnc(Nc3cccc(Cl)c3F)c2cc1OC1CCN(C)CC1,IC50,2.0,nM,=,CHEMBL856356,CHEMBL203,8.70
CHEMBL213007,COc1cc2ncnc(Nc3cc(Cl)ccc3F)c2cc1OC1CCN(S(C)(=O)=O)CC1,IC50,41.0,nM,=,CHEMBL856357,CHEMBL203,7.39
CHEMBL214478,COc1cc2ncnc(Nc3cc(Cl)ccc3F)c2cc1OC1CCN(CC(N)=O)CC1,IC50,10.0,nM,=,CHEMBL856357,CHEMBL203,8.00
CHEMBL215559,COCCN1CCC(Oc2cc3c(Nc4cc(Cl)ccc4F)ncnc3cc2OC)CC1,IC50,166.0,nM,=,CHEMBL856357,CHEMBL203,6.78
CHEMBL387265,COc1cc2ncnc(Nc3cccc(Cl)c3F)c2cc1OC1CCN(S(C)(=O)=O)CC1,IC50,7.0,nM,=,CHEMBL856357,CHEMBL203,8.15
CHEMBL218677,COc1cc2ncnc(Nc3cccc(Cl)c3F)c2cc1OC1CCN(CC(N)=O)CC1,IC50,4.0,nM,=,CHEMBL856357,CHEMBL203,8.40
CHEMBL214857,COCCN1CCC(Oc2cc3c(Nc4cccc(Cl)c4F)ncnc3cc2OC)CC1,IC50,35.0,nM,=,CHEMBL856357,CHEMBL203,7.46
CHEMBL214631,COc1cc2ncnc(Nc3cc(Cl)ccc3F)c2cc1OC1CCN(C)CC1,IC50,115.0,nM,=,CHEMBL856357,CHEMBL203,6.94
CHEMBL385471,COc1cc2ncnc(Nc3cc(Cl)ccc3F)c2cc1OCC1CCN(C)CC1,IC50,58.0,nM,=,CHEMBL856357,CHEMBL203,7.24
CHEMBL276154,COc1cc2ncnc(Nc3ccc(F)c(Cl)c3)c2cc1OC1CCN(C)CC1,IC50,300.0,nM,=,CHEMBL856357,CHEMBL203,6.52
CHEMBL215786,COc1cc2ncnc(Nc3ccc(F)c(Cl)c3)c2cc1OCC1CCN(C)CC1,IC50,18.0,nM,=,CHEMBL856357,CHEMBL203,7.75
CHEMBL214798,COc1cc2ncnc(Nc3cccc(Cl)c3F)c2cc1OC1CCN(C)CC1,IC50,21.0,nM,=,CHEMBL856357,CHEMBL203,7.68
CHEMBL379001,COc1cc2c(cc1OC)Nc1ncnc(N[C@H](C)c3ccccc3)c1NC2,IC50,150.0,nM,=,CHEMBL906925,CHEMBL203,6.82
CHEMBL380972,COc1cc2c(cc1OC)Oc1ncnc(Nc3cccc(Br)c3)c1NC2,IC50,300.0,nM,=,CHEMBL906925,CHEMBL203,6.52
CHEMBL215191,COc1cc2c(cc1OC)Nc1ncnc(NCc3ccccc3)c1NC2,IC50,200.0,nM,=,CHEMBL906925,CHEMBL203,6.70
CHEMBL216039,COc1cccc(CNc2ncnc3c2NCc2cc(OC)c(OC)cc2N3)c1,IC50,800.0,nM,=,CHEMBL906925,CHEMBL203,6.10
CHEMBL376089,COc1cc2c(cc1OC)Nc1ncnc(NCc3ccc(F)c(Cl)c3)c1NC2,IC50,300.0,nM,=,CHEMBL906925,CHEMBL203,6.52
CHEMBL215055,COc1cc2c(cc1OC)Nc1ncnc(Nc3cccc(Br)c3)c1NC2,IC50,1500.0,nM,=,CHEMBL906925,CHEMBL203,5.82
CHEMBL384205,COc1cc2c(cc1OC)Sc1ncnc(Sc3cccc(Cl)c3)c1NC2,IC50,2900.0,nM,=,CHEMBL906925,CHEMBL203,5.54
CHEMBL386456,COc1cc2c(cc1OC)Sc1ncnc(Sc3cccc(Br)c3)c1NC2,IC50,1600.0,nM,=,CHEMBL906925,CHEMBL203,5.80
CHEMBL385292,COc1cc2c(cc1OC)Sc1ncnc(Oc3cccc(Cl)c3F)c1NC2,IC50,19300.0,nM,=,CHEMBL906925,CHEMBL203,4.71
CHEMBL215520,COc1cc2c(cc1OC)Sc1ncnc(Oc3cccc(Br)c3)c1NC2,IC50,21700.0,nM,=,CHEMBL906925,CHEMBL203,4.66
CHEMBL384042,COc1cc2c(cc1OC)Sc1nc(C)nc(Nc3ccc4c(c3)CN=N4)c1NC2,IC50,16200.0,nM,=,CHEMBL906925,CHEMBL203,4.79
CHEMBL213371,COc1cc2c(cc1OC)Sc1nc(C)nc(Nc3ccc4c[nH]nc4c3)c1NC2,IC50,24600.0,nM,=,CHEMBL906925,CHEMBL203,4.61
CHEMBL214627,COc1cc2c(cc1OC)Sc1nc(C)nc(Nc3ccc4ncsc4c3)c1NC2,IC50,15200.0,nM,=,CHEMBL906925,CHEMBL203,4.82
CHEMBL213616,COc1cc2c(cc1OC)Sc1nc(C)nc(Nc3ccc4[nH]cnc4c3)c1NC2,IC50,14500.0,nM,=,CHEMBL906925,CHEMBL203,4.84
CHEMBL214863,COc1cc2c(cc1OC)Sc1nc(C)nc(Nc3ccc4ccccc4c3)c1NC2,IC50,17000.0,nM,=,CHEMBL906925,CHEMBL203,4.77
CHEMBL386296,COc1cc2c(cc1OC)Sc1nc(C)nc(Nc3ccc(Cl)c(C)c3)c1NC2,IC50,100000.0,nM,>,CHEMBL906925,CHEMBL203,
CHEMBL386579,COc1cc2c(cc1OC)Sc1nc(C)nc(Nc3cccc(Cl)c3F)c1NC2,IC50,100000.0,nM,>,CHEMBL906925,CHEMBL203,
CHEMBL214744,COc1cc2c(cc1OC)Sc1nc(C)nc(Nc3ccc(F)c(Cl)c3)c1NC2,IC50,45900.0,nM,=,CHEMBL906925,CHEMBL203,4.34
CHEMBL383999,COc1cc2c(cc1OC)Sc1nc(C)nc(Nc3ccc(C)c(Br)c3)c1NC2,IC50,100000.0,nM,>,CHEMBL906925,CHEMBL203,
CHEMBL425083,COc1cc2c(cc1OC)Sc1nc(C)nc(Nc3cccc(Br)c3)c1NC2,IC50,30700.0,nM,=,CHEMBL906925,CHEMBL203,4.51
CHEMBL425074,COc1cc2c(cc1OC)Sc1ncnc(N(C)c3cccc(Cl)c3)c1NC2,IC50,27000.0,nM,=,CHEMBL906925,CHEMBL203,4.57
CHEMBL215280,COc1cc2c(cc1OC)Sc1ncnc(N(C)c3cccc(Br)c3)c1NC2,IC50,100000.0,nM,>,CHEMBL906925,CHEMBL203,
CHEMBL211982,COc1cc2c(cc1OC)Sc1ncnc(Nc3ccc4ncsc4c3)c1NC2,IC50,100000.0,nM,>,CHEMBL906925,CHEMBL203,
CHEMBL385425,COc1cc2c(cc1OC)Sc1ncnc(Nc3ccc4c[nH]nc4c3)c1NC2,IC50,14100.0,nM,=,CHEMBL906925,CHEMBL203,4.85
CHEMBL214999,COc1cc2c(cc1OC)Sc1ncnc(Nc3cccc(Cl)c3F)c1NC2,IC50,62900.0,nM,=,CHEMBL906925,CHEMBL203,4.20
CHEMBL215365,COc1cc2c(cc1OC)Sc1ncnc(Nc3ccc(F)c(Cl)c3)c1NC2,IC50,8200.0,nM,=,CHEMBL906925,CHEMBL203,5.09
CHEMBL425965,COc1cc2c(cc1OC)Sc1ncnc(Nc3cccc(Br)c3)c1NC2,IC50,5900.0,nM,=,CHEMBL906925,CHEMBL203,5.23
CHEMBL215210,COc1cc2c(cc1OC)Oc1ncnc(Sc3cccc(Cl)c3)c1NC2,IC50,1000.0,nM,=,CHEMBL906925,CHEMBL203,6.00
CHEMBL214853,COc1cc2c(cc1OC)Oc1ncnc(Sc3cccc(Br)c3)c1NC2,IC50,1300.0,nM,=,CHEMBL906925,CHEMBL203,5.89
CHEMBL425620,COc1cc2c(cc1OC)Oc1ncnc(Oc3ccc(F)c(Cl)c3)c1N(C)C2,IC50,10800.0,nM,=,CHEMBL906925,CHEMBL203,4.97
CHEMBL213173,COc1cc2c(cc1OC)Oc1ncnc(Oc3cccc(Cl)c3F)c1NC2,IC50,4600.0,nM,=,CHEMBL906925,CHEMBL203,5.34
CHEMBL384067,COc1cc2c(cc1OC)Oc1ncnc(Oc3cccc(Br)c3)c1N(C)C2,IC50,1200.0,nM,=,CHEMBL906925,CHEMBL203,5.92
CHEMBL216048,COc1cc2c(cc1OC)Oc1ncnc(Oc3cccc(Br)c3)c1NC2,IC50,700.0,nM,=,CHEMBL906925,CHEMBL203,6.16
CHEMBL386052,COc1cc2c(cc1OC)Oc1nc(C)nc(Nc3cccc(Cl)c3F)c1NC2,IC50,100000.0,nM,>,CHEMBL906925,CHEMBL203,
CHEMBL380168,COc1cc2c(cc1OC)Oc1nc(C)nc(Nc3cccc(Br)c3)c1NC2,IC50,100000.0,nM,>,CHEMBL906925,CHEMBL203,
CHEMBL377730,COc1cc2c(cc1OC)Oc1ncnc(Nc3ccc4ncsc4c3)c1NC2,IC50,5600.0,nM,=,CHEMBL906925,CHEMBL203,5.25
CHEMBL215973,COc1cc2c(cc1OC)Oc1ncnc(Nc3ccc4ccccc4c3)c1NC2,IC50,500.0,nM,=,CHEMBL906925,CHEMBL203,6.30
CHEMBL215488,COc1cc2c(cc1OC)Oc1ncnc(Nc3ccc4c[nH]nc4c3)c1NC2,IC50,1200.0,nM,=,CHEMBL906925,CHEMBL203,5.92
CHEMBL384558,COc1cc2c(cc1OC)Oc1ncnc(Nc3ccc(F)cc3Cl)c1NC2,IC50,3400.0,nM,=,CHEMBL906925,CHEMBL203,5.47
CHEMBL214753,COc1cc2c(cc1OC)Oc1ncnc(Nc3cc(Cl)ccc3F)c1NC2,IC50,1100.0,nM,=,CHEMBL906925,CHEMBL203,5.96
CHEMBL214868,COc1cc2c(cc1OC)Oc1ncnc(Nc3cccc(Cl)c3F)c1NC2,IC50,300.0,nM,=,CHEMBL906925,CHEMBL203,6.52
CHEMBL202970,COc1cc2c(cc1OC)Oc1ncnc(Nc3ccc(F)c(Cl)c3)c1NC2,IC50,1200.0,nM,=,CHEMBL906925,CHEMBL203,5.92
CHEMBL386998,COc1cc2c(cc1OC)Oc1ncnc(Nc3ccc(F)cc3)c1NC2,IC50,7100.0,nM,=,CHEMBL906925,CHEMBL203,5.15
CHEMBL385015,COc1cc2c(cc1OC)Oc1ncnc(Nc3ccc(Br)cc3)c1NC2,IC50,8700.0,nM,=,CHEMBL906925,CHEMBL203,5.06
CHEMBL215071,C#Cc1cccc(Nc2ncnc3c2NCc2cc(OC)c(OC)cc2O3)c1,IC50,3200.0,nM,=,CHEMBL906925,CHEMBL203,5.50
CHEMBL386365,COc1cc2c(cc1OC)Oc1ncnc(Nc3cccc(C)c3)c1NC2,IC50,7400.0,nM,=,CHEMBL906925,CHEMBL203,5.13
CHEMBL380972,COc1cc2c(cc1OC)Oc1ncnc(Nc3cccc(Br)c3)c1NC2,IC50,500.0,nM,=,CHEMBL906926,CHEMBL203,6.30
CHEMBL379001,COc1cc2c(cc1OC)Nc1ncnc(N[C@H](C)c3ccccc3)c1NC2,IC50,500.0,nM,=,CHEMBL906926,CHEMBL203,6.30
CHEMBL215191,COc1cc2c(cc1OC)Nc1ncnc(NCc3ccccc3)c1NC2,IC50,900.0,nM,=,CHEMBL906926,CHEMBL203,6.05
CHEMBL216039,COc1cccc(CNc2ncnc3c2NCc2cc(OC)c(OC)cc2N3)c1,IC50,11700.0,nM,=,CHEMBL906926,CHEMBL203,4.93
CHEMBL376089,COc1cc2c(cc1OC)Nc1ncnc(NCc3ccc(F)c(Cl)c3)c1NC2,IC50,1600.0,nM,=,CHEMBL906926,CHEMBL203,5.80
CHEMBL215055,COc1cc2c(cc1OC)Nc1ncnc(Nc3cccc(Br)c3)c1NC2,IC50,,,,CHEMBL906926,CHEMBL203,
CHEMBL215210,COc1cc2c(cc1OC)Oc1ncnc(Sc3cccc(Cl)c3)c1NC2,IC50,2400.0,nM,=,CHEMBL906926,CHEMBL203,5.62
CHEMBL214853,COc1cc2c(cc1OC)Oc1ncnc(Sc3cccc(Br)c3)c1NC2,IC50,1200.0,nM,=,CHEMBL906926,CHEMBL203,5.92
CHEMBL213173,COc1cc2c(cc1OC)Oc1ncnc(Oc3cccc(Cl)c3F)c1NC2,IC50,,,,CHEMBL906926,CHEMBL203,
CHEMBL384067,COc1cc2c(cc1OC)Oc1ncnc(Oc3cccc(Br)c3)c1N(C)C2,IC50,6100.0,nM,=,CHEMBL906926,CHEMBL203,5.21
CHEMBL216048,COc1cc2c(cc1OC)Oc1ncnc(Oc3cccc(Br)c3)c1NC2,IC50,1800.0,nM,=,CHEMBL906926,CHEMBL203,5.75
CHEMBL386052,COc1cc2c(cc1OC)Oc1nc(C)nc(Nc3cccc(Cl)c3F)c1NC2,IC50,,,,CHEMBL906926,CHEMBL203,
CHEMBL380168,COc1cc2c(cc1OC)Oc1nc(C)nc(Nc3cccc(Br)c3)c1NC2,IC50,,,,CHEMBL906926,CHEMBL203,
CHEMBL377730,COc1cc2c(cc1OC)Oc1ncnc(Nc3ccc4ncsc4c3)c1NC2,IC50,,,,CHEMBL906926,CHEMBL203,
CHEMBL215973,COc1cc2c(cc1OC)Oc1ncnc(Nc3ccc4ccccc4c3)c1NC2,IC50,2300.0,nM,=,CHEMBL906926,CHEMBL203,5.64
CHEMBL215488,COc1cc2c(cc1OC)Oc1ncnc(Nc3ccc4c[nH]nc4c3)c1NC2,IC50,,,,CHEMBL906926,CHEMBL203,
CHEMBL384558,COc1cc2c(cc1OC)Oc1ncnc(Nc3ccc(F)cc3Cl)c1NC2,IC50,100000.0,nM,>,CHEMBL906926,CHEMBL203,
CHEMBL214753,COc1cc2c(cc1OC)Oc1ncnc(Nc3cc(Cl)ccc3F)c1NC2,IC50,3900.0,nM,=,CHEMBL906926,CHEMBL203,5.41
CHEMBL214868,COc1cc2c(cc1OC)Oc1ncnc(Nc3cccc(Cl)c3F)c1NC2,IC50,4600.0,nM,=,CHEMBL906926,CHEMBL203,5.34
CHEMBL202970,COc1cc2c(cc1OC)Oc1ncnc(Nc3ccc(F)c(Cl)c3)c1NC2,IC50,700.0,nM,=,CHEMBL906926,CHEMBL203,6.16
CHEMBL386998,COc1cc2c(cc1OC)Oc1ncnc(Nc3ccc(F)cc3)c1NC2,IC50,7600.0,nM,=,CHEMBL906926,CHEMBL203,5.12
CHEMBL385015,COc1cc2c(cc1OC)Oc1ncnc(Nc3ccc(Br)cc3)c1NC2,IC50,100000.0,nM,>,CHEMBL906926,CHEMBL203,
CHEMBL215071,C#Cc1cccc(Nc2ncnc3c2NCc2cc(OC)c(OC)cc2O3)c1,IC50,900.0,nM,=,CHEMBL906926,CHEMBL203,6.05
CHEMBL386365,COc1cc2c(cc1OC)Oc1ncnc(Nc3cccc(C)c3)c1NC2,IC50,4400.0,nM,=,CHEMBL906926,CHEMBL203,5.36
CHEMBL213007,COc1cc2ncnc(Nc3cc(Cl)ccc3F)c2cc1OC1CCN(S(C)(=O)=O)CC1,IC50,1.0,nM,=,CHEMBL856356,CHEMBL203,9.00
CHEMBL214478,COc1cc2ncnc(Nc3cc(Cl)ccc3F)c2cc1OC1CCN(CC(N)=O)CC1,IC50,9.0,nM,=,CHEMBL856356,CHEMBL203,8.05
CHEMBL215559,COCCN1CCC(Oc2cc3c(Nc4cc(Cl)ccc4F)ncnc3cc2OC)CC1,IC50,114.0,nM,=,CHEMBL856356,CHEMBL203,6.94
CHEMBL387265,COc1cc2ncnc(Nc3cccc(Cl)c3F)c2cc1OC1CCN(S(C)(=O)=O)CC1,IC50,2.0,nM,=,CHEMBL856356,CHEMBL203,8.70
CHEMBL218677,COc1cc2ncnc(Nc3cccc(Cl)c3F)c2cc1OC1CCN(CC(N)=O)CC1,IC50,2.0,nM,=,CHEMBL856356,CHEMBL203,8.70
CHEMBL214857,COCCN1CCC(Oc2cc3c(Nc4cccc(Cl)c4F)ncnc3cc2OC)CC1,IC50,3.0,nM,=,CHEMBL856356,CHEMBL203,8.52
CHEMBL425620,COc1cc2c(cc1OC)Oc1ncnc(Oc3ccc(F)c(Cl)c3)c1N(C)C2,IC50,,,,CHEMBL906926,CHEMBL203,
CHEMBL216216,O=C(Nc1ccccn1)c1ccccc1NCc1ccncc1,Activity,,,,CHEMBL906916,CHEMBL203,
CHEMBL384222,COc1cc(OCc2ccncc2)c(C(=N)Nc2ccccc2Cl)cc1OC,Activity,,,,CHEMBL906916,CHEMBL203,
CHEMBL215984,COc1cc(OCc2ccncc2)c(C(=N)Nc2ccc(Cl)cc2)cc1OC,Activity,,,,CHEMBL906916,CHEMBL203,
CHEMBL436958,COc1cc(OCc2ccncc2)c(C(=N)Nc2ccccc2C(F)(F)F)cc1OC,Activity,,,,CHEMBL906916,CHEMBL203,
CHEMBL215528,N=C(Nc1ccccc1Cl)c1ccccc1OCc1ccncc1,Activity,,,,CHEMBL906916,CHEMBL203,
CHEMBL216003,N=C(Nc1ccc(Cl)cc1)c1ccccc1OCc1ccncc1,Activity,,,,CHEMBL906916,CHEMBL203,
CHEMBL212079,N=C(Nc1ccccc1C(F)(F)F)c1ccccc1OCc1ccncc1,Activity,,,,CHEMBL906916,CHEMBL203,
CHEMBL214095,COc1cc(NCc2ccncc2)c(C(=N)Nc2ccccc2Cl)cc1OC,Activity,,,,CHEMBL906916,CHEMBL203,
CHEMBL387303,COc1cc(NCc2ccncc2)c(C(=N)Nc2ccc(Cl)cc2)cc1OC,Activity,,,,CHEMBL906916,CHEMBL203,
CHEMBL215547,COc1cc(NCc2ccncc2)c(C(=N)Nc2ccccc2C(F)(F)F)cc1OC,Activity,,,,CHEMBL906916,CHEMBL203,
CHEMBL216297,N=C(Nc1ccccc1Cl)c1ccccc1NCc1ccncc1,Activity,,,,CHEMBL906916,CHEMBL203,
CHEMBL387249,N=C(Nc1ccc(Cl)cc1)c1ccccc1NCc1ccncc1,Activity,,,,CHEMBL906916,CHEMBL203,
CHEMBL214714,N=C(Nc1ccccc1C(F)(F)F)c1ccccc1NCc1ccncc1,Activity,,,,CHEMBL906916,CHEMBL203,
CHEMBL215000,COc1cc(OCc2ccncc2)c(C(=O)Nc2ccccn2)cc1OC,Activity,,,,CHEMBL906916,CHEMBL203,
CHEMBL215954,COc1cc(OCc2ccncc2)c(C(=O)Nc2cnccn2)cc1OC,Activity,,,,CHEMBL906916,CHEMBL203,
CHEMBL269443,COc1cc(OCc2ccncc2)c(C(=O)Nc2ncccn2)cc1OC,Activity,,,,CHEMBL906916,CHEMBL203,
CHEMBL214973,COc1cc(OCc2ccncc2)c(C(=O)Nc2ccc(Cl)cc2)cc1OC,Activity,,,,CHEMBL906916,CHEMBL203,
CHEMBL213174,COc1cc(OCc2ccncc2)c(C(=O)Nc2ccccc2Cl)cc1OC,Activity,,,,CHEMBL906916,CHEMBL203,
CHEMBL385609,COc1cc(OCc2ccncc2)c(C(=O)Nc2ccccc2C(F)(F)F)cc1OC,Activity,,,,CHEMBL906916,CHEMBL203,
CHEMBL216013,O=C(Nc1ccccc1Cl)c1ccccc1OCc1ccncc1,Activity,,,,CHEMBL906916,CHEMBL203,
CHEMBL216043,O=C(Nc1ccccc1C(F)(F)F)c1ccccc1OCc1ccncc1,Activity,,,,CHEMBL906916,CHEMBL203,
CHEMBL385610,COc1cc(NCc2ccncc2)c(C(=O)Nc2cnccn2)cc1OC,Activity,,,,CHEMBL906916,CHEMBL203,
CHEMBL214807,COc1cc(NCc2ccncc2)c(C(=O)Nc2ncccn2)cc1OC,Activity,,,,CHEMBL906916,CHEMBL203,
CHEMBL214939,COc1cc(NCc2ccncc2)c(C(=O)Nc2ccccn2)cc1OC,Activity,,,,CHEMBL906916,CHEMBL203,
CHEMBL214496,O=C(Nc1cnccn1)c1ccccc1NCc1ccncc1,Activity,,,,CHEMBL906916,CHEMBL203,
CHEMBL215978,O=C(Nc1ncccn1)c1ccccc1NCc1ccncc1,Activity,,,,CHEMBL906916,CHEMBL203,
CHEMBL29197,COc1cc2ncnc(Nc3cccc(Br)c3)c2cc1OC,IC50,28.0,nM,=,CHEMBL908277,CHEMBL203,7.55
CHEMBL285063,C=CC(=O)Nc1ccc2ncnc(Nc3cccc(Br)c3)c2c1,IC50,36.0,nM,=,CHEMBL908277,CHEMBL203,7.44
CHEMBL217536,O=C(Nc1ccc2ncnc(Nc3cccc(Br)c3)c2c1)C1CCSS1,IC50,60.0,nM,=,CHEMBL908277,CHEMBL203,7.22
CHEMBL450944,O=C(CC1CCSS1)Nc1ccc2ncnc(Nc3cccc(Br)c3)c2c1,IC50,3000.0,nM,>,CHEMBL908277,CHEMBL203,
CHEMBL217825,O=C(CCCCC1CCSS1)Nc1ccc2ncnc(Nc3cccc(Br)c3)c2c1,IC50,3000.0,nM,>,CHEMBL908277,CHEMBL203,
CHEMBL384304,COc1ccc(F)c(F)c1C(=O)c1cnc(NC2CCN(S(C)(=O)=O)CC2)nc1N,Ki,5000.0,nM,>,CHEMBL908843,CHEMBL203,
CHEMBL364623,Cc1cc(Nc2ncc(C(=O)Nc3c(C)cccc3Cl)s2)nc(C)n1,IC50,5200.0,nM,=,CHEMBL912344,CHEMBL203,5.28
CHEMBL5416410,Cc1nc(Nc2ncc(C(=O)Nc3c(C)cccc3Cl)s2)cc(N2CCN(CCO)CC2)n1.O,IC50,180.0,nM,=,CHEMBL912344,CHEMBL203,6.75
CHEMBL217090,Clc1ccc2c(c1Nc1ncnc3cc(OCCCN4CCCC4)cc(OC4CCOCC4)c13)OCO2,IC50,900.0,nM,=,CHEMBL854974,CHEMBL203,6.05
CHEMBL217092,CN1CCN(CCOc2cc(OC3CCOCC3)c3c(Nc4c(Cl)ccc5c4OCO5)ncnc3c2)CC1,IC50,2590.0,nM,=,CHEMBL854974,CHEMBL203,5.59
CHEMBL402548,CO[C@@H](C(=O)N1Cc2[nH]nc(NC(=O)c3ccc(N4CCN(C)CC4)cc3)c2C1)c1ccccc1,IC50,10000.0,nM,>,CHEMBL913518,CHEMBL203,
CHEMBL201511,COc1cc(C2=C(c3c[nH]c4ccccc34)C(=O)NC2=O)cc(OC)c1OC,IC50,32000.0,nM,=,CHEMBL912717,CHEMBL203,4.50
CHEMBL383899,O=C(Nc1cccc(Nc2nccc(Nc3cccc(C(F)(F)F)c3)n2)c1)C1CC1,IC50,10000.0,nM,>,CHEMBL856400,CHEMBL203,
CHEMBL216260,O=C(Nc1cccc(Nc2ccnc(Nc3cccc(C(F)(F)F)c3)n2)c1)C1CC1,IC50,10000.0,nM,>,CHEMBL856400,CHEMBL203,
CHEMBL387187,O=C(Nc1cccc(Nc2cc(Nc3cccc(C(F)(F)F)c3)ncn2)c1)C1CC1,IC50,21.0,nM,=,CHEMBL856400,CHEMBL203,7.68
CHEMBL215152,CCN(CCO)CCCOc1ccc2c(Nc3cc(CC(=O)Nc4cccc(F)c4)[nH]n3)ncnc2c1,Ki,10000.0,nM,>,CHEMBL856412,CHEMBL203,
CHEMBL219557,COc1cc(Nc2c(C#N)cnc3cc(-c4coc(CN5CCN(C)CC5)c4)c(OC)cc23)c(Cl)cc1Cl,IC50,230.0,nM,=,CHEMBL910453,CHEMBL203,6.64
CHEMBL436137,Cc1cccc(C)c1-c1cc(C)c2nc(Nc3ccc(OCCN4CCCC4)cc3)nnc2c1,IC50,965.0,nM,=,CHEMBL908988,CHEMBL203,6.01
CHEMBL220037,N#Cc1cnc2ccc(NCc3c[nH]cn3)cc2c1Nc1ccc(F)c(Cl)c1,Inhibition,0.03,uM,=,CHEMBL855108,CHEMBL203,
CHEMBL373751,COc1cc2ncn(-c3cc(OCc4ccccc4S(C)(=O)=O)c(C#N)s3)c2cc1OC,IC50,10000.0,nM,<,CHEMBL910219,CHEMBL203,
CHEMBL373882,CNc1ncnc(-c2cccnc2Oc2ccc(F)c(C(=O)Nc3cc(C(F)(F)F)ccc3N(C)CCCN(C)C)c2)n1,IC50,25000.0,nM,=,CHEMBL908512,CHEMBL203,4.60
CHEMBL148471,O=C1NCc2c3c(c4[nH]c5ccccc5c4c21)Cc1ccccc1-3,Inhibition,30.0,%,<,CHEMBL911988,CHEMBL203,
CHEMBL221536,O=C1NCc2c1c1c3ccccc3sc1c1[nH]c3ccccc3c21,Inhibition,30.0,%,<,CHEMBL911988,CHEMBL203,
CHEMBL357490,O=C1NCc2c1c1c(c3[nH]c4ccccc4c23)Cc2ccccc2-1,Inhibition,30.0,%,<,CHEMBL911988,CHEMBL203,
CHEMBL374581,O=C1NCc2c3c(c4[nH]c5ccccc5c4c21)CCc1ccccc1-3,Inhibition,30.0,%,<,CHEMBL911988,CHEMBL203,
CHEMBL386636,O=C1NC(=O)c2c1c1c(c3[nH]c4ccccc4c23)CCc2ccccc2-1,Inhibition,30.0,%,<,CHEMBL911988,CHEMBL203,
CHEMBL223460,CS(=O)(=O)Nc1cc2c(cc1Cl)NC(=O)Nc1cnc(C#N)c(n1)OCCCCCO2,Ki,10000.0,nM,>,CHEMBL913849,CHEMBL203,
CHEMBL373598,N#Cc1ncc2nc1OCCCCCOc1cc(OCCCO)c(Cl)cc1NC(=O)N2,Ki,10000.0,nM,>,CHEMBL913849,CHEMBL203,
CHEMBL223367,N#Cc1ncc2nc1OCCCCCOc1cc(CCCO)c(Cl)cc1NC(=O)N2,Ki,10000.0,nM,>,CHEMBL913849,CHEMBL203,
CHEMBL5416410,Cc1nc(Nc2ncc(C(=O)Nc3c(C)cccc3Cl)s2)cc(N2CCN(CCO)CC2)n1.O,IC50,180.0,nM,=,CHEMBL914501,CHEMBL203,6.75
CHEMBL24693,CCn1c(=O)sn(C2CCCCC2)c1=O,Inhibition,10.0,%,<,CHEMBL920552,CHEMBL203,
CHEMBL284365,O=c1sn(Cc2ccccc2)c(=O)n1Cc1ccccc1,Inhibition,10.0,%,<,CHEMBL920552,CHEMBL203,
CHEMBL284861,Cn1sc(=O)n(Cc2ccccc2)c1=O,Inhibition,25.0,%,=,CHEMBL920552,CHEMBL203,
CHEMBL388088,CCOC(=O)Cn1c(=O)sn(C)c1=O,Inhibition,19.0,%,=,CHEMBL920552,CHEMBL203,
CHEMBL224236,CCn1sc(=O)n(-c2ccc([N+](=O)[O-])cc2)c1=O,Inhibition,40.0,%,=,CHEMBL920552,CHEMBL203,
CHEMBL417835,Cn1sc(=O)n(-c2ccc(C(F)(F)F)cc2)c1=O,Inhibition,17.0,%,=,CHEMBL920552,CHEMBL203,
CHEMBL1204261,CCOc1cc2ncnc(Nc3cccc(F)c3)c2cc1OCC.Cl,IC50,8.17,nM,=,CHEMBL916319,CHEMBL203,8.09
CHEMBL1203934,COc1cc2ncnc(Nc3ccc(F)cc3)c2cc1OC.Cl,IC50,51.0,nM,=,CHEMBL916319,CHEMBL203,7.29
CHEMBL1204360,COc1cc2ncnc(Nc3ccccc3F)c2cc1OC.Cl,IC50,32.2,nM,=,CHEMBL916319,CHEMBL203,7.49
CHEMBL1203940,CCOc1cc2ncnc(Nc3ccc(F)cc3)c2cc1OCC.Cl,IC50,16.0,nM,=,CHEMBL916319,CHEMBL203,7.80
CHEMBL1203939,CCOc1cc2ncnc(Nc3ccccc3F)c2cc1OCC.Cl,IC50,9.31,nM,=,CHEMBL916319,CHEMBL203,8.03
CHEMBL1203938,COc1cc2ncnc(NCc3ccc(F)cc3)c2cc1OC.Cl,IC50,47.7,nM,=,CHEMBL916319,CHEMBL203,7.32
CHEMBL1203937,CCOc1cc2ncnc(NCc3ccc(F)cc3)c2cc1OCC.Cl,IC50,17.0,nM,=,CHEMBL916319,CHEMBL203,7.77
CHEMBL1203936,COc1cc2ncnc(Nc3cc(F)cc(C(F)(F)F)c3)c2cc1OC.Cl,IC50,20.0,nM,=,CHEMBL916319,CHEMBL203,7.70
CHEMBL1203935,CCOc1cc2ncnc(Nc3cc(F)cc(C(F)(F)F)c3)c2cc1OCC.Cl,IC50,8.95,nM,=,CHEMBL916319,CHEMBL203,8.05
CHEMBL1204305,COc1cc2ncnc(Nc3cccc(I)c3)c2cc1OC.Cl,IC50,1.05,nM,=,CHEMBL916319,CHEMBL203,8.98
CHEMBL1204168,COc1cc2ncnc(Nc3cccc(Br)c3)c2cc1OC.Cl,IC50,0.66,nM,=,CHEMBL916319,CHEMBL203,9.18
CHEMBL540068,COc1cc2ncnc(Nc3cccc(Cl)c3)c2cc1OC.Cl,IC50,1.26,nM,=,CHEMBL916319,CHEMBL203,8.90
CHEMBL541586,COc1cc2ncnc(Nc3cccc(F)c3)c2cc1OC.Cl,IC50,31.9,nM,=,CHEMBL916319,CHEMBL203,7.50
CHEMBL1204262,CCOc1cc2ncnc(Nc3cccc(I)c3)c2cc1OCC.Cl,IC50,0.64,nM,=,CHEMBL916319,CHEMBL203,9.19
CHEMBL1204199,CCOc1cc2ncnc(Nc3cccc(Br)c3)c2cc1OCC.Cl,IC50,0.41,nM,=,CHEMBL916319,CHEMBL203,9.39
CHEMBL2447950,CCOc1cc2ncnc(Nc3cccc(Cl)c3)c2cc1OCC.Cl,IC50,0.38,nM,=,CHEMBL916319,CHEMBL203,9.42
CHEMBL1204261,CCOc1cc2ncnc(Nc3cccc(F)c3)c2cc1OCC.Cl,IC50,6.5,nM,=,CHEMBL916320,CHEMBL203,8.19
CHEMBL1203934,COc1cc2ncnc(Nc3ccc(F)cc3)c2cc1OC.Cl,IC50,19.1,nM,=,CHEMBL916320,CHEMBL203,7.72
CHEMBL1204360,COc1cc2ncnc(Nc3ccccc3F)c2cc1OC.Cl,IC50,12.8,nM,=,CHEMBL916320,CHEMBL203,7.89
CHEMBL1203940,CCOc1cc2ncnc(Nc3ccc(F)cc3)c2cc1OCC.Cl,IC50,23.1,nM,=,CHEMBL916320,CHEMBL203,7.64
CHEMBL1203939,CCOc1cc2ncnc(Nc3ccccc3F)c2cc1OCC.Cl,IC50,15.8,nM,=,CHEMBL916320,CHEMBL203,7.80
CHEMBL1203938,COc1cc2ncnc(NCc3ccc(F)cc3)c2cc1OC.Cl,IC50,10.9,nM,=,CHEMBL916320,CHEMBL203,7.96
CHEMBL1203937,CCOc1cc2ncnc(NCc3ccc(F)cc3)c2cc1OCC.Cl,IC50,6.6,nM,=,CHEMBL916320,CHEMBL203,8.18
CHEMBL1203936,COc1cc2ncnc(Nc3cc(F)cc(C(F)(F)F)c3)c2cc1OC.Cl,IC50,19.1,nM,=,CHEMBL916320,CHEMBL203,7.72
CHEMBL1203935,CCOc1cc2ncnc(Nc3cc(F)cc(C(F)(F)F)c3)c2cc1OCC.Cl,IC50,50.0,nM,>,CHEMBL916320,CHEMBL203,
CHEMBL1204305,COc1cc2ncnc(Nc3cccc(I)c3)c2cc1OC.Cl,IC50,6.4,nM,=,CHEMBL916320,CHEMBL203,8.19
CHEMBL1204168,COc1cc2ncnc(Nc3cccc(Br)c3)c2cc1OC.Cl,IC50,2.6,nM,=,CHEMBL916320,CHEMBL203,8.59
CHEMBL540068,COc1cc2ncnc(Nc3cccc(Cl)c3)c2cc1OC.Cl,IC50,0.8,nM,=,CHEMBL916320,CHEMBL203,9.10
CHEMBL541586,COc1cc2ncnc(Nc3cccc(F)c3)c2cc1OC.Cl,IC50,6.3,nM,=,CHEMBL916320,CHEMBL203,8.20
CHEMBL1204262,CCOc1cc2ncnc(Nc3cccc(I)c3)c2cc1OCC.Cl,IC50,4.6,nM,=,CHEMBL916320,CHEMBL203,8.34
CHEMBL1204199,CCOc1cc2ncnc(Nc3cccc(Br)c3)c2cc1OCC.Cl,IC50,3.2,nM,=,CHEMBL916320,CHEMBL203,8.49
CHEMBL2447950,CCOc1cc2ncnc(Nc3cccc(Cl)c3)c2cc1OCC.Cl,IC50,1.2,nM,=,CHEMBL916320,CHEMBL203,8.92
CHEMBL1204261,CCOc1cc2ncnc(Nc3cccc(F)c3)c2cc1OCC.Cl,IC50,99.0,nM,=,CHEMBL916323,CHEMBL203,7.00
CHEMBL1203934,COc1cc2ncnc(Nc3ccc(F)cc3)c2cc1OC.Cl,IC50,612.0,nM,=,CHEMBL916323,CHEMBL203,6.21
CHEMBL1204360,COc1cc2ncnc(Nc3ccccc3F)c2cc1OC.Cl,IC50,179.0,nM,=,CHEMBL916323,CHEMBL203,6.75
CHEMBL1203940,CCOc1cc2ncnc(Nc3ccc(F)cc3)c2cc1OCC.Cl,IC50,622.0,nM,=,CHEMBL916323,CHEMBL203,6.21
CHEMBL1203939,CCOc1cc2ncnc(Nc3ccccc3F)c2cc1OCC.Cl,IC50,141.0,nM,=,CHEMBL916323,CHEMBL203,6.85
CHEMBL1203938,COc1cc2ncnc(NCc3ccc(F)cc3)c2cc1OC.Cl,IC50,489.0,nM,=,CHEMBL916323,CHEMBL203,6.31
CHEMBL1203937,CCOc1cc2ncnc(NCc3ccc(F)cc3)c2cc1OCC.Cl,IC50,188.0,nM,=,CHEMBL916323,CHEMBL203,6.73
CHEMBL1203936,COc1cc2ncnc(Nc3cc(F)cc(C(F)(F)F)c3)c2cc1OC.Cl,IC50,1634.0,nM,=,CHEMBL916323,CHEMBL203,5.79
CHEMBL1203935,CCOc1cc2ncnc(Nc3cc(F)cc(C(F)(F)F)c3)c2cc1OCC.Cl,IC50,3000.0,nM,>,CHEMBL916323,CHEMBL203,
CHEMBL1204305,COc1cc2ncnc(Nc3cccc(I)c3)c2cc1OC.Cl,IC50,585.0,nM,=,CHEMBL916323,CHEMBL203,6.23
CHEMBL1204168,COc1cc2ncnc(Nc3cccc(Br)c3)c2cc1OC.Cl,IC50,211.0,nM,=,CHEMBL916323,CHEMBL203,6.68
CHEMBL540068,COc1cc2ncnc(Nc3cccc(Cl)c3)c2cc1OC.Cl,IC50,173.0,nM,=,CHEMBL916323,CHEMBL203,6.76
CHEMBL541586,COc1cc2ncnc(Nc3cccc(F)c3)c2cc1OC.Cl,IC50,59.0,nM,=,CHEMBL916323,CHEMBL203,7.23
CHEMBL1204262,CCOc1cc2ncnc(Nc3cccc(I)c3)c2cc1OCC.Cl,IC50,153.0,nM,=,CHEMBL916323,CHEMBL203,6.82
CHEMBL1204199,CCOc1cc2ncnc(Nc3cccc(Br)c3)c2cc1OCC.Cl,IC50,78.0,nM,=,CHEMBL916323,CHEMBL203,7.11
CHEMBL2447950,CCOc1cc2ncnc(Nc3cccc(Cl)c3)c2cc1OCC.Cl,IC50,108.0,nM,=,CHEMBL916323,CHEMBL203,6.97
CHEMBL1204261,CCOc1cc2ncnc(Nc3cccc(F)c3)c2cc1OCC.Cl,Ratio IC50,19.5,,=,CHEMBL916325,CHEMBL203,
CHEMBL1203934,COc1cc2ncnc(Nc3ccc(F)cc3)c2cc1OC.Cl,Ratio IC50,5.5,,=,CHEMBL916325,CHEMBL203,
CHEMBL1204360,COc1cc2ncnc(Nc3ccccc3F)c2cc1OC.Cl,Ratio IC50,10.9,,=,CHEMBL916325,CHEMBL203,
CHEMBL1203940,CCOc1cc2ncnc(Nc3ccc(F)cc3)c2cc1OCC.Cl,Ratio IC50,12.0,,=,CHEMBL916325,CHEMBL203,
CHEMBL1203939,CCOc1cc2ncnc(Nc3ccccc3F)c2cc1OCC.Cl,Ratio IC50,7.8,,=,CHEMBL916325,CHEMBL203,
CHEMBL1203937,CCOc1cc2ncnc(NCc3ccc(F)cc3)c2cc1OCC.Cl,Ratio IC50,7.6,,=,CHEMBL916325,CHEMBL203,
CHEMBL1203936,COc1cc2ncnc(Nc3cc(F)cc(C(F)(F)F)c3)c2cc1OC.Cl,Ratio IC50,2.9,,=,CHEMBL916325,CHEMBL203,
CHEMBL1204305,COc1cc2ncnc(Nc3cccc(I)c3)c2cc1OC.Cl,Ratio IC50,4.2,,=,CHEMBL916325,CHEMBL203,
CHEMBL1204168,COc1cc2ncnc(Nc3cccc(Br)c3)c2cc1OC.Cl,Ratio IC50,7.6,,=,CHEMBL916325,CHEMBL203,
CHEMBL540068,COc1cc2ncnc(Nc3cccc(Cl)c3)c2cc1OC.Cl,Ratio IC50,11.5,,=,CHEMBL916325,CHEMBL203,
CHEMBL541586,COc1cc2ncnc(Nc3cccc(F)c3)c2cc1OC.Cl,Ratio IC50,33.2,,=,CHEMBL916325,CHEMBL203,
CHEMBL1204262,CCOc1cc2ncnc(Nc3cccc(I)c3)c2cc1OCC.Cl,Ratio IC50,10.3,,=,CHEMBL916325,CHEMBL203,
CHEMBL1204199,CCOc1cc2ncnc(Nc3cccc(Br)c3)c2cc1OCC.Cl,Ratio IC50,21.7,,=,CHEMBL916325,CHEMBL203,
CHEMBL2447950,CCOc1cc2ncnc(Nc3cccc(Cl)c3)c2cc1OCC.Cl,Ratio IC50,10.1,,=,CHEMBL916325,CHEMBL203,
CHEMBL534948,Cc1cccc(C)c1Nc1ncc(-c2ccc(OCC3CCCN(C)C3)cc2)n2cncc12.Cl,IC50,2730.0,nM,=,CHEMBL919737,CHEMBL203,5.56
CHEMBL343352,Nc1ccc2ncnc(Nc3cccc(Cl)c3)c2c1,IC50,200.0,nM,=,CHEMBL904734,CHEMBL203,6.70
CHEMBL225721,COc1ccc(N(CCN/N=N/c2ccc3ncnc(Nc4cccc(Cl)c4)c3c2)CC(C)Cl)cc1,IC50,970.0,nM,=,CHEMBL904734,CHEMBL203,6.01
CHEMBL225720,CN(C)CCN/N=N/c1ccc2ncnc(Nc3cccc(Cl)c3)c2c1,IC50,37.0,nM,=,CHEMBL904734,CHEMBL203,7.43
CHEMBL225930,ClCCN(CCN/N=N/c1ccc2ncnc(Nc3cccc(Cl)c3)c2c1)c1ccc(Cl)cc1,IC50,2200.0,nM,=,CHEMBL904734,CHEMBL203,5.66
CHEMBL388286,COc1ccc(N(CCCl)CCN/N=N/c2ccc3ncnc(Nc4cccc(Cl)c4)c3c2)cc1,IC50,3960.0,nM,=,CHEMBL904734,CHEMBL203,5.40
CHEMBL225929,ClCCN(CCN/N=N/c1ccc2ncnc(Nc3cccc(Cl)c3)c2c1)Cc1ccccc1,IC50,71.0,nM,=,CHEMBL904734,CHEMBL203,7.15
CHEMBL225928,CN(CCCl)CCN/N=N/c1ccc2ncnc(Nc3cccc(Cl)c3)c2c1,IC50,4.4,nM,=,CHEMBL904734,CHEMBL203,8.36
CHEMBL225928,CN(CCCl)CCN/N=N/c1ccc2ncnc(Nc3cccc(Cl)c3)c2c1,Activity,,,,CHEMBL904738,CHEMBL203,
CHEMBL375671,Cc1cc(Nc2ncnc3cnc(N4CCOCC4)cc23)ccc1Oc1ccc(C(=O)NCC(C)(C)C)cc1,Activity,10.0,uM,>,CHEMBL887675,CHEMBL203,
CHEMBL395080,COc1cc(-c2ccc3c(c2)Nc2ccc(CC(=O)Nc4ccc(N5CCOCC5)cc4)cc2NC3=O)ccc1N,IC50,,,,CHEMBL894173,CHEMBL203,
CHEMBL389745,COc1cc(-c2ccc3c(c2)Nc2ccc(C(C)(C)C(=O)Nc4ccc(N5CCOCC5)cc4)cc2NC3=O)ccc1N,IC50,10000.0,nM,>,CHEMBL894173,CHEMBL203,
CHEMBL395997,N#Cc1cnc2c(O)cc(NCc3c[nH]cn3)cc2c1Nc1ccc(F)c(Cl)c1,IC50,,,,CHEMBL896194,CHEMBL203,
CHEMBL231568,CNC(=O)c1cc(Oc2ccc3oc(Nc4ccc(Cl)c(OC[C@@H]5CCCN5C)c4)nc3c2)ccn1,IC50,25000.0,nM,>,CHEMBL895917,CHEMBL203,
CHEMBL242426,N#Cc1cnc2c(OCC(O)CO)cc(NCc3c[nH]cn3)cc2c1Nc1ccc(F)c(Cl)c1,IC50,,,,CHEMBL896194,CHEMBL203,
CHEMBL242425,N#Cc1cnc2c(CC(O)CO)cc(NCc3c[nH]cn3)cc2c1Nc1ccc(F)c(Cl)c1,IC50,,,,CHEMBL896194,CHEMBL203,
CHEMBL242207,CS(=O)(=O)c1cc(NCc2c[nH]cn2)cc2c(Nc3ccc(F)c(Cl)c3)c(C#N)cnc12,IC50,,,,CHEMBL896194,CHEMBL203,
CHEMBL220037,N#Cc1cnc2ccc(NCc3c[nH]cn3)cc2c1Nc1ccc(F)c(Cl)c1,IC50,30.0,nM,=,CHEMBL896194,CHEMBL203,7.52
CHEMBL425834,CN(C)CCCn1cc(CNc2cc(Br)c3ncc(C#N)c(Nc4ccc(F)c(Cl)c4)c3c2)nn1,IC50,5000.0,nM,>,CHEMBL896194,CHEMBL203,
CHEMBL230232,N#Cc1cnc2c(Br)cc(NCc3c[nH]nn3)cc2c1Nc1ccc(F)c(Cl)c1,IC50,5000.0,nM,>,CHEMBL896194,CHEMBL203,
CHEMBL395573,N#Cc1cnc2c(Cl)cc(NCc3cccc[n+]3[O-])cc2c1Nc1ccc(F)c(Cl)c1,IC50,2900.0,nM,=,CHEMBL896194,CHEMBL203,5.54
CHEMBL242852,N#Cc1cnc2c(Cl)cc(NCc3cccnc3)cc2c1Nc1ccc(F)c(Cl)c1,IC50,5000.0,nM,>,CHEMBL896194,CHEMBL203,
CHEMBL397949,CC(=O)c1cc(NCc2c[nH]cn2)cc2c(Nc3ccc(F)c(Cl)c3)c(C#N)cnc12,IC50,156.0,nM,=,CHEMBL896194,CHEMBL203,6.81
CHEMBL242208,CN(C)C(=O)c1cc(NCc2c[nH]cn2)cc2c(Nc3ccc(F)c(Cl)c3)c(C#N)cnc12,IC50,20000.0,nM,>,CHEMBL896194,CHEMBL203,
CHEMBL242206,C[S+]([O-])c1cc(NCc2c[nH]cn2)cc2c(Nc3ccc(F)c(Cl)c3)c(C#N)cnc12,IC50,5000.0,nM,=,CHEMBL896194,CHEMBL203,5.30
CHEMBL241990,COc1cc(NCc2c[nH]cn2)cc2c(Nc3ccc(F)c(Cl)c3)c(C#N)cnc12,IC50,2080.0,nM,=,CHEMBL896194,CHEMBL203,5.68
CHEMBL241989,N#Cc1cnc2c(C(F)(F)F)cc(NCc3c[nH]cn3)cc2c1Nc1ccc(F)c(Cl)c1,IC50,20000.0,nM,>,CHEMBL896194,CHEMBL203,
CHEMBL241988,N#Cc1cnc2c(Br)cc(NCc3c[nH]cn3)cc2c1Nc1ccc(F)c(Cl)c1,IC50,3300.0,nM,=,CHEMBL896194,CHEMBL203,5.48
CHEMBL436817,N#Cc1cnc2c(Cl)cc(NCc3cnc[nH]3)cc2c1Nc1ccc(F)c(Cl)c1,IC50,1800.0,nM,=,CHEMBL896194,CHEMBL203,5.75
CHEMBL245212,N#Cc1cnc2c(F)cc(NCc3c[nH]cn3)cc2c1Nc1ccc(F)c(Cl)c1,IC50,500.0,nM,=,CHEMBL896194,CHEMBL203,6.30
CHEMBL29197,COc1cc2ncnc(Nc3cccc(Br)c3)c2cc1OC,Inhibition,5.0,%,=,CHEMBL892956,CHEMBL203,
CHEMBL607707,CCOc1cc2ncc(C#N)c(Nc3ccc(F)c(Cl)c3)c2cc1NC(=O)/C=C/CN(C)C,IC50,0.6,nM,=,CHEMBL892951,CHEMBL203,9.22
CHEMBL607707,CCOc1cc2ncc(C#N)c(Nc3ccc(F)c(Cl)c3)c2cc1NC(=O)/C=C/CN(C)C,IC50,34.9,nM,=,CHEMBL892954,CHEMBL203,7.46
CHEMBL607707,CCOc1cc2ncc(C#N)c(Nc3ccc(F)c(Cl)c3)c2cc1NC(=O)/C=C/CN(C)C,Ratio,59.2,,=,CHEMBL892957,CHEMBL203,
CHEMBL242131,CN(C)C/C=C/C(=O)Nc1ccc2ncnc(Nc3ccc(Br)cc3F)c2c1,Inhibition,64.0,%,=,CHEMBL892952,CHEMBL203,
CHEMBL242555,COCCOc1cc2ncnc(NC3=CC(=O)C(OCc4ccccc4)=CC3=O)c2cc1OC,Inhibition,20.0,%,=,CHEMBL892953,CHEMBL203,
CHEMBL396472,COCCOc1cc2ncnc(NC3=CC(=O)C(OCc4cccc(F)c4)=CC3=O)c2cc1OC,Inhibition,34.0,%,=,CHEMBL892953,CHEMBL203,
CHEMBL428039,CCOc1cc2ncnc(NC3=CC(=O)C(OC)=CC3=O)c2cc1NC(=O)/C=C/CN(C)C,Inhibition,24.0,%,=,CHEMBL892955,CHEMBL203,
CHEMBL396472,COCCOc1cc2ncnc(NC3=CC(=O)C(OCc4cccc(F)c4)=CC3=O)c2cc1OC,Inhibition,-27.0,%,=,CHEMBL892955,CHEMBL203,
CHEMBL242555,COCCOc1cc2ncnc(NC3=CC(=O)C(OCc4ccccc4)=CC3=O)c2cc1OC,Inhibition,-30.0,%,=,CHEMBL892955,CHEMBL203,
CHEMBL242349,COCCOc1cc2ncnc(NC3=CC(=O)C(OCc4cccc(OC)c4)=CC3=O)c2cc1OC,Inhibition,-13.0,%,=,CHEMBL892955,CHEMBL203,
CHEMBL24828,COc1cc2/c(=N/c3ccc(Br)cc3F)nc[nH]c2cc1OCC1CCN(C)CC1,Inhibition,18.0,%,=,CHEMBL892955,CHEMBL203,
CHEMBL101253,Clc1ccc(Nc2nnc(Cc3ccncc3)c3ccccc23)cc1,Inhibition,46.0,%,=,CHEMBL892955,CHEMBL203,
CHEMBL396472,COCCOc1cc2ncnc(NC3=CC(=O)C(OCc4cccc(F)c4)=CC3=O)c2cc1OC,IC50,10000.0,nM,>,CHEMBL892951,CHEMBL203,
CHEMBL242555,COCCOc1cc2ncnc(NC3=CC(=O)C(OCc4ccccc4)=CC3=O)c2cc1OC,IC50,10000.0,nM,>,CHEMBL892951,CHEMBL203,
CHEMBL242349,COCCOc1cc2ncnc(NC3=CC(=O)C(OCc4cccc(OC)c4)=CC3=O)c2cc1OC,IC50,7710.0,nM,=,CHEMBL892951,CHEMBL203,5.11
CHEMBL24828,COc1cc2/c(=N/c3ccc(Br)cc3F)nc[nH]c2cc1OCC1CCN(C)CC1,IC50,112.4,nM,=,CHEMBL892951,CHEMBL203,6.95
CHEMBL101253,Clc1ccc(Nc2nnc(Cc3ccncc3)c3ccccc23)cc1,IC50,457.7,nM,=,CHEMBL892951,CHEMBL203,6.34
CHEMBL939,COc1cc2ncnc(Nc3ccc(F)c(Cl)c3)c2cc1OCCCN1CCOCC1,IC50,5.4,nM,=,CHEMBL892951,CHEMBL203,8.27
CHEMBL29197,COc1cc2ncnc(Nc3cccc(Br)c3)c2cc1OC,IC50,2.6,nM,=,CHEMBL892951,CHEMBL203,8.59
CHEMBL242131,CN(C)C/C=C/C(=O)Nc1ccc2ncnc(Nc3ccc(Br)cc3F)c2c1,IC50,10.0,nM,<,CHEMBL892951,CHEMBL203,
CHEMBL241919,CCOc1cc2ncnc(NC3=CC(=O)C(OCc4cccc(C)c4)=CC3=O)c2cc1NC(=O)/C=C/CN(C)C,IC50,24.9,nM,=,CHEMBL892951,CHEMBL203,7.60
CHEMBL241918,CCOc1cc2ncnc(NC3=CC(=O)C(OCc4cccc(OC)c4)=CC3=O)c2cc1NC(=O)/C=C/CN(C)C,IC50,107.3,nM,=,CHEMBL892951,CHEMBL203,6.97
CHEMBL243839,CCOc1cc2ncnc(NC3=CC(=O)C(OCc4cccs4)=CC3=O)c2cc1NC(=O)/C=C/CN(C)C,IC50,47.5,nM,=,CHEMBL892951,CHEMBL203,7.32
CHEMBL243837,CCOc1cc2ncnc(NC3=CC(=O)C(OCc4cccc(Cl)c4)=CC3=O)c2cc1NC(=O)/C=C/CN(C)C,IC50,12.2,nM,=,CHEMBL892951,CHEMBL203,7.91
CHEMBL398154,CCOc1cc2ncnc(NC3=CC(=O)C(OCc4ccccn4)=CC3=O)c2cc1NC(=O)/C=C/CN(C)C,IC50,90.8,nM,=,CHEMBL892951,CHEMBL203,7.04
CHEMBL243629,CCOc1cc2ncnc(NC3=CC(=O)C(OCc4ccccc4)=CC3=O)c2cc1NC(=O)/C=C/CN(C)C,IC50,18.7,nM,=,CHEMBL892951,CHEMBL203,7.73
CHEMBL243628,CCOc1cc2ncnc(NC3=CC(=O)C(OCc4ccc(F)c(F)c4)=CC3=O)c2cc1NC(=O)/C=C/CN(C)C,IC50,166.7,nM,=,CHEMBL892951,CHEMBL203,6.78
CHEMBL428741,CCOc1cc2ncnc(NC3=CC(=O)C(OCc4cccc(F)c4)=CC3=O)c2cc1NC(=O)/C=C/CN(C)C,IC50,4.1,nM,=,CHEMBL892951,CHEMBL203,8.39
CHEMBL243410,CCOc1cc2ncnc(NC3=CC(=O)C(OC(CF)CF)=CC3=O)c2cc1NC(=O)/C=C/CN(C)C,IC50,283.3,nM,=,CHEMBL892951,CHEMBL203,6.55
CHEMBL428039,CCOc1cc2ncnc(NC3=CC(=O)C(OC)=CC3=O)c2cc1NC(=O)/C=C/CN(C)C,IC50,799.3,nM,=,CHEMBL892951,CHEMBL203,6.10
CHEMBL180022,CCOc1cc2ncc(C#N)c(Nc3ccc(OCc4ccccn4)c(Cl)c3)c2cc1NC(=O)/C=C/CN(C)C,IC50,0.08,nM,=,CHEMBL892951,CHEMBL203,10.10
CHEMBL396472,COCCOc1cc2ncnc(NC3=CC(=O)C(OCc4cccc(F)c4)=CC3=O)c2cc1OC,IC50,10000.0,nM,>,CHEMBL892954,CHEMBL203,
CHEMBL242555,COCCOc1cc2ncnc(NC3=CC(=O)C(OCc4ccccc4)=CC3=O)c2cc1OC,IC50,10000.0,nM,>,CHEMBL892954,CHEMBL203,
CHEMBL242349,COCCOc1cc2ncnc(NC3=CC(=O)C(OCc4cccc(OC)c4)=CC3=O)c2cc1OC,IC50,10000.0,nM,>,CHEMBL892954,CHEMBL203,
CHEMBL24828,COc1cc2/c(=N/c3ccc(Br)cc3F)nc[nH]c2cc1OCC1CCN(C)CC1,IC50,10000.0,nM,>,CHEMBL892954,CHEMBL203,
CHEMBL101253,Clc1ccc(Nc2nnc(Cc3ccncc3)c3ccccc23)cc1,IC50,10000.0,nM,>,CHEMBL892954,CHEMBL203,
CHEMBL939,COc1cc2ncnc(Nc3ccc(F)c(Cl)c3)c2cc1OCCCN1CCOCC1,IC50,2753.0,nM,=,CHEMBL892954,CHEMBL203,5.56
CHEMBL29197,COc1cc2ncnc(Nc3cccc(Br)c3)c2cc1OC,IC50,100.0,nM,>,CHEMBL892954,CHEMBL203,
CHEMBL242131,CN(C)C/C=C/C(=O)Nc1ccc2ncnc(Nc3ccc(Br)cc3F)c2c1,IC50,704.0,nM,=,CHEMBL892954,CHEMBL203,6.15
CHEMBL241919,CCOc1cc2ncnc(NC3=CC(=O)C(OCc4cccc(C)c4)=CC3=O)c2cc1NC(=O)/C=C/CN(C)C,IC50,173.1,nM,=,CHEMBL892954,CHEMBL203,6.76
CHEMBL241918,CCOc1cc2ncnc(NC3=CC(=O)C(OCc4cccc(OC)c4)=CC3=O)c2cc1NC(=O)/C=C/CN(C)C,IC50,346.9,nM,=,CHEMBL892954,CHEMBL203,6.46
CHEMBL243839,CCOc1cc2ncnc(NC3=CC(=O)C(OCc4cccs4)=CC3=O)c2cc1NC(=O)/C=C/CN(C)C,IC50,295.2,nM,=,CHEMBL892954,CHEMBL203,6.53
CHEMBL243837,CCOc1cc2ncnc(NC3=CC(=O)C(OCc4cccc(Cl)c4)=CC3=O)c2cc1NC(=O)/C=C/CN(C)C,IC50,35.6,nM,=,CHEMBL892954,CHEMBL203,7.45
CHEMBL398154,CCOc1cc2ncnc(NC3=CC(=O)C(OCc4ccccn4)=CC3=O)c2cc1NC(=O)/C=C/CN(C)C,IC50,791.9,nM,=,CHEMBL892954,CHEMBL203,6.10
CHEMBL243629,CCOc1cc2ncnc(NC3=CC(=O)C(OCc4ccccc4)=CC3=O)c2cc1NC(=O)/C=C/CN(C)C,IC50,216.2,nM,=,CHEMBL892954,CHEMBL203,6.67
CHEMBL243628,CCOc1cc2ncnc(NC3=CC(=O)C(OCc4ccc(F)c(F)c4)=CC3=O)c2cc1NC(=O)/C=C/CN(C)C,IC50,894.3,nM,=,CHEMBL892954,CHEMBL203,6.05
CHEMBL428741,CCOc1cc2ncnc(NC3=CC(=O)C(OCc4cccc(F)c4)=CC3=O)c2cc1NC(=O)/C=C/CN(C)C,IC50,43.1,nM,=,CHEMBL892954,CHEMBL203,7.37
CHEMBL243410,CCOc1cc2ncnc(NC3=CC(=O)C(OC(CF)CF)=CC3=O)c2cc1NC(=O)/C=C/CN(C)C,IC50,2089.0,nM,=,CHEMBL892954,CHEMBL203,5.68
CHEMBL428039,CCOc1cc2ncnc(NC3=CC(=O)C(OC)=CC3=O)c2cc1NC(=O)/C=C/CN(C)C,IC50,10000.0,nM,>,CHEMBL892954,CHEMBL203,
CHEMBL180022,CCOc1cc2ncc(C#N)c(Nc3ccc(OCc4ccccn4)c(Cl)c3)c2cc1NC(=O)/C=C/CN(C)C,IC50,0.18,nM,=,CHEMBL892954,CHEMBL203,9.74
CHEMBL396472,COCCOc1cc2ncnc(NC3=CC(=O)C(OCc4cccc(F)c4)=CC3=O)c2cc1OC,Ratio,1.0,,>,CHEMBL892957,CHEMBL203,
CHEMBL242555,COCCOc1cc2ncnc(NC3=CC(=O)C(OCc4ccccc4)=CC3=O)c2cc1OC,Ratio,1.0,,>,CHEMBL892957,CHEMBL203,
CHEMBL242349,COCCOc1cc2ncnc(NC3=CC(=O)C(OCc4cccc(OC)c4)=CC3=O)c2cc1OC,Ratio,1.3,,>,CHEMBL892957,CHEMBL203,
CHEMBL24828,COc1cc2/c(=N/c3ccc(Br)cc3F)nc[nH]c2cc1OCC1CCN(C)CC1,Ratio,89.0,,>,CHEMBL892957,CHEMBL203,
CHEMBL101253,Clc1ccc(Nc2nnc(Cc3ccncc3)c3ccccc23)cc1,Ratio,21.8,,>,CHEMBL892957,CHEMBL203,
CHEMBL939,COc1cc2ncnc(Nc3ccc(F)c(Cl)c3)c2cc1OCCCN1CCOCC1,Ratio,505.3,,=,CHEMBL892957,CHEMBL203,
CHEMBL29197,COc1cc2ncnc(Nc3cccc(Br)c3)c2cc1OC,Ratio,38.7,,>,CHEMBL892957,CHEMBL203,
CHEMBL242131,CN(C)C/C=C/C(=O)Nc1ccc2ncnc(Nc3ccc(Br)cc3F)c2c1,Ratio,70.4,,>,CHEMBL892957,CHEMBL203,
CHEMBL241919,CCOc1cc2ncnc(NC3=CC(=O)C(OCc4cccc(C)c4)=CC3=O)c2cc1NC(=O)/C=C/CN(C)C,Ratio,7.0,,=,CHEMBL892957,CHEMBL203,
CHEMBL241918,CCOc1cc2ncnc(NC3=CC(=O)C(OCc4cccc(OC)c4)=CC3=O)c2cc1NC(=O)/C=C/CN(C)C,Ratio,3.2,,=,CHEMBL892957,CHEMBL203,
CHEMBL243839,CCOc1cc2ncnc(NC3=CC(=O)C(OCc4cccs4)=CC3=O)c2cc1NC(=O)/C=C/CN(C)C,Ratio,6.2,,=,CHEMBL892957,CHEMBL203,
CHEMBL243837,CCOc1cc2ncnc(NC3=CC(=O)C(OCc4cccc(Cl)c4)=CC3=O)c2cc1NC(=O)/C=C/CN(C)C,Ratio,2.9,,=,CHEMBL892957,CHEMBL203,
CHEMBL398154,CCOc1cc2ncnc(NC3=CC(=O)C(OCc4ccccn4)=CC3=O)c2cc1NC(=O)/C=C/CN(C)C,Ratio,8.7,,=,CHEMBL892957,CHEMBL203,
CHEMBL243629,CCOc1cc2ncnc(NC3=CC(=O)C(OCc4ccccc4)=CC3=O)c2cc1NC(=O)/C=C/CN(C)C,Ratio,11.5,,=,CHEMBL892957,CHEMBL203,
CHEMBL243628,CCOc1cc2ncnc(NC3=CC(=O)C(OCc4ccc(F)c(F)c4)=CC3=O)c2cc1NC(=O)/C=C/CN(C)C,Ratio,5.4,,=,CHEMBL892957,CHEMBL203,
CHEMBL428741,CCOc1cc2ncnc(NC3=CC(=O)C(OCc4cccc(F)c4)=CC3=O)c2cc1NC(=O)/C=C/CN(C)C,Ratio,10.6,,=,CHEMBL892957,CHEMBL203,
CHEMBL243410,CCOc1cc2ncnc(NC3=CC(=O)C(OC(CF)CF)=CC3=O)c2cc1NC(=O)/C=C/CN(C)C,Ratio,7.4,,=,CHEMBL892957,CHEMBL203,
CHEMBL428039,CCOc1cc2ncnc(NC3=CC(=O)C(OC)=CC3=O)c2cc1NC(=O)/C=C/CN(C)C,Ratio,12.5,,>,CHEMBL892957,CHEMBL203,
CHEMBL180022,CCOc1cc2ncc(C#N)c(Nc3ccc(OCc4ccccn4)c(Cl)c3)c2cc1NC(=O)/C=C/CN(C)C,Ratio,2.3,,=,CHEMBL892957,CHEMBL203,
CHEMBL242541,Nc1ccc2ncnc(Nc3ccc(F)c(Cl)c3)c2c1,Inhibition,95.0,%,=,CHEMBL893389,CHEMBL203,
CHEMBL279329,O=C(CCI)Nc1ccc2ncnc(Nc3ccc(F)c(Cl)c3)c2c1,Inhibition,100.0,%,=,CHEMBL893389,CHEMBL203,
CHEMBL394574,O=C(CCBr)Nc1ccc2ncnc(Nc3ccc(F)c(Cl)c3)c2c1,Inhibition,100.0,%,=,CHEMBL893389,CHEMBL203,
CHEMBL394574,O=C(CCBr)Nc1ccc2ncnc(Nc3ccc(F)c(Cl)c3)c2c1,Activity,,,,CHEMBL893390,CHEMBL203,
CHEMBL279329,O=C(CCI)Nc1ccc2ncnc(Nc3ccc(F)c(Cl)c3)c2c1,Activity,,,,CHEMBL893390,CHEMBL203,
CHEMBL427671,Cc1ccn2ncnc(Nc3ccc4c(cnn4Cc4cccc(F)c4)c3)c12,IC50,81.0,nM,=,CHEMBL893470,CHEMBL203,7.09
CHEMBL398793,CC1CNCCN(Cc2ccn3ncnc(Nc4ccc5c(cnn5Cc5cccc(F)c5)c4)c23)C1,IC50,130.0,nM,=,CHEMBL893470,CHEMBL203,6.89
CHEMBL392774,COC1CNCCN(Cc2ccn3ncnc(Nc4ccc5c(cnn5Cc5cccc(F)c5)c4)c23)C1,IC50,190.0,nM,=,CHEMBL893470,CHEMBL203,6.72
CHEMBL234580,O=C1CNCCN(Cc2ccn3ncnc(Nc4ccc5c(cnn5Cc5cccc(F)c5)c4)c23)C1,IC50,780.0,nM,=,CHEMBL893470,CHEMBL203,6.11
CHEMBL393787,O[C@@H]1CNCCN(Cc2ccn3ncnc(Nc4ccc5c(cnn5Cc5cccc(F)c5)c4)c23)C1,IC50,200.0,nM,=,CHEMBL893470,CHEMBL203,6.70
CHEMBL233325,O[C@H]1CNCCN(Cc2ccn3ncnc(Nc4ccc5c(cnn5Cc5cccc(F)c5)c4)c23)C1,IC50,26.0,nM,=,CHEMBL893470,CHEMBL203,7.58
CHEMBL233324,O=C1CCN(Cc2ccn3ncnc(Nc4ccc5c(cnn5Cc5cccc(F)c5)c4)c23)CCN1,IC50,240.0,nM,=,CHEMBL893470,CHEMBL203,6.62
CHEMBL400413,CS(=O)(=O)N1CCCN(Cc2ccn3ncnc(Nc4ccc5c(cnn5Cc5cccc(F)c5)c4)c23)CC1,IC50,210.0,nM,=,CHEMBL893470,CHEMBL203,6.68
CHEMBL234577,CN1CCCN(Cc2ccn3ncnc(Nc4ccc5c(cnn5Cc5cccc(F)c5)c4)c23)CC1,IC50,130.0,nM,=,CHEMBL893470,CHEMBL203,6.89
CHEMBL392273,Fc1cccc(Cn2ncc3cc(Nc4ncnn5ccc(CN6CCCNCC6)c45)ccc32)c1,IC50,33.0,nM,=,CHEMBL893470,CHEMBL203,7.48
CHEMBL231885,CC(=O)N1CCN(Cc2ccn3ncnc(Nc4ccc5c(cnn5Cc5cccc(F)c5)c4)c23)CC1,IC50,710.0,nM,=,CHEMBL893470,CHEMBL203,6.15
CHEMBL265629,O=C1CN(Cc2ccn3ncnc(Nc4ccc5c(cnn5Cc5cccc(F)c5)c4)c23)CCN1,IC50,350.0,nM,=,CHEMBL893470,CHEMBL203,6.46
CHEMBL232082,CN1CCN(Cc2ccn3ncnc(Nc4ccc5c(cnn5Cc5cccc(F)c5)c4)c23)CC1,IC50,170.0,nM,=,CHEMBL893470,CHEMBL203,6.77
CHEMBL231875,Fc1cccc(Cn2ncc3cc(Nc4ncnn5ccc(CN6CCNCC6)c45)ccc32)c1,IC50,90.0,nM,=,CHEMBL893470,CHEMBL203,7.05
CHEMBL398388,NC(=O)C1CCN(Cc2ccn3ncnc(Nc4ccc5c(cnn5Cc5cccc(F)c5)c4)c23)CC1,IC50,140.0,nM,=,CHEMBL893470,CHEMBL203,6.85
CHEMBL231663,COC(=O)C1CCN(Cc2ccn3ncnc(Nc4ccc5c(cnn5Cc5cccc(F)c5)c4)c23)CC1,IC50,1000.0,nM,=,CHEMBL893470,CHEMBL203,6.00
CHEMBL234772,O=C(O)C1CCN(Cc2ccn3ncnc(Nc4ccc5c(cnn5Cc5cccc(F)c5)c4)c23)CC1,IC50,220.0,nM,=,CHEMBL893470,CHEMBL203,6.66
CHEMBL401443,OC1CCN(Cc2ccn3ncnc(Nc4ccc5c(cnn5Cc5cccc(F)c5)c4)c23)CC1,IC50,68.0,nM,=,CHEMBL893470,CHEMBL203,7.17
CHEMBL391675,Fc1cccc(Cn2ncc3cc(Nc4ncnn5ccc(CN6CCCC6)c45)ccc32)c1,IC50,500.0,nM,=,CHEMBL893470,CHEMBL203,6.30
CHEMBL391521,CN(CCO)Cc1ccn2ncnc(Nc3ccc4c(cnn4Cc4cccc(F)c4)c3)c12,IC50,110.0,nM,=,CHEMBL893470,CHEMBL203,6.96
CHEMBL391321,OCCNCc1ccn2ncnc(Nc3ccc4c(cnn4Cc4cccc(F)c4)c3)c12,IC50,45.0,nM,=,CHEMBL893470,CHEMBL203,7.35
CHEMBL244946,Cc1ccc2c(-c3nnc(SCCCN4CCc5ccc(-c6cc(C)nn6C)cc5CC4)n3C)cccc2n1,Inhibition,-22.0,%,=,CHEMBL895567,CHEMBL203,
CHEMBL233001,N#Cc1c(NC(=O)c2cccc3ccccc23)sc2c1CCCC2,IC50,10000.0,nM,>,CHEMBL897075,CHEMBL203,
CHEMBL232601,N#Cc1c(NC(=O)c2cccc3ccccc23)sc2c1CCCN2C(=O)C1CC1,IC50,10000.0,nM,>,CHEMBL897075,CHEMBL203,
CHEMBL232800,O=C(Nc1ccc(Cl)cc1)c1ccnn1CCc1ccccn1,Activity,30.0,%,=,CHEMBL897515,CHEMBL203,
CHEMBL233829,O=C(Nc1ccc(C(F)(F)F)c(Cl)c1)c1nnnn1CCc1ccncc1,Activity,30.0,%,=,CHEMBL897515,CHEMBL203,
CHEMBL233828,CC(C)(C)c1ccc(NC(=O)c2nnnn2CCc2ccncc2)cc1,Activity,30.0,%,=,CHEMBL897515,CHEMBL203,
CHEMBL233827,O=C(Nc1ccc(OC(F)(F)F)cc1)c1nnnn1CCc1ccncc1,Activity,30.0,%,=,CHEMBL897515,CHEMBL203,
CHEMBL234205,O=C(Nc1ccc(C(F)(F)F)cc1)c1nnnn1CCc1ccncc1,Activity,30.0,%,=,CHEMBL897515,CHEMBL203,
CHEMBL393001,O=C(Nc1ccc(Cl)cc1)c1nnnn1CCc1ccncc1,Activity,30.0,%,=,CHEMBL897515,CHEMBL203,
CHEMBL234013,O=C(Nc1ccc(C(F)(F)F)c(Cl)c1)c1nc2ccccc2n1CCc1ccncc1,Activity,30.0,%,=,CHEMBL897515,CHEMBL203,
CHEMBL234012,O=C(Nc1ccc(OC(F)(F)F)cc1)c1nc2ccccc2n1CCc1ccncc1,Activity,30.0,%,=,CHEMBL897515,CHEMBL203,
CHEMBL233826,O=C(Nc1ccc(Cl)cc1)c1nc2ccccc2n1CCc1ccncc1,Activity,30.0,%,=,CHEMBL897515,CHEMBL203,
CHEMBL233825,O=C(Nc1ccc(C(F)(F)F)c(Cl)c1)c1nccn1CCc1ccncc1,Activity,30.0,%,=,CHEMBL897515,CHEMBL203,
CHEMBL233824,CC(C)(C)c1ccc(NC(=O)c2nccn2CCc2ccncc2)cc1,Activity,30.0,%,=,CHEMBL897515,CHEMBL203,
CHEMBL391104,O=C(Nc1ccc(OC(F)(F)F)cc1)c1nccn1CCc1ccncc1,Activity,30.0,%,=,CHEMBL897515,CHEMBL203,
CHEMBL234203,O=C(Nc1ccc(C(F)(F)F)cc1)c1nccn1CCc1ccncc1,Activity,30.0,%,=,CHEMBL897515,CHEMBL203,
CHEMBL234202,O=C(Nc1ccc(Cl)cc1)c1nccn1CCc1ccncc1,Activity,30.0,%,=,CHEMBL897515,CHEMBL203,
CHEMBL391103,O=C(Nc1ccc(OC(F)(F)F)cc1)c1cc2ccccc2n1CCc1ccncc1,Activity,30.0,%,=,CHEMBL897515,CHEMBL203,
CHEMBL234201,O=C(Nc1ccc(Cl)cc1)c1cc2ccccc2n1CCc1ccncc1,Activity,30.0,%,=,CHEMBL897515,CHEMBL203,
CHEMBL234011,Cc1nn(CCc2ccncc2)c(C(=O)Nc2ccc(OC(F)(F)F)cc2)c1C,Activity,30.0,%,=,CHEMBL897515,CHEMBL203,
CHEMBL391102,Cc1nn(CCc2ccncc2)c(C(=O)Nc2ccc(Cl)cc2)c1C,Activity,30.0,%,=,CHEMBL897515,CHEMBL203,
CHEMBL392331,Cc1cc(C(=O)Nc2ccc(OC(F)(F)F)cc2)n(CCc2ccncc2)n1,Activity,30.0,%,=,CHEMBL897515,CHEMBL203,
CHEMBL234010,Cc1cc(C(=O)Nc2ccc(Cl)cc2)n(CCc2ccncc2)n1,Activity,30.0,%,=,CHEMBL897515,CHEMBL203,
CHEMBL234009,COc1ccc(NC(=O)c2ccnn2CCc2ccncc2)cc1OC,Activity,30.0,%,=,CHEMBL897515,CHEMBL203,
CHEMBL392330,O=C(Nc1ccc(Cl)c(Cl)c1)c1ccnn1CCc1ccncc1,Activity,30.0,%,=,CHEMBL897515,CHEMBL203,
CHEMBL233823,O=C(Nc1ccc(C(F)(F)F)c(Cl)c1)c1ccnn1CCc1ccncc1,Activity,30.0,%,=,CHEMBL897515,CHEMBL203,
CHEMBL233822,O=C(Nc1ccc(Cl)c(C(F)(F)F)c1)c1ccnn1CCc1ccncc1,Activity,30.0,%,=,CHEMBL897515,CHEMBL203,
CHEMBL392329,O=C(Nc1ccc2cn[nH]c2c1)c1ccnn1CCc1ccncc1,Activity,30.0,%,=,CHEMBL897515,CHEMBL203,
CHEMBL233821,O=C(Nc1ccc2[nH]ncc2c1)c1ccnn1CCc1ccncc1,Activity,30.0,%,=,CHEMBL897515,CHEMBL203,
CHEMBL391069,O=C(Nc1cnc2ccccc2c1)c1ccnn1CCc1ccncc1,Activity,30.0,%,=,CHEMBL897515,CHEMBL203,
CHEMBL233631,O=C(Nc1ccc(OCc2ccccc2)cc1)c1ccnn1CCc1ccncc1,Activity,30.0,%,=,CHEMBL897515,CHEMBL203,
CHEMBL392313,O=C(Nc1ccc(Oc2ccccc2)cc1)c1ccnn1CCc1ccncc1,Activity,30.0,%,=,CHEMBL897515,CHEMBL203,
CHEMBL399606,O=C(Nc1ccc(-c2ccccc2)cc1)c1ccnn1CCc1ccncc1,Activity,30.0,%,=,CHEMBL897515,CHEMBL203,
CHEMBL236420,CC(C)c1ccc(NC(=O)c2ccnn2CCc2ccncc2)cc1,Activity,30.0,%,=,CHEMBL897515,CHEMBL203,
CHEMBL399605,CC(C)(C)c1ccc(NC(=O)c2ccnn2CCc2ccncc2)cc1,Activity,30.0,%,=,CHEMBL897515,CHEMBL203,
CHEMBL236419,O=C(Nc1cccc(OC(F)(F)Cl)c1)c1ccnn1CCc1ccncc1,Activity,30.0,%,=,CHEMBL897515,CHEMBL203,
CHEMBL236206,O=C(Nc1cccc(OC(F)(F)F)c1)c1ccnn1CCc1ccncc1,Activity,30.0,%,=,CHEMBL897515,CHEMBL203,
CHEMBL236205,O=C(Nc1ccc(OC(F)(F)F)cc1)c1ccnn1CCc1ccncc1,Activity,30.0,%,=,CHEMBL897515,CHEMBL203,
CHEMBL392935,CCc1ccc(NC(=O)c2ccnn2CCc2ccncc2)cc1,Activity,30.0,%,=,CHEMBL897515,CHEMBL203,
CHEMBL392934,O=C(Nc1ccc(C(F)(F)F)cc1)c1ccnn1CCc1ccncc1,Activity,30.0,%,=,CHEMBL897515,CHEMBL203,
CHEMBL237680,O=C(Nc1ccc(Cl)cc1)c1ccnn1CCc1c[nH]cn1,Activity,30.0,%,=,CHEMBL897515,CHEMBL203,
CHEMBL237679,O=C(Nc1ccc(Cl)cc1)c1ccnn1CCc1noc2ccccc12,Activity,30.0,%,=,CHEMBL897515,CHEMBL203,
CHEMBL232802,O=C(Nc1ccc(Cl)cc1)c1ccnn1CCc1cnoc1,Activity,30.0,%,=,CHEMBL897515,CHEMBL203,
CHEMBL234864,COc1ccc(CCn2nccc2C(=O)Nc2ccc(Cl)cc2)cc1OC,Activity,30.0,%,=,CHEMBL897515,CHEMBL203,
CHEMBL393006,O=C(Nc1ccc(Cl)cc1)c1ccnn1CCc1ccc(F)c(F)c1,Activity,30.0,%,=,CHEMBL897515,CHEMBL203,
CHEMBL234863,CC1C=C2OCOC2=C(CCn2nccc2C(=O)Nc2ccc(Cl)cc2)C1,Activity,30.0,%,=,CHEMBL897515,CHEMBL203,
CHEMBL397323,O=C(Nc1ccc(Cl)cc1)c1ccnn1CCc1ccncc1,Activity,30.0,%,=,CHEMBL897515,CHEMBL203,
CHEMBL397322,O=C(Nc1ccc(Cl)cc1)c1ccnn1CCc1cccnc1,Activity,30.0,%,=,CHEMBL897515,CHEMBL203,
CHEMBL233338,CN(C(=O)C1CCCCC1)c1ccc2c(c1)nc(NC(=O)c1cccs1)n2CCCN,IC50,6000.0,nM,>,CHEMBL895277,CHEMBL203,
CHEMBL200381,N#Cc1cnc2cnc(NCc3cccnc3)cc2c1Nc1ccc(F)c(Cl)c1,IC50,5000.0,nM,<,CHEMBL898017,CHEMBL203,
CHEMBL236384,N#Cc1cnc2cnc(NCc3cccnc3)cc2c1NC1CCCCCC1,IC50,20000.0,nM,>,CHEMBL898017,CHEMBL203,
CHEMBL236383,CC(C)(C)Nc1c(C#N)cnc2cnc(NCc3cccnc3)cc12,IC50,40000.0,nM,>,CHEMBL898017,CHEMBL203,
CHEMBL446633,N#Cc1cnc2cnc(NCc3cccnc3)cc2c1NC1CC1,IC50,40000.0,nM,>,CHEMBL898017,CHEMBL203,
CHEMBL238323,N#Cc1cnc2cnc(NCc3cccnc3)cc2c1NC1CCCC1,IC50,40000.0,nM,>,CHEMBL898017,CHEMBL203,
CHEMBL393707,N#Cc1cnc2cnc(NCc3cccnc3)cc2c1NC1CCCCC1,IC50,40000.0,nM,>,CHEMBL898017,CHEMBL203,
CHEMBL238322,N#Cc1cnc2cnc(NCc3cccnc3)cc2c1Nc1ccccc1,IC50,5000.0,nM,<,CHEMBL898017,CHEMBL203,
CHEMBL238273,CCC(C)(C)Nc1c(C#N)cnc2cnc(NCc3cccnc3)cc12,IC50,40000.0,nM,>,CHEMBL898017,CHEMBL203,
CHEMBL220037,N#Cc1cnc2ccc(NCc3c[nH]cn3)cc2c1Nc1ccc(F)c(Cl)c1,IC50,30.0,nM,=,CHEMBL898017,CHEMBL203,7.52
CHEMBL398606,CC(C)NCc1ccc(Nc2cc(-c3ccc(-c4ccc(O)cc4O)cc3)[nH]n2)cc1,IC50,30000.0,nM,>,CHEMBL898069,CHEMBL203,
CHEMBL400211,CSc1nc(Nc2cccc(Cl)c2)c2cnn(CC(Cl)c3ccccc3)c2n1,Inhibition,42.0,%,=,CHEMBL898748,CHEMBL203,
CHEMBL238561,CSc1nc(Nc2cccc(Br)c2)c2cnn(CC(Cl)c3ccccc3)c2n1,Inhibition,17.0,%,=,CHEMBL898748,CHEMBL203,
CHEMBL240158,Cc1nc(Nc2ncc(C(=O)Nc3c(C)cccc3Cl)s2)cc(N2CCN(CCF)CC2)n1,Inhibition,27.2,%,=,CHEMBL900481,CHEMBL203,
CHEMBL388978,CN[C@@H]1C[C@H]2O[C@@](C)([C@@H]1OC)n1c3ccccc3c3c4c(c5c6ccccc6n2c5c31)C(=O)NC4,Inhibition,82.4,%,=,CHEMBL900481,CHEMBL203,
CHEMBL391738,COc1cc(Nc2c(C#N)cnc3cc(C#CCCN4CCN(C)CC4)c(OC)cc23)c(Cl)cc1Cl,IC50,720.0,nM,=,CHEMBL885861,CHEMBL203,6.14
CHEMBL188304,Cc1ccn2ncnc(Nc3ccc(F)c(Cl)c3)c12,IC50,100.0,nM,=,CHEMBL903494,CHEMBL203,7.00
CHEMBL427671,Cc1ccn2ncnc(Nc3ccc4c(cnn4Cc4cccc(F)c4)c3)c12,IC50,81.0,nM,=,CHEMBL903494,CHEMBL203,7.09
CHEMBL394463,Cc1ccn2ncnc(Nc3ccc4c(cnn4Cc4cccnc4)c3)c12,IC50,1800.0,nM,=,CHEMBL903494,CHEMBL203,5.75
CHEMBL394462,Cc1ccn2ncnc(Nc3ccc4c(cnn4Cc4ccccn4)c3)c12,IC50,200.0,nM,=,CHEMBL903494,CHEMBL203,6.70
CHEMBL429827,Cc1ccn2ncnc(Nc3ccc4c(cnn4Cc4ccccc4)c3)c12,IC50,86.0,nM,=,CHEMBL903494,CHEMBL203,7.07
CHEMBL247101,Cc1ccn2ncnc(Nc3ccc(OCc4cccc(F)c4)c(Cl)c3)c12,IC50,250.0,nM,=,CHEMBL903494,CHEMBL203,6.60
CHEMBL247100,Cc1ccn2ncnc(Nc3ccc4[nH]ncc4c3)c12,IC50,210.0,nM,=,CHEMBL903494,CHEMBL203,6.68
CHEMBL246276,OCc1ccn2ncnc(Nc3ccc4c(cnn4Cc4cccc(F)c4)c3)c12,IC50,120.0,nM,=,CHEMBL903494,CHEMBL203,6.92
CHEMBL395591,Fc1cccc(Cn2ncc3cc(Nc4ncnn5ccc(COCC6CNCCOC6)c45)ccc32)c1,IC50,210.0,nM,=,CHEMBL903494,CHEMBL203,6.68
CHEMBL246492,Fc1cccc(Cn2ncc3cc(Nc4ncnn5ccc(COC[C@@H]6COCCN6)c45)ccc32)c1,IC50,640.0,nM,=,CHEMBL903494,CHEMBL203,6.19
CHEMBL428046,Fc1cccc(Cn2ncc3cc(Nc4ncnn5ccc(COC[C@H]6CNCCO6)c45)ccc32)c1,IC50,83.0,nM,=,CHEMBL903494,CHEMBL203,7.08
CHEMBL246284,Fc1cccc(Cn2ncc3cc(Nc4ncnn5ccc(COC[C@@H]6CNCCO6)c45)ccc32)c1,IC50,61.0,nM,=,CHEMBL903494,CHEMBL203,7.21
CHEMBL246073,Fc1cccc(Cn2ncc3cc(Nc4ncnn5ccc(COC[C@H]6CCCNC6)c45)ccc32)c1,IC50,190.0,nM,=,CHEMBL903494,CHEMBL203,6.72
CHEMBL246072,Fc1cccc(Cn2ncc3cc(Nc4ncnn5ccc(COCC6CCNCC6)c45)ccc32)c1,IC50,130.0,nM,=,CHEMBL903494,CHEMBL203,6.89
CHEMBL245869,Fc1cccc(Cn2ncc3cc(Nc4ncnn5ccc(COC6CCNCC6)c45)ccc32)c1,IC50,73.0,nM,=,CHEMBL903494,CHEMBL203,7.14
CHEMBL245868,CN(C)CCCOCc1ccn2ncnc(Nc3ccc4c(cnn4Cc4cccc(F)c4)c3)c12,IC50,620.0,nM,=,CHEMBL903494,CHEMBL203,6.21
CHEMBL245867,NCCCCOCc1ccn2ncnc(Nc3ccc4c(cnn4Cc4cccc(F)c4)c3)c12,IC50,160.0,nM,=,CHEMBL903494,CHEMBL203,6.80
CHEMBL245667,NCCCOCc1ccn2ncnc(Nc3ccc4c(cnn4Cc4cccc(F)c4)c3)c12,IC50,64.0,nM,=,CHEMBL903494,CHEMBL203,7.19
CHEMBL394333,NCCOCc1ccn2ncnc(Nc3ccc4c(cnn4Cc4cccc(F)c4)c3)c12,IC50,90.0,nM,=,CHEMBL903494,CHEMBL203,7.05
CHEMBL246694,NC(=O)COCc1ccn2ncnc(Nc3ccc4c(cnn4Cc4cccc(F)c4)c3)c12,IC50,140.0,nM,=,CHEMBL903494,CHEMBL203,6.85
CHEMBL246491,COC(=O)COCc1ccn2ncnc(Nc3ccc4c(cnn4Cc4cccc(F)c4)c3)c12,IC50,460.0,nM,=,CHEMBL903494,CHEMBL203,6.34
CHEMBL394057,O=C(O)COCc1ccn2ncnc(Nc3ccc4c(cnn4Cc4cccc(F)c4)c3)c12,IC50,30.0,nM,=,CHEMBL903494,CHEMBL203,7.52
CHEMBL246489,COCCOCc1ccn2ncnc(Nc3ccc4c(cnn4Cc4cccc(F)c4)c3)c12,IC50,490.0,nM,=,CHEMBL903494,CHEMBL203,6.31
CHEMBL394056,COCc1ccn2ncnc(Nc3ccc4c(cnn4Cc4cccc(F)c4)c3)c12,IC50,340.0,nM,=,CHEMBL903494,CHEMBL203,6.47
CHEMBL246493,Fc1cccc(COc2ccc(Nc3ncnn4ccc(COC[C@@H]5CNCCO5)c34)cc2Cl)c1,IC50,570.0,nM,=,CHEMBL903494,CHEMBL203,6.24
CHEMBL397122,C[C@@H](c1cccc(F)c1)n1ncc2cc(Nc3ncnn4ccc(COC[C@@H]5CNCCO5)c34)ccc21,IC50,400.0,nM,=,CHEMBL903494,CHEMBL203,6.40
CHEMBL245278,C[C@H](c1cccc(F)c1)n1ncc2cc(Nc3ncnn4ccc(COC[C@@H]5CNCCO5)c34)ccc21,IC50,68.0,nM,=,CHEMBL903494,CHEMBL203,7.17
CHEMBL245277,C[C@@H](c1ccccc1)n1ncc2cc(Nc3ncnn4ccc(COC[C@@H]5CNCCO5)c34)ccc21,IC50,690.0,nM,=,CHEMBL903494,CHEMBL203,6.16
CHEMBL394495,C[C@H](c1ccccc1)n1ncc2cc(Nc3ncnn4ccc(COC[C@@H]5CNCCO5)c34)ccc21,IC50,120.0,nM,=,CHEMBL903494,CHEMBL203,6.92
CHEMBL247127,c1cncc(Cn2ncc3cc(Nc4ncnn5ccc(COC[C@@H]6CNCCO6)c45)ccc32)c1,IC50,810.0,nM,=,CHEMBL903494,CHEMBL203,6.09
CHEMBL396079,c1ccc(Cn2ncc3cc(Nc4ncnn5ccc(COC[C@@H]6CNCCO6)c45)ccc32)nc1,IC50,500.0,nM,=,CHEMBL903494,CHEMBL203,6.30
CHEMBL395883,COc1cn2ncnc(Nc3ccc4c(cnn4Cc4cccc(F)c4)c3)c2c1COC[C@@H]1CNCCO1,IC50,430.0,nM,=,CHEMBL903494,CHEMBL203,6.37
CHEMBL247228,Nc1ncnc2occ(-c3ccc(NC(=O)Nc4cc(C(F)(F)F)ccc4F)cc3)c12,IC50,10000.0,nM,=,CHEMBL903566,CHEMBL203,5.00
CHEMBL247468,c1ccc(-c2c(-c3ccc(OCCN4CCCC4)cc3)oc3ncnc(NCCN4CCNCC4)c23)cc1,IC50,397.0,nM,=,CHEMBL902558,CHEMBL203,6.40
CHEMBL247866,CC(C)Nc1ncnc2oc(-c3ccc(OCCN4CCCC4)cc3)c(-c3ccccc3)c12,IC50,1029.0,nM,=,CHEMBL902558,CHEMBL203,5.99
CHEMBL247067,CN(C)c1cc2cc(n1)CCCn1cc(c3ccccc31)C1=C(C(=O)NC1=O)c1cn(c3ccccc13)CCC2,Inhibition,96.0,%,=,CHEMBL886963,CHEMBL203,
CHEMBL1162963,CN(C)c1nc2ccc1CCCn1cc(c3ccccc31)C1=C(C(=O)NC1=O)c1cn(c3ccccc13)CC2,Inhibition,94.0,%,=,CHEMBL886963,CHEMBL203,
CHEMBL396327,O=C1NC(=O)C2=C1c1cn(c3ccccc13)CCCc1ccc(c(N3CCCC3)n1)CCCn1cc2c2ccccc21,Inhibition,104.0,%,=,CHEMBL886963,CHEMBL203,
CHEMBL397771,O=C1NC(=O)C2=C1c1cn(c3ccccc13)CCCc1cc(nc(N3CCCC3)c1)CCCn1cc2c2ccccc21,Inhibition,108.0,%,=,CHEMBL886963,CHEMBL203,
CHEMBL246356,CNc1ncnc(-c2cccnc2Oc2cc(NC(=O)c3cccc(OC(F)(F)C(F)F)c3)ccc2C)n1,IC50,25000.0,nM,=,CHEMBL887090,CHEMBL203,4.60
CHEMBL250583,O=C1Cc2cnn(-c3ccccc3)c2-c2ccccc2N1,Inhibition,40.0,%,<=,CHEMBL886295,CHEMBL203,
CHEMBL249901,Cc1cnc2c(NCCN)nc3cc(-c4ccccc4)sc3n12,Activity,,,,CHEMBL888339,CHEMBL203,
CHEMBL250336,Cc1cnc2c(NCCN3CCCCC3)nc3cc(-c4ccccc4)sc3n12,Activity,,,,CHEMBL888339,CHEMBL203,
CHEMBL249719,CNc1nc2cc(-c3ccccc3)sc2n2c(C)cnc12,Activity,,,,CHEMBL888339,CHEMBL203,
CHEMBL246284,Fc1cccc(Cn2ncc3cc(Nc4ncnn5ccc(COC[C@@H]6CNCCO6)c45)ccc32)c1,IC50,61.0,nM,=,CHEMBL923201,CHEMBL203,7.21
CHEMBL248322,NC1CCN(Cc2ccn3ncnc(Nc4ccc(OCc5cccc[n+]5[O-])c(Cl)c4)c23)CC1,IC50,70.0,nM,=,CHEMBL923201,CHEMBL203,7.16
CHEMBL248321,NC1CCN(Cc2ccn3ncnc(Nc4ccc(OCc5cnccn5)c(Cl)c4)c23)CC1,IC50,32.0,nM,=,CHEMBL923201,CHEMBL203,7.50
CHEMBL248116,NC1CCN(Cc2ccn3ncnc(Nc4ccc(OCc5ccccn5)c(Cl)c4)c23)CC1,IC50,36.0,nM,=,CHEMBL923201,CHEMBL203,7.44
CHEMBL248115,Cc1cncc(COc2ccc(Nc3ncnn4ccc(CN5CCC(N)CC5)c34)cc2Cl)c1,IC50,85.0,nM,=,CHEMBL923201,CHEMBL203,7.07
CHEMBL391387,NC1CCN(Cc2ccn3ncnc(Nc4ccc(OCc5cccnc5)c(Cl)c4)c23)CC1,IC50,150.0,nM,=,CHEMBL923201,CHEMBL203,6.82
CHEMBL248114,Cc1cncc(Cn2ncc3cc(Nc4ncnn5ccc(CN6CCC(N)CC6)c45)ccc32)c1,IC50,19.0,nM,=,CHEMBL923201,CHEMBL203,7.72
CHEMBL247916,NC1CCN(Cc2ccn3ncnc(Nc4ccc5c(cnn5Cc5ccncc5)c4)c23)CC1,IC50,530.0,nM,=,CHEMBL923201,CHEMBL203,6.28
CHEMBL247915,NC1CCN(Cc2ccn3ncnc(Nc4ccc5c(cnn5Cc5cccnc5)c4)c23)CC1,IC50,190.0,nM,=,CHEMBL923201,CHEMBL203,6.72
CHEMBL247914,NC1CCN(Cc2ccn3ncnc(Nc4ccc5c(cnn5Cc5ccccn5)c4)c23)CC1,IC50,47.0,nM,=,CHEMBL923201,CHEMBL203,7.33
CHEMBL391181,COc1cn2ncnc(Nc3ccc4c(cnn4Cc4cccc(F)c4)c3)c2c1CN1CCC(N)CC1,IC50,40.0,nM,=,CHEMBL923201,CHEMBL203,7.40
CHEMBL247711,COc1cn2ncnc(Nc3ccc4c(cnn4Cc4cccc(F)c4)c3)c2c1CN1CCCNCC1,IC50,190.0,nM,=,CHEMBL923201,CHEMBL203,6.72
CHEMBL395883,COc1cn2ncnc(Nc3ccc4c(cnn4Cc4cccc(F)c4)c3)c2c1COC[C@@H]1CNCCO1,IC50,430.0,nM,=,CHEMBL923201,CHEMBL203,6.37
CHEMBL247710,NC1CCN(Cc2ccn3ncnc(Nc4ccc(OCc5cccc(F)c5)c(Cl)c4)c23)CC1,IC50,38.0,nM,=,CHEMBL923201,CHEMBL203,7.42
CHEMBL247709,Fc1cccc(COc2ccc(Nc3ncnn4ccc(CN5CCCNCC5)c34)cc2Cl)c1,IC50,48.0,nM,=,CHEMBL923201,CHEMBL203,7.32
CHEMBL246493,Fc1cccc(COc2ccc(Nc3ncnn4ccc(COC[C@@H]5CNCCO5)c34)cc2Cl)c1,IC50,560.0,nM,=,CHEMBL923201,CHEMBL203,6.25
CHEMBL393264,CC1(N)CCN(Cc2ccn3ncnc(Nc4ccc5c(cnn5Cc5cccc(F)c5)c4)c23)CC1,IC50,50.0,nM,=,CHEMBL923201,CHEMBL203,7.30
CHEMBL247513,O=C(CO)NC1CCN(Cc2ccn3ncnc(Nc4ccc5c(cnn5Cc5cccc(F)c5)c4)c23)CC1,IC50,110.0,nM,=,CHEMBL923201,CHEMBL203,6.96
CHEMBL247512,CC(=O)NC1CCN(Cc2ccn3ncnc(Nc4ccc5c(cnn5Cc5cccc(F)c5)c4)c23)CC1,IC50,380.0,nM,=,CHEMBL923201,CHEMBL203,6.42
CHEMBL247309,CN(C)C1CCN(Cc2ccn3ncnc(Nc4ccc5c(cnn5Cc5cccc(F)c5)c4)c23)CC1,IC50,100.0,nM,=,CHEMBL923201,CHEMBL203,7.00
CHEMBL246898,CS(=O)(=O)CCNC1CCN(Cc2ccn3ncnc(Nc4ccc5c(cnn5Cc5cccc(F)c5)c4)c23)CC1,IC50,200.0,nM,=,CHEMBL923201,CHEMBL203,6.70
CHEMBL247104,OCCNC1CCN(Cc2ccn3ncnc(Nc4ccc5c(cnn5Cc5cccc(F)c5)c4)c23)CC1,IC50,48.0,nM,=,CHEMBL923201,CHEMBL203,7.32
CHEMBL391779,CNC1CCN(Cc2ccn3ncnc(Nc4ccc5c(cnn5Cc5cccc(F)c5)c4)c23)CC1,IC50,63.0,nM,=,CHEMBL923201,CHEMBL203,7.20
CHEMBL391778,NCC1CCN(Cc2ccn3ncnc(Nc4ccc5c(cnn5Cc5cccc(F)c5)c4)c23)CC1,IC50,35.0,nM,=,CHEMBL923201,CHEMBL203,7.46
CHEMBL246687,N[C@H]1CCN(Cc2ccn3ncnc(Nc4ccc5c(cnn5Cc5cccc(F)c5)c4)c23)C1,IC50,50.0,nM,=,CHEMBL923201,CHEMBL203,7.30
CHEMBL393848,N[C@@H]1CCN(Cc2ccn3ncnc(Nc4ccc5c(cnn5Cc5cccc(F)c5)c4)c23)C1,IC50,60.0,nM,=,CHEMBL923201,CHEMBL203,7.22
CHEMBL392664,Fc1cccc(Cn2ncc3cc(Nc4ncnn5ccc(CNC6CCNCC6)c45)ccc32)c1,IC50,110.0,nM,=,CHEMBL923201,CHEMBL203,6.96
CHEMBL248108,NC1CCN(Cc2ccn3ncnc(Nc4ccc5c(cnn5Cc5cccc(F)c5)c4)c23)CC1,IC50,35.0,nM,=,CHEMBL923201,CHEMBL203,7.46
CHEMBL392273,Fc1cccc(Cn2ncc3cc(Nc4ncnn5ccc(CN6CCCNCC6)c45)ccc32)c1,IC50,33.0,nM,=,CHEMBL923201,CHEMBL203,7.48
CHEMBL248044,COc1cc2ncc(C#N)c(N[C@@H]3C[C@H]3c3ccccc3)c2cc1OC,Ki,24.0,nM,=,CHEMBL923921,CHEMBL203,7.62
CHEMBL248044,COc1cc2ncc(C#N)c(N[C@@H]3C[C@H]3c3ccccc3)c2cc1OC,IC50,90.0,nM,=,CHEMBL923922,CHEMBL203,7.05
CHEMBL246419,COc1cc2ncc(C#N)c(N[C@@H]3C[C@H]3c3ccccc3F)c2cc1OC,Ki,36.0,nM,=,CHEMBL923921,CHEMBL203,7.44
CHEMBL248425,COc1cc2ncc(C#N)c(N[C@@H]3C[C@H]3c3cccc(Br)c3)c2cc1OC,Ki,52.0,nM,=,CHEMBL923921,CHEMBL203,7.28
CHEMBL400194,COc1ccc([C@@H]2C[C@H]2Nc2c(C#N)cnc3cc(OC)c(OC)cc23)cc1,Activity,,,,CHEMBL923921,CHEMBL203,
CHEMBL400742,COc1cc2ncc(C#N)c(N[C@@H]3C[C@H]3c3ccc(Br)cc3)c2cc1OC,Ki,220.0,nM,=,CHEMBL923921,CHEMBL203,6.66
CHEMBL245996,COc1cc2ncc(C#N)c(N[C@@H]3C[C@H]3c3ccc(Oc4ccccc4)cc3)c2cc1OC,Ki,80.0,nM,=,CHEMBL923921,CHEMBL203,7.10
CHEMBL399137,COc1cc2ncc(C#N)c(N[C@@H]3C[C@H]3c3ccc(OCc4ccccc4)c(OC)c3)c2cc1OC,Activity,,,,CHEMBL923921,CHEMBL203,
CHEMBL247197,COc1ccc([C@@H]2C[C@H]2Nc2c(C#N)cnc3cc(OC)c(OC)cc23)cc1OC,Activity,,,,CHEMBL923921,CHEMBL203,
CHEMBL247196,COc1cc2ncc(C#N)c(N[C@@H]3C[C@H]3c3ccc(Cl)cc3)c2cc1OC,Ki,44.0,nM,=,CHEMBL923921,CHEMBL203,7.36
CHEMBL399438,N#Cc1cnc2cc(-c3ccc(CN4CCOCC4)cc3)ccc2c1N[C@@H]1C[C@H]1c1ccccc1,Ki,80.0,nM,=,CHEMBL923921,CHEMBL203,7.10
CHEMBL247024,N#Cc1cnc2ccc(-c3ccc(CN4CCOCC4)cc3)cc2c1N[C@@H]1C[C@H]1c1ccccc1,Ki,400.0,nM,=,CHEMBL923921,CHEMBL203,6.40
CHEMBL245800,N#Cc1cnc2ccc(-c3ccc(CN)cc3)cc2c1N[C@@H]1C[C@H]1c1ccccc1,Ki,40.0,nM,=,CHEMBL923921,CHEMBL203,7.40
CHEMBL245799,N#Cc1cnc2ccc(-c3cccc(CN4CCOCC4)c3)cc2c1N[C@@H]1C[C@H]1c1ccccc1,Ki,340.0,nM,=,CHEMBL923921,CHEMBL203,6.47
CHEMBL245798,COc1cc2c(N[C@@H]3C[C@H]3c3ccccc3)c(C#N)cnc2cc1OC1CCN(C)CC1,Ki,360.0,nM,=,CHEMBL923921,CHEMBL203,6.44
CHEMBL248393,COc1cc2c(N[C@@H]3C[C@H]3c3ccccc3)c(C#N)cnc2cc1OCCCN1CCN(C)CC1,Ki,3.0,nM,=,CHEMBL923921,CHEMBL203,8.52
CHEMBL248392,COc1cc2c(N[C@@H]3C[C@H]3c3ccccc3)c(C#N)cnc2cc1OCCCN1CCOCC1,Ki,8.4,nM,=,CHEMBL923921,CHEMBL203,8.08
CHEMBL401251,COCCOc1cc2ncc(C#N)c(N[C@@H]3C[C@H]3c3ccccc3)c2cc1OC,Ki,60.0,nM,=,CHEMBL923921,CHEMBL203,7.22
CHEMBL248391,COc1cc2c(N[C@@H]3C[C@H]3c3ccccc3)c(C#N)cnc2cc1OCCCc1cccnc1,Ki,220.0,nM,=,CHEMBL923921,CHEMBL203,6.66
CHEMBL248222,COc1cc2ncc(C#N)c(N[C@@H]3C[C@H]3c3ccccc3)c2cc1OCCCc1cccnc1,Ki,68.0,nM,=,CHEMBL923921,CHEMBL203,7.17
CHEMBL248221,COc1cc2ncc(C#N)c(N[C@@H]3C[C@H]3c3ccccc3)c2cc1OCCCN1CCOCC1,Ki,52.0,nM,=,CHEMBL923921,CHEMBL203,7.28
CHEMBL401054,COc1cc2ncc(C#N)c(N[C@@H]3C[C@H]3c3ccccc3)c2cc1OCCN1CCOCC1,Ki,64.0,nM,=,CHEMBL923921,CHEMBL203,7.19
CHEMBL248220,COc1cc2ncc(C#N)c(N[C@@H]3C[C@H]3c3ccccc3)c2cc1OCc1ccccc1,Ki,120.0,nM,=,CHEMBL923921,CHEMBL203,6.92
CHEMBL401644,COc1ccc2ncc(C#N)c(N[C@@H]3C[C@H]3c3ccccc3)c2c1,Ki,360.0,nM,=,CHEMBL923921,CHEMBL203,6.44
CHEMBL248045,COc1ccc2c(N[C@@H]3C[C@H]3c3ccccc3)c(C#N)cnc2c1,Ki,180.0,nM,=,CHEMBL923921,CHEMBL203,6.75
CHEMBL399438,N#Cc1cnc2cc(-c3ccc(CN4CCOCC4)cc3)ccc2c1N[C@@H]1C[C@H]1c1ccccc1,IC50,234.0,nM,=,CHEMBL923922,CHEMBL203,6.63
CHEMBL247024,N#Cc1cnc2ccc(-c3ccc(CN4CCOCC4)cc3)cc2c1N[C@@H]1C[C@H]1c1ccccc1,IC50,2530.0,nM,=,CHEMBL923922,CHEMBL203,5.60
CHEMBL245800,N#Cc1cnc2ccc(-c3ccc(CN)cc3)cc2c1N[C@@H]1C[C@H]1c1ccccc1,IC50,2100.0,nM,=,CHEMBL923922,CHEMBL203,5.68
CHEMBL245799,N#Cc1cnc2ccc(-c3cccc(CN4CCOCC4)c3)cc2c1N[C@@H]1C[C@H]1c1ccccc1,IC50,5260.0,nM,=,CHEMBL923922,CHEMBL203,5.28
CHEMBL245798,COc1cc2c(N[C@@H]3C[C@H]3c3ccccc3)c(C#N)cnc2cc1OC1CCN(C)CC1,IC50,360.0,nM,=,CHEMBL923922,CHEMBL203,6.44
CHEMBL248393,COc1cc2c(N[C@@H]3C[C@H]3c3ccccc3)c(C#N)cnc2cc1OCCCN1CCN(C)CC1,IC50,5.7,nM,=,CHEMBL923922,CHEMBL203,8.24
CHEMBL248392,COc1cc2c(N[C@@H]3C[C@H]3c3ccccc3)c(C#N)cnc2cc1OCCCN1CCOCC1,IC50,5.0,nM,=,CHEMBL923922,CHEMBL203,8.30
CHEMBL401251,COCCOc1cc2ncc(C#N)c(N[C@@H]3C[C@H]3c3ccccc3)c2cc1OC,IC50,52.8,nM,=,CHEMBL923922,CHEMBL203,7.28
CHEMBL248391,COc1cc2c(N[C@@H]3C[C@H]3c3ccccc3)c(C#N)cnc2cc1OCCCc1cccnc1,IC50,173.0,nM,=,CHEMBL923922,CHEMBL203,6.76
CHEMBL248222,COc1cc2ncc(C#N)c(N[C@@H]3C[C@H]3c3ccccc3)c2cc1OCCCc1cccnc1,IC50,68.0,nM,=,CHEMBL923922,CHEMBL203,7.17
CHEMBL248221,COc1cc2ncc(C#N)c(N[C@@H]3C[C@H]3c3ccccc3)c2cc1OCCCN1CCOCC1,IC50,,,,CHEMBL923922,CHEMBL203,
CHEMBL401054,COc1cc2ncc(C#N)c(N[C@@H]3C[C@H]3c3ccccc3)c2cc1OCCN1CCOCC1,IC50,405.0,nM,=,CHEMBL923922,CHEMBL203,6.39
CHEMBL248220,COc1cc2ncc(C#N)c(N[C@@H]3C[C@H]3c3ccccc3)c2cc1OCc1ccccc1,IC50,1610.0,nM,=,CHEMBL923922,CHEMBL203,5.79
CHEMBL401644,COc1ccc2ncc(C#N)c(N[C@@H]3C[C@H]3c3ccccc3)c2c1,IC50,8270.0,nM,=,CHEMBL923922,CHEMBL203,5.08
CHEMBL248045,COc1ccc2c(N[C@@H]3C[C@H]3c3ccccc3)c(C#N)cnc2c1,IC50,2580.0,nM,=,CHEMBL923922,CHEMBL203,5.59
CHEMBL250315,COc1cc2ncnc(C#Cc3ccccc3)c2cc1OC,IC50,5600.0,nM,=,CHEMBL925198,CHEMBL203,5.25
CHEMBL251315,CCOc1cc2ncnc(C#C[C@](C)(Cc3ccccc3)N3CCC(C(=O)O)CC3)c2cc1OCC,IC50,662.0,nM,=,CHEMBL925198,CHEMBL203,6.18
CHEMBL399373,CCOc1cc2ncnc(C#C[C@@](C)(Cc3ccccc3)N3CCC(C(=O)O)CC3)c2cc1OCC,IC50,4.2,nM,=,CHEMBL925198,CHEMBL203,8.38
CHEMBL251314,CCOc1cc2ncnc(C#CC(C)(Cc3ccccc3)N3CCC(C(=O)O)CC3)c2cc1OCC,IC50,11.7,nM,=,CHEMBL925198,CHEMBL203,7.93
CHEMBL251125,CCOc1cc2ncnc(C#Cc3c[nH]nc3-c3ccc(F)cc3)c2cc1OCC,IC50,1.8,nM,=,CHEMBL925198,CHEMBL203,8.74
CHEMBL399372,CCOc1cc2ncnc(C#Cc3nccn3-c3ccccc3)c2cc1OCC,IC50,12.0,nM,=,CHEMBL925198,CHEMBL203,7.92
CHEMBL251124,CCOc1cc2ncnc(C#Cc3[nH]ccc3-c3ccccc3)c2cc1OCC,IC50,10.0,nM,=,CHEMBL925198,CHEMBL203,8.00
CHEMBL251123,CCOc1cc2ncnc(/C=C/CCCc3ccccc3)c2cc1OCC,IC50,140.0,nM,=,CHEMBL925198,CHEMBL203,6.85
CHEMBL399371,CCOc1cc2ncnc(/C=C/CCc3ccccc3)c2cc1OCC,IC50,5.0,nM,=,CHEMBL925198,CHEMBL203,8.30
CHEMBL250925,CCOc1cc2ncnc(/C=C/c3ccccc3)c2cc1OCC,IC50,15.0,nM,=,CHEMBL925198,CHEMBL203,7.82
CHEMBL250924,COc1cc2ncnc(C#Cc3ccccc3-c3ccccc3)c2cc1OC,IC50,26.0,nM,=,CHEMBL925198,CHEMBL203,7.58
CHEMBL250923,COc1cc2ncnc(/C=C/CCc3ccccc3)c2cc1OC,IC50,4.0,nM,=,CHEMBL925198,CHEMBL203,8.40
CHEMBL3085381,CCN(CC)[C@@](C)(CCc1ncnc2cc(OC)c(OC)cc12)Cc1ccccc1,IC50,130.0,nM,=,CHEMBL925198,CHEMBL203,6.89
CHEMBL3085380,CCN(CC)[C@@](C)(C#Cc1ncnc2cc(OC)c(OC)cc12)CC1CCCCC1,IC50,1100.0,nM,=,CHEMBL925198,CHEMBL203,5.96
CHEMBL3085379,CCN(CC)[C@@](C)(C#Cc1ncnc2cc(OC)c(OC)cc12)Cc1ccncc1,IC50,200.0,nM,=,CHEMBL925198,CHEMBL203,6.70
CHEMBL3085378,CCN(CC)[C@@](C)(C#Cc1ncnc2cc(OC)c(OC)cc12)CCc1ccccc1,IC50,1200.0,nM,=,CHEMBL925198,CHEMBL203,5.92
CHEMBL3085377,CCN(CC)[C@@](C)(C#Cc1ncnc2cc(OC)c(OC)cc12)c1ccccc1,IC50,7300.0,nM,=,CHEMBL925198,CHEMBL203,5.14
CHEMBL3085376,CCN(CC)[C@@](C)(C#Cc1ncnc2cc(OC)c(OC)cc12)Cc1ccccc1,IC50,3.0,nM,=,CHEMBL925198,CHEMBL203,8.52
CHEMBL3085375,COc1cc2ncnc(C#C[C@@](C)(Cc3ccccc3)N3CCC(C(=O)O)CC3)c2cc1OC,IC50,33.0,nM,=,CHEMBL925198,CHEMBL203,7.48
CHEMBL3085374,COc1cc2ncnc(C#C[C@](C)(O)Cc3ccccc3)c2cc1OC,IC50,9.0,nM,=,CHEMBL925198,CHEMBL203,8.05
CHEMBL250524,COc1cc2ncnc(C#CC(C)(C)N(C)c3ccccc3)c2cc1OC,IC50,80.0,nM,=,CHEMBL925198,CHEMBL203,7.10
CHEMBL399953,COc1cc2ncnc(C#CC(C)(C)Cc3ccccc3)c2cc1OC,IC50,13.0,nM,=,CHEMBL925198,CHEMBL203,7.89
CHEMBL250523,COc1cc2ncnc(C#CCOc3ccccc3)c2cc1OC,IC50,15.0,nM,=,CHEMBL925198,CHEMBL203,7.82
CHEMBL250318,COc1cc2ncnc(C#CCCc3ccccc3)c2cc1OC,IC50,14.0,nM,=,CHEMBL925198,CHEMBL203,7.85
CHEMBL249927,O=C(CO)N1CCC[C@@H]1COc1cccc2ncnc(Nc3ccc(OCc4ccccn4)c(Cl)c3)c12,IC50,97.0,nM,=,CHEMBL924156,CHEMBL203,7.01
CHEMBL413987,C[C@@H](CN(C)C(=O)CO)Oc1cccc2ncnc(Nc3ccc(OCc4ccccn4)c(Cl)c3)c12,IC50,191.0,nM,=,CHEMBL924156,CHEMBL203,6.72
CHEMBL250132,C[C@H](CN(C)C(=O)CO)Oc1cccc2ncnc(Nc3ccc(OCc4ccccn4)c(Cl)c3)c12,IC50,2.0,nM,=,CHEMBL924156,CHEMBL203,8.70
CHEMBL403785,C[C@@H](COc1cccc2ncnc(Nc3ccc(OCc4ccccn4)c(Cl)c3)c12)N(C)C(=O)CO,IC50,2580.0,nM,=,CHEMBL924156,CHEMBL203,5.59
CHEMBL250130,C[C@H](COc1cccc2ncnc(Nc3ccc(OCc4ccccn4)c(Cl)c3)c12)N(C)C(=O)CO,IC50,3.0,nM,=,CHEMBL924156,CHEMBL203,8.52
CHEMBL249928,CN(CCOc1cccc2ncnc(Nc3ccc(OCc4ccccn4)c(Cl)c3)c12)C(=O)CO,IC50,35.0,nM,=,CHEMBL924156,CHEMBL203,7.46
CHEMBL403569,O=C(CO)N1CCC[C@H]1COc1cccc2ncnc(Nc3ccc(OCc4ccccn4)c(Cl)c3)c12,IC50,327.0,nM,=,CHEMBL924156,CHEMBL203,6.49
CHEMBL939,COc1cc2ncnc(Nc3ccc(F)c(Cl)c3)c2cc1OCCCN1CCOCC1,IC50,39.0,nM,=,CHEMBL924351,CHEMBL203,7.41
CHEMBL553,C#Cc1cccc(Nc2ncnc3cc(OCCOC)c(OCCOC)cc23)c1,IC50,23.0,nM,=,CHEMBL924351,CHEMBL203,7.64
CHEMBL248864,COc1cc2ncnc(Nc3cccc(C#CC(C)(C)O)c3)c2cc1OC,IC50,205.8,nM,=,CHEMBL924351,CHEMBL203,6.69
CHEMBL437197,COc1cc2ncnc(Nc3cccc(C#CCCCO)c3)c2cc1OC,IC50,1362.6,nM,=,CHEMBL924351,CHEMBL203,5.87
CHEMBL248674,COc1cc2ncnc(Nc3cccc(C#CCCO)c3)c2cc1OC,IC50,402.1,nM,=,CHEMBL924351,CHEMBL203,6.40
CHEMBL399736,COc1cc2ncnc(Nc3cccc(C#CCO)c3)c2cc1OC,IC50,1643.6,nM,=,CHEMBL924351,CHEMBL203,5.78
CHEMBL399735,COc1cc2ncnc(Nc3cccc(C#Cc4ccccc4)c3)c2cc1OC,IC50,921.0,nM,=,CHEMBL924351,CHEMBL203,6.04
CHEMBL304929,C#Cc1cccc(Nc2ncnc3cc(OC)c(OC)cc23)c1,IC50,28.8,nM,=,CHEMBL924351,CHEMBL203,7.54
CHEMBL251700,Fc1ccc(Nc2ncnc3ccc(C#CCN4CCCCC4)cc23)cc1Cl,IC50,88.7,nM,=,CHEMBL924351,CHEMBL203,7.05
CHEMBL251498,Fc1ccc(Nc2ncnc3ccc(C#CCN4CCOCC4)cc23)cc1Cl,IC50,50.3,nM,=,CHEMBL924351,CHEMBL203,7.30
CHEMBL251497,CC(C)(O)C#Cc1ccc2ncnc(Nc3ccc(F)c(Cl)c3)c2c1,IC50,151.5,nM,=,CHEMBL924351,CHEMBL203,6.82
CHEMBL399928,CC(O)C#Cc1ccc2ncnc(Nc3ccc(F)c(Cl)c3)c2c1,IC50,94.5,nM,=,CHEMBL924351,CHEMBL203,7.03
CHEMBL251291,OCCCC#Cc1ccc2ncnc(Nc3ccc(F)c(Cl)c3)c2c1,IC50,114.2,nM,=,CHEMBL924351,CHEMBL203,6.94
CHEMBL249921,OCCC#Cc1ccc2ncnc(Nc3ccc(F)c(Cl)c3)c2c1,IC50,185.8,nM,=,CHEMBL924351,CHEMBL203,6.73
CHEMBL249919,OCC#Cc1ccc2ncnc(Nc3ccc(F)c(Cl)c3)c2c1,IC50,14.1,nM,=,CHEMBL924351,CHEMBL203,7.85
CHEMBL398963,Fc1ccc(Nc2ncnc3ccc(C#Cc4cccs4)cc23)cc1Cl,IC50,1640.6,nM,=,CHEMBL924351,CHEMBL203,5.79
CHEMBL249511,Fc1ccc(Nc2ncnc3ccc(C#Cc4ccccc4)cc23)cc1Cl,IC50,331.0,nM,=,CHEMBL924351,CHEMBL203,6.48
CHEMBL249509,C#Cc1ccc2ncnc(Nc3ccc(F)c(Cl)c3)c2c1,IC50,126.9,nM,=,CHEMBL924351,CHEMBL203,6.90
CHEMBL248757,N#Cc1ncc2nc1OCCCCOc1cc(NCc3cncs3)c(Cl)cc1NC(=O)N2,Ki,1803.0,nM,>,CHEMBL941753,CHEMBL203,
CHEMBL252392,COc1ccc(-c2[nH]nc3c2C(=O)c2c(NC(=O)Nc4ccc(N)cc4)cccc2-3)cc1,Inhibition,3.0,%,=,CHEMBL927435,CHEMBL203,
CHEMBL153843,O=C(Nc1cccc(C(F)(F)F)c1)c1ccccc1NCc1ccncc1,Inhibition,30.0,%,=,CHEMBL927435,CHEMBL203,
CHEMBL553,C#Cc1cccc(Nc2ncnc3cc(OCCOC)c(OCCOC)cc23)c1,Inhibition,81.0,%,=,CHEMBL927435,CHEMBL203,
CHEMBL254913,Nc1ccc(NC(=O)Nc2cccc3c2C(=O)c2c-3n[nH]c2-c2ccc(O)c(O)c2)cc1,Inhibition,50.0,%,=,CHEMBL927435,CHEMBL203,
CHEMBL254704,Nc1ccc(NC(=O)Nc2cccc3c2C(=O)c2c-3n[nH]c2-c2ccc(O)cc2)cc1,Inhibition,65.0,%,=,CHEMBL927435,CHEMBL203,
CHEMBL254494,O=C(Nc1ccc(O)cc1)Nc1cccc2c1C(=O)c1c-2n[nH]c1-c1ccc2c(c1)OCO2,Inhibition,4.0,%,=,CHEMBL927435,CHEMBL203,
CHEMBL251803,COc1ccc(-c2[nH]nc3c2C(=O)c2c(NC(=O)Nc4ccc(O)cc4)cccc2-3)cc1,Inhibition,7.0,%,=,CHEMBL927435,CHEMBL203,
CHEMBL253429,Nc1ccc(NC(=O)Nc2cccc3c2C(=O)c2c-3n[nH]c2-c2ccc3c(c2)OCO3)cc1,Inhibition,61.0,%,=,CHEMBL927435,CHEMBL203,
CHEMBL253292,CCN(CC)CCOc1ccc(Nc2cc(NC(=O)Nc3c(Cl)cccc3Cl)ncn2)cc1,IC50,380.0,nM,=,CHEMBL929547,CHEMBL203,6.42
CHEMBL404115,CC[C@@H](C)Nc1nc2ccc(-c3c(-c4ccccc4F)n[nH]c3N)cc2s1,Inhibition,20.0,%,<=,CHEMBL928807,CHEMBL203,
CHEMBL258015,CO/N=C(\C)c1ccc2c(c1)c1c3c(c4c(c1n2CC(C)C)CCc1nn(C)cc1-4)C(=O)NC3,IC50,1000.0,nM,>,CHEMBL929885,CHEMBL203,
CHEMBL401896,CCO/N=C(\C)c1ccc2c(c1)c1c3c(c4c(c1n2C(C)C)CCc1nn(C)cc1-4)C(=O)NC3,IC50,1000.0,nM,>,CHEMBL929885,CHEMBL203,
CHEMBL402011,C[C@@H](Oc1cccc2ncnc(Nc3ccc4c(cnn4Cc4ccccn4)c3)c12)C(=O)N(C)C,IC50,180.0,nM,=,CHEMBL928913,CHEMBL203,6.75
CHEMBL257411,C[C@@H](Oc1cccc2ncnc(Nc3ccc4c(cnn4Cc4nccs4)c3)c12)C(=O)N1CCOCC1,Ki,1.6,nM,=,CHEMBL928913,CHEMBL203,8.80
CHEMBL257411,C[C@@H](Oc1cccc2ncnc(Nc3ccc4c(cnn4Cc4nccs4)c3)c12)C(=O)N1CCOCC1,IC50,366.0,nM,=,CHEMBL928914,CHEMBL203,6.44
CHEMBL428777,C[C@@H](Oc1cccc2ncnc(Nc3ccc(OCc4ccccn4)c(Cl)c3)c12)C(=O)N(C)C,IC50,22.0,nM,=,CHEMBL930778,CHEMBL203,7.66
CHEMBL256362,Cc1ccc(Oc2ccc(Nc3ncnc4cccc(O[C@H](C)C(=O)N(C)C)c34)cc2C)cn1,IC50,1100.0,nM,=,CHEMBL930778,CHEMBL203,5.96
CHEMBL257478,Cc1ccc(Oc2ccc(Nc3ncnc4cccc(O[C@H](C)C(=O)N(C)CCO)c34)cc2C)cn1,IC50,2000.0,nM,=,CHEMBL930778,CHEMBL203,5.70
CHEMBL255376,OC1CCN(CCOc2n[nH]c3ncnc(Nc4ccc(OCc5cccc(F)c5)c(Cl)c4)c23)CC1,IC50,1.0,nM,<,CHEMBL947896,CHEMBL203,
CHEMBL272935,CN1CCN(CCCOc2n[nH]c3ncnc(Nc4ccc(OCc5ccccn5)c(Cl)c4)c23)CC1,IC50,14.0,nM,=,CHEMBL947896,CHEMBL203,7.85
CHEMBL257860,OC1CCN(CCCOc2n[nH]c3ncnc(Nc4ccc(OCc5ccccn5)c(Cl)c4)c23)CC1,IC50,9.0,nM,=,CHEMBL947896,CHEMBL203,8.05
CHEMBL257859,Clc1cc(Nc2ncnc3[nH]nc(OCCCN4CCOCC4)c23)ccc1OCc1ccccn1,IC50,16.0,nM,=,CHEMBL947896,CHEMBL203,7.80
CHEMBL257861,OCCOc1n[nH]c2ncnc(Nc3ccc(OCc4ccccn4)c(Cl)c3)c12,IC50,16.0,nM,=,CHEMBL947896,CHEMBL203,7.80
CHEMBL271705,Clc1cc(Nc2ncnc3[nH]nc(OCCN4CCOCC4)c23)ccc1OCc1ccccn1,IC50,1.0,nM,=,CHEMBL947896,CHEMBL203,9.00
CHEMBL411897,COC1CCN(CCOc2n[nH]c3ncnc(Nc4ccc(OCc5ccccn5)c(Cl)c4)c23)CC1,IC50,28.0,nM,=,CHEMBL947896,CHEMBL203,7.55
CHEMBL270448,Clc1cc(Nc2ncnc3[nH]nc(OCCN4CCCCCO4)c23)ccc1OCc1ccccn1,IC50,1.0,nM,<,CHEMBL947896,CHEMBL203,
CHEMBL257430,Clc1cc(Nc2ncnc3[nH]nc(OCCN4CCNCC4)c23)ccc1OCc1ccccn1,IC50,8.0,nM,=,CHEMBL947896,CHEMBL203,8.10
CHEMBL402553,Clc1cc(Nc2ncnc3[nH]nc(OCCN4CCCC4)c23)ccc1OCc1ccccn1,IC50,8.0,nM,=,CHEMBL947896,CHEMBL203,8.10
CHEMBL258270,CC(=O)N1CCN(CCOc2n[nH]c3ncnc(Nc4ccc(OCc5ccccn5)c(Cl)c4)c23)CC1,IC50,3.0,nM,=,CHEMBL947896,CHEMBL203,8.52
CHEMBL258282,CN1CCN(CCOc2n[nH]c3ncnc(Nc4ccc(OCc5ccccn5)c(Cl)c4)c23)CC1,IC50,5.0,nM,=,CHEMBL947896,CHEMBL203,8.30
CHEMBL255135,CNCCOc1n[nH]c2ncnc(Nc3ccc(OCc4ccccn4)c(Cl)c3)c12,IC50,17.0,nM,=,CHEMBL947896,CHEMBL203,7.77
CHEMBL401713,COc1cc(Nc2ncnc3[nH]nc(OCCN4CCC(O)CC4)c23)ccc1OCc1ccccn1,IC50,104.0,nM,=,CHEMBL947896,CHEMBL203,6.98
CHEMBL402339,COc1cc(Nc2ncnc3[nH]nc(OCCN4CCC(O)CC4)c23)ccc1OCc1cccc(F)c1,IC50,13.0,nM,=,CHEMBL947896,CHEMBL203,7.89
CHEMBL257873,Cc1ccc(Oc2ccc(Nc3ncnc4[nH]nc(OCCN5CCC(O)CC5)c34)cc2F)cn1,IC50,1430.0,nM,=,CHEMBL947896,CHEMBL203,5.84
CHEMBL257872,Cc1ccc(Oc2ccc(Nc3ncnc4[nH]nc(OCCN5CCC(O)CC5)c34)cc2C)cn1,IC50,216.0,nM,=,CHEMBL947896,CHEMBL203,6.67
CHEMBL403435,Cc1cc(Nc2ncnc3[nH]nc(OCCN4CCC(O)CC4)c23)ccc1OCc1ccccn1,IC50,18.0,nM,=,CHEMBL947896,CHEMBL203,7.75
CHEMBL438536,Cc1cc(Nc2ncnc3[nH]nc(OCCN4CCC(O)CC4)c23)ccc1OCc1cccc(F)c1,IC50,1.0,nM,<,CHEMBL947896,CHEMBL203,
CHEMBL255170,Cc1ccc(Oc2ccc(Nc3ncnc4[nH]nc(OCCN5CCC(O)CC5)c34)cc2Cl)cn1,IC50,7.0,nM,=,CHEMBL947896,CHEMBL203,8.15
CHEMBL404405,OC1CCN(CCOc2n[nH]c3ncnc(Nc4ccc(OCc5ccccn5)c(Cl)c4)c23)CC1,IC50,13.0,nM,=,CHEMBL947896,CHEMBL203,7.89
CHEMBL272186,CCOC(=O)c1cc2ccc3c4cccc(Cl)c4[nH]c3c2[nH]1,Activity,,,,CHEMBL931004,CHEMBL203,
CHEMBL410643,COC[C@H]1OC(=O)/C(=C/N(C)CCCN(C)C)C2=C(O)C(=O)C3=C([C@H](OC(C)=O)C[C@]4(C)[C@@H](O)CC[C@@H]34)[C@]21C,IC50,10000.0,nM,>,CHEMBL950973,CHEMBL203,
CHEMBL271190,COC[C@H]1OC(=O)/C(=C/N(CCO)C(C)(C)C)C2=C(O)C(=O)C3=C([C@H](OC(C)=O)C[C@]4(C)[C@@H](O)CC[C@@H]34)[C@]21C,IC50,10000.0,nM,>,CHEMBL950973,CHEMBL203,
CHEMBL289959,c1ccc(Nc2ncnc3ccccc23)cc1,IC50,346.74,nM,=,CHEMBL952131,CHEMBL203,6.46
CHEMBL271408,Cc1cccc(Nc2ncnc3ccncc23)c1NCCCn1ccnc1,IC50,3.548,nM,=,CHEMBL952131,CHEMBL203,8.45
CHEMBL410253,Cc1cccc(Nc2ncnc3ccncc23)c1NCCCN1CCN(C)CC1,IC50,5.623,nM,=,CHEMBL952131,CHEMBL203,8.25
CHEMBL271410,Cc1cccc(Nc2ncnc3ccncc23)c1NCCCN1CCOCC1,IC50,9.333,nM,=,CHEMBL952131,CHEMBL203,8.03
CHEMBL271587,Cc1cccc(Nc2ncnc3ccncc23)c1NCCCCN(C)C,IC50,5.495,nM,=,CHEMBL952131,CHEMBL203,8.26
CHEMBL270895,O=S(=O)(O)CCNc1c(Br)cccc1Nc1ncnc2ccncc12,IC50,1.413,nM,=,CHEMBL952131,CHEMBL203,8.85
CHEMBL271113,CN(CC(=O)O)c1c(Br)cccc1Nc1ncnc2ccncc12,IC50,16.22,nM,=,CHEMBL952131,CHEMBL203,7.79
CHEMBL271122,O=C(O)CCCNc1c(Br)cccc1Nc1ncnc2ccncc12,IC50,0.2818,nM,=,CHEMBL952131,CHEMBL203,9.55
CHEMBL408399,O=C(O)CCNc1c(Br)cccc1Nc1ncnc2ccncc12,IC50,0.6166,nM,=,CHEMBL952131,CHEMBL203,9.21
CHEMBL405771,O=C(O)CNc1c(Br)cccc1Nc1ncnc2ccncc12,IC50,1.514,nM,=,CHEMBL952131,CHEMBL203,8.82
CHEMBL272187,Brc1cccc(Nc2ncnc3ccncc23)c1NCCc1c[nH]cn1,IC50,0.912,nM,=,CHEMBL952131,CHEMBL203,9.04
CHEMBL272865,Brc1cccc(Nc2ncnc3ccncc23)c1NCCCn1ccnc1,IC50,0.5129,nM,=,CHEMBL952131,CHEMBL203,9.29
CHEMBL272634,NNc1c(Br)cccc1Nc1ncnc2ccncc12,IC50,7.244,nM,=,CHEMBL952131,CHEMBL203,8.14
CHEMBL427832,OCCN(CCO)CCCNc1c(Br)cccc1Nc1ncnc2ccncc12,IC50,1.202,nM,=,CHEMBL952131,CHEMBL203,8.92
CHEMBL271623,OCCN(CCO)CCNc1c(Br)cccc1Nc1ncnc2ccncc12,IC50,9.333,nM,=,CHEMBL952131,CHEMBL203,8.03
CHEMBL271532,CN1CCN(CCCNc2c(Br)cccc2Nc2ncnc3ccncc23)CC1,IC50,5.012,nM,=,CHEMBL952131,CHEMBL203,8.30
CHEMBL272895,Brc1cccc(Nc2ncnc3ccncc23)c1NCCCCN1CCOCC1,IC50,5.495,nM,=,CHEMBL952131,CHEMBL203,8.26
CHEMBL271334,Brc1cccc(Nc2ncnc3ccncc23)c1NCCCN1CCOCC1,IC50,1.905,nM,=,CHEMBL952131,CHEMBL203,8.72
CHEMBL405398,Brc1cccc(Nc2ncnc3ccncc23)c1NCCN1CCOCC1,IC50,3.236,nM,=,CHEMBL952131,CHEMBL203,8.49
CHEMBL270966,CN(C)CCN(C)c1c(Br)cccc1Nc1ncnc2ccncc12,IC50,40.74,nM,=,CHEMBL952131,CHEMBL203,7.39
CHEMBL411243,CN(C)CCCCCNc1c(Br)cccc1Nc1ncnc2ccncc12,IC50,8.511,nM,=,CHEMBL952131,CHEMBL203,8.07
CHEMBL270501,CN(C)CCCCNc1c(Br)cccc1Nc1ncnc2ccncc12,IC50,7.413,nM,=,CHEMBL952131,CHEMBL203,8.13
CHEMBL408647,CN(C)CCCNc1c(Br)cccc1Nc1ncnc2ccncc12,IC50,8.913,nM,=,CHEMBL952131,CHEMBL203,8.05
CHEMBL270713,CN(C)CCNc1c(Br)cccc1Nc1ncnc2ccncc12,IC50,45.71,nM,=,CHEMBL952131,CHEMBL203,7.34
CHEMBL406004,OCCN(CCO)c1c(Br)cccc1Nc1ncnc2ccncc12,IC50,12.02,nM,=,CHEMBL952131,CHEMBL203,7.92
CHEMBL272477,OCN(CO)c1c(Br)cccc1Nc1ncnc2ccncc12,IC50,14.13,nM,=,CHEMBL952131,CHEMBL203,7.85
CHEMBL410635,CN(CC(O)CO)c1c(Br)cccc1Nc1ncnc2ccncc12,IC50,3.236,nM,=,CHEMBL952131,CHEMBL203,8.49
CHEMBL270695,OCC(O)CNc1c(Br)cccc1Nc1ncnc2ccncc12,IC50,0.9333,nM,=,CHEMBL952131,CHEMBL203,9.03
CHEMBL408397,CN(CCO)c1c(Br)cccc1Nc1ncnc2ccncc12,IC50,2.63,nM,=,CHEMBL952131,CHEMBL203,8.58
CHEMBL270696,OCCNc1c(Br)cccc1Nc1ncnc2ccncc12,IC50,0.2455,nM,=,CHEMBL952131,CHEMBL203,9.61
CHEMBL416307,Cc1cccc(Nc2ncnc3cnc(NCCc4c[nH]cn4)nc23)c1,IC50,3.02,nM,=,CHEMBL952131,CHEMBL203,8.52
CHEMBL299881,Cc1cccc(Nc2ncnc3cnc(NCCN4CCOCC4)nc23)c1,IC50,2.344,nM,=,CHEMBL952131,CHEMBL203,8.63
CHEMBL52829,Cc1cccc(Nc2ncnc3cnc(N(C)C)nc23)c1,IC50,4.074,nM,=,CHEMBL952131,CHEMBL203,8.39
CHEMBL52591,CNc1ncc2ncnc(Nc3cccc(C)c3)c2n1,IC50,4.365,nM,=,CHEMBL952131,CHEMBL203,8.36
CHEMBL298931,Cc1cccc(Nc2ncnc3cnc(N)nc23)c1,IC50,17.38,nM,=,CHEMBL952131,CHEMBL203,7.76
CHEMBL52823,Cc1cccc(Nc2ncnc3cnc(Cl)nc23)c1,IC50,380.19,nM,=,CHEMBL952131,CHEMBL203,6.42
CHEMBL271328,Brc1cccc(Nc2ncnc3cnc(NCCn4ccnc4)nc23)c1,IC50,2.344,nM,=,CHEMBL952131,CHEMBL203,8.63
CHEMBL53426,Brc1cccc(Nc2ncnc3cnc(NCCc4c[nH]cn4)nc23)c1,IC50,0.2512,nM,=,CHEMBL952131,CHEMBL203,9.60
CHEMBL417420,Brc1cccc(Nc2ncnc3cnc(NCCCN4CCOCC4)nc23)c1,IC50,2.951,nM,=,CHEMBL952131,CHEMBL203,8.53
CHEMBL294475,Brc1cccc(Nc2ncnc3cnc(NCCN4CCOCC4)nc23)c1,IC50,0.8128,nM,=,CHEMBL952131,CHEMBL203,9.09
CHEMBL51854,COc1ncc2ncnc(Nc3cccc(Br)c3)c2n1,IC50,3.802,nM,=,CHEMBL952131,CHEMBL203,8.42
CHEMBL53777,CN(C)c1ncc2ncnc(Nc3cccc(Br)c3)c2n1,IC50,0.955,nM,=,CHEMBL952131,CHEMBL203,9.02
CHEMBL299622,CNc1ncc2ncnc(Nc3cccc(Br)c3)c2n1,IC50,0.7762,nM,=,CHEMBL952131,CHEMBL203,9.11
CHEMBL53831,Nc1ncc2ncnc(Nc3cccc(Br)c3)c2n1,IC50,1.514,nM,=,CHEMBL952131,CHEMBL203,8.82
CHEMBL53311,Clc1ncc2ncnc(Nc3cccc(Br)c3)c2n1,IC50,83.18,nM,=,CHEMBL952131,CHEMBL203,7.08
CHEMBL53310,CNc1ncc2ncnc(Nc3ccccc3)c2n1,IC50,13.18,nM,=,CHEMBL952131,CHEMBL203,7.88
CHEMBL301549,COc1ccc2c(Nc3cccc(Br)c3)ncnc2n1,IC50,263.03,nM,=,CHEMBL952131,CHEMBL203,6.58
CHEMBL50245,CN(C)c1ccc2c(Nc3cccc(Br)c3)ncnc2n1,IC50,331.13,nM,=,CHEMBL952131,CHEMBL203,6.48
CHEMBL298637,CNc1ccc2c(Nc3cccc(Br)c3)ncnc2n1,IC50,52.48,nM,=,CHEMBL952131,CHEMBL203,7.28
CHEMBL291701,Fc1ccc2c(Nc3cccc(Br)c3)ncnc2n1,IC50,691.83,nM,=,CHEMBL952131,CHEMBL203,6.16
CHEMBL54474,Nc1ccc2c(Nc3cccc(Br)c3)ncnc2n1,IC50,954.99,nM,=,CHEMBL952131,CHEMBL203,6.02
CHEMBL54475,Brc1cccc(Nc2ncnc3ncccc23)c1,IC50,691.83,nM,=,CHEMBL952131,CHEMBL203,6.16
CHEMBL53299,COc1ccc(CNc2cc3c(Nc4cccc(Br)c4)ncnc3cn2)cc1,IC50,2.344,nM,=,CHEMBL952131,CHEMBL203,8.63
CHEMBL53062,COc1cc2c(Nc3cccc(Br)c3)ncnc2cn1,IC50,2.63,nM,=,CHEMBL952131,CHEMBL203,8.58
CHEMBL53121,Fc1cc2c(Nc3cccc(Br)c3)ncnc2cn1,IC50,125.89,nM,=,CHEMBL952131,CHEMBL203,6.90
CHEMBL296377,Clc1cc2c(Nc3cccc(Br)c3)ncnc2cn1,IC50,40.74,nM,=,CHEMBL952131,CHEMBL203,7.39
CHEMBL51265,Brc1cccc(Nc2ncnc3cnccc23)c1,IC50,51.29,nM,=,CHEMBL952131,CHEMBL203,7.29
CHEMBL405772,Cc1cccc(Nc2ncnc3ccncc23)c1N,IC50,40.74,nM,=,CHEMBL952131,CHEMBL203,7.39
CHEMBL402452,Nc1c(O)cccc1Nc1ncnc2ccncc12,IC50,70.79,nM,=,CHEMBL952131,CHEMBL203,7.15
CHEMBL270975,Nc1c(Cl)cccc1Nc1ncnc2ccncc12,IC50,120.23,nM,=,CHEMBL952131,CHEMBL203,6.92
CHEMBL270924,Nc1c(F)cccc1Nc1ncnc2ccncc12,IC50,851.14,nM,=,CHEMBL952131,CHEMBL203,6.07
CHEMBL271540,CN(C)c1ccc(Nc2ncnc3ccncc23)c(N)c1,IC50,4897.79,nM,=,CHEMBL952131,CHEMBL203,5.31
CHEMBL406236,CN(C)c1cccc(Nc2ncnc3ccncc23)c1N,IC50,1819.7,nM,=,CHEMBL952131,CHEMBL203,5.74
CHEMBL124618,Nc1cc2ncnc(Nc3ccccc3N)c2cn1,IC50,5370.32,nM,=,CHEMBL952131,CHEMBL203,5.27
CHEMBL407591,COc1ccc(Nc2ncnc3ccncc23)c(N)c1,IC50,676.08,nM,=,CHEMBL952131,CHEMBL203,6.17
CHEMBL441335,COc1cccc(Nc2ncnc3ccncc23)c1N,IC50,131.83,nM,=,CHEMBL952131,CHEMBL203,6.88
CHEMBL408105,COc1cc2ncnc(Nc3ccccc3N)c2cn1,IC50,3715.35,nM,=,CHEMBL952131,CHEMBL203,5.43
CHEMBL408351,Nc1cc(C(F)(F)F)ccc1Nc1ncnc2ccncc12,IC50,4786.3,nM,=,CHEMBL952131,CHEMBL203,5.32
CHEMBL271617,Nc1cc(Br)ccc1Nc1ncnc2ccncc12,IC50,25.7,nM,=,CHEMBL952131,CHEMBL203,7.59
CHEMBL258598,Nc1c(Br)cccc1Nc1ncnc2ccncc12,IC50,10.0,nM,=,CHEMBL952131,CHEMBL203,8.00
CHEMBL273116,Nc1ccccc1Nc1ncnc2cc(Br)ncc12,IC50,245.47,nM,=,CHEMBL952131,CHEMBL203,6.61
CHEMBL441332,Nc1c(Nc2ncnc3ccncc23)cccc1[N+](=O)[O-],IC50,40.74,nM,=,CHEMBL952131,CHEMBL203,7.39
CHEMBL272258,Nc1ccccc1Nc1ncnc2ccncc12,IC50,251.19,nM,=,CHEMBL952131,CHEMBL203,6.60
CHEMBL441333,COc1c(Br)cccc1Nc1ncnc2ccncc12,IC50,39.81,nM,=,CHEMBL952131,CHEMBL203,7.40
CHEMBL269889,Fc1c(Br)cccc1Nc1ncnc2ccncc12,IC50,13.18,nM,=,CHEMBL952131,CHEMBL203,7.88
CHEMBL270921,CC(=O)Nc1c(Br)cccc1Nc1ncnc2ccncc12,IC50,29.51,nM,=,CHEMBL952131,CHEMBL203,7.53
CHEMBL52665,Brc1cccc(Nc2ncnc3ccncc23)c1,IC50,35.48,nM,=,CHEMBL952131,CHEMBL203,7.45
CHEMBL50519,COc1ccc2ncnc(Nc3cccc(Br)c3)c2n1,IC50,4.365,nM,=,CHEMBL952131,CHEMBL203,8.36
CHEMBL53796,CN(C)c1ccc2ncnc(Nc3cccc(Br)c3)c2n1,IC50,9.772,nM,=,CHEMBL952131,CHEMBL203,8.01
CHEMBL53156,CNc1ccc2ncnc(Nc3cccc(Br)c3)c2n1,IC50,3.162,nM,=,CHEMBL952131,CHEMBL203,8.50
CHEMBL54788,Fc1ccc2ncnc(Nc3cccc(Br)c3)c2n1,IC50,44.67,nM,=,CHEMBL952131,CHEMBL203,7.35
CHEMBL291496,Clc1ccc2ncnc(Nc3cccc(Br)c3)c2n1,IC50,18.2,nM,=,CHEMBL952131,CHEMBL203,7.74
CHEMBL300217,Nc1ccc2ncnc(Nc3cccc(Br)c3)c2n1,IC50,7.762,nM,=,CHEMBL952131,CHEMBL203,8.11
CHEMBL54805,Brc1cccc(Nc2ncnc3cccnc23)c1,IC50,34.67,nM,=,CHEMBL952131,CHEMBL203,7.46
CHEMBL328106,COc1cc2ncnc(Nc3ccc(Br)cc3)c2cc1OC,IC50,0.07244,nM,=,CHEMBL952131,CHEMBL203,10.14
CHEMBL418967,CCCOc1cc2ncnc(Nc3cccc(Br)c3)c2cc1OCCC,IC50,0.1738,nM,=,CHEMBL952131,CHEMBL203,9.76
CHEMBL35820,CCOc1cc2ncnc(Nc3cccc(Br)c3)c2cc1OCC,IC50,0.006026,nM,=,CHEMBL952131,CHEMBL203,
CHEMBL66409,O=[N+]([O-])c1cc2c(Nc3cccc(Br)c3)ncnc2cc1Cl,IC50,25.12,nM,=,CHEMBL952131,CHEMBL203,7.60
CHEMBL65038,COc1cc2ncnc(Nc3cccc(Br)c3)c2cc1[N+](=O)[O-],IC50,15.14,nM,=,CHEMBL952131,CHEMBL203,7.82
CHEMBL92936,CNc1cc2ncnc(Nc3cccc(Br)c3)c2cc1[N+](=O)[O-],IC50,69.18,nM,=,CHEMBL952131,CHEMBL203,7.16
CHEMBL63469,Nc1cc2c(Nc3cccc(Br)c3)ncnc2cc1Cl,IC50,6.607,nM,=,CHEMBL952131,CHEMBL203,8.18
CHEMBL96780,COc1cc2ncnc(Nc3cccc(Br)c3)c2cc1N,IC50,3.802,nM,=,CHEMBL952131,CHEMBL203,8.42
CHEMBL96489,CN(C)c1cc2ncnc(Nc3cccc(Br)c3)c2cc1N,IC50,162.18,nM,=,CHEMBL952131,CHEMBL203,6.79
CHEMBL92937,CNc1cc2ncnc(Nc3cccc(Br)c3)c2cc1N,IC50,0.6918,nM,=,CHEMBL952131,CHEMBL203,9.16
CHEMBL90013,CN(C)c1ccc2c(Nc3cccc(Br)c3)ncnc2c1,IC50,11.22,nM,=,CHEMBL952131,CHEMBL203,7.95
CHEMBL420254,CCNc1ccc2c(Nc3cccc(Br)c3)ncnc2c1,IC50,12.02,nM,=,CHEMBL952131,CHEMBL203,7.92
CHEMBL92812,CNc1ccc2c(Nc3cccc(Br)c3)ncnc2c1,IC50,7.079,nM,=,CHEMBL952131,CHEMBL203,8.15
CHEMBL93461,CC(=O)Nc1ccc2c(Nc3cccc(Br)c3)ncnc2c1,IC50,40.74,nM,=,CHEMBL952131,CHEMBL203,7.39
CHEMBL93302,Oc1ccc2c(Nc3cccc(Br)c3)ncnc2c1,IC50,4.786,nM,=,CHEMBL952131,CHEMBL203,8.32
CHEMBL328691,COC(=O)Nc1ccc2ncnc(Nc3cccc(Br)c3)c2c1,IC50,12.02,nM,=,CHEMBL952131,CHEMBL203,7.92
CHEMBL52015,CN(C)c1ccc2ncnc(Nc3cccc(Br)c3)c2c1,IC50,85.11,nM,=,CHEMBL952131,CHEMBL203,7.07
CHEMBL50344,CNc1ccc2ncnc(Nc3cccc(Br)c3)c2c1,IC50,4.074,nM,=,CHEMBL952131,CHEMBL203,8.39
CHEMBL316064,COc1cc2ncnc(Nc3cccc(C(F)(F)F)c3)c2cc1OC,IC50,0.2455,nM,=,CHEMBL952131,CHEMBL203,9.61
CHEMBL96065,COc1cc2ncnc(Nc3cccc(I)c3)c2cc1OC,IC50,0.8913,nM,=,CHEMBL952131,CHEMBL203,9.05
CHEMBL7917,COc1cc2ncnc(Nc3cccc(Cl)c3)c2cc1OC,IC50,0.3162,nM,=,CHEMBL952131,CHEMBL203,9.50
CHEMBL94431,COc1cc2ncnc(Nc3cccc(F)c3)c2cc1OC,IC50,3.802,nM,=,CHEMBL952131,CHEMBL203,8.42
CHEMBL94191,COc1cc2ncnc(Nc3ccccc3)c2cc1OC,IC50,29.51,nM,=,CHEMBL952131,CHEMBL203,7.53
CHEMBL93284,O=[N+]([O-])c1ccc2c(Nc3cccc(I)c3)ncnc2c1,IC50,549.54,nM,=,CHEMBL952131,CHEMBL203,6.26
CHEMBL93635,O=[N+]([O-])c1ccc2c(Nc3cccc(Cl)c3)ncnc2c1,IC50,812.83,nM,=,CHEMBL952131,CHEMBL203,6.09
CHEMBL329183,O=[N+]([O-])c1ccc2c(Nc3cccc(F)c3)ncnc2c1,IC50,6165.95,nM,=,CHEMBL952131,CHEMBL203,5.21
CHEMBL433205,Nc1ccc2c(Nc3cccc(C(F)(F)F)c3)ncnc2c1,IC50,3.311,nM,=,CHEMBL952131,CHEMBL203,8.48
CHEMBL330224,Nc1ccc2c(Nc3ccccc3)ncnc2c1,IC50,100.0,nM,=,CHEMBL952131,CHEMBL203,7.00
CHEMBL539102,COc1ccc2ncnc(Nc3ccccc3)c2c1.Cl,IC50,120.23,nM,=,CHEMBL952131,CHEMBL203,6.92
CHEMBL328244,Nc1ccc2ncnc(Nc3cccc(C(F)(F)F)c3)c2c1,IC50,575.44,nM,=,CHEMBL952131,CHEMBL203,6.24
CHEMBL89940,Nc1ccc2ncnc(Nc3ccccc3)c2c1,IC50,776.25,nM,=,CHEMBL952131,CHEMBL203,6.11
CHEMBL328879,COc1ccc2ncnc(Nc3ccccc3)c2c1,IC50,56.23,nM,=,CHEMBL952131,CHEMBL203,7.25
CHEMBL92985,Fc1cccc(Nc2ncnc3ccccc23)c1,IC50,56.23,nM,=,CHEMBL952131,CHEMBL203,7.25
CHEMBL328216,Nc1cc2ncnc(Nc3cccc(Br)c3)c2cc1N,IC50,0.1202,nM,=,CHEMBL952131,CHEMBL203,9.92
CHEMBL93032,Oc1cc2ncnc(Nc3cccc(Br)c3)c2cc1O,IC50,0.1738,nM,=,CHEMBL952131,CHEMBL203,9.76
CHEMBL93181,COc1ccc2c(Nc3cccc(Br)c3)ncnc2c1,IC50,10.0,nM,=,CHEMBL952131,CHEMBL203,8.00
CHEMBL94275,O=[N+]([O-])c1ccc2c(Nc3cccc(Br)c3)ncnc2c1,IC50,1000.0,nM,=,CHEMBL952131,CHEMBL203,6.00
CHEMBL52197,COc1ccc2ncnc(Nc3cccc(Br)c3)c2c1,IC50,354.81,nM,=,CHEMBL952131,CHEMBL203,6.45
CHEMBL329161,O=[N+]([O-])c1ccc2ncnc(Nc3cccc(Br)c3)c2c1,IC50,912.01,nM,=,CHEMBL952131,CHEMBL203,6.04
CHEMBL92824,FC(F)(F)c1cccc(Nc2ncnc3ccccc23)c1,IC50,588.84,nM,=,CHEMBL952131,CHEMBL203,6.23
CHEMBL92825,Ic1cccc(Nc2ncnc3ccccc23)c1,IC50,81.28,nM,=,CHEMBL952131,CHEMBL203,7.09
CHEMBL290096,Brc1cccc(Nc2ncnc3ccccc23)c1,IC50,27.54,nM,=,CHEMBL952131,CHEMBL203,7.56
CHEMBL329672,Clc1cccc(Nc2ncnc3ccccc23)c1,IC50,23.44,nM,=,CHEMBL952131,CHEMBL203,7.63
CHEMBL441083,Cc1cccc(Nc2ncnc3ccccc23)c1,IC50,912.01,nM,=,CHEMBL952131,CHEMBL203,6.04
CHEMBL410659,Nc1nccn2c1c(-c1ccc3ccc(-c4ccccc4)nc3c1)nc2[C@H]1C[C@@H](CN2CCC2)C1,IC50,9600.0,nM,=,CHEMBL921277,CHEMBL203,5.02
CHEMBL260861,COc1cc(Nc2nn3c(N[C@H](CO)Cc4ccccc4)cc(C4CC4)nc3c2C(N)=O)cc(OC)c1,IC50,2400.0,nM,=,CHEMBL921778,CHEMBL203,5.62
CHEMBL407534,O=C(O)/C=C/c1cc(CO)ccc1CO,IC50,780.0,nM,=,CHEMBL939337,CHEMBL203,6.11
CHEMBL406845,CC(C)(C)n1nc(-c2ccc(Cl)cc2)c2c(N)ncnc21,IC50,480.0,nM,=,CHEMBL940057,CHEMBL203,6.32
CHEMBL258940,CN1CCC(Nc2ncc3ncnc(Nc4ccc(F)c(Cl)c4)c3n2)CC1,IC50,3.0,nM,=,CHEMBL937170,CHEMBL203,8.52
CHEMBL258940,CN1CCC(Nc2ncc3ncnc(Nc4ccc(F)c(Cl)c4)c3n2)CC1,IC50,3.0,nM,=,CHEMBL937172,CHEMBL203,8.52
CHEMBL411901,CCn1cnc2c(N)nc(N(c3cccc(Cl)c3)[C@@H]3CCCC[C@@H]3N)nc21,IC50,10000.0,nM,>,CHEMBL940057,CHEMBL203,
CHEMBL244948,O=c1ccc2ccc(O)c(O)c2o1,IC50,7670.0,nM,=,CHEMBL940057,CHEMBL203,5.12
CHEMBL328216,Nc1cc2ncnc(Nc3cccc(Br)c3)c2cc1N,IC50,0.12,nM,=,CHEMBL939337,CHEMBL203,9.92
CHEMBL387187,O=C(Nc1cccc(Nc2cc(Nc3cccc(C(F)(F)F)c3)ncn2)c1)C1CC1,IC50,21.0,nM,=,CHEMBL939337,CHEMBL203,7.68
CHEMBL387187,O=C(Nc1cccc(Nc2cc(Nc3cccc(C(F)(F)F)c3)ncn2)c1)C1CC1,IC50,63.0,nM,=,CHEMBL939338,CHEMBL203,7.20
CHEMBL387187,O=C(Nc1cccc(Nc2cc(Nc3cccc(C(F)(F)F)c3)ncn2)c1)C1CC1,IC50,4.0,nM,=,CHEMBL939339,CHEMBL203,8.40
CHEMBL35820,CCOc1cc2ncnc(Nc3cccc(Br)c3)c2cc1OCC,IC50,0.006,nM,=,CHEMBL939337,CHEMBL203,
CHEMBL44,O=c1c(-c2ccc(O)cc2)coc2cc(O)cc(O)c12,IC50,2600.0,nM,=,CHEMBL939337,CHEMBL203,5.58
CHEMBL406375,c1ccc(-c2n[nH]c3c2oc2ccccc23)cc1,IC50,10000.0,nM,>=,CHEMBL940057,CHEMBL203,
CHEMBL120077,COc1cc2c(cc1OC)-c1n[nH]c(Nc3cccc(F)c3)c1C2,IC50,100000.0,nM,>,CHEMBL937672,CHEMBL203,
CHEMBL86943,CCOC(=O)c1c(C)[nH]c(/C=C2\C(=O)Nc3ccccc32)c1C,IC50,100000.0,nM,>,CHEMBL936823,CHEMBL203,
CHEMBL261692,O=C1Nc2ccccc2/C1=C/c1cnc[nH]1,Inhibition,54.0,%,=,CHEMBL937672,CHEMBL203,
CHEMBL408565,O=C1Nc2ccccc2/C1=C/c1cc2c([nH]1)CCC(Br)C2,IC50,100000.0,nM,>,CHEMBL940057,CHEMBL203,
CHEMBL408565,O=C1Nc2ccccc2/C1=C/c1cc2c([nH]1)CCC(Br)C2,IC50,13300.0,nM,=,CHEMBL937186,CHEMBL203,4.88
CHEMBL261238,CN(c1cccnc1)c1cc2c(Nc3ccc(F)c(Cl)c3)c(C#N)cnc2cn1,IC50,5000000.0,nM,=,CHEMBL940057,CHEMBL203,
CHEMBL258726,CC(C)(C)c1cc(C=C2C(=O)C=CC2=O)cc(C(C)(C)C)c1O,IC50,320000.0,nM,=,CHEMBL940057,CHEMBL203,
CHEMBL437612,Cc1cc(C=C2C(=O)C=CC2=O)cc(C)c1O,IC50,440000.0,nM,=,CHEMBL940057,CHEMBL203,
CHEMBL76904,N#CC(C#N)=Cc1ccc(O)c(O)c1,IC50,40000.0,nM,=,CHEMBL921076,CHEMBL203,4.40
CHEMBL56543,N#C/C(=C\c1ccc(O)c(O)c1)C(=O)NCc1ccccc1,IC50,100.0,nM,=,CHEMBL921076,CHEMBL203,7.00
CHEMBL29197,COc1cc2ncnc(Nc3cccc(Br)c3)c2cc1OC,IC50,0.025,nM,=,CHEMBL940057,CHEMBL203,10.60
CHEMBL29197,COc1cc2ncnc(Nc3cccc(Br)c3)c2cc1OC,Ki,0.006,nM,=,CHEMBL940057,CHEMBL203,
CHEMBL13485,CCN(CC)CCNC(=O)c1c(C)[nH]c(/C=C2\C(=O)Nc3ccc(Cl)cc32)c1C,IC50,20000.0,nM,>,CHEMBL940057,CHEMBL203,
CHEMBL258805,COc1ccc2c(c1)/C(=C/c1cnc[nH]1)C(=O)N2,IC50,10000.0,nM,>,CHEMBL940057,CHEMBL203,
CHEMBL259394,COc1cc2nccc(Oc3ccc(NC(=O)Nc4ccc(F)cc4)cc3F)c2cc1OC,IC50,500.0,nM,>,CHEMBL923902,CHEMBL203,
CHEMBL179815,COc1cc2nccc(Oc3ccc(NC(=O)Nc4ccc(F)cc4F)cc3F)c2cc1OC,IC50,500.0,nM,>,CHEMBL923902,CHEMBL203,
CHEMBL259395,COc1cc2nccc(Oc3ccc(NC(=O)Nc4ccccc4F)cc3F)c2cc1OC,IC50,500.0,nM,>,CHEMBL923902,CHEMBL203,
CHEMBL3545252,CC(=O)O[C@@]12CO[C@@H]1C[C@H](O)[C@@]1(C)C(=O)[C@H](O)C3=C(C)[C@@H](OC(=O)[C@H](O)[C@@H](NC(=O)OC(C)(C)C)c4ccccc4)C[C@@](O)([C@@H](OC(=O)c4ccccc4)[C@H]21)C3(C)C.O.O.O,Kd,0.82,nM,=,CHEMBL921756,CHEMBL203,9.09
CHEMBL3545252,CC(=O)O[C@@]12CO[C@@H]1C[C@H](O)[C@@]1(C)C(=O)[C@H](O)C3=C(C)[C@@H](OC(=O)[C@H](O)[C@@H](NC(=O)OC(C)(C)C)c4ccccc4)C[C@@](O)([C@@H](OC(=O)c4ccccc4)[C@H]21)C3(C)C.O.O.O,Bmax,278.1,fmol/mg,=,CHEMBL921756,CHEMBL203,
CHEMBL437469,CC[C@H](NC(=O)[C@H](CC(C)C)NC(=O)[C@@H](NC(=O)[C@H](CCCCN)NC(=O)[C@H](Cc1cnc[nH]1)NC(=O)[C@H](Cc1ccc(C)cc1)NC(=O)[C@H](CCCCNC(=N)N)NC(=O)[C@H](C)NC(=O)[C@@H](NC(=O)[C@H](Cc1ccc(Cl)cc1)NC(=O)[C@@H](NC(=O)[C@H](C)NC(=O)[C@H](CC(=O)O)NC(=O)[C@@H](CCCNC(=N)N)NC(=O)[C@H](Cc1ccc(O)cc1)NC(=O)Cc1ccccc1)[C@@H](C)CC)[C@@H](C)O)C(C)C)C(=O)N[C@@H](CCC(N)=O)C(=O)N[C@@H](CC(C)C)C(=O)N[C@@H](CO)C(=O)N[C@@H](C)C(=O)N[C@@H](Cc1cnc[nH]1)C(=O)N[C@@H](CCCCN)C(=O)N[C@@H](CC(C)C)C(=O)N[C@@H](CC(C)C)C(=O)N[C@@H](CCC(N)=O)C(=O)N[C@@H](CC(=O)O)C(=O)N[C@H](C(=O)N[C@H](C(=O)N[C@H](CCCNC(=N)N)C(=O)N[C@@H](CCCCNC(=N)N)C(N)=O)[C@@H](C)CC)[C@@H](C)CC,Inhibition,68.0,%,=,CHEMBL921756,CHEMBL203,
CHEMBL437469,CC[C@H](NC(=O)[C@H](CC(C)C)NC(=O)[C@@H](NC(=O)[C@H](CCCCN)NC(=O)[C@H](Cc1cnc[nH]1)NC(=O)[C@H](Cc1ccc(C)cc1)NC(=O)[C@H](CCCCNC(=N)N)NC(=O)[C@H](C)NC(=O)[C@@H](NC(=O)[C@H](Cc1ccc(Cl)cc1)NC(=O)[C@@H](NC(=O)[C@H](C)NC(=O)[C@H](CC(=O)O)NC(=O)[C@@H](CCCNC(=N)N)NC(=O)[C@H](Cc1ccc(O)cc1)NC(=O)Cc1ccccc1)[C@@H](C)CC)[C@@H](C)O)C(C)C)C(=O)N[C@@H](CCC(N)=O)C(=O)N[C@@H](CC(C)C)C(=O)N[C@@H](CO)C(=O)N[C@@H](C)C(=O)N[C@@H](Cc1cnc[nH]1)C(=O)N[C@@H](CCCCN)C(=O)N[C@@H](CC(C)C)C(=O)N[C@@H](CC(C)C)C(=O)N[C@@H](CCC(N)=O)C(=O)N[C@@H](CC(=O)O)C(=O)N[C@H](C(=O)N[C@H](C(=O)N[C@H](CCCNC(=N)N)C(=O)N[C@@H](CCCCNC(=N)N)C(N)=O)[C@@H](C)CC)[C@@H](C)CC,Bmax,92.4,fmol/mg,=,CHEMBL921756,CHEMBL203,
CHEMBL437469,CC[C@H](NC(=O)[C@H](CC(C)C)NC(=O)[C@@H](NC(=O)[C@H](CCCCN)NC(=O)[C@H](Cc1cnc[nH]1)NC(=O)[C@H](Cc1ccc(C)cc1)NC(=O)[C@H](CCCCNC(=N)N)NC(=O)[C@H](C)NC(=O)[C@@H](NC(=O)[C@H](Cc1ccc(Cl)cc1)NC(=O)[C@@H](NC(=O)[C@H](C)NC(=O)[C@H](CC(=O)O)NC(=O)[C@@H](CCCNC(=N)N)NC(=O)[C@H](Cc1ccc(O)cc1)NC(=O)Cc1ccccc1)[C@@H](C)CC)[C@@H](C)O)C(C)C)C(=O)N[C@@H](CCC(N)=O)C(=O)N[C@@H](CC(C)C)C(=O)N[C@@H](CO)C(=O)N[C@@H](C)C(=O)N[C@@H](Cc1cnc[nH]1)C(=O)N[C@@H](CCCCN)C(=O)N[C@@H](CC(C)C)C(=O)N[C@@H](CC(C)C)C(=O)N[C@@H](CCC(N)=O)C(=O)N[C@@H](CC(=O)O)C(=O)N[C@H](C(=O)N[C@H](C(=O)N[C@H](CCCNC(=N)N)C(=O)N[C@@H](CCCCNC(=N)N)C(N)=O)[C@@H](C)CC)[C@@H](C)CC,Kd,0.94,nM,=,CHEMBL921756,CHEMBL203,9.03
CHEMBL259084,O=C(O)c1ccc(Nc2ncc3c(n2)-c2ccc(Cl)cc2C(c2c(F)cccc2F)=NC3)cc1,Activity,74.0,%,=,CHEMBL922816,CHEMBL203,
CHEMBL259084,O=C(O)c1ccc(Nc2ncc3c(n2)-c2ccc(Cl)cc2C(c2c(F)cccc2F)=NC3)cc1,Activity,81.0,%,=,CHEMBL922817,CHEMBL203,
CHEMBL259084,O=C(O)c1ccc(Nc2ncc3c(n2)-c2ccc(Cl)cc2C(c2c(F)cccc2F)=NC3)cc1,Activity,92.0,%,=,CHEMBL922818,CHEMBL203,
CHEMBL259084,O=C(O)c1ccc(Nc2ncc3c(n2)-c2ccc(Cl)cc2C(c2c(F)cccc2F)=NC3)cc1,Activity,86.0,%,=,CHEMBL922819,CHEMBL203,
CHEMBL259084,O=C(O)c1ccc(Nc2ncc3c(n2)-c2ccc(Cl)cc2C(c2c(F)cccc2F)=NC3)cc1,Activity,51.0,%,=,CHEMBL922820,CHEMBL203,
CHEMBL379367,NC(=O)c1c(NC(=O)C2CC2)sc2c1CCCC2,Activity,,,,CHEMBL931312,CHEMBL203,
CHEMBL444109,CC(C)=CCC[C@]1(C)C=Cc2c(O)c3c(c(CC=C(C)C)c2O1)O[C@]12C(=C[C@@H]4CC1C(C)(C)O[C@@]2(C/C=C(/C)C(N)=O)C4=O)C3=O,Activity,,,,CHEMBL930417,CHEMBL203,
CHEMBL258694,Cc1nnc(-c2cn3ncnc(Nc4cnc5[nH]ccc5c4)c3c2C(C)C)o1,IC50,150.0,nM,=,CHEMBL929426,CHEMBL203,6.82
CHEMBL261592,Cc1cc2cc(Nc3ncnn4cc(-c5nnc(C)o5)c(C(C)C)c34)cnc2[nH]1,IC50,1000.0,nM,>,CHEMBL929426,CHEMBL203,
CHEMBL445162,CS(=O)(=O)c1cccc(Nc2nccc(Nc3c(Cl)ccc4c3OCO4)n2)c1,IC50,30000.0,nM,>,CHEMBL932346,CHEMBL203,
CHEMBL254760,Cn1cnc(-c2cc3nccc(Oc4ccc(NC(=S)NC(=O)Cc5ccccc5)cc4F)c3s2)c1,Inhibition,5.0,%,<,CHEMBL927965,CHEMBL203,
CHEMBL254992,COc1c(NC(=O)c2ccc(C)c(N3C=C(C(=O)NCC(C)(C)CN(C)C)NN3)c2)cc(C(C)(C)C)cc1NS(C)(=O)=O,Activity,,,,CHEMBL930309,CHEMBL203,
CHEMBL255871,CO/N=C/c1c(N)ncnc1Nc1ccc2c(cnn2Cc2cccc(F)c2)c1,IC50,8.0,nM,=,CHEMBL934832,CHEMBL203,8.10
CHEMBL255237,COCCO/N=C/c1c(N)ncnc1Nc1ccc2c(cnn2Cc2cccc(F)c2)c1,IC50,14.0,nM,=,CHEMBL934832,CHEMBL203,7.85
CHEMBL255236,COc1ccccc1CO/N=C/c1c(N)ncnc1Nc1ccc2c(cnn2Cc2cccc(F)c2)c1,IC50,47.0,nM,=,CHEMBL934832,CHEMBL203,7.33
CHEMBL255438,Nc1ncnc(Nc2ccc3c(cnn3Cc3cccc(F)c3)c2)c1/C=N/OCc1ccccc1,IC50,23.0,nM,=,CHEMBL934832,CHEMBL203,7.64
CHEMBL402293,CC(C)O/N=C/c1c(N)ncnc1Nc1ccc2c(cnn2Cc2cccc(F)c2)c1,IC50,14.0,nM,=,CHEMBL934832,CHEMBL203,7.85
CHEMBL430031,CC(C)CO/N=C/c1c(N)ncnc1Nc1ccc2c(cnn2Cc2cccc(F)c2)c1,IC50,32.0,nM,=,CHEMBL934832,CHEMBL203,7.50
CHEMBL402294,CCO/N=C/c1c(N)ncnc1Nc1ccc2c(cnn2Cc2cccc(F)c2)c1,IC50,5.0,nM,=,CHEMBL934832,CHEMBL203,8.30
CHEMBL256295,Nc1ncnc(Nc2ccc3c(cnn3Cc3cccc(F)c3)c2)c1/C=N/O,IC50,12.0,nM,=,CHEMBL934832,CHEMBL203,7.92
CHEMBL256297,CO/N=C/c1c(N)ncnc1Nc1ccc(OCc2cccc(F)c2)c(Cl)c1,IC50,12.0,nM,=,CHEMBL934832,CHEMBL203,7.92
CHEMBL257815,CO/N=C/c1c(N)ncnc1Nc1ccc(OCc2ccccc2)c(Cl)c1,IC50,16.0,nM,=,CHEMBL934832,CHEMBL203,7.80
CHEMBL257814,CO/N=C/c1c(N)ncnc1Nc1ccc2c(c1)CCN2Cc1cccc(F)c1,IC50,57.0,nM,=,CHEMBL934832,CHEMBL203,7.24
CHEMBL402316,CO/N=C/c1c(N)ncnc1Nc1ccc2[nH]c(Cc3cccc(F)c3)nc2c1,IC50,48.0,nM,=,CHEMBL934832,CHEMBL203,7.32
CHEMBL257816,CO/N=C/c1c(N)ncnc1Nc1ccc2c(ccn2Cc2cccc(F)c2)c1,IC50,13.0,nM,=,CHEMBL934832,CHEMBL203,7.89
CHEMBL256527,CO/N=C/c1c(N)ncnc1Nc1ccc2c(cnn2Cc2ccc(F)cc2)c1,IC50,104.0,nM,=,CHEMBL934832,CHEMBL203,6.98
CHEMBL256529,CO/N=C/c1c(N)ncnc1Nc1ccc(OCc2cc(F)cc(F)c2)c(Cl)c1,IC50,33.0,nM,=,CHEMBL934832,CHEMBL203,7.48
CHEMBL403357,CO/N=C/c1c(N)ncnc1Nc1ccc2c(cnn2Cc2cccc(OC)c2)c1,IC50,267.0,nM,=,CHEMBL934832,CHEMBL203,6.57
CHEMBL255865,CO/N=C/c1c(N)ncnc1Nc1ccc2c(cnn2Cc2cccc(C#N)c2)c1,IC50,20.0,nM,=,CHEMBL934832,CHEMBL203,7.70
CHEMBL255656,CO/N=C/c1c(N)ncnc1Nc1ccc2c(cnn2Cc2cccc(Cl)c2)c1,IC50,23.0,nM,=,CHEMBL934832,CHEMBL203,7.64
CHEMBL402113,CO/N=C/c1c(N)ncnc1Nc1ccc2c(cnn2Cc2ccccc2)c1,IC50,44.0,nM,=,CHEMBL934832,CHEMBL203,7.36
CHEMBL255866,CO/N=C/c1c(N)ncnc1Nc1ccc2[nH]ncc2c1,IC50,306.0,nM,=,CHEMBL934832,CHEMBL203,6.51
CHEMBL255291,CO/N=C/c1c(N)ncnc1NCc1ccc(F)c(Cl)c1,IC50,1123.0,nM,=,CHEMBL934832,CHEMBL203,5.95
CHEMBL402149,CO/N=C/c1c(N)ncnc1Nc1cccc(Br)c1,IC50,24.0,nM,=,CHEMBL934832,CHEMBL203,7.62
CHEMBL255490,CO/N=C/c1c(N)ncnc1Nc1ccc(F)c(Cl)c1,IC50,70.0,nM,=,CHEMBL934832,CHEMBL203,7.16
CHEMBL402551,CO/N=C/c1c(N)ncnc1Nc1ccc2oc(-c3cccc(F)c3)cc2c1,Inhibition,10.0,%,<,CHEMBL934845,CHEMBL203,
CHEMBL404426,CNc1ncnc(Nc2ccc3c(cnn3Cc3cccc(F)c3)c2)c1/C=N/OC,Inhibition,48.0,%,=,CHEMBL934845,CHEMBL203,
CHEMBL519751,C=CC(C)(C)c1ccc2c3c(c[nH]c13)C[C@@H](CO)NC(=O)[C@H](C(C)C)N2C,Activity,,,,CHEMBL969550,CHEMBL203,
CHEMBL488007,C=C[C@]1(C)CC[C@@](C)(C(C)C)c2cc3c4c(c[nH]c4c21)C[C@@H](CO)NC(=O)[C@H](C(C)C)N3C,Activity,,,,CHEMBL969550,CHEMBL203,
CHEMBL498247,CCC(C)[C@@H]1[C@@](C)(C(=O)/C=C/OC)[C@H]2[C@H](C)C[C@@](C)(O)C[C@]2(O)C(=O)[C@@]1(C)O,IC50,10500.0,nM,=,CHEMBL974188,CHEMBL203,4.98
CHEMBL498249,CO[C@H](C)c1c(O)cc2c(c1O)C(=O)c1c(cc(O)c(O)c1O)C2=O,IC50,41000.0,nM,=,CHEMBL974188,CHEMBL203,4.39
CHEMBL498248,CO[C@H](C)c1c(O)cc2c(c1O)C(=O)c1c(O)cc(O)cc1C2=O,IC50,27500.0,nM,=,CHEMBL974188,CHEMBL203,4.56
CHEMBL524820,C[C@@H](O)c1c(O)cc2c(c1O)C(=O)c1c(O)cc(O)cc1C2=O,IC50,37500.0,nM,=,CHEMBL974188,CHEMBL203,4.43
CHEMBL443169,CCC(C)[C@@H]1[C@@](C)(C(=O)/C=C/N(c2ccccc2)c2ccc3ccccc3c2)[C@H]2[C@H](C)C[C@@](C)(O)C[C@]2(O)C(=O)[C@@]1(C)O,IC50,100000.0,nM,>,CHEMBL974188,CHEMBL203,
CHEMBL514554,CS(=O)(=O)c1cccc(CNc2nc(Nc3ccc4c(c3)CCC(=O)N4)ncc2C(F)(F)F)c1,Inhibition,0.0,%,=,CHEMBL941319,CHEMBL203,
CHEMBL179242,O=c1cc(N2CCOCC2)nc2c3ccccc3ccn12,Inhibition,-3.0,%,=,CHEMBL941435,CHEMBL203,
CHEMBL145,O=C(O)/C=C/c1ccc(O)c(O)c1,IC50,1000000.0,nM,=,CHEMBL941404,CHEMBL203,
CHEMBL436817,N#Cc1cnc2c(Cl)cc(NCc3cnc[nH]3)cc2c1Nc1ccc(F)c(Cl)c1,IC50,40000.0,nM,>,CHEMBL966665,CHEMBL203,
CHEMBL285063,C=CC(=O)Nc1ccc2ncnc(Nc3cccc(Br)c3)c2c1,IC50,0.08,nM,=,CHEMBL978648,CHEMBL203,10.10
CHEMBL553,C#Cc1cccc(Nc2ncnc3cc(OCCOC)c(OCCOC)cc23)c1,IC50,3.6,nM,=,CHEMBL978648,CHEMBL203,8.44
CHEMBL188762,CCC(=O)Nc1ccc2ncnc(Nc3cccc(Br)c3)c2c1,IC50,0.43,nM,=,CHEMBL978648,CHEMBL203,9.37
CHEMBL94061,CN(C)C/C=C/C(=O)Nc1ccc2ncnc(Nc3cccc(Br)c3)c2c1,IC50,0.22,nM,=,CHEMBL978648,CHEMBL203,9.66
CHEMBL13485,CCN(CC)CCNC(=O)c1c(C)[nH]c(/C=C2\C(=O)Nc3ccc(Cl)cc32)c1C,IC50,3000.0,nM,=,CHEMBL996040,CHEMBL203,5.52
CHEMBL490770,CC(=O)N[C@@H](C)C(=O)N[C@@H](C)C(=O)N[C@@H](Cc1ccccc1)C(=O)N[C@H](C(=O)CCl)[C@@H](C)O,Inhibition,4.0,%,=,CHEMBL942399,CHEMBL203,
CHEMBL490977,CC(=O)NCC(=O)NCC(=O)N[C@@H](C)C(=O)N[C@@H](Cc1ccccc1)C(=O)CCl,Inhibition,5.0,%,=,CHEMBL942399,CHEMBL203,
CHEMBL490769,O=C(CCl)[C@H](Cc1c[nH]c2ccccc12)NOCc1ccccc1,Inhibition,6.0,%,=,CHEMBL942399,CHEMBL203,
CHEMBL501934,CC(C)C[C@H](N)C(=O)CCl,Inhibition,16.0,%,=,CHEMBL942399,CHEMBL203,
CHEMBL507068,CC(C)C[C@H](NC(=O)OCc1ccccc1)C(=O)C=[N+]=[N-],Inhibition,15.0,%,=,CHEMBL942399,CHEMBL203,
CHEMBL490173,O=C(CCl)[C@H](Cc1ccccc1)NOCc1ccccc1,Inhibition,21.0,%,=,CHEMBL942399,CHEMBL203,
CHEMBL485282,CC(=O)N[C@@H](Cc1ccccc1)C(=O)NCC(=O)N[C@@H](C)C(=O)N[C@@H](CC(C)C)C(=O)CCl,Inhibition,59.0,%,=,CHEMBL942399,CHEMBL203,
CHEMBL475067,CC(C)C[C@H](NC(=O)OC(C)(C)C)C(=O)CBr,Inhibition,65.0,%,=,CHEMBL942399,CHEMBL203,
CHEMBL501934,CC(C)C[C@H](N)C(=O)CCl,Inhibition,0.0,%,=,CHEMBL941413,CHEMBL203,
CHEMBL483443,C[C@H](NC(=O)OCc1ccccc1)C(=O)CCl,Inhibition,71.0,%,=,CHEMBL942399,CHEMBL203,
CHEMBL490977,CC(=O)NCC(=O)NCC(=O)N[C@@H](C)C(=O)N[C@@H](Cc1ccccc1)C(=O)CCl,Inhibition,0.0,%,=,CHEMBL941413,CHEMBL203,
CHEMBL490770,CC(=O)N[C@@H](C)C(=O)N[C@@H](C)C(=O)N[C@@H](Cc1ccccc1)C(=O)N[C@H](C(=O)CCl)[C@@H](C)O,Inhibition,10.0,%,=,CHEMBL941413,CHEMBL203,
CHEMBL490769,O=C(CCl)[C@H](Cc1c[nH]c2ccccc12)NOCc1ccccc1,Inhibition,10.0,%,=,CHEMBL941413,CHEMBL203,
CHEMBL490173,O=C(CCl)[C@H](Cc1ccccc1)NOCc1ccccc1,Inhibition,15.0,%,=,CHEMBL941413,CHEMBL203,
CHEMBL507068,CC(C)C[C@H](NC(=O)OCc1ccccc1)C(=O)C=[N+]=[N-],Inhibition,18.0,%,=,CHEMBL941413,CHEMBL203,
CHEMBL483443,C[C@H](NC(=O)OCc1ccccc1)C(=O)CCl,Inhibition,44.0,%,=,CHEMBL941413,CHEMBL203,
CHEMBL475067,CC(C)C[C@H](NC(=O)OC(C)(C)C)C(=O)CBr,Inhibition,69.0,%,=,CHEMBL941413,CHEMBL203,
CHEMBL485282,CC(=O)N[C@@H](Cc1ccccc1)C(=O)NCC(=O)N[C@@H](C)C(=O)N[C@@H](CC(C)C)C(=O)CCl,Inhibition,29.0,%,=,CHEMBL941413,CHEMBL203,
CHEMBL521184,O=c1c(-c2ccc(O)cc2)c(CNC2=NCCS2)oc2cc(O)cc(O)c12,IC50,20.0,ug.mL-1,=,CHEMBL941412,CHEMBL203,
CHEMBL485475,O=c1c(-c2ccc(O)cc2)c(CN2CCCCC2)oc2cc(O)cc(O)c12,IC50,10.0,ug.mL-1,=,CHEMBL941412,CHEMBL203,
CHEMBL483428,CCOC(=O)CSCc1oc2cc(O)cc(O)c2c(=O)c1-c1ccc(O)cc1,IC50,4.0,ug.mL-1,=,CHEMBL941412,CHEMBL203,
CHEMBL518986,O=c1c(-c2ccc(O)cc2)c(CSC2=NCCS2)oc2cc(O)cc(O)c12,IC50,5.0,ug.mL-1,=,CHEMBL941412,CHEMBL203,
CHEMBL490960,CSCc1oc2cc(O)cc(O)c2c(=O)c1-c1ccc(O)cc1,IC50,5.0,ug.mL-1,=,CHEMBL941412,CHEMBL203,
CHEMBL490980,NC(=O)c1oc2cc(O)cc(O)c2c(=O)c1-c1ccc(O)cc1,IC50,10.0,ug.mL-1,=,CHEMBL941412,CHEMBL203,
CHEMBL490773,CC(C)OC(=O)c1oc2cc(O)cc(O)c2c(=O)c1-c1ccc(O)cc1,IC50,10.0,ug.mL-1,=,CHEMBL941412,CHEMBL203,
CHEMBL522082,COC(=O)c1oc2cc(O)cc(O)c2c(=O)c1-c1ccc(O)cc1,IC50,2.0,ug.mL-1,=,CHEMBL941412,CHEMBL203,
CHEMBL489139,CCOC(=O)c1oc2cc(O)cc(O)c2c(=O)c1-c1ccc(O)cc1,IC50,2.0,ug.mL-1,=,CHEMBL941412,CHEMBL203,
CHEMBL443171,O=C(O)c1oc2cc(O)cc(O)c2c(=O)c1-c1ccc(O)cc1,IC50,2.0,ug.mL-1,=,CHEMBL941412,CHEMBL203,
CHEMBL521472,Cc1oc2cc(O)cc(O)c2c(=O)c1-c1ccc(O)cc1,IC50,2.0,ug.mL-1,=,CHEMBL941412,CHEMBL203,
CHEMBL485070,CCOc1cc(/C=C(\C#N)C(N)=O)cc(CSc2ccccc2)c1O,IC50,400.0,nM,=,CHEMBL941412,CHEMBL203,6.40
CHEMBL490780,CCOc1cc(/C=C2/CCNC2=O)cc(CSc2ccccc2)c1O,IC50,900.0,nM,=,CHEMBL941412,CHEMBL203,6.05
CHEMBL85021,CC(C)c1cc(/C=C2\C(=O)Nc3ccccc32)cc(C(C)C)c1O,IC50,400.0,nM,=,CHEMBL941412,CHEMBL203,6.40
CHEMBL522116,CSCc1cc(/C=C2\C(=O)Nc3ccccc32)cc(CSC)c1O,IC50,400.0,nM,=,CHEMBL941412,CHEMBL203,6.40
CHEMBL2372245,CC(C)C[C@H](NC(=O)[C@H](CCCNC(=N)N)NC(=O)[C@@H](N)CCCNC(=N)N)C(=O)N[C@@H](CCC(=O)O)C(=O)N[C@@H](CCC(=O)O)C(=O)N[C@@H](CCC(=O)O)C(=O)N[C@@H](CCC(=O)O)C(=O)N[C@@H](CCC(=O)O)C(=O)N[C@@H](C)C(=O)N[C@@H](Cc1c(F)c(F)c(O)c(F)c1F)C(=O)NCC(=O)O,Ki,20000.0,nM,=,CHEMBL941412,CHEMBL203,4.70
CHEMBL2372245,CC(C)C[C@H](NC(=O)[C@H](CCCNC(=N)N)NC(=O)[C@@H](N)CCCNC(=N)N)C(=O)N[C@@H](CCC(=O)O)C(=O)N[C@@H](CCC(=O)O)C(=O)N[C@@H](CCC(=O)O)C(=O)N[C@@H](CCC(=O)O)C(=O)N[C@@H](CCC(=O)O)C(=O)N[C@@H](C)C(=O)N[C@@H](Cc1c(F)c(F)c(O)c(F)c1F)C(=O)NCC(=O)O,Ki,4000.0,nM,=,CHEMBL941412,CHEMBL203,5.40
CHEMBL17329,COC(=O)/C=C/c1cc(O)ccc1O,IC50,20.0,ug.mL-1,=,CHEMBL941412,CHEMBL203,
CHEMBL293798,N#CC(C#N)=C1C(=O)Nc2ccccc21,IC50,3000.0,nM,>,CHEMBL941412,CHEMBL203,
CHEMBL1202061,CCOC(=O)C(=O)Oc1ccc(-c2c(C(=O)OCC)oc3cc(O)cc(O)c3c2=O)cc1.O=C(O)C(=O)O,IC50,1000.0,nM,=,CHEMBL941412,CHEMBL203,6.00
CHEMBL55748,N#CC(C#N)=C1C(=O)Nc2ccc(O)cc21,IC50,10000.0,nM,=,CHEMBL941412,CHEMBL203,5.00
CHEMBL56964,COc1cc2c(cc1O)NC(=O)C2=C(C#N)C#N,IC50,60000.0,nM,=,CHEMBL941412,CHEMBL203,4.22
CHEMBL57462,N#CC(C#N)=C1C(=O)Nc2cc(O)c(O)cc21,IC50,3000.0,nM,=,CHEMBL941412,CHEMBL203,5.52
CHEMBL57300,N#CC(C#N)=C1CCc2c1ccc(O)c2O,IC50,7000.0,nM,=,CHEMBL941412,CHEMBL203,5.16
CHEMBL490768,N#C/C(=C\c1cc(-c2ccccc2)c(O)c(-c2ccccc2)c1)C(N)=O,IC50,400.0,nM,=,CHEMBL941412,CHEMBL203,6.40
CHEMBL293584,N#CC(C#N)=C1CCc2cc(O)c(O)cc21,IC50,500.0,nM,=,CHEMBL941412,CHEMBL203,6.30
CHEMBL504173,CC(C)c1cc(/C=C(\C#N)C(N)=O)cc(C(C)C)c1O,IC50,1000.0,nM,=,CHEMBL941412,CHEMBL203,6.00
CHEMBL490570,CC(C)(C)c1cc(/C=C(\C#N)C(N)=O)cc(C(C)(C)C)c1O,IC50,50000.0,nM,=,CHEMBL941412,CHEMBL203,4.30
CHEMBL538909,N#C/C(=C/c1cc(Cc2ccccc2)c(O)c(Cc2ccccc2)c1)C(N)=O,IC50,600.0,nM,=,CHEMBL941412,CHEMBL203,6.22
CHEMBL490569,N#C/C(=C\c1cc(CSc2ccccc2)c(O)c(OCc2ccccc2)c1)C(N)=O,IC50,800.0,nM,=,CHEMBL941412,CHEMBL203,6.10
CHEMBL483232,CCOc1cc(/C=C(\C#N)C(N)=O)cc(CSc2cccc(OC)c2)c1O,IC50,4000.0,nM,=,CHEMBL941412,CHEMBL203,5.40
CHEMBL483233,CCOc1cc(/C=C(\C#N)C(N)=O)cc(CSc2ccc(O)cc2)c1O,IC50,3000.0,nM,=,CHEMBL941412,CHEMBL203,5.52
CHEMBL116595,COc1cc(/C=C(\C#N)C(N)=O)cc(CSc2ccccc2)c1O,IC50,500.0,nM,=,CHEMBL941412,CHEMBL203,6.30
CHEMBL520839,CCOc1cc(/C=C(\C#N)C(N)=O)cc(CSc2ccc(C)cc2)c1O,IC50,20000.0,nM,=,CHEMBL941412,CHEMBL203,4.70
CHEMBL489146,CC(=O)N/C=C/c1cc(O)ccc1O,IC50,3.0,ug.mL-1,=,CHEMBL941412,CHEMBL203,
CHEMBL450484,O=C(O)/C=C/c1cc(O)ccc1O,IC50,8.0,ug.mL-1,=,CHEMBL941412,CHEMBL203,
CHEMBL453504,O=CN/C=C/c1ccc(O)c(O)c1O,IC50,0.9,ug.mL-1,=,CHEMBL941412,CHEMBL203,
CHEMBL510499,O=CN/C=C/c1cc(Br)ccc1O,IC50,6.0,ug.mL-1,>,CHEMBL941412,CHEMBL203,
CHEMBL484053,COc1ccc(O)c(/C=C/NC=O)c1,IC50,6.0,ug.mL-1,>,CHEMBL941412,CHEMBL203,
CHEMBL46946,O=CN/C=C/c1ccc(O)c(O)c1,IC50,1.0,ug.mL-1,=,CHEMBL941412,CHEMBL203,
CHEMBL485485,O=CN/C=C/c1cccc(O)c1O,IC50,0.3,ug.mL-1,=,CHEMBL941412,CHEMBL203,
CHEMBL485484,O=CN/C=C/c1ccc(O)cc1O,IC50,30.0,ug.mL-1,>,CHEMBL941412,CHEMBL203,
CHEMBL485483,O=CN/C=C/c1ccc(O)cc1,IC50,10.0,ug.mL-1,>,CHEMBL941412,CHEMBL203,
CHEMBL503768,O=CN/C=C/c1cccc(O)c1,IC50,10.0,ug.mL-1,>,CHEMBL941412,CHEMBL203,
CHEMBL485283,O=CN/C=C/c1ccccc1O,IC50,100.0,ug.mL-1,>,CHEMBL941412,CHEMBL203,
CHEMBL47986,O=CN/C=C/c1cc(O)ccc1O,IC50,0.55,ug.mL-1,=,CHEMBL941412,CHEMBL203,
CHEMBL44,O=c1c(-c2ccc(O)cc2)coc2cc(O)cc(O)c12,IC50,0.7,ug.mL-1,=,CHEMBL941412,CHEMBL203,
CHEMBL44,O=c1c(-c2ccc(O)cc2)coc2cc(O)cc(O)c12,IC50,0.1,ug.mL-1,=,CHEMBL941404,CHEMBL203,
CHEMBL241609,O=c1c(-c2ccc(O)c(O)c2)coc2cc(O)cc(O)c12,IC50,0.1,ug.mL-1,=,CHEMBL941404,CHEMBL203,
CHEMBL418906,CC(C)(C)OC(=O)NCCNC(=O)c1ccc(S(=O)(=O)Oc2ccc(/C=C/[N+](=O)[O-])cc2)cc1,IC50,1000.0,nM,=,CHEMBL941404,CHEMBL203,6.00
CHEMBL490987,CC(C)NC(=O)c1ccc(S(=O)(=O)Oc2ccc(/C=C/[N+](=O)[O-])cc2)cc1,IC50,1000.0,nM,=,CHEMBL941404,CHEMBL203,6.00
CHEMBL76958,O=C(O)c1ccc(S(=O)(=O)Oc2ccc(/C=C/[N+](=O)[O-])cc2)cc1,IC50,1000.0,nM,=,CHEMBL941404,CHEMBL203,6.00
CHEMBL307481,O=[N+]([O-])/C=C/c1ccc(O)cc1,IC50,10000.0,nM,=,CHEMBL941404,CHEMBL203,5.00
CHEMBL56132,N#C/C(=C\c1ccc(O)c(O)c1)C(=O)c1ccccc1,IC50,1000.0,nM,=,CHEMBL941404,CHEMBL203,6.00
CHEMBL520493,N#C/C(=C/c1ccc(O)c(O)c1)C(=O)Nc1ccccc1Cl,IC50,10000.0,nM,=,CHEMBL941404,CHEMBL203,5.00
CHEMBL490577,N#C/C(=C/c1ccc(O)c(O)c1)C(=O)NCCCCc1ccccc1,IC50,100.0,nM,=,CHEMBL941404,CHEMBL203,7.00
CHEMBL296407,N#C/C(=C\c1ccc(O)c(O)c1)C(N)=O,IC50,10000.0,nM,=,CHEMBL941404,CHEMBL203,5.00
CHEMBL76589,N#CC(C#N)=C(N)/C(C#N)=C/c1ccc(O)cc1,IC50,100.0,nM,=,CHEMBL941404,CHEMBL203,7.00
CHEMBL80745,COc1cc(/C=C(\C#N)C(N)=C(C#N)C#N)cc(O)c1O,IC50,1000.0,nM,=,CHEMBL941404,CHEMBL203,6.00
CHEMBL309598,N#CC(C#N)=C(O)c1cc(O)c(O)c(O)c1,IC50,10000.0,nM,=,CHEMBL941404,CHEMBL203,5.00
CHEMBL454002,N#CC(C#N)=C(C#N)c1cc(O)cc(O)c1,IC50,10000.0,nM,=,CHEMBL941404,CHEMBL203,5.00
CHEMBL474267,N#CC(C#N)=C(C#N)c1ccc(O)c(O)c1,IC50,10000.0,nM,=,CHEMBL941404,CHEMBL203,5.00
CHEMBL483830,O=C(O)c1cc(N(Cc2cc(O)ccc2O)Cc2cc(O)ccc2O)ccc1O,IC50,0.01,ug.mL-1,=,CHEMBL941404,CHEMBL203,
CHEMBL242741,COc1c(O)cc(O)c2c(=O)c(-c3ccc(O)cc3)coc12,IC50,0.1,ug.mL-1,=,CHEMBL941404,CHEMBL203,
CHEMBL26001,O=P(O)(O)C(O)c1ccc2ccccc2c1,IC50,200000.0,nM,=,CHEMBL941404,CHEMBL203,
CHEMBL488101,C[C@H](NC(=O)c1ccc(S(=O)(=O)Oc2ccc(/C=C/[N+](=O)[O-])cc2)cc1)C(=O)N[C@@H](C)C(=O)NCCN.Cl,IC50,20000.0,nM,=,CHEMBL941404,CHEMBL203,4.70
CHEMBL76929,COC(=O)c1ccc(S(=O)(=O)Oc2ccc(/C=C/[N+](=O)[O-])cc2)cc1O,IC50,2000.0,nM,=,CHEMBL941404,CHEMBL203,5.70
CHEMBL77401,COC(=O)c1ccc(S(=O)(=O)Oc2ccc(/C=C/[N+](=O)[O-])cc2)cc1,IC50,2000.0,nM,=,CHEMBL941404,CHEMBL203,5.70
CHEMBL56879,N#C/C(=C\c1ccc(O)c(O)c1)C(=O)c1ccc([N+](=O)[O-])cc1,IC50,2000.0,nM,=,CHEMBL941404,CHEMBL203,5.70
CHEMBL59145,N#C/C(=C\c1ccc(O)c(O)c1)C(=O)c1ccccc1Cl,IC50,2000.0,nM,=,CHEMBL941404,CHEMBL203,5.70
CHEMBL490774,N#C/C(=C/c1ccc(O)c(O)c1)C(=O)NC1CCCCC1,IC50,2000.0,nM,=,CHEMBL941404,CHEMBL203,5.70
CHEMBL56543,N#C/C(=C\c1ccc(O)c(O)c1)C(=O)NCc1ccccc1,IC50,2000.0,nM,=,CHEMBL941404,CHEMBL203,5.70
CHEMBL501368,N#C/C(=C\c1cc(O)ccc1O)C(=O)O,IC50,20000.0,nM,=,CHEMBL941404,CHEMBL203,4.70
CHEMBL76602,N#C/C(=C\c1ccc(O)cc1)C(=O)O,IC50,200000.0,nM,=,CHEMBL941404,CHEMBL203,
CHEMBL483831,O=C(O)c1ccc(O)c(N(Cc2ccccc2O)Cc2cc(O)ccc2O)c1,IC50,0.2,ug.mL-1,=,CHEMBL941404,CHEMBL203,
CHEMBL77397,COc1cc(/C=C(\C)[N+](=O)[O-])ccc1OS(=O)(=O)c1ccc(C(=O)O)cc1,IC50,3000.0,nM,=,CHEMBL941404,CHEMBL203,5.52
CHEMBL77688,O=C(O)c1ccc(S(=O)(=O)Oc2ccc(/C=C/[N+](=O)[O-])cc2)c(O)c1,IC50,300.0,nM,=,CHEMBL941404,CHEMBL203,6.52
CHEMBL309334,N#CC(C#N)=C(N)/C(C#N)=C/c1ccc(O)c(O)c1,IC50,3000.0,nM,=,CHEMBL941404,CHEMBL203,5.52
CHEMBL418907,COc1cc(/C=C/[N+](=O)[O-])ccc1OS(=O)(=O)c1ccc(C(=O)O)cc1,IC50,3000.0,nM,=,CHEMBL941404,CHEMBL203,5.52
CHEMBL73820,N#C/C(=C\c1ccc(O)c(O)c1)C(=O)O,IC50,30000.0,nM,=,CHEMBL941404,CHEMBL203,4.52
CHEMBL77030,N#C/C(=C\c1ccc(O)c(O)c1)C(N)=S,IC50,3000.0,nM,=,CHEMBL941404,CHEMBL203,5.52
CHEMBL492199,N#CC(C#N)=C(C#N)c1cc(O)c(O)c(O)c1,IC50,3000.0,nM,=,CHEMBL941404,CHEMBL203,5.52
CHEMBL28,O=c1cc(-c2ccc(O)cc2)oc2cc(O)cc(O)c12,IC50,30.0,ug.mL-1,=,CHEMBL941404,CHEMBL203,
CHEMBL150,O=c1c(O)c(-c2ccc(O)cc2)oc2cc(O)cc(O)c12,IC50,3.0,ug.mL-1,=,CHEMBL941404,CHEMBL203,
CHEMBL131921,COc1ccc(-c2coc3cc(O)cc(O)c3c2=O)cc1,IC50,30.0,ug.mL-1,=,CHEMBL941404,CHEMBL203,
CHEMBL241609,O=c1c(-c2ccc(O)c(O)c2)coc2cc(O)cc(O)c12,IC50,3.0,ug.mL-1,=,CHEMBL941404,CHEMBL203,
CHEMBL483234,C[C@H](NC(=O)c1ccc(S(=O)(=O)Oc2ccc(/C=C/[N+](=O)[O-])cc2)cc1)C(=O)N[C@@H](C)C(=O)OC(C)(C)C,IC50,40000.0,nM,=,CHEMBL941404,CHEMBL203,4.40
CHEMBL78280,CNC(=O)c1ccc(S(=O)(=O)Oc2ccc(/C=C(\C)[N+](=O)[O-])cc2OC)cc1,IC50,4000.0,nM,=,CHEMBL941404,CHEMBL203,5.40
CHEMBL74432,CNC(=O)c1ccc(S(=O)(=O)Oc2ccc(/C=C/[N+](=O)[O-])cc2)cc1,IC50,400.0,nM,=,CHEMBL941404,CHEMBL203,6.40
CHEMBL56393,N#C/C(=C\c1ccc(O)c(O)c1)C(=O)c1ccc(O)c(O)c1,IC50,400.0,nM,=,CHEMBL941404,CHEMBL203,6.40
CHEMBL449114,N#CC(C#N)=C(C#N)c1cccc(O)c1,IC50,400000.0,nM,=,CHEMBL941404,CHEMBL203,
CHEMBL103552,O=C(O)c1cc(N(Cc2ccccc2O)Cc2cc(O)ccc2O)ccc1O,IC50,0.004,ug.mL-1,=,CHEMBL941404,CHEMBL203,
CHEMBL243664,COc1ccc(-c2cc(=O)c3c(O)cc(O)cc3o2)cc1,IC50,40.0,ug.mL-1,=,CHEMBL941404,CHEMBL203,
CHEMBL491174,COc1cc(O)c2c(=O)c(-c3ccc(O)cc3)coc2c1,IC50,4.0,ug.mL-1,=,CHEMBL941404,CHEMBL203,
CHEMBL485065,Cl.NCCNC(=O)c1ccc(S(=O)(=O)Oc2ccc(/C=C/[N+](=O)[O-])cc2)cc1,IC50,5000.0,nM,=,CHEMBL941404,CHEMBL203,5.30
CHEMBL444470,C[C@H](NC(=O)c1ccc(S(=O)(=O)Oc2ccc(/C=C/[N+](=O)[O-])cc2)cc1)C(=O)N[C@@H](C)C(=O)NCCNC(=O)OC(C)(C)C,IC50,50000.0,nM,>,CHEMBL941404,CHEMBL203,
CHEMBL77100,CCCCNC(=O)c1ccc(S(=O)(=O)Oc2ccc(/C=C/[N+](=O)[O-])cc2)cc1,IC50,5000.0,nM,=,CHEMBL941404,CHEMBL203,5.30
CHEMBL453502,COc1cc(/C=C/[N+](=O)[O-])ccc1OS(=O)(=O)c1ccc(C(=O)OC[C@H]2O[C@@H](n3cnc4c(N)ncnc43)[C@H](O)[C@@H]2O)cc1,IC50,500.0,nM,=,CHEMBL941404,CHEMBL203,6.30
CHEMBL449093,O=C(O)c1ccc(S(=O)(=O)Oc2ccc(/C=C/[N+](=O)[O-])cc2)cc1O,IC50,50.0,nM,=,CHEMBL941404,CHEMBL203,7.30
CHEMBL79064,N#CC(C#N)=C(O)c1ccc(O)cc1,IC50,500000.0,nM,=,CHEMBL941404,CHEMBL203,
CHEMBL77803,N#CC(C#N)=C(N)/C(C#N)=C/c1cc(O)c(O)c(Br)c1,IC50,500.0,nM,=,CHEMBL941404,CHEMBL203,6.30
CHEMBL485258,O=C(O)c1cc(N(Cc2ccccc2O)Cc2ccccc2O)ccc1O,IC50,0.5,ug.mL-1,=,CHEMBL941404,CHEMBL203,
CHEMBL275638,O=c1cc(-c2ccccc2)oc2ccccc12,IC50,50.0,ug.mL-1,=,CHEMBL941404,CHEMBL203,
CHEMBL505705,Nc1ncnc2c1ncn2[C@@H]1O[C@H](COC(=O)c2ccc(S(=O)(=O)Oc3ccc(/C=C/[N+](=O)[O-])cc3)cc2)[C@@H](O)[C@H]1O,IC50,600.0,nM,=,CHEMBL941404,CHEMBL203,6.22
CHEMBL55204,N#C/C(=C\c1ccc(O)c(O)c1)C(=O)c1ccc(F)cc1,IC50,600.0,nM,=,CHEMBL941404,CHEMBL203,6.22
CHEMBL489349,N#CC(C#N)=C(C#N)c1ccc(C=O)cc1,IC50,600000.0,nM,=,CHEMBL941404,CHEMBL203,
CHEMBL450319,N#CC(C#N)=C(C#N)c1ccc(O)cc1,IC50,600000.0,nM,=,CHEMBL941404,CHEMBL203,
CHEMBL489147,COc1cc(C(C#N)=C(C#N)C#N)cc(O)c1O,IC50,6000.0,nM,=,CHEMBL941404,CHEMBL203,5.22
CHEMBL490775,C[C@H](NC(=O)[C@H](C)NC(=O)c1ccc(S(=O)(=O)Oc2ccc(/C=C/[N+](=O)[O-])cc2)cc1)C(=O)O,IC50,7000.0,nM,=,CHEMBL941404,CHEMBL203,5.16
CHEMBL53898,N#C/C(=C\c1ccc(O)c(O)c1)C(=O)NCCCc1ccccc1,IC50,700.0,nM,=,CHEMBL941404,CHEMBL203,6.16
CHEMBL56731,N#C/C(=C\c1ccc(O)c(O)c1)C(=O)Nc1ccccc1,IC50,700.0,nM,=,CHEMBL941404,CHEMBL203,6.16
CHEMBL44,O=c1c(-c2ccc(O)cc2)coc2cc(O)cc(O)c12,IC50,0.7,ug.mL-1,=,CHEMBL941404,CHEMBL203,
CHEMBL309016,COc1cc(/C=C/[N+](=O)[O-])ccc1O,IC50,8000.0,nM,=,CHEMBL941404,CHEMBL203,5.10
CHEMBL308048,N#C/C(=C\c1ccc(O)cc1)C(N)=O,IC50,800000.0,nM,=,CHEMBL941404,CHEMBL203,
CHEMBL78257,N#CC(C#N)=C(N)/C(C#N)=C/c1cc(O)c(O)c(O)c1,IC50,800.0,nM,=,CHEMBL941404,CHEMBL203,6.10
CHEMBL78049,C/C(=C\c1ccc(O)c(O)c1)[N+](=O)[O-],IC50,9000.0,nM,=,CHEMBL941404,CHEMBL203,5.05
CHEMBL78224,O=[N+]([O-])/C=C/c1ccc(O)c(O)c1,IC50,9000.0,nM,=,CHEMBL941404,CHEMBL203,5.05
CHEMBL54471,Cc1ccc(C(=O)/C(C#N)=C/c2ccc(O)c(O)c2)cc1,IC50,900.0,nM,=,CHEMBL941404,CHEMBL203,6.05
CHEMBL293749,N#C/C(=C\c1ccc(O)c(O)c1)C(=O)NCCc1ccccc1,IC50,900.0,nM,=,CHEMBL941404,CHEMBL203,6.05
CHEMBL489148,COc1cc(C(C#N)=C(C#N)C#N)cc(OC)c1O,IC50,900000.0,nM,=,CHEMBL941404,CHEMBL203,
CHEMBL441343,O=C(O)c1ccc(O)cc1,IC50,10.0,ug.mL-1,=,CHEMBL941404,CHEMBL203,
CHEMBL8145,O=c1c(-c2ccc(O)cc2)coc2cc(O)ccc12,IC50,100.0,ug.mL-1,>,CHEMBL941404,CHEMBL203,
CHEMBL486625,O=c1c(-c2ccc(O)cc2)coc2cc(O[C@@H]3O[C@H](CO)[C@@H](O)[C@H](O)[C@H]3O)cc(O)c12,IC50,100.0,ug.mL-1,>,CHEMBL941404,CHEMBL203,
CHEMBL553,C#Cc1cccc(Nc2ncnc3cc(OCCOC)c(OCCOC)cc23)c1,IC50,0.4,nM,=,CHEMBL976899,CHEMBL203,9.40
CHEMBL450786,Cc1[nH]c(/C=C2\C(=O)Nc3ccc(S(=O)(=O)Cc4c(Cl)cccc4Cl)cc32)c(C)c1C(=O)N1CCC[C@@H]1CN1CCCC1,IC50,3800.0,nM,=,CHEMBL976899,CHEMBL203,5.42
CHEMBL91867,CC#CC(=O)Nc1ccc2ncnc(Nc3cccc(Br)c3)c2c1,EC50,50.0,nM,=,CHEMBL976906,CHEMBL203,7.30
CHEMBL91867,CC#CC(=O)Nc1ccc2ncnc(Nc3cccc(Br)c3)c2c1,EC50,300.0,nM,<,CHEMBL976907,CHEMBL203,
CHEMBL91867,CC#CC(=O)Nc1ccc2ncnc(Nc3cccc(Br)c3)c2c1,EC50,1000.0,nM,=,CHEMBL976908,CHEMBL203,6.00
CHEMBL180022,CCOc1cc2ncc(C#N)c(Nc3ccc(OCc4ccccn4)c(Cl)c3)c2cc1NC(=O)/C=C/CN(C)C,IC50,92.0,nM,=,CHEMBL976899,CHEMBL203,7.04
CHEMBL217092,CN1CCN(CCOc2cc(OC3CCOCC3)c3c(Nc4c(Cl)ccc5c4OCO5)ncnc3c2)CC1,IC50,2590.0,nM,=,CHEMBL976899,CHEMBL203,5.59
CHEMBL189584,CCN(CC)CCCCNc1ncc2cc(-c3cc(OC)cc(OC)c3)c(NC(=O)NC(C)(C)C)nc2n1,IC50,50000.0,nM,>,CHEMBL976899,CHEMBL203,
CHEMBL128000,O=C(/C=C/c1ccc(O)c(O)c1)c1ccc(O)cc1O,IC50,16000.0,nM,=,CHEMBL1003093,CHEMBL203,4.80
CHEMBL607707,CCOc1cc2ncc(C#N)c(Nc3ccc(F)c(Cl)c3)c2cc1NC(=O)/C=C/CN(C)C,IC50,38.5,nM,=,CHEMBL1003097,CHEMBL203,7.42
CHEMBL461311,Nc1ncnc(Nc2ccc(OCc3ccccc3)c(Cl)c2)c1C=O,Inhibition,79.9,%,=,CHEMBL971641,CHEMBL203,
CHEMBL461311,Nc1ncnc(Nc2ccc(OCc3ccccc3)c(Cl)c2)c1C=O,IC50,76.0,nM,=,CHEMBL971642,CHEMBL203,7.12
CHEMBL500591,N#Cc1c(N)ncnc1Nc1ccc(OCc2ccccc2)c(Cl)c1,Inhibition,88.5,%,=,CHEMBL971641,CHEMBL203,
CHEMBL472383,COc1ccc(NC(=O)c2c(N)ncnc2Nc2ccc(OCc3ccccc3)c(Cl)c2)cc1,Inhibition,36.5,%,=,CHEMBL971641,CHEMBL203,
CHEMBL472382,Nc1ncnc(Nc2ccc(OCc3ccccc3)c(Cl)c2)c1C(=O)OCc1cccc(F)c1,Inhibition,34.1,%,=,CHEMBL971641,CHEMBL203,
CHEMBL452727,CCN(CC)C(=O)c1c(N)ncnc1Nc1ccc(OCc2ccccc2)c(Cl)c1,Inhibition,35.9,%,=,CHEMBL971641,CHEMBL203,
CHEMBL517745,COCCNC(=O)c1c(N)ncnc1Nc1ccc(OCc2ccccc2)c(Cl)c1,Inhibition,36.6,%,=,CHEMBL971641,CHEMBL203,
CHEMBL461115,COc1ccc(CCNC(=O)c2c(N)ncnc2Nc2ccc(OCc3ccccc3)c(Cl)c2)cc1,Inhibition,28.3,%,=,CHEMBL971641,CHEMBL203,
CHEMBL518646,Nc1ncnc(Nc2ccc(OCc3ccccc3)c(Cl)c2)c1C(=O)NCCN1CCOCC1,Inhibition,35.3,%,=,CHEMBL971641,CHEMBL203,
CHEMBL462343,Nc1ncnc(Nc2ccc(OCc3ccccc3)c(Cl)c2)c1C(=O)NCCN1CCCCC1,Inhibition,42.4,%,=,CHEMBL971641,CHEMBL203,
CHEMBL461114,Nc1ncnc(Nc2ccc(OCc3ccccc3)c(Cl)c2)c1C(=O)Nc1ccccc1,Inhibition,79.9,%,=,CHEMBL971641,CHEMBL203,
CHEMBL462132,Cc1ncc(NC(=O)c2cc(NC(=O)c3cccc(C(F)(F)F)c3)ccc2Cl)s1,Activity,118.0,%,=,CHEMBL980939,CHEMBL203,
CHEMBL461113,Nc1ncnc(Nc2ccc(OCc3ccccc3)c(Cl)c2)c1C(=O)OCCN1CCOCC1,Inhibition,,%,,CHEMBL971641,CHEMBL203,
CHEMBL516487,COC(=O)c1c(N)ncnc1Nc1ccc(OCc2ccccc2)c(Cl)c1,Inhibition,83.6,%,=,CHEMBL971641,CHEMBL203,
CHEMBL512391,Nc1ncnc(Nc2ccc(OCc3ccccc3)c(Cl)c2)c1C(=O)O,Inhibition,75.2,%,=,CHEMBL971641,CHEMBL203,
CHEMBL472545,Nc1ncnc(Nc2ccc(OCc3ccccc3)c(Cl)c2)c1-c1nnc(CCN2CCOCC2)o1,IC50,30.0,nM,=,CHEMBL971642,CHEMBL203,7.52
CHEMBL472544,Nc1ncnc(Nc2ccc(OCc3ccccc3)c(Cl)c2)c1C(=O)NNC(=O)CCN1CCOCC1,IC50,620.0,nM,=,CHEMBL971642,CHEMBL203,6.21
CHEMBL511478,NNC(=O)c1c(N)ncnc1Nc1ccc(OCc2ccccc2)c(Cl)c1,IC50,458.0,nM,=,CHEMBL971642,CHEMBL203,6.34
CHEMBL500591,N#Cc1c(N)ncnc1Nc1ccc(OCc2ccccc2)c(Cl)c1,IC50,27.0,nM,=,CHEMBL971642,CHEMBL203,7.57
CHEMBL472383,COc1ccc(NC(=O)c2c(N)ncnc2Nc2ccc(OCc3ccccc3)c(Cl)c2)cc1,IC50,,,,CHEMBL971642,CHEMBL203,
CHEMBL472382,Nc1ncnc(Nc2ccc(OCc3ccccc3)c(Cl)c2)c1C(=O)OCc1cccc(F)c1,IC50,,,,CHEMBL971642,CHEMBL203,
CHEMBL452727,CCN(CC)C(=O)c1c(N)ncnc1Nc1ccc(OCc2ccccc2)c(Cl)c1,IC50,,,,CHEMBL971642,CHEMBL203,
CHEMBL517745,COCCNC(=O)c1c(N)ncnc1Nc1ccc(OCc2ccccc2)c(Cl)c1,IC50,,,,CHEMBL971642,CHEMBL203,
CHEMBL461115,COc1ccc(CCNC(=O)c2c(N)ncnc2Nc2ccc(OCc3ccccc3)c(Cl)c2)cc1,IC50,,,,CHEMBL971642,CHEMBL203,
CHEMBL518646,Nc1ncnc(Nc2ccc(OCc3ccccc3)c(Cl)c2)c1C(=O)NCCN1CCOCC1,IC50,,,,CHEMBL971642,CHEMBL203,
CHEMBL462343,Nc1ncnc(Nc2ccc(OCc3ccccc3)c(Cl)c2)c1C(=O)NCCN1CCCCC1,IC50,,,,CHEMBL971642,CHEMBL203,
CHEMBL461114,Nc1ncnc(Nc2ccc(OCc3ccccc3)c(Cl)c2)c1C(=O)Nc1ccccc1,IC50,76.0,nM,=,CHEMBL971642,CHEMBL203,7.12
CHEMBL461113,Nc1ncnc(Nc2ccc(OCc3ccccc3)c(Cl)c2)c1C(=O)OCCN1CCOCC1,IC50,150.0,nM,=,CHEMBL971642,CHEMBL203,6.82
CHEMBL516487,COC(=O)c1c(N)ncnc1Nc1ccc(OCc2ccccc2)c(Cl)c1,IC50,54.0,nM,=,CHEMBL971642,CHEMBL203,7.27
CHEMBL512391,Nc1ncnc(Nc2ccc(OCc3ccccc3)c(Cl)c2)c1C(=O)O,IC50,41.0,nM,=,CHEMBL971642,CHEMBL203,7.39
CHEMBL461426,NC(=O)O[C@H]1CN[C@H](C#Cc2cc3ncnc(Nc4ccc(OCc5cccc(F)c5)c(Cl)c4)c3s2)C1,IC50,40.0,nM,=,CHEMBL1009318,CHEMBL203,7.40
CHEMBL466586,CNC(=O)O[C@H]1CN[C@H](C#Cc2cc3ncnc(Nc4ccc(OCc5cccc(F)c5)c(Cl)c4)c3s2)C1,IC50,50.0,nM,=,CHEMBL1009318,CHEMBL203,7.30
CHEMBL512076,CCNC(=O)O[C@H]1CN[C@H](C#Cc2cc3ncnc(Nc4ccc(OCc5cccc(F)c5)c(Cl)c4)c3s2)C1,IC50,32.0,nM,=,CHEMBL1009318,CHEMBL203,7.50
CHEMBL517123,CN(C)C(=O)O[C@H]1CN[C@H](C#Cc2cc3ncnc(Nc4ccc(OCc5cccc(F)c5)c(Cl)c4)c3s2)C1,IC50,28.0,nM,=,CHEMBL1009318,CHEMBL203,7.55
CHEMBL517585,CCN(C)C(=O)O[C@H]1CN[C@H](C#Cc2cc3ncnc(Nc4ccc(OCc5cccc(F)c5)c(Cl)c4)c3s2)C1,IC50,50.0,nM,=,CHEMBL1009318,CHEMBL203,7.30
CHEMBL507329,O=C(O[C@H]1CN[C@H](C#Cc2cc3ncnc(Nc4ccc(OCc5cccc(F)c5)c(Cl)c4)c3s2)C1)N1CCOCC1,IC50,65.0,nM,=,CHEMBL1009318,CHEMBL203,7.19
CHEMBL499534,O=C(O[C@H]1CN[C@H](C#Cc2cc3ncnc(Nc4ccc(OCc5cccc(F)c5)c(Cl)c4)c3s2)C1)N1CCNCC1,IC50,63.0,nM,=,CHEMBL1009318,CHEMBL203,7.20
CHEMBL504034,CS(=O)(=O)CCNC(=O)O[C@H]1CN[C@H](C#Cc2cc3ncnc(Nc4ccc(OCc5cccc(F)c5)c(Cl)c4)c3s2)C1,IC50,40.0,nM,=,CHEMBL1009318,CHEMBL203,7.40
CHEMBL461869,CCNC(=O)O[C@@H]1CN[C@@H](C#Cc2cc3ncnc(Nc4ccc(OCc5cccc(F)c5)c(Cl)c4)c3s2)C1,IC50,50.0,nM,=,CHEMBL1009318,CHEMBL203,7.30
CHEMBL466412,CN(C)C(=O)O[C@@H]1CN[C@@H](C#Cc2cc3ncnc(Nc4ccc(OCc5cccc(F)c5)c(Cl)c4)c3s2)C1,IC50,40.0,nM,=,CHEMBL1009318,CHEMBL203,7.40
CHEMBL450109,O=C(O[C@@H]1CN[C@@H](C#Cc2cc3ncnc(Nc4ccc(OCc5cccc(F)c5)c(Cl)c4)c3s2)C1)N1CCOCC1,IC50,40.0,nM,=,CHEMBL1009318,CHEMBL203,7.40
CHEMBL466614,CCNC(=O)O[C@@H]1CN[C@H](C#Cc2cc3ncnc(Nc4ccc(OCc5cccc(F)c5)c(Cl)c4)c3s2)C1,IC50,125.0,nM,=,CHEMBL1009318,CHEMBL203,6.90
CHEMBL466615,CN(C)C(=O)O[C@@H]1CN[C@H](C#Cc2cc3ncnc(Nc4ccc(OCc5cccc(F)c5)c(Cl)c4)c3s2)C1,IC50,79.0,nM,=,CHEMBL1009318,CHEMBL203,7.10
CHEMBL447365,O=C(O[C@@H]1CN[C@H](C#Cc2cc3ncnc(Nc4ccc(OCc5cccc(F)c5)c(Cl)c4)c3s2)C1)N1CCOCC1,IC50,79.0,nM,=,CHEMBL1009318,CHEMBL203,7.10
CHEMBL466174,CCNC(=O)O[C@H]1CN[C@@H](C#Cc2cc3ncnc(Nc4ccc(OCc5cccc(F)c5)c(Cl)c4)c3s2)C1,IC50,32.0,nM,=,CHEMBL1009318,CHEMBL203,7.50
CHEMBL466175,CN(C)C(=O)O[C@H]1CN[C@@H](C#Cc2cc3ncnc(Nc4ccc(OCc5cccc(F)c5)c(Cl)c4)c3s2)C1,IC50,79.0,nM,=,CHEMBL1009318,CHEMBL203,7.10
CHEMBL450396,O=C(O[C@H]1CN[C@@H](C#Cc2cc3ncnc(Nc4ccc(OCc5cccc(F)c5)c(Cl)c4)c3s2)C1)N1CCOCC1,IC50,50.0,nM,=,CHEMBL1009318,CHEMBL203,7.30
CHEMBL939,COc1cc2ncnc(Nc3ccc(F)c(Cl)c3)c2cc1OCCCN1CCOCC1,IC50,33.0,nM,=,CHEMBL1009318,CHEMBL203,7.48
CHEMBL553,C#Cc1cccc(Nc2ncnc3cc(OCCOC)c(OCCOC)cc23)c1,IC50,20.0,nM,=,CHEMBL1009318,CHEMBL203,7.70
CHEMBL1201179,CS(=O)(=O)CCNCc1ccc(-c2ccc3ncnc(Nc4ccc(OCc5cccc(F)c5)c(Cl)c4)c3c2)o1.Cc1ccc(S(=O)(=O)O)cc1.Cc1ccc(S(=O)(=O)O)cc1.O,IC50,5.0,nM,=,CHEMBL1009318,CHEMBL203,8.30
CHEMBL31965,C=CC(=O)Nc1cc2c(Nc3ccc(F)c(Cl)c3)ncnc2cc1OCCCN1CCOCC1,IC50,5.0,nM,=,CHEMBL1009318,CHEMBL203,8.30
CHEMBL180022,CCOc1cc2ncc(C#N)c(Nc3ccc(OCc4ccccn4)c(Cl)c3)c2cc1NC(=O)/C=C/CN(C)C,IC50,1.0,nM,=,CHEMBL1009318,CHEMBL203,9.00
CHEMBL1173655,CN(C)C/C=C/C(=O)Nc1cc2c(Nc3ccc(F)c(Cl)c3)ncnc2cc1O[C@H]1CCOC1,IC50,6.0,nM,=,CHEMBL1009318,CHEMBL203,8.22
CHEMBL512076,CCNC(=O)O[C@H]1CN[C@H](C#Cc2cc3ncnc(Nc4ccc(OCc5cccc(F)c5)c(Cl)c4)c3s2)C1,Activity,24.0,%,=,CHEMBL1009323,CHEMBL203,
CHEMBL517123,CN(C)C(=O)O[C@H]1CN[C@H](C#Cc2cc3ncnc(Nc4ccc(OCc5cccc(F)c5)c(Cl)c4)c3s2)C1,Activity,11.0,%,=,CHEMBL1009323,CHEMBL203,
CHEMBL517585,CCN(C)C(=O)O[C@H]1CN[C@H](C#Cc2cc3ncnc(Nc4ccc(OCc5cccc(F)c5)c(Cl)c4)c3s2)C1,Activity,8.0,%,=,CHEMBL1009323,CHEMBL203,
CHEMBL451513,O=C(O[C@H]1CN[C@H](C#Cc2cc3ncnc(Nc4ccc(OCc5cccc(F)c5)c(Cl)c4)c3s2)C1)N1CCCC1,Activity,8.0,%,=,CHEMBL1009323,CHEMBL203,
CHEMBL505626,CCN(CC)C(=O)O[C@H]1CN[C@H](C#Cc2cc3ncnc(Nc4ccc(OCc5cccc(F)c5)c(Cl)c4)c3s2)C1,IC50,63.0,nM,=,CHEMBL1009326,CHEMBL203,7.20
CHEMBL451513,O=C(O[C@H]1CN[C@H](C#Cc2cc3ncnc(Nc4ccc(OCc5cccc(F)c5)c(Cl)c4)c3s2)C1)N1CCCC1,IC50,99.0,nM,=,CHEMBL1009326,CHEMBL203,7.00
CHEMBL466586,CNC(=O)O[C@H]1CN[C@H](C#Cc2cc3ncnc(Nc4ccc(OCc5cccc(F)c5)c(Cl)c4)c3s2)C1,Activity,17.0,%,=,CHEMBL1009328,CHEMBL203,
CHEMBL504034,CS(=O)(=O)CCNC(=O)O[C@H]1CN[C@H](C#Cc2cc3ncnc(Nc4ccc(OCc5cccc(F)c5)c(Cl)c4)c3s2)C1,Activity,20.0,%,=,CHEMBL1009328,CHEMBL203,
CHEMBL499534,O=C(O[C@H]1CN[C@H](C#Cc2cc3ncnc(Nc4ccc(OCc5cccc(F)c5)c(Cl)c4)c3s2)C1)N1CCNCC1,Activity,9.0,%,=,CHEMBL1009328,CHEMBL203,
CHEMBL507329,O=C(O[C@H]1CN[C@H](C#Cc2cc3ncnc(Nc4ccc(OCc5cccc(F)c5)c(Cl)c4)c3s2)C1)N1CCOCC1,Activity,5.0,%,=,CHEMBL1009328,CHEMBL203,
CHEMBL183906,O=C1NC(=O)/C(=C/c2cccc(C(F)(F)F)c2)S1,Inhibition,-1.0,%,=,CHEMBL1012682,CHEMBL203,
CHEMBL84558,CCCOc1ccc(/C=C2\SC(=O)NC2=O)cc1,Inhibition,-3.0,%,=,CHEMBL1012682,CHEMBL203,
CHEMBL497350,Cc1nnc(-c2ccc(-c3cc(NC(=O)c4ccc(CN5CCN(C)CC5)cc4)ccc3C)c(C)c2)o1,IC50,25000.0,nM,>,CHEMBL998566,CHEMBL203,
CHEMBL521887,Cc1ccc(NC(=O)c2ccc(CN3CCN(C)CC3)cc2)cc1-c1ccc2ccncc2c1,IC50,700.0,nM,=,CHEMBL998566,CHEMBL203,6.16
CHEMBL497353,Cc1ccc(NC(=O)c2ccc(CN3CCN(C)CC3)cc2)cc1-c1ccc2c(N)noc2c1,IC50,25000.0,nM,>,CHEMBL998566,CHEMBL203,
CHEMBL496129,Cc1ccc(NC(=O)c2ccc(CN3CCN(C)CC3)cc2)cc1-c1ccc(-c2csc(N)n2)cc1,IC50,25000.0,nM,>,CHEMBL998566,CHEMBL203,
CHEMBL495979,Fc1cccc(COc2ccc(Nc3ncnc4cc(C#C[C@@H]5CCCN5)sc34)cc2Cl)c1,IC50,109.0,nM,=,CHEMBL995846,CHEMBL203,6.96
CHEMBL496174,Fc1cccc(COc2ccc(Nc3ncnc4cc(C#C[C@H]5CCCN5)sc34)cc2Cl)c1,IC50,7.0,nM,=,CHEMBL995846,CHEMBL203,8.15
CHEMBL523573,COCCN1CCC[C@@H]1C#Cc1cc2ncnc(Nc3ccc(OCc4cccc(F)c4)c(Cl)c3)c2s1,IC50,130.0,nM,=,CHEMBL995846,CHEMBL203,6.89
CHEMBL495733,CS(=O)(=O)N1CCC[C@@H]1C#Cc1cc2ncnc(Nc3ccc(OCc4cccc(F)c4)c(Cl)c3)c2s1,IC50,120.0,nM,=,CHEMBL995846,CHEMBL203,6.92
CHEMBL495734,CC(=O)N1CCC[C@@H]1C#Cc1cc2ncnc(Nc3ccc(OCc4cccc(F)c4)c(Cl)c3)c2s1,IC50,58.0,nM,=,CHEMBL995846,CHEMBL203,7.24
CHEMBL497803,COC(=O)N1CCC[C@@H]1C#Cc1cc2ncnc(Nc3ccc(OCc4cccc(F)c4)c(Cl)c3)c2s1,IC50,140.0,nM,=,CHEMBL995846,CHEMBL203,6.85
CHEMBL497804,O[C@H]1CN[C@H](C#Cc2cc3ncnc(Nc4ccc(OCc5cccc(F)c5)c(Cl)c4)c3s2)C1,IC50,14.0,nM,=,CHEMBL995846,CHEMBL203,7.85
CHEMBL497184,CCO[C@H]1CN[C@H](C#Cc2cc3ncnc(Nc4ccc(OCc5cccc(F)c5)c(Cl)c4)c3s2)C1,IC50,115.0,nM,=,CHEMBL995846,CHEMBL203,6.94
CHEMBL500115,CS(=O)(=O)O[C@H]1CN[C@H](C#Cc2cc3ncnc(Nc4ccc(OCc5cccc(F)c5)c(Cl)c4)c3s2)C1,IC50,81.0,nM,=,CHEMBL995846,CHEMBL203,7.09
CHEMBL500381,CCC(=O)O[C@H]1CN[C@H](C#Cc2cc3ncnc(Nc4ccc(OCc5cccc(F)c5)c(Cl)c4)c3s2)C1,IC50,63.0,nM,=,CHEMBL995846,CHEMBL203,7.20
CHEMBL500640,CCOC(=O)O[C@H]1CN[C@H](C#Cc2cc3ncnc(Nc4ccc(OCc5cccc(F)c5)c(Cl)c4)c3s2)C1,IC50,141.0,nM,=,CHEMBL995846,CHEMBL203,6.85
CHEMBL466586,CNC(=O)O[C@H]1CN[C@H](C#Cc2cc3ncnc(Nc4ccc(OCc5cccc(F)c5)c(Cl)c4)c3s2)C1,IC50,50.0,nM,=,CHEMBL995846,CHEMBL203,7.30
CHEMBL512076,CCNC(=O)O[C@H]1CN[C@H](C#Cc2cc3ncnc(Nc4ccc(OCc5cccc(F)c5)c(Cl)c4)c3s2)C1,IC50,32.0,nM,=,CHEMBL995846,CHEMBL203,7.50
CHEMBL517123,CN(C)C(=O)O[C@H]1CN[C@H](C#Cc2cc3ncnc(Nc4ccc(OCc5cccc(F)c5)c(Cl)c4)c3s2)C1,IC50,28.0,nM,=,CHEMBL995846,CHEMBL203,7.55
CHEMBL507329,O=C(O[C@H]1CN[C@H](C#Cc2cc3ncnc(Nc4ccc(OCc5cccc(F)c5)c(Cl)c4)c3s2)C1)N1CCOCC1,IC50,65.0,nM,=,CHEMBL995846,CHEMBL203,7.19
CHEMBL525805,CCOC(=O)N[C@H]1CN[C@H](C#Cc2cc3ncnc(Nc4ccc(OCc5cccc(F)c5)c(Cl)c4)c3s2)C1,IC50,60.0,nM,=,CHEMBL995846,CHEMBL203,7.22
CHEMBL501705,CCS(=O)(=O)N[C@H]1CN[C@H](C#Cc2cc3ncnc(Nc4ccc(OCc5cccc(F)c5)c(Cl)c4)c3s2)C1,IC50,50.0,nM,=,CHEMBL995846,CHEMBL203,7.30
CHEMBL495979,Fc1cccc(COc2ccc(Nc3ncnc4cc(C#C[C@@H]5CCCN5)sc34)cc2Cl)c1,Activity,15.0,%,=,CHEMBL950402,CHEMBL203,
CHEMBL496174,Fc1cccc(COc2ccc(Nc3ncnc4cc(C#C[C@H]5CCCN5)sc34)cc2Cl)c1,Activity,47.0,%,=,CHEMBL950402,CHEMBL203,
CHEMBL523573,COCCN1CCC[C@@H]1C#Cc1cc2ncnc(Nc3ccc(OCc4cccc(F)c4)c(Cl)c3)c2s1,Activity,19.0,%,=,CHEMBL950402,CHEMBL203,
CHEMBL495733,CS(=O)(=O)N1CCC[C@@H]1C#Cc1cc2ncnc(Nc3ccc(OCc4cccc(F)c4)c(Cl)c3)c2s1,Activity,0.0,%,=,CHEMBL950402,CHEMBL203,
CHEMBL495734,CC(=O)N1CCC[C@@H]1C#Cc1cc2ncnc(Nc3ccc(OCc4cccc(F)c4)c(Cl)c3)c2s1,Activity,0.0,%,=,CHEMBL950402,CHEMBL203,
CHEMBL497803,COC(=O)N1CCC[C@@H]1C#Cc1cc2ncnc(Nc3ccc(OCc4cccc(F)c4)c(Cl)c3)c2s1,Activity,0.0,%,=,CHEMBL950402,CHEMBL203,
CHEMBL497804,O[C@H]1CN[C@H](C#Cc2cc3ncnc(Nc4ccc(OCc5cccc(F)c5)c(Cl)c4)c3s2)C1,Activity,,,,CHEMBL950402,CHEMBL203,
CHEMBL497184,CCO[C@H]1CN[C@H](C#Cc2cc3ncnc(Nc4ccc(OCc5cccc(F)c5)c(Cl)c4)c3s2)C1,Activity,21.0,%,=,CHEMBL950402,CHEMBL203,
CHEMBL500115,CS(=O)(=O)O[C@H]1CN[C@H](C#Cc2cc3ncnc(Nc4ccc(OCc5cccc(F)c5)c(Cl)c4)c3s2)C1,Activity,,,,CHEMBL950402,CHEMBL203,
CHEMBL500381,CCC(=O)O[C@H]1CN[C@H](C#Cc2cc3ncnc(Nc4ccc(OCc5cccc(F)c5)c(Cl)c4)c3s2)C1,Activity,0.0,%,=,CHEMBL950402,CHEMBL203,
CHEMBL500640,CCOC(=O)O[C@H]1CN[C@H](C#Cc2cc3ncnc(Nc4ccc(OCc5cccc(F)c5)c(Cl)c4)c3s2)C1,Activity,0.0,%,=,CHEMBL950402,CHEMBL203,
CHEMBL466586,CNC(=O)O[C@H]1CN[C@H](C#Cc2cc3ncnc(Nc4ccc(OCc5cccc(F)c5)c(Cl)c4)c3s2)C1,Activity,17.0,%,=,CHEMBL950402,CHEMBL203,
CHEMBL512076,CCNC(=O)O[C@H]1CN[C@H](C#Cc2cc3ncnc(Nc4ccc(OCc5cccc(F)c5)c(Cl)c4)c3s2)C1,Activity,24.0,%,=,CHEMBL950402,CHEMBL203,
CHEMBL517123,CN(C)C(=O)O[C@H]1CN[C@H](C#Cc2cc3ncnc(Nc4ccc(OCc5cccc(F)c5)c(Cl)c4)c3s2)C1,Activity,11.0,%,=,CHEMBL950402,CHEMBL203,
CHEMBL507329,O=C(O[C@H]1CN[C@H](C#Cc2cc3ncnc(Nc4ccc(OCc5cccc(F)c5)c(Cl)c4)c3s2)C1)N1CCOCC1,Activity,5.0,%,=,CHEMBL950402,CHEMBL203,
CHEMBL525805,CCOC(=O)N[C@H]1CN[C@H](C#Cc2cc3ncnc(Nc4ccc(OCc5cccc(F)c5)c(Cl)c4)c3s2)C1,Activity,41.0,%,=,CHEMBL950402,CHEMBL203,
CHEMBL501705,CCS(=O)(=O)N[C@H]1CN[C@H](C#Cc2cc3ncnc(Nc4ccc(OCc5cccc(F)c5)c(Cl)c4)c3s2)C1,Activity,26.0,%,=,CHEMBL950402,CHEMBL203,
CHEMBL485745,Fc1ccc(-c2nn3ccccc3c2-c2ccncc2)cc1,IC50,6300.0,nM,=,CHEMBL1001226,CHEMBL203,5.20
CHEMBL488789,COC(=O)[C@@H]1C[C@@]2(Br)c3ccccc3N3C(=N)[C@](Cc4ccccc4)(N4CCCC4)N1[C@H]32,Inhibition,31.0,%,=,CHEMBL1002061,CHEMBL203,
CHEMBL488790,COC(=O)[C@@H]1C[C@@]2(Br)c3ccccc3N3C(=N)[C@H](C(C)(C)C)N1[C@H]32,Inhibition,0.0,%,=,CHEMBL1002061,CHEMBL203,
CHEMBL510051,COC(=O)[C@@H]1C[C@@]2(Br)c3cc(Br)ccc3N3C(=N)C4(CCCCC4)N1[C@H]32,Inhibition,83.0,%,=,CHEMBL1002061,CHEMBL203,
CHEMBL485715,COC(=O)[C@@H]1C[C@@]2(Br)c3cc(Br)ccc3N3C(=N)C(C)(C)N1[C@H]32,Inhibition,45.0,%,=,CHEMBL1002061,CHEMBL203,
CHEMBL519263,COC(=O)[C@@H]1C[C@@]2(Br)c3cc(Br)ccc3N3C(=N)[C@](Cc4ccccc4)(N4CCCC4)N1[C@H]32,Inhibition,24.0,%,=,CHEMBL1002061,CHEMBL203,
CHEMBL488171,COC(=O)[C@@H]1C[C@@]2(Br)c3cc(Br)ccc3N3C(=N)[C@H](C(C)(C)C)N1[C@H]32,Inhibition,0.0,%,=,CHEMBL1002061,CHEMBL203,
CHEMBL488172,C=CC[C@@]12C[C@@H](C(=O)OC)N3[C@@H]1N(C(=N)C31CCCCC1)c1ccccc12,Inhibition,52.0,%,=,CHEMBL1002061,CHEMBL203,
CHEMBL488387,COC(=O)[C@@H]1C[C@H]2c3ccccc3N3C(=N)C4(CCCCC4)N1[C@@H]23,Inhibition,,%,,CHEMBL1002061,CHEMBL203,
CHEMBL519902,COC(=O)[C@@H]1C[C@H]2c3ccccc3N3C(=N)C(C)(C)N1[C@@H]23,Inhibition,,%,,CHEMBL1002061,CHEMBL203,
CHEMBL488799,COC(=O)[C@@H]1C[C@H]2c3ccccc3N3C(=N)[C@](Cc4ccccc4)(N4CCCC4)N1[C@@H]23,Inhibition,,%,,CHEMBL1002061,CHEMBL203,
CHEMBL485724,C=CC[C@@]12C[C@@H](C(=O)OC)N3[C@@H]1N(C(=N)[C@]3(Cc1ccccc1)N1CCCC1)c1ccc(Br)cc12,Inhibition,15.0,%,=,CHEMBL1002061,CHEMBL203,
CHEMBL521189,COC(=O)[C@@H]1C[C@@]2(CC=C(C)C)c3ccccc3N3C(=N)C(C)(C)N1[C@H]32,Inhibition,0.0,%,=,CHEMBL1002061,CHEMBL203,
CHEMBL488182,COC(=O)[C@@H]1C[C@@]2(CC=C(C)C)c3ccccc3N3C(=N)[C@H](Cc4ccccc4)N1[C@H]32,Inhibition,20.0,%,=,CHEMBL1002061,CHEMBL203,
CHEMBL519387,COC(=O)[C@@H]1C[C@@]2(CC=C(C)C)c3ccccc3N3C(=N)[C@H](c4ccccc4)N1[C@H]32,Inhibition,13.0,%,=,CHEMBL1002061,CHEMBL203,
CHEMBL485739,COC(=O)[C@@H]1C[C@@]2(CC=C(C)C)c3ccccc3N3C(=N)[C@H](C(C)(C)C)N1[C@H]32,Inhibition,0.0,%,=,CHEMBL1002061,CHEMBL203,
CHEMBL521512,COC(=O)[C@@H]1C[C@]2(CC=C(C)C)c3ccccc3N3C(=N)[C@@H](Cc4ccccc4)N1[C@@H]32,Inhibition,0.0,%,=,CHEMBL1002061,CHEMBL203,
CHEMBL486754,COC(=O)[C@@H]1C[C@]2(Br)c3ccccc3N3C(=N)[C@](Cc4ccccc4)(N4CCCC4)N1[C@@H]32,Inhibition,27.0,%,=,CHEMBL1002061,CHEMBL203,
CHEMBL485285,Cc1ccc(C(=O)Nc2cccc(N3CCOCC3)c2)cc1-c1ccc2c(C3CCNCC3)noc2c1,IC50,25000.0,nM,>,CHEMBL998566,CHEMBL203,
CHEMBL523559,Cc1nnc(-c2ccc(-c3cc(C(=O)Nc4cccc(N5CCOCC5)c4)ccc3C)c(C)c2)o1,IC50,25000.0,nM,>,CHEMBL998566,CHEMBL203,
CHEMBL485286,Cc1ccc(NC(=O)c2ccnc(N3CCCC3)c2)cc1-c1ccc2c(C3CCNCC3)noc2c1,IC50,25000.0,nM,>,CHEMBL998566,CHEMBL203,
CHEMBL495729,Cc1nnc(-c2ccc(-c3cc(NC(=O)c4ccnc(N5CCCC5)c4)ccc3C)c(C)c2)o1,IC50,25000.0,nM,>,CHEMBL998566,CHEMBL203,
CHEMBL497563,Cc1ccc(C(=O)NC2CC2)cc1-c1ccc2c(C3CCNCC3)noc2c1,IC50,25000.0,nM,>,CHEMBL998566,CHEMBL203,
CHEMBL522579,Cc1nnc(-c2ccc(-c3cc(C(=O)NC4CC4)ccc3C)c(C)c2)o1,IC50,25000.0,nM,>,CHEMBL998566,CHEMBL203,
CHEMBL521734,Cc1ccc(C(=O)NC2CC2)cc1-c1ccc2c(=O)n(CC3CC3)nnc2c1,IC50,25000.0,nM,>,CHEMBL998566,CHEMBL203,
CHEMBL526639,Cc1ccc(C(=O)NC2CC2)cc1-c1ccc2ccncc2c1,IC50,25000.0,nM,>,CHEMBL998566,CHEMBL203,
CHEMBL478649,Cc1ccc(C(=O)NC2CC2)cc1-c1ccc(C(=O)NCC2CC2)cc1,IC50,25000.0,nM,>,CHEMBL998566,CHEMBL203,
CHEMBL464619,Clc1cccc(-n2cc(-c3ccccc3NCc3c[nH]cn3)nn2)c1,Inhibition,30.0,%,<,CHEMBL960820,CHEMBL203,
CHEMBL517021,FC(F)(F)c1cccc(-n2cc(-c3ccccc3NCc3ccnc4ccccc34)nn2)c1,Inhibition,30.0,%,<,CHEMBL960820,CHEMBL203,
CHEMBL516635,Clc1cccc(-n2cc(-c3ccccc3NCc3ccnc4ccccc34)nn2)c1,Inhibition,30.0,%,<,CHEMBL960820,CHEMBL203,
CHEMBL460959,FC(F)(F)c1cccc(-n2cc(-c3ccccc3NCc3ccc4c(c3)OCO4)nn2)c1,Inhibition,30.0,%,<,CHEMBL960820,CHEMBL203,
CHEMBL460958,Clc1cccc(-n2cc(-c3ccccc3NCc3ccc4c(c3)OCO4)nn2)c1,Inhibition,30.0,%,<,CHEMBL960820,CHEMBL203,
CHEMBL460751,Fc1ccc(CNc2ccccc2-c2cn(-c3cccc(Cl)c3)nn2)cc1F,Inhibition,30.0,%,<,CHEMBL960820,CHEMBL203,
CHEMBL454403,Cc1cc(-n2cc(-c3ccccc3NCc3ccncc3)nn2)ccc1C(F)(F)F,Inhibition,30.0,%,<,CHEMBL960820,CHEMBL203,
CHEMBL523320,Cc1ccc(-n2cc(-c3ccccc3NCc3ccncc3)nn2)cc1C(F)(F)F,Inhibition,30.0,%,<,CHEMBL960820,CHEMBL203,
