standard_smiles,pchembl_value,molecule_chembl_id,standard_type,label
Brc1ccc2c(c1)CNc1c(NCc3ccccc3)ncnc1O2,4.869999999999999,CHEMBL381306,IC50,0
Brc1ccc2c(c1)CNc1c(Nc3ccccc3)ncnc1O2,5.0,CHEMBL382862,IC50,0
Brc1cccc(Nc2[nH]cnc3c2ccc2ncnc23)c1,6.57,CHEMBL155100,IC50,1
Brc1cccc(Nc2[nH]cnc3cc4cnnc4cc23)c1,9.47,CHEMBL366580,IC50,1
Brc1cccc(Nc2[nH]cnc3cc4ncc(CN5CCOCC5)c4cc23)c1,8.17,CHEMBL36967,IC50,1
Brc1cccc(Nc2[nH]cnc3cc4nccc4cc23)c1,9.03,CHEMBL40734,IC50,1
Brc1cccc(Nc2[nH]cnc3cc4nncc4cc23)c1,9.028,CHEMBL39337,IC50,1
Brc1cccc(Nc2[nH]cnc3cc4nnnc4cc23)c1,8.39,CHEMBL172652,IC50,1
Brc1cccc(Nc2[nH]cnc3ccc4ccnc4c23)c1,8.91,CHEMBL153525,IC50,1
Brc1cccc(Nc2[nH]cnc3ccc4ncnc4c23)c1,7.54,CHEMBL153170,IC50,1
Brc1cccc(Nc2ccnc3ccccc23)c1,5.26,CHEMBL37346,IC50,0
Brc1cccc(Nc2ncnc3[nH]c4c(c23)CCCC4)c1,6.87,CHEMBL72393,IC50,1
Brc1cccc(Nc2ncnc3[nH]c4ccccc4c23)c1,6.855,CHEMBL423224,IC50,1
Brc1cccc(Nc2ncnc3c2NCc2cc(Br)ccc2O3)c1,5.57,CHEMBL383614,IC50,0
Brc1cccc(Nc2ncnc3c2NCc2ccccc2O3)c1,5.279999999999999,CHEMBL203219,IC50,0
Brc1cccc(Nc2ncnc3c2[nH]c2ccccc23)c1,7.085,CHEMBL6195771,IC50,1
Brc1cccc(Nc2ncnc3c2oc2ccccc23)c1,6.13,CHEMBL149512,IC50,0
Brc1cccc(Nc2ncnc3c2sc2ccccc23)c1,7.755,CHEMBL356850,IC50,1
Brc1cccc(Nc2ncnc3c2sc2ncccc23)c1,6.13,CHEMBL153409,IC50,0
Brc1cccc(Nc2ncnc3c2sc2ncsc23)c1,7.4,CHEMBL346863,IC50,1
Brc1cccc(Nc2ncnc3cc(NCCCCN4CCOCC4)ncc23)c1,8.27,CHEMBL126384,IC50,1
Brc1cccc(Nc2ncnc3cc(NCCCN4CCOCC4)ncc23)c1,8.405000000000001,CHEMBL126623,IC50,1
Brc1cccc(Nc2ncnc3cc(NCCCn4ccnc4)ncc23)c1,9.29,CHEMBL126791,IC50,1
Brc1cccc(Nc2ncnc3cc(NCCN4CCOCC4)ncc23)c1,7.965,CHEMBL128987,IC50,1
Brc1cccc(Nc2ncnc3cc(NCCc4c[nH]cn4)ncc23)c1,9.04,CHEMBL338114,IC50,1
Brc1cccc(Nc2ncnc3cc4c(cc23)OCO4)c1,7.82,CHEMBL93051,IC50,1
Brc1cccc(Nc2ncnc3cc4c(ccn4CCN4CCOCC4)cc23)c1,8.115,CHEMBL40130,IC50,1
Brc1cccc(Nc2ncnc3cc4c(cnn4CCCN4CCOCC4)cc23)c1,7.585000000000001,CHEMBL39355,IC50,1
Brc1cccc(Nc2ncnc3cc4c(cnn4CCN4CCOCC4)cc23)c1,7.574999999999999,CHEMBL38199,IC50,1
Brc1cccc(Nc2ncnc3cc4nccnc4cc23)c1,8.77,CHEMBL173498,IC50,1
Brc1cccc(Nc2ncnc3cc4ncsc4cc23)c1,7.36,CHEMBL177053,IC50,1
Brc1cccc(Nc2ncnc3ccc(N=NNCCN4CCOCC4)cc23)c1,7.19,CHEMBL137364,IC50,1
Brc1cccc(Nc2ncnc3ccc(N=NNCc4ccccc4)cc23)c1,7.6,CHEMBL424093,IC50,1
Brc1cccc(Nc2ncnc3ccc(N=NNCc4ccccn4)cc23)c1,6.62,CHEMBL138125,IC50,1
Brc1cccc(Nc2ncnc3ccccc23)c1,7.5680000000000005,CHEMBL290096,IC50,1
Brc1cccc(Nc2ncnc3cccnc23)c1,7.465,CHEMBL54805,IC50,1
Brc1cccc(Nc2ncnc3ccncc23)c1,7.455,CHEMBL52665,IC50,1
Brc1cccc(Nc2ncnc3ccncc23)c1NCCCCN1CCOCC1,8.26,CHEMBL272895,IC50,1
Brc1cccc(Nc2ncnc3ccncc23)c1NCCCN1CCOCC1,8.72,CHEMBL271334,IC50,1
Brc1cccc(Nc2ncnc3ccncc23)c1NCCCn1ccnc1,9.29,CHEMBL272865,IC50,1
Brc1cccc(Nc2ncnc3ccncc23)c1NCCN1CCOCC1,8.49,CHEMBL405398,IC50,1
Brc1cccc(Nc2ncnc3ccncc23)c1NCCc1c[nH]cn1,9.04,CHEMBL272187,IC50,1
Brc1cccc(Nc2ncnc3ccsc23)c1,7.96,CHEMBL345294,IC50,1
Brc1cccc(Nc2ncnc3cnc(NCCCN4CCOCC4)cc23)c1,8.615,CHEMBL165574,IC50,1
Brc1cccc(Nc2ncnc3cnc(NCCCN4CCOCC4)nc23)c1,8.535,CHEMBL417420,IC50,1
Brc1cccc(Nc2ncnc3cnc(NCCCn4ccnc4)cc23)c1,8.405,CHEMBL162981,IC50,1
Brc1cccc(Nc2ncnc3cnc(NCCCn4ccnc4)nc23)c1,8.64,CHEMBL51228,IC50,1
Brc1cccc(Nc2ncnc3cnc(NCCN4CCOCC4)cc23)c1,7.885,CHEMBL162622,IC50,1
Brc1cccc(Nc2ncnc3cnc(NCCN4CCOCC4)nc23)c1,8.896666666666667,CHEMBL294475,IC50,1
Brc1cccc(Nc2ncnc3cnc(NCCc4c[nH]cn4)cc23)c1,8.655,CHEMBL162142,IC50,1
Brc1cccc(Nc2ncnc3cnc(NCCc4c[nH]cn4)nc23)c1,9.163333333333332,CHEMBL53426,IC50,1
Brc1cccc(Nc2ncnc3cnc(NCCc4ccccn4)cc23)c1,8.504999999999999,CHEMBL162223,IC50,1
Brc1cccc(Nc2ncnc3cnc(NCCn4ccnc4)nc23)c1,8.63,CHEMBL271328,IC50,1
Brc1cccc(Nc2ncnc3cnc(NCc4cccnc4)cc23)c1,8.355,CHEMBL165508,IC50,1
Brc1cccc(Nc2ncnc3cnccc23)c1,7.29,CHEMBL51265,IC50,1
Brc1cccc(Nc2ncnc3ncccc23)c1,6.16,CHEMBL54475,IC50,0
Brc1cccc(Nc2ncnc3sccc23)c1,7.46,CHEMBL355982,IC50,1
Brc1cccc(Oc2ncnc3ccccc23)c1,6.12,CHEMBL117710,IC50,0
C#CC(=O)Nc1cc2c(Nc3cccc(Br)c3)ncnc2cn1,8.52,CHEMBL378144,IC50,1
C#CC(=O)Nc1ccc2ncnc(Nc3cccc(Br)c3)c2c1,8.685,CHEMBL202360,IC50,1
C#Cc1cc(Nc2ncnc3cc(OC)c(OC)cc23)ccc1F,8.4,CHEMBL65250,IC50,1
C#Cc1ccc2ncnc(Nc3ccc(F)c(Cl)c3)c2c1,6.9,CHEMBL249509,IC50,1
C#Cc1cccc(Nc2c(C#N)cnc3cc(OCCOC)c(OCCOC)cc23)c1,6.07,CHEMBL95320,IC50,0
C#Cc1cccc(Nc2ncnc3[nH]c(O)c(C=c4[nH]c(C(=O)NCCN5CCOCC5)cc4=C)c23)c1,7.12,CHEMBL69966,IC50,1
C#Cc1cccc(Nc2ncnc3c2NCc2cc(OC)c(OC)cc2O3)c1,5.775,CHEMBL215071,IC50,0
C#Cc1cccc(Nc2ncnc3cc(OC)c(OC)cc23)c1,7.54,CHEMBL304929,IC50,1
C#Cc1cccc(Nc2ncnc3cc(OCCOC)c(OCCOC)cc23)c1,8.2,CHEMBL553,IC50,1
C#Cc1cccc(Nc2ncnc3ccc(OCCCCNCCS(C)(=O)=O)cc23)c1,7.654999999999999,CHEMBL517907,IC50,1
C#Cc1cncnc1Nc1ccc(OCc2cccc(F)c2)c(Cl)c1,7.07,CHEMBL205870,IC50,1
C/C=C/C(=O)Nc1cc2c(Nc3ccc(F)c(Cl)c3)c(C#N)cnc2cc1OCC,5.12,CHEMBL113902,IC50,0
C/C=C/C(=O)Nc1cc2c(Nc3cccc(Br)c3)ncnc2cn1,8.705,CHEMBL136404,IC50,1
C/C=C/C(=O)Nc1ccc2ncc(C#N)c(Nc3cccc(Br)c3)c2c1,5.79,CHEMBL326811,IC50,0
C/C=C/C(=O)Nc1ccc2ncnc(Nc3cccc(Br)c3)c2c1,7.983333333333333,CHEMBL93464,IC50,1
C/C=C\C(=O)Nc1ccc2ncnc(Nc3cccc(Br)c3)c2c1,6.57,CHEMBL329642,IC50,1
C=C(C)C(=O)Nc1cc2c(Nc3cccc(Br)c3)ncnc2cn1,8.08,CHEMBL138363,IC50,1
C=C(C)C(=O)Nc1ccc2ncnc(Nc3cccc(Br)c3)c2c1,7.7299999999999995,CHEMBL92086,IC50,1
C=C(CN(C)C)C(=O)Nc1cc2c(Nc3ccc(F)c(Cl)c3)c(C#N)cnc2cc1OCC,6.25,CHEMBL117326,IC50,0
C=C(CN(C)C)C(=O)Nc1cc2c(Nc3ccc(OCc4ccccc4)c(Cl)c3)c(C#N)cnc2cc1OCC,6.65,CHEMBL175492,IC50,1
C=C(CN(C)C)C(=O)c1ccc(OCc2ccccc2)c(O)c1,6.17,CHEMBL542887,IC50,0
C=C(CN(C)C)C(=O)c1ccc(OCc2ccccc2)cc1,6.75,CHEMBL552859,IC50,1
C=C(CN(C)C)C(=O)c1ccc(OS(=O)(=O)c2ccc(C(=O)N(C)C)cc2)cc1,6.16,CHEMBL552634,IC50,0
C=C(CN(C)C)C(=O)c1ccc(OS(=O)(=O)c2ccc(C(=O)O)c(O)c2)cc1,6.33,CHEMBL310580,IC50,0
C=C(CN(C)C)C(=O)c1ccc(OS(=O)(=O)c2ccc(C(=O)O)cc2)cc1,6.64,CHEMBL80030,IC50,1
C=C(CN(C)C)C(=O)c1ccccc1,5.25,CHEMBL468975,IC50,0
C=C(CN1CCCCC1)C(=O)c1ccc(OCc2ccccc2)cc1,5.96,CHEMBL544074,IC50,0
C=C(CN1CCNCC1)C(=O)c1ccc(OCc2ccccc2)cc1,5.82,CHEMBL544538,IC50,0
C=C(CN1CCOCC1)C(=O)Nc1cc2c(Nc3ccc(OCc4ccccc4)c(Cl)c3)c(C#N)cnc2cc1OCC,7.12,CHEMBL179607,IC50,1
C=C(CN1CCOCC1)C(=O)Nc1ccc2ncc(C#N)c(Nc3ccc(F)c(Cl)c3)c2c1,5.57,CHEMBL114392,IC50,0
C=C(CN1CCOCC1)C(=O)Nc1ccc2ncnc(Nc3cccc(Br)c3)c2c1,6.97,CHEMBL94066,IC50,1
C=C(CN1CCOCC1)C(=O)c1ccc(OCc2ccccc2)cc1,5.96,CHEMBL544067,IC50,0
C=C(CNc1cc2c(Nc3ccc(OCc4ccccc4)c(Cl)c3)c(C#N)cnc2cc1OCC)C(=O)O,5.92,CHEMBL367754,IC50,0
C=C/C=C/C(=O)Nc1cc2c(Nc3cccc(Br)c3)ncnc2cn1,8.265,CHEMBL139044,IC50,1
C=C=CC(=O)Nc1ccc2ncnc(Nc3cccc(Br)c3)c2c1,7.86,CHEMBL343722,IC50,1
C=CC(=O)N(C)c1cc2c(Nc3cccc(Br)c3)ncnc2cn1,8.83,CHEMBL334697,IC50,1
C=CC(=O)N(C)c1nc2c(Nc3ccc(F)c(Cl)c3)ncnc2cc1OCCCN1CCOCC1,7.38,CHEMBL31630,IC50,1
C=CC(=O)N(CCCN1CCOCC1)c1cc2c(Nc3cccc(Br)c3)ncnc2cn1,7.6899999999999995,CHEMBL137082,IC50,1
C=CC(=O)N(CCCN1CCOCC1)c1ccc2ncnc(Nc3cccc(Br)c3)c2c1,7.595000000000001,CHEMBL139307,IC50,1
C=CC(=O)N(CCN(C)C)c1cc2c(Nc3cccc(Br)c3)ncnc2cn1,7.01,CHEMBL138691,IC50,1
C=CC(=O)Nc1cc2c(Nc3cc(Cl)c(Cl)cc3F)ncnc2cc1N1CCN(C)CC1,5.91,CHEMBL372246,IC50,0
C=CC(=O)Nc1cc2c(Nc3ccc(F)c(Br)c3)ncnc2cc1OCCCN1CCOCC1,8.535,CHEMBL27685,IC50,1
C=CC(=O)Nc1cc2c(Nc3ccc(F)c(Br)c3)ncnc2cn1,8.91,CHEMBL54091,IC50,1
C=CC(=O)Nc1cc2c(Nc3ccc(F)c(Cl)c3)c(C#N)cnc2cc1OCCCN1CCOCC1,7.1,CHEMBL95774,IC50,1
C=CC(=O)Nc1cc2c(Nc3ccc(F)c(Cl)c3)ncnc2cc1OCCCN1CCOCC1,8.36,CHEMBL545315,IC50,1
C=CC(=O)Nc1cc2c(Nc3ccc(F)c(Cl)c3)ncnc2cc1OCCOCCCCO,8.77,CHEMBL32079,IC50,1
C=CC(=O)Nc1cc2c(Nc3ccc(F)c(Cl)c3)ncnc2cn1,8.795,CHEMBL53555,IC50,1
C=CC(=O)Nc1cc2c(Nc3cccc(Br)c3)c(C#N)cnc2cc1OC,6.09,CHEMBL324718,IC50,0
C=CC(=O)Nc1cc2c(Nc3cccc(Br)c3)ncnc2cc1N1CCN(C)CC1,5.744999999999999,CHEMBL365805,IC50,0
C=CC(=O)Nc1cc2c(Nc3cccc(Br)c3)ncnc2cc1OCCCCN(C)C,8.254999999999999,CHEMBL31588,IC50,1
C=CC(=O)Nc1cc2c(Nc3cccc(Br)c3)ncnc2cc1OCCCN1CCN(C)CC1,8.645,CHEMBL32844,IC50,1
C=CC(=O)Nc1cc2c(Nc3cccc(Br)c3)ncnc2cc1OCCCN1CCOCC1,8.36,CHEMBL31419,IC50,1
C=CC(=O)Nc1cc2c(Nc3cccc(Br)c3)ncnc2cc1OCCCn1ccnc1,8.1,CHEMBL286343,IC50,1
C=CC(=O)Nc1cc2c(Nc3cccc(Br)c3)ncnc2cc1SCCCN(CC)CC,7.91,CHEMBL31326,IC50,1
C=CC(=O)Nc1cc2c(Nc3cccc(Br)c3)ncnc2cn1,8.754999999999999,CHEMBL51659,IC50,1
C=CC(=O)Nc1cc2c(Nc3cccc(C)c3)ncnc2cc1OCCCN1CCN(C)CC1,8.225,CHEMBL31622,IC50,1
C=CC(=O)Nc1cc2c(Nc3cccc(C)c3)ncnc2cc1OCCCN1CCOCC1,8.195,CHEMBL27688,IC50,1
C=CC(=O)Nc1cc2c(Nc3cccc(C)c3)ncnc2cn1,8.7,CHEMBL54088,IC50,1
C=CC(=O)Nc1cc2ncnc(Nc3cccc(Br)c3)c2cn1,8.12,CHEMBL49986,IC50,1
C=CC(=O)Nc1ccc2c(Nc3cccc(Br)c3)ncnc2c1,8.6,CHEMBL443523,IC50,1
C=CC(=O)Nc1ccc2c(Nc3cccc(C)c3)ncnc2c1,7.925000000000001,CHEMBL297968,IC50,1
C=CC(=O)Nc1ccc2c(Nc3cccc(Cl)c3)ncnc2c1,8.44,CHEMBL52913,IC50,1
C=CC(=O)Nc1ccc2c(c1)CNc1c(Nc3ccc(F)c(Cl)c3)ncnc1O2,5.18,CHEMBL204164,IC50,0
C=CC(=O)Nc1ccc2c(c1)CNc1c(Nc3cccc(Br)c3)ncnc1O2,5.255,CHEMBL381541,IC50,0
C=CC(=O)Nc1ccc2ncc(C#N)c(Nc3cccc(Br)c3)c2c1,6.8825,CHEMBL281300,IC50,1
C=CC(=O)Nc1ccc2ncnc(N3CCc4ccc(Br)cc43)c2c1,8.7,CHEMBL51741,IC50,1
C=CC(=O)Nc1ccc2ncnc(Nc3cc(Cl)c(Cl)cc3F)c2c1,8.61,CHEMBL363815,IC50,1
C=CC(=O)Nc1ccc2ncnc(Nc3ccc(CN(C)C)c(Br)c3)c2c1,6.865,CHEMBL283201,IC50,1
C=CC(=O)Nc1ccc2ncnc(Nc3ccc(F)c(Br)c3)c2c1,8.865,CHEMBL280757,IC50,1
C=CC(=O)Nc1ccc2ncnc(Nc3ccc(F)c(Br)c3)c2n1,8.335,CHEMBL53665,IC50,1
C=CC(=O)Nc1ccc2ncnc(Nc3ccc(F)c(Cl)c3)c2c1,8.815,CHEMBL31373,IC50,1
C=CC(=O)Nc1ccc2ncnc(Nc3ccc(F)c(Cl)c3)c2n1,8.434999999999999,CHEMBL28418,IC50,1
C=CC(=O)Nc1ccc2ncnc(Nc3ccc(OCCN(C)C)c(Br)c3)c2c1,6.34,CHEMBL31369,IC50,0
C=CC(=O)Nc1ccc2ncnc(Nc3ccc(OCc4ccccc4)cc3)c2c1,8.41,CHEMBL430571,IC50,1
C=CC(=O)Nc1ccc2ncnc(Nc3ccc(Oc4ccccc4)cc3)c2c1,8.280000000000001,CHEMBL53203,IC50,1
C=CC(=O)Nc1ccc2ncnc(Nc3cccc(Br)c3)c2c1,8.790000000000001,CHEMBL285063,IC50,1
C=CC(=O)Nc1ccc2ncnc(Nc3cccc(Br)c3)c2n1,8.605,CHEMBL296168,IC50,1
C=CC(=O)Nc1ccc2ncnc(Nc3cccc(C(F)(F)F)c3)c2c1,8.695,CHEMBL53690,IC50,1
C=CC(=O)Nc1ccc2ncnc(Nc3cccc(C)c3)c2c1,8.855,CHEMBL31815,IC50,1
C=CC(=O)Nc1ccc2ncnc(Nc3cccc(Cl)c3)c2c1,8.72,CHEMBL53637,IC50,1
C=CC(=O)Nc1cnc2ncc(C#N)c(Nc3cccc(Br)c3)c2c1,6.22,CHEMBL281467,IC50,0
C=CC(=O)Nc1nc2c(Nc3ccc(F)c(Cl)c3)ncnc2cc1C=CCCN1CCOCC1,8.36,CHEMBL417478,IC50,1
C=CC(=O)Nc1nc2c(Nc3ccc(F)c(Cl)c3)ncnc2cc1CCCCN1CCOCC1,6.93,CHEMBL281543,IC50,1
C=CC(=O)Nc1nc2c(Nc3ccc(F)c(Cl)c3)ncnc2cc1OC,7.779999999999999,CHEMBL31816,IC50,1
C=CC(=O)Nc1nc2c(Nc3ccc(F)c(Cl)c3)ncnc2cc1OCCCN1CCN(C)CC1,7.38,CHEMBL284326,IC50,1
C=CC(=O)Nc1nc2c(Nc3ccc(F)c(Cl)c3)ncnc2cc1OCCCN1CCOCC1,7.59,CHEMBL31656,IC50,1
C=CC(=O)Nc1nc2c(Nc3ccc(F)c(Cl)c3)ncnc2cc1OCCOC,7.715,CHEMBL31570,IC50,1
C=CC(=O)c1ccc2ccccc2c1,5.0,CHEMBL154580,IC50,0
C=CCN(C)CC#CC(=O)Nc1ccc2ncnc(Nc3cccc(Br)c3)c2c1,7.15,CHEMBL414220,IC50,1
C=CCOc1ccc2ncnc(Nc3ccc(OCc4ccccc4)cc3)c2c1,7.1,CHEMBL540701,IC50,1
C=CS(=O)(=O)Nc1cc2c(Nc3ccc(OCc4ccccc4)c(Cl)c3)c(C#N)cnc2cc1OCC,7.35,CHEMBL179969,IC50,1
C=CS(=O)(=O)Nc1cc2c(Nc3cccc(Br)c3)ncnc2cn1,8.87,CHEMBL139095,IC50,1
C=CS(=O)(=O)Nc1ccc2ncnc(Nc3cccc(Br)c3)c2c1,8.71,CHEMBL136511,IC50,1
C=CS(=O)(=O)c1cc2c(Nc3cccc(Br)c3)ncnc2cn1,9.37,CHEMBL336264,IC50,1
C=C[S+]([O-])c1cc2c(Nc3cccc(Br)c3)ncnc2cn1,7.404999999999999,CHEMBL345077,IC50,1
C=c1c(C(=O)N2CCC[C@@H]2CN2CCCC2)c(C)[nH]c1=Cc1c(O)[nH]c2ccc(S(=O)(=O)Cc3c(Cl)cccc3Cl)cc12,5.42,CHEMBL450786,IC50,0
C=c1c(C(=O)N2CCN(C)CC2)c[nH]c1=Cc1c(O)[nH]c2ncnc(Nc3ccc(F)c(Cl)c3)c12,6.39,CHEMBL304971,IC50,0
C=c1c(C(=O)NCCN(CC)CC)c(C)[nH]c1=Cc1c(O)[nH]c2ccc(Br)cc12,5.0,CHEMBL13629,IC50,0
C=c1c(C(=O)NCCN(CC)CC)c(C)[nH]c1=Cc1c(O)[nH]c2ccc(Cl)cc12,5.52,CHEMBL13485,IC50,0
C=c1c(C(=O)NCCN(CC)CC)c(C)[nH]c1=Cc1c(O)[nH]c2ncnc(Nc3ccc(F)c(Cl)c3)c12,6.7,CHEMBL432903,IC50,1
C=c1c(CCC(=O)O)c(C)[nH]c1=Cc1c(O)[nH]c2cc(-c3cccc(OC)c3)ccc12,4.62,CHEMBL358728,IC50,0
C=c1c(CCC(=O)O)c(C)[nH]c1=Cc1c(O)[nH]c2cc(-c3ccccc3)ccc12,4.66,CHEMBL149201,IC50,0
C=c1c(CCC(=O)O)c(C)[nH]c1=Cc1c(O)[nH]c2cc(-c3ccccc3OC)ccc12,4.5,CHEMBL146694,IC50,0
C=c1c(CCC(=O)O)c(C)[nH]c1=Cc1c(O)[nH]c2ccc(S(N)(=O)=O)cc12,4.07,CHEMBL150177,IC50,0
C=c1c(CCC(=O)O)c(C)[nH]c1=Cc1c(O)[nH]c2ncnc(Nc3ccc(F)c(Cl)c3)c12,6.75,CHEMBL305782,IC50,1
C=c1c(CCC(=O)O)c[nH]c1=Cc1c(O)[nH]c2cc(-c3ccc(OC)cc3)ccc12,4.64,CHEMBL148984,IC50,0
C=c1c(CCC(=O)O)c[nH]c1=Cc1c(O)[nH]c2cc(-c3cccc(OC)c3)ccc12,4.52,CHEMBL148514,IC50,0
C=c1c(CCC(=O)O)c[nH]c1=Cc1c(O)[nH]c2cc(-c3ccccc3)ccc12,4.66,CHEMBL347074,IC50,0
C=c1c(CCC(=O)O)c[nH]c1=Cc1c(O)[nH]c2cc(-c3ccccc3OC)ccc12,4.72,CHEMBL147112,IC50,0
C=c1cc(C(=O)N2CC(C)NC(C)C2)[nH]c1=Cc1c(O)[nH]c2ncnc(Nc3ccc(F)c(Cl)c3)c12,6.91,CHEMBL69071,IC50,1
C=c1cc(C(=O)N2CCN(C)CC2)[nH]c1=Cc1c(O)[nH]c2ncnc(Nc3ccc(F)c(Cl)c3)c12,7.223333333333334,CHEMBL305246,IC50,1
C=c1cc(C(=O)N2CCN(CC)CC2)[nH]c1=Cc1c(O)[nH]c2ncnc(Nc3ccc(F)c(Cl)c3)c12,6.57,CHEMBL66570,IC50,1
C=c1cc(C(=O)N2CCOCC2)[nH]c1=Cc1c(O)[nH]c2ncnc(Nc3ccc(F)c(Cl)c3)c12,6.843333333333334,CHEMBL69960,IC50,1
C=c1cc(C(=O)N2CCOCC2)[nH]c1=Cc1c(O)[nH]c2ncnc(Nc3ccc4c(c3)CCC4)c12,5.506666666666667,CHEMBL65848,IC50,0
C=c1cc(C(=O)N2CCOCC2)[nH]c1=Cc1c(O)[nH]c2ncnc(Nc3ccc4c(ccn4Cc4ccccc4)c3)c12,7.675,CHEMBL67057,IC50,1
C=c1cc(C(=O)N2CCOCC2)[nH]c1=Cc1c(O)[nH]c2ncnc(Nc3ccc4c(cnn4Cc4ccccc4)c3)c12,7.87,CHEMBL67003,IC50,1
C=c1cc(C(=O)NCC(O)CN(CC)CC)[nH]c1=Cc1c(O)[nH]c2ncnc(Nc3ccc(F)c(Cl)c3)c12,9.35,CHEMBL304271,IC50,1
C=c1cc(C(=O)NCCN(CC)CC)[nH]c1=Cc1c(O)[nH]c2ncnc(Nc3ccc(Cl)cc3F)c12,6.324999999999999,CHEMBL308672,IC50,0
C=c1cc(C(=O)NCCN(CC)CC)[nH]c1=Cc1c(O)[nH]c2ncnc(Nc3ccc(F)c(Cl)c3)c12,7.169999999999999,CHEMBL69358,IC50,1
C=c1cc(C(=O)NCCN2CCOCC2)[nH]c1=Cc1c(O)[nH]c2ncnc(Nc3ccc(F)c(Cl)c3)c12,7.093333333333334,CHEMBL69629,IC50,1
C=c1cc(C(=O)NCCN2CCOCC2)[nH]c1=Cc1c(O)[nH]c2ncnc(Nc3ccc4c(ccn4Cc4ccccc4)c3)c12,7.123333333333334,CHEMBL264382,IC50,1
C=c1cc(C(=O)NCCN2CCOCC2)[nH]c1=Cc1c(O)n(C)c2ncnc(Nc3ccc(F)c(Cl)c3)c12,5.28,CHEMBL443268,IC50,0
C=c1cc(C(=O)O)[nH]c1=Cc1c(O)[nH]c2ncnc(Nc3ccc(F)c(Cl)c3)c12,7.54,CHEMBL305194,IC50,1
C=c1cc(C)[nH]c1=Cc1c(O)[nH]c2ncnc(Nc3ccc(F)c(Cl)c3)c12,6.34,CHEMBL68920,IC50,0
C=c1cc(CCC(=O)O)[nH]c1=Cc1c(O)[nH]c2ncnc(Nc3ccc(F)c(Cl)c3)c12,8.33,CHEMBL308645,IC50,1
CC#CC(=O)Nc1cc2c(Nc3ccc(F)c(Cl)c3)ncnc2cn1,9.059999999999999,CHEMBL203644,IC50,1
CC#CC(=O)Nc1cc2c(Nc3cccc(Br)c3)c(C#N)cnc2cc1OC,6.04,CHEMBL116525,IC50,0
CC#CC(=O)Nc1ccc2ncc(C#N)c(Nc3ccc(F)c(Cl)c3)c2c1,6.235,CHEMBL31876,IC50,0
CC#CC(=O)Nc1ccc2ncc(C#N)c(Nc3cccc(Br)c3)c2c1,6.216666666666666,CHEMBL283682,IC50,0
CC#CC(=O)Nc1ccc2ncnc(Nc3cccc(Br)c3)c2c1,7.9399999999999995,CHEMBL91867,IC50,1
CC#CC(=O)Nc1cnc2ncc(C#N)c(Nc3ccc(F)c(Cl)c3)c2c1,5.295,CHEMBL287022,IC50,0
CC#CC(=O)Nc1cnc2ncc(C#N)c(Nc3cccc(Br)c3)c2c1,5.2,CHEMBL31745,IC50,0
CC(=Cc1ccc(O)c(O)c1)[N+](=O)[O-],5.04,CHEMBL78049,IC50,0
CC(=O)/C=C/C(=O)Nc1ccc2ncnc(Nc3cccc(Br)c3)c2c1,7.45,CHEMBL136178,IC50,1
CC(=O)C(Nc1cc(O)c(NC(C(=O)O)C(C)O)cc1O)C(=O)O,4.36,CHEMBL327725,IC50,0
CC(=O)N1CCC[C@@H]1C#Cc1cc2ncnc(Nc3ccc(OCc4cccc(F)c4)c(Cl)c3)c2s1,7.24,CHEMBL495734,IC50,1
CC(=O)N1CCN(CCOc2[nH]nc3ncnc(Nc4ccc(OCc5ccccn5)c(Cl)c4)c23)CC1,8.52,CHEMBL258270,IC50,1
CC(=O)N1CCN(Cc2ccn3ncnc(Nc4ccc5c(cnn5Cc5cccc(F)c5)c4)c23)CC1,6.15,CHEMBL231885,IC50,0
CC(=O)NC(Cc1c(SSc2[nH]c3ccccc3c2CC(NC(C)=O)C(=O)NCc2ccccc2)[nH]c2ccccc12)C(=O)NCc1ccccc1,4.29,CHEMBL346716,IC50,0
CC(=O)NC1CCN(Cc2ccn3ncnc(Nc4ccc5c(cnn5Cc5cccc(F)c5)c4)c23)CC1,6.42,CHEMBL247512,IC50,0
CC(=O)NCCNCc1ccc(-c2cc3nccc(Nc4ccc5[nH]ccc5c4)c3s2)cc1,8.7,CHEMBL418909,IC50,1
CC(=O)NCCNCc1ccc(-c2cc3ncnc(Nc4ccc5[nH]ccc5c4)c3s2)cc1,8.3,CHEMBL80809,IC50,1
CC(=O)NCc1cccc(C#Cc2cncnc2Nc2ccc(OCc3cccc(F)c3)c(Cl)c2)c1,7.22,CHEMBL207247,IC50,1
CC(=O)Nc1c(Br)cccc1Nc1ncnc2ccncc12,7.53,CHEMBL270921,IC50,1
CC(=O)Nc1cc2ncnc(NCc3ccccc3)c2cn1,7.0,CHEMBL53404,IC50,1
CC(=O)Nc1cc2ncnc(Nc3cccc(Br)c3)c2cc1[N+](=O)[O-],7.55,CHEMBL93734,IC50,1
CC(=O)Nc1cc2ncnc(Nc3cccc(Br)c3)c2cn1,7.54,CHEMBL52418,IC50,1
CC(=O)Nc1ccc(C#Cc2cncnc2Nc2ccc(OCc3cccc(F)c3)c(Cl)c2)cc1,4.6,CHEMBL438075,IC50,0
CC(=O)Nc1ccc2c(Nc3cccc(Br)c3)ncnc2c1,7.395,CHEMBL93461,IC50,1
CC(=O)Nc1cccc(C#Cc2cncnc2Nc2ccc(OCc3cccc(F)c3)c(Cl)c2)c1,7.92,CHEMBL205798,IC50,1
CC(=O)Nc1cccc(C#Cc2cncnc2Nc2ccc(OCc3cccc(F)c3)c(Cl)c2)n1,7.04,CHEMBL205765,IC50,1
CC(=O)OC(Cc1c(SSc2[nH]c3ccccc3c2CC(OC(C)=O)C(=O)NCc2ccccc2)[nH]c2ccccc12)C(=O)NCc1ccccc1,4.55,CHEMBL348146,IC50,0
CC(=O)O[C@@]12CO[C@@H]1C[C@H](O)[C@@]1(C)C(=O)C(=O)C3C(C)[C@@H](OC(=O)C(O)C(NC(=O)OC(C)(C)C)c4ccccc4)C[C@@](O)([C@@H](OC(=O)c4ccccc4)[C@H]21)C3(C)C,9.09,CHEMBL3545252,Kd,1
CC(=O)Oc1ccc2c(c1)c(C(=O)Nc1ccccc1)c(SSc1c(C(=O)Nc3ccccc3)c3cc(OC(C)=O)ccc3n1C)n2C,5.28,CHEMBL61119,IC50,0
CC(=O)Oc1cccc2c(C(=O)Nc3ccccc3)c(SSc3c(C(=O)Nc4ccccc4)c4cccc(OC(C)=O)c4n3C)n(C)c12,5.0,CHEMBL291359,IC50,0
CC(=O)Oc1cccc2c1c(C(=O)Nc1ccccc1)c(SSc1c(C(=O)Nc3ccccc3)c3c(OC(C)=O)cccc3n1C)n2C,4.7,CHEMBL59812,IC50,0
CC(=O)c1c(SSc2c(C(C)=O)c3ccccc3n2C)n(C)c2ccccc12,5.25,CHEMBL351920,IC50,0
CC(=O)c1cc(NCc2c[nH]cn2)cc2c(Nc3ccc(F)c(Cl)c3)c(C#N)cnc12,6.81,CHEMBL397949,IC50,1
CC(C)(C)CCOC(=O)c1cc(NCc2cc(O)ccc2O)ccc1O,5.66,CHEMBL353028,IC50,0
CC(C)(C)NC(=O)Nc1nc2nc(N)ncc2cc1-c1c(Cl)cccc1Cl,6.35,CHEMBL57366,IC50,0
CC(C)(C)NC(=O)Nc1nc2nc(N)ncc2cc1-c1ccccc1,5.26,CHEMBL76599,IC50,0
CC(C)(C)NC(=O)c1ccc(S(=O)(=O)Oc2ccc(/C=C/[N+](=O)[O-])cc2)cc1,5.89,CHEMBL78206,IC50,0
CC(C)(C)OC(=O)N1CCC(n2cc(-c3cccc(O)c3)c3c(N)ncnc32)C1,5.66,CHEMBL168921,IC50,0
CC(C)(C)OC(=O)N1CCC(n2cc(-c3ccccc3)c3c(N)ncnc32)C1,5.08,CHEMBL353823,IC50,0
CC(C)(C)OC(=O)NCCNC(=O)c1ccc(S(=O)(=O)Oc2ccc(/C=C/[N+](=O)[O-])cc2)cc1,5.925,CHEMBL418906,IC50,0
CC(C)(C)OC(=O)Nc1ccc(-c2[nH]nc3ncnc(Nc4cccc(Cl)c4)c23)cc1,6.195,CHEMBL420885,IC50,0
CC(C)(C)OC(=O)c1cc(NCc2cc(O)ccc2O)ccc1O,5.55,CHEMBL170111,IC50,0
CC(C)(C)ONC(=O)Cc1cc(N=Cc2cc(O)ccc2O)ccc1O,4.515,CHEMBL422899,IC50,0
CC(C)(C)ONC(=O)Cc1cc(NCc2cc(O)ccc2O)ccc1O,4.82,CHEMBL168343,IC50,0
CC(C)(C)ONC(=O)c1cc(NCc2cc(O)ccc2O)ccc1O,7.0,CHEMBL170996,IC50,1
CC(C)(C)c1cc(C=C(C#N)C(N)=O)cc(C(C)(C)C)c1O,4.3,CHEMBL490570,IC50,0
CC(C)(C)c1cc(C=C2C(=O)Nc3ccccc32)cc(C(C)(C)C)c1O,5.1,CHEMBL89505,IC50,0
CC(C)(C)c1cc(O)cc(-c2ccc(C(=O)NCc3ccccc3)cc2)c1,5.27,CHEMBL143160,IC50,0
CC(C)(C)n1nc(-c2ccc(Cl)cc2)c2c(N)ncnc21,6.32,CHEMBL406845,IC50,0
CC(C)(CO)NCc1ccc(-c2cc3ncnc(Nc4ccc5[nH]ccc5c4)c3s2)cc1,8.55,CHEMBL308498,IC50,1
CC(C)(O)C#Cc1ccc2ncnc(Nc3ccc(F)c(Cl)c3)c2c1,6.82,CHEMBL251497,IC50,1
CC(C)CC(NC(=O)C(CCCN=C(N)N)NC(=O)C(N)CCCNC(=N)N)C(=O)NC(CCC(=O)O)C(=O)NC(CCC(=O)O)C(=O)NC(CCC(=O)O)C(=O)NC(CCC(=O)O)C(=O)NC(CCC(=O)O)C(=O)NC(C)C(=O)NC(Cc1c(F)c(F)c(O)c(F)c1F)C(=O)NCC(=O)O,5.050000000000001,CHEMBL2372245,Ki,0
CC(C)CCCC(C)CCOC(=O)c1cc(N=Cc2cc(O)ccc2O)ccc1O,5.3,CHEMBL354301,IC50,0
CC(C)CCCC(C)CCOC(=O)c1cc(NCc2cc(O)ccc2O)ccc1O,5.286666666666666,CHEMBL170997,IC50,0
CC(C)CON=Cc1c(N)ncnc1Nc1ccc2c(cnn2Cc2cccc(F)c2)c1,7.5,CHEMBL430031,IC50,1
CC(C)N(C)CC#CC(=O)Nc1ccc2ncnc(Nc3cccc(Br)c3)c2c1,7.07,CHEMBL91811,IC50,1
CC(C)N(CC#CC(=O)Nc1cc2c(Nc3ccc(F)c(Cl)c3)ncnc2cn1)C(C)C,7.25,CHEMBL383499,IC50,1
CC(C)N(CC#CC(=O)Nc1ccc2ncc(C#N)c(Nc3cccc(Br)c3)c2c1)C(C)C,6.6,CHEMBL113900,IC50,1
CC(C)N(CC#CC(=O)Nc1ccc2ncnc(Nc3ccc(F)c(Cl)c3)c2c1)C(C)C,8.17,CHEMBL380669,IC50,1
CC(C)N(CC#CC(=O)Nc1ccc2ncnc(Nc3cccc(Br)c3)c2c1)C(C)C,7.01,CHEMBL92961,IC50,1
CC(C)N(CCC(=O)c1ccc2ccccc2c1)Cc1ccccc1,5.6,CHEMBL538798,IC50,0
CC(C)NC(=O)c1ccc(S(=O)(=O)Oc2ccc(/C=C/[N+](=O)[O-])cc2)cc1,6.0,CHEMBL490987,IC50,0
CC(C)Nc1ncnc2oc(-c3ccc(OCCN4CCCC4)cc3)c(-c3ccccc3)c12,5.99,CHEMBL247866,IC50,0
CC(C)ON=Cc1c(N)ncnc1Nc1ccc2c(cnn2Cc2cccc(F)c2)c1,7.85,CHEMBL402293,IC50,1
CC(C)S(=O)(=O)CCNCc1ccc(-c2ccc3ncnc(Nc4ccc(OCc5cccc(F)c5)c(Cl)c4)c3c2)o1,7.75,CHEMBL214487,IC50,1
CC(C)c1cc(C=C(C#N)C(N)=O)cc(C(C)C)c1O,6.0,CHEMBL504173,IC50,0
CC(C)c1cc(C=C2C(=O)Nc3ccc(Cl)cc32)cc(C(C)C)c1O,5.02,CHEMBL89723,IC50,0
CC(C)c1cc(C=C2C(=O)Nc3ccccc32)cc(C(C)C)c1O,5.61,CHEMBL85021,IC50,0
CC(C)c1ccc(/C=C2/C(=O)Nc3ccccc32)cc1,4.73,CHEMBL48760,IC50,0
CC(C)c1ccc(COC(=O)c2cc(NCc3cc(O)ccc3O)ccc2O)cc1,5.925,CHEMBL435662,IC50,0
CC(CCOC(=O)c1cc(NCc2cc(O)ccc2O)ccc1O)CC(C)(C)C,6.1,CHEMBL368296,IC50,0
CC(CCOC(=O)c1cc(NCc2cc(O)ccc2O)ccc1O)c1ccccc1,5.985,CHEMBL354128,IC50,0
CC(CN(C)C)C(=O)c1ccc(OS(=O)(=O)c2ccc(C(=O)O)cc2)cc1,4.0,CHEMBL543600,IC50,0
CC(COC(=O)c1cc(N=Cc2cc(O)ccc2O)ccc1O)CC(C)(C)C,5.0,CHEMBL171144,IC50,0
CC(COC(=O)c1cc(NCc2cc(O)ccc2O)ccc1O)CC(C)(C)C,5.6,CHEMBL355853,IC50,0
CC(COC(=O)c1cc(NCc2cc(O)ccc2O)ccc1O)Cc1ccccc1,5.95,CHEMBL171054,IC50,0
CC(NC(=O)C(C#N)=Cc1ccc(O)c(O)c1)c1ccccc1,5.826,CHEMBL55979,IC50,0
CC(NC(=O)C(C)NC(=O)c1ccc(S(=O)(=O)Oc2ccc(/C=C/[N+](=O)[O-])cc2)cc1)C(=O)O,5.16,CHEMBL311133,IC50,0
CC(NC(=O)c1ccc(S(=O)(=O)Oc2ccc(/C=C/[N+](=O)[O-])cc2)cc1)C(=O)NC(C)C(=O)NCCN,4.734999999999999,CHEMBL309392,IC50,0
CC(NC(=O)c1ccc(S(=O)(=O)Oc2ccc(/C=C/[N+](=O)[O-])cc2)cc1)C(=O)NC(C)C(=O)OC(C)(C)C,4.4,CHEMBL312451,IC50,0
CC(O)C#Cc1ccc2ncnc(Nc3ccc(F)c(Cl)c3)c2c1,7.03,CHEMBL399928,IC50,1
CC(Oc1cccc2ncnc(Nc3ccc(OCc4ccccn4)c(Cl)c3)c12)C(=O)N(C)C,7.66,CHEMBL428777,IC50,1
CC(Oc1cccc2ncnc(Nc3ccc4c(cnn4Cc4ccccn4)c3)c12)C(=O)N(C)C,6.75,CHEMBL402011,IC50,1
CC(Oc1cccc2ncnc(Nc3ccc4c(cnn4Cc4nccs4)c3)c12)C(=O)N1CCOCC1,7.620000000000001,CHEMBL257411,Ki,1
CC1(N)CCN(Cc2ccn3ncnc(Nc4ccc5c(cnn5Cc5cccc(F)c5)c4)c23)CC1,7.3,CHEMBL393264,IC50,1
CC1CNCCN(Cc2ccn3ncnc(Nc4ccc5c(cnn5Cc5cccc(F)c5)c4)c23)C1,6.89,CHEMBL398793,IC50,1
CCC(=O)Nc1ccc2ncnc(Nc3cccc(Br)c3)c2c1,9.37,CHEMBL188762,IC50,1
CCC(=O)O[C@H]1CN[C@H](C#Cc2cc3ncnc(Nc4ccc(OCc5cccc(F)c5)c(Cl)c4)c3s2)C1,7.2,CHEMBL500381,IC50,1
CCC(C)[C@@H]1[C@@](C)(C(=O)/C=C/OC)[C@H]2[C@H](C)C[C@@](C)(O)C[C@]2(O)C(=O)[C@@]1(C)O,4.98,CHEMBL498247,IC50,0
CCC(NC(=O)C(CC(C)C)NC(=O)C(NC(=O)C(CCCCN)NC(=O)C(Cc1c[nH]cn1)NC(=O)C(Cc1ccc(C)cc1)NC(=O)C(CCCCNC(=N)N)NC(=O)C(C)NC(=O)C(NC(=O)C(Cc1ccc(Cl)cc1)NC(=O)C(NC(=O)C(C)NC(=O)C(CC(=O)O)NC(=O)C(CCCNC(=N)N)NC(=O)C(Cc1ccc(O)cc1)NC(=O)Cc1ccccc1)[C@@H](C)CC)[C@@H](C)O)C(C)C)C(=O)NC(CCC(N)=O)C(=O)NC(CC(C)C)C(=O)NC(CO)C(=O)NC(C)C(=O)NC(Cc1cnc[nH]1)C(=O)NC(CCCCN)C(=O)NC(CC(C)C)C(=O)NC(CC(C)C)C(=O)NC(CCC(N)=O)C(=O)NC(CC(=O)O)C(=O)NC(C(=O)NC(C(=O)NC(CCCNC(=N)N)C(=O)NC(CCCCNC(=N)N)C(N)=O)[C@@H](C)CC)[C@@H](C)CC,9.03,CHEMBL437469,Kd,1
CCCC#CC(=O)Nc1cc2c(Nc3ccc(F)c(Cl)c3)ncnc2cn1,8.395,CHEMBL203645,IC50,1
CCCCC#CC(=O)Nc1cc2c(Nc3ccc(F)c(Cl)c3)ncnc2cn1,8.085,CHEMBL202424,IC50,1
CCCCC(O)CN(C)[C@H]1C[C@@H]2O[C@](C)([C@H]1OC)n1c3ccccc3c3c4c(c5c6ccccc6n2c5c31)C(=O)NC4,5.89,CHEMBL335718,IC50,0
CCCCCCCCCCCCCCNC(=O)c1cc(NCc2cc(O)ccc2O)ccc1O,4.57,CHEMBL122721,IC50,0
CCCCCCNC(=O)c1cc(NCc2cc(O)ccc2O)ccc1O,6.05,CHEMBL122397,IC50,0
CCCCCOc1ccc(Nc2c(C#N)cnc3cc(OCC)c(NC(=O)/C=C/CN(C)C)cc23)cc1Cl,6.05,CHEMBL175726,IC50,0
CCCCN(CC#CC(=O)Nc1cc2c(Nc3ccc(F)c(Cl)c3)ncnc2cn1)CCCC,7.539999999999999,CHEMBL202421,IC50,1
CCCCN(CC#CC(=O)Nc1ccc2ncnc(Nc3ccc(F)c(Cl)c3)c2c1)CCCC,7.68,CHEMBL202398,IC50,1
CCCCNC(=O)c1ccc(S(=O)(=O)Oc2ccc(/C=C/[N+](=O)[O-])cc2)cc1,5.3100000000000005,CHEMBL77100,IC50,0
CCCCNc1ncc2cc(-c3c(Cl)cccc3Cl)c(=O)n(C)c2n1,5.36,CHEMBL332269,IC50,0
CCCCOc1cc2ncnc(Nc3cccc(Br)c3)c2cc1OCCCC,6.98,CHEMBL318736,IC50,1
CCCCc1cc(C=C(C#N)C(N)=O)cc(CCCC)c1O,4.26,CHEMBL77243,IC50,0
CCCN(C/C=C/C(=O)Nc1ccc2ncnc(Nc3cccc(Br)c3)c2c1)CCC,7.05,CHEMBL92731,IC50,1
CCCN(CC#CC(=O)Nc1ccc2ncc(C#N)c(Nc3cccc(Br)c3)c2c1)CCC,6.89,CHEMBL115187,IC50,1
CCCN(CC#CC(=O)Nc1ccc2ncnc(Nc3cccc(Br)c3)c2c1)CCC,7.21,CHEMBL328245,IC50,1
CCCN(CCS(C)(=O)=O)Cc1ccc(-c2ccc3ncnc(Nc4ccc(OCc5cccc(F)c5)c(Cl)c4)c3c2)o1,7.07,CHEMBL212251,IC50,1
CCCNN1C(=O)c2c(c3c4cccc(O)c4n(C4OC(CO)C(O)C(O)C4O)c3c3[nH]c4c(O)cccc4c23)C1=O,4.23,CHEMBL21096,IC50,0
CCCOc1cc2ncnc(Nc3cccc(Br)c3)c2cc1OCCC,9.765,CHEMBL418967,IC50,1
CCCS(=O)(=O)CCNCc1ccc(-c2ccc3ncnc(Nc4ccc(OCc5cccc(F)c5)c(Cl)c4)c3c2)o1,7.68,CHEMBL383965,IC50,1
CCCc1c(C(=O)OCC)cn2ncnc(Nc3ccc4c(cnn4Cc4ccccc4)c3)c12,6.02,CHEMBL438805,IC50,0
CCN(C)C(=O)O[C@H]1CN[C@H](C#Cc2cc3ncnc(Nc4ccc(OCc5cccc(F)c5)c(Cl)c4)c3s2)C1,7.3,CHEMBL517585,IC50,1
CCN(C)[C@H]1C[C@@H]2O[C@](C)([C@H]1OC)n1c3ccccc3c3c4c(c5c6ccccc6n2c5c31)C(=O)NC4,6.48,CHEMBL129946,IC50,0
CCN(CC)C(=O)O[C@H]1CN[C@H](C#Cc2cc3ncnc(Nc4ccc(OCc5cccc(F)c5)c(Cl)c4)c3s2)C1,7.2,CHEMBL505626,IC50,1
CCN(CC)C(C)/C=C/C(=O)Nc1cc2c(Nc3ccc(F)c(Cl)c3)c(C#N)cnc2cc1OC,5.32,CHEMBL325156,IC50,0
CCN(CC)C/C=C/C(=O)Nc1cc2c(Nc3ccc(F)c(Cl)c3)c(C#N)cnc2cc1OC,5.72,CHEMBL424252,IC50,0
CCN(CC)C/C=C/C(=O)Nc1ccc2ncnc(Nc3cccc(Br)c3)c2c1,7.14,CHEMBL91925,IC50,1
CCN(CC)CC#CC(=O)Nc1cc2c(Nc3ccc(F)c(Cl)c3)ncnc2cn1,7.57,CHEMBL202425,IC50,1
CCN(CC)CC#CC(=O)Nc1ccc2ncnc(Nc3ccc(F)c(Cl)c3)c2c1,8.34,CHEMBL373207,IC50,1
CCN(CC)CC#CC(=O)Nc1ccc2ncnc(Nc3cccc(Br)c3)c2c1,7.92,CHEMBL328704,IC50,1
CCN(CC)CC(O)CNc1cc2c(Nc3cccc(Br)c3)ncnc2cn1,7.195,CHEMBL433520,IC50,1
CCN(CC)CCC#CC(=O)Nc1ccc2ncnc(Nc3ccc(F)c(Cl)c3)c2c1,8.545,CHEMBL382073,IC50,1
CCN(CC)CCCCNc1ncc2cc(-c3c(Cl)cccc3Cl)c(NC(=O)NC(C)(C)C)nc2n1,6.48,CHEMBL45827,IC50,0
CCN(CC)CCCCNc1ncc2cc(-c3c(Cl)cccc3Cl)c(NC(=O)Nc3ccccc3)nc2n1,6.0,CHEMBL56983,IC50,0
CCN(CC)CCCNC(=O)/C=C/C(=O)Nc1cc2c(Nc3cccc(Br)c3)ncnc2cn1,8.166666666666666,CHEMBL434827,IC50,1
CCN(CC)CCCNc1ncc2cc(-c3c(Cl)cccc3Cl)c(=O)n(C)c2n1,5.859999999999999,CHEMBL50470,IC50,0
CCN(CC)CCCNc1ncc2cc(-c3c(Cl)cccc3Cl)c(NC(=O)NC(C)(C)C)nc2n1,5.21,CHEMBL299026,IC50,0
CCN(CC)CCCOc1cc2c(Nc3ccc(F)c(Cl)c3)ncnc2cc1OC,7.24,CHEMBL55425,IC50,1
CCN(CC)CCNC(=O)c1c([Se][Se]c2[nH]c3ccccc3c2C(=O)NCCN(CC)CC)[nH]c2ccccc12,5.34,CHEMBL135577,IC50,0
CCN(CC)CCNC(=O)c1c([Se][Se]c2c(C(=O)NCCN(CC)CC)c3ccccc3n2C)n(C)c2ccccc12,5.33,CHEMBL263666,IC50,0
CCN(CC)CCOc1c(C(=O)OC)c2c3c(oc2c2ccccc12)C(=O)c1ccccc1C3=O,5.29,CHEMBL202162,IC50,0
CCN(CC)CCOc1cc2c(Nc3ccc(F)c(Cl)c3)ncnc2cc1OC,7.03,CHEMBL293064,IC50,1
CCN(CC)CCOc1ccc(Nc2cc(NC(=O)Nc3c(Cl)cccc3Cl)ncn2)cc1,6.42,CHEMBL253292,IC50,0
CCN(CC)CCOc1ccc(Nc2ncc3cc(-c4c(Cl)cccc4Cl)c(=O)n(C)c3n2)cc1,5.41,CHEMBL49120,IC50,0
CCN(CC)CCn1c([Se][Se]c2c(C(=O)NC)c3ccccc3n2CCN(CC)CC)c(C(=O)NC)c2ccccc21,5.16,CHEMBL334439,IC50,0
CCN(CC)CCn1c2ccc(OC)cc2c2c(Nc3cccc(Br)c3)ncnc21,5.37,CHEMBL153518,IC50,0
CCN(CC)CCn1c2ccccc2c2c(Nc3cccc(Br)c3)ncnc21,5.39,CHEMBL448730,IC50,0
CCN(CC)[C@@](C)(C#Cc1ncnc2cc(OC)c(OC)cc12)CC1CCCCC1,5.96,CHEMBL3085380,IC50,0
CCN(CC)[C@@](C)(C#Cc1ncnc2cc(OC)c(OC)cc12)CCc1ccccc1,5.92,CHEMBL3085378,IC50,0
CCN(CC)[C@@](C)(C#Cc1ncnc2cc(OC)c(OC)cc12)Cc1ccccc1,8.52,CHEMBL3085376,IC50,1
CCN(CC)[C@@](C)(C#Cc1ncnc2cc(OC)c(OC)cc12)Cc1ccncc1,6.7,CHEMBL3085379,IC50,1
CCN(CC)[C@@](C)(C#Cc1ncnc2cc(OC)c(OC)cc12)c1ccccc1,5.14,CHEMBL3085377,IC50,0
CCN(CC)[C@@](C)(CCc1ncnc2cc(OC)c(OC)cc12)Cc1ccccc1,6.89,CHEMBL3085381,IC50,1
CCN(CC)c1ccc(Nc2cc3c(cc2Nc2ccc(N(CC)CC)cc2)C(=O)NC3=O)cc1,4.3,CHEMBL8223,IC50,0
CCN(c1ccccc1)c1ncnc2cc(OC)c(OC)cc12,5.26,CHEMBL554053,IC50,0
CCN1CCN(CC#CC(=O)Nc2ccc3ncnc(Nc4cccc(Br)c4)c3c2)CC1,7.19,CHEMBL92356,IC50,1
CCNC(=O)Nc1nc2nc(N)ncc2cc1-c1c(Cl)cccc1Cl,5.87,CHEMBL432738,IC50,0
CCNC(=O)Nc1nc2nc(NCCCCN(CC)CC)ncc2cc1-c1c(Cl)cccc1Cl,5.895,CHEMBL301483,IC50,0
CCNC(=O)O[C@@H]1CN[C@@H](C#Cc2cc3ncnc(Nc4ccc(OCc5cccc(F)c5)c(Cl)c4)c3s2)C1,7.3,CHEMBL461869,IC50,1
CCNC(=O)O[C@@H]1CN[C@H](C#Cc2cc3ncnc(Nc4ccc(OCc5cccc(F)c5)c(Cl)c4)c3s2)C1,6.9,CHEMBL466614,IC50,1
CCNC(=O)O[C@H]1CN[C@@H](C#Cc2cc3ncnc(Nc4ccc(OCc5cccc(F)c5)c(Cl)c4)c3s2)C1,7.5,CHEMBL466174,IC50,1
CCNC(=O)O[C@H]1CN[C@H](C#Cc2cc3ncnc(Nc4ccc(OCc5cccc(F)c5)c(Cl)c4)c3s2)C1,7.5,CHEMBL512076,IC50,1
CCNCc1cn2ncnc(Nc3ccc4c(cnn4Cc4ccccc4)c3)c2c1CC,5.13,CHEMBL369967,IC50,0
CCNc1cc2sc3c(Nc4cccc(Br)c4)ncnc3c2cc1F,7.585,CHEMBL357570,IC50,1
CCNc1ccc2c(Nc3cccc(Br)c3)ncnc2c1,7.92,CHEMBL420254,IC50,1
CCNc1ncc2cc(-c3c(Cl)cccc3Cl)c(=O)n(C)c2n1,5.35,CHEMBL109296,IC50,0
CCOC(=O)/C=C/C(=O)Nc1cc2c(Nc3cccc(Br)c3)ncnc2cn1,8.055,CHEMBL422292,IC50,1
CCOC(=O)/C=C/C(=O)Nc1ccc2ncnc(Nc3cccc(Br)c3)c2c1,7.880000000000001,CHEMBL344486,IC50,1
CCOC(=O)C(=O)Oc1ccc(-c2c(C(=O)OCC)oc3cc(O)cc(O)c3c2=O)cc1,6.0,CHEMBL1202061,IC50,0
CCOC(=O)C(Cc1ccccc1)=NC(=O)C(C#N)Cc1ccc(O)c(O)c1,4.8133333333333335,CHEMBL56319,IC50,0
CCOC(=O)C1CCN(CCC(=O)c2ccc(OCc3ccccc3)cc2)CC1,6.52,CHEMBL542891,IC50,1
CCOC(=O)CCCc1ccc(Nc2ncc3cc(-c4c(Cl)cccc4Cl)c(=O)n(C)c3n2)cc1,6.16,CHEMBL419022,IC50,0
CCOC(=O)Cc1cc(N=Cc2cc(O)ccc2O)ccc1O,4.35,CHEMBL168425,IC50,0
CCOC(=O)Cc1cc(NCc2cc(O)ccc2O)ccc1O,5.0600000000000005,CHEMBL171727,IC50,0
CCOC(=O)N[C@H]1CN[C@H](C#Cc2cc3ncnc(Nc4ccc(OCc5cccc(F)c5)c(Cl)c4)c3s2)C1,7.22,CHEMBL525805,IC50,1
CCOC(=O)O[C@H]1CN[C@H](C#Cc2cc3ncnc(Nc4ccc(OCc5cccc(F)c5)c(Cl)c4)c3s2)C1,6.85,CHEMBL500640,IC50,1
CCOC(=O)c1cc(N=Cc2cc(O)ccc2O)ccc1O,4.35,CHEMBL354521,IC50,0
CCOC(=O)c1cc(NCc2cc(O)ccc2O)ccc1O,5.805,CHEMBL355857,IC50,0
CCOC(=O)c1cc2c(Nc3ccc4c(cnn4Cc4ccccc4)c3)ncnn2c1,6.92,CHEMBL425738,IC50,1
CCOC(=O)c1ccc(-c2cn(-c3ccccc3)c3ncnc(N)c23)cc1,5.89,CHEMBL369014,IC50,0
CCOC(=O)c1cn2ncnc(NCc3ccccc3)c2c1CC,6.7,CHEMBL371863,IC50,1
CCOC(=O)c1cn2ncnc(Nc3ccc(F)c(Cl)c3)c2c1CC,7.05,CHEMBL196018,IC50,1
CCOC(=O)c1cn2ncnc(Nc3ccc(Oc4ccccc4)cc3)c2c1CC,6.21,CHEMBL194349,IC50,0
CCOC(=O)c1cn2ncnc(Nc3ccc4[nH]ncc4c3)c2c1CC,7.3,CHEMBL372112,IC50,1
CCOC(=O)c1cn2ncnc(Nc3ccc4c(cnn4Cc4ccccc4)c3)c2c1C,6.7,CHEMBL196738,IC50,1
CCOC(=O)c1cn2ncnc(Nc3ccc4c(cnn4Cc4ccccc4)c3)c2c1C(C)C,6.7,CHEMBL365606,IC50,1
CCOC(=O)c1cn2ncnc(Nc3ccc4c(cnn4Cc4ccccc4)c3)c2c1CC,6.92,CHEMBL196925,IC50,1
CCOC(=O)c1cn2ncnc(Nc3cccc(Br)c3)c2c1CC,7.22,CHEMBL370934,IC50,1
CCOCc1cn2ncnc(Nc3ccc4c(cnn4Cc4ccccc4)c3)c2c1CC,6.02,CHEMBL196548,IC50,0
CCON=Cc1c(N)ncnc1Nc1ccc2c(cnn2Cc2cccc(F)c2)c1,8.3,CHEMBL402294,IC50,1
CCOP(=O)(Cc1cc(N=Cc2cc(O)ccc2O)ccc1O)OCC,4.12,CHEMBL354757,IC50,0
CCOP(=O)(Cc1cc(NCc2cc(O)ccc2O)ccc1O)OCC,4.78,CHEMBL355419,IC50,0
CCO[C@H]1CN[C@H](C#Cc2cc3ncnc(Nc4ccc(OCc5cccc(F)c5)c(Cl)c4)c3s2)C1,6.94,CHEMBL497184,IC50,1
CCOc1cc(C=C(C#N)C(N)=O)cc(CSc2ccc(C)cc2)c1O,4.7,CHEMBL520839,IC50,0
CCOc1cc(C=C(C#N)C(N)=O)cc(CSc2ccc(O)cc2)c1O,5.52,CHEMBL483233,IC50,0
CCOc1cc(C=C(C#N)C(N)=O)cc(CSc2cccc(OC)c2)c1O,5.4,CHEMBL483232,IC50,0
CCOc1cc(C=C(C#N)C(N)=O)cc(CSc2ccccc2)c1O,6.4,CHEMBL485070,IC50,0
CCOc1cc(C=C2CCNC2=O)cc(CSc2ccccc2)c1O,6.05,CHEMBL490780,IC50,0
CCOc1cc2nc(C)nc(Nc3cccc(-c4csc(C)n4)c3)c2cc1OCC,5.05,CHEMBL128027,IC50,0
CCOc1cc2nc(CC)nc(Nc3cccc(-c4csc(C)n4)c3)c2cc1OCC,5.03,CHEMBL126483,IC50,0
CCOc1cc2ncc(C#N)c(Nc3cc(Cl)c(OCc4cccc(F)c4)c(Cl)c3)c2cc1NC(=O)/C=C/CN(C)C,6.44,CHEMBL362618,IC50,0
CCOc1cc2ncc(C#N)c(Nc3cc(Cl)c(OCc4ccccc4)c(Cl)c3)c2cc1NC(=O)/C=C/CN(C)C,6.79,CHEMBL360780,IC50,1
CCOc1cc2ncc(C#N)c(Nc3ccc(Cn4ccnc4)c(Cl)c3)c2cc1NC(=O)/C=C/CN(C)C,6.29,CHEMBL179074,IC50,0
CCOc1cc2ncc(C#N)c(Nc3ccc(F)c(Cl)c3)c2cc1NC(=O)/C=C/CN(C)C,7.633,CHEMBL607707,IC50,1
CCOc1cc2ncc(C#N)c(Nc3ccc(N(C)Cc4ccccc4)c(Cl)c3)c2cc1NC(=O)/C=C/CN(C)C,6.6,CHEMBL175552,IC50,1
CCOc1cc2ncc(C#N)c(Nc3ccc(N4CCOCC4)c(Cl)c3)c2cc1NC(=O)/C=C/CN(C)C,4.9,CHEMBL178922,IC50,0
CCOc1cc2ncc(C#N)c(Nc3ccc(NCc4cccc5ccccc45)c(Cl)c3)c2cc1NC(=O)/C=C/CN(C)C,7.47,CHEMBL179766,IC50,1
CCOc1cc2ncc(C#N)c(Nc3ccc(NCc4ccccc4)c(Cl)c3)c2cc1NC(=O)/C=C/CN(C)C,7.35,CHEMBL179577,IC50,1
CCOc1cc2ncc(C#N)c(Nc3ccc(OCC4CCCCC4)c(Cl)c3)c2cc1NC(=O)/C=C/CN(C)C,6.54,CHEMBL179123,IC50,1
CCOc1cc2ncc(C#N)c(Nc3ccc(OCCc4ccccc4)c(Cl)c3)c2cc1NC(=O)/C=C/CN(C)C,6.78,CHEMBL178199,IC50,1
CCOc1cc2ncc(C#N)c(Nc3ccc(OCc4cc(F)cc(F)c4)c(Cl)c3)c2cc1NC(=O)/C=C/CN(C)C,6.85,CHEMBL178290,IC50,1
CCOc1cc2ncc(C#N)c(Nc3ccc(OCc4ccc(Cl)cc4)c(Cl)c3)c2cc1NC(=O)/C=C/CN(C)C,7.29,CHEMBL180415,IC50,1
CCOc1cc2ncc(C#N)c(Nc3ccc(OCc4ccc(F)cc4)c(Cl)c3)c2cc1NC(=O)/C=C/CN(C)C,7.19,CHEMBL180516,IC50,1
CCOc1cc2ncc(C#N)c(Nc3ccc(OCc4ccc(F)cc4F)c(Cl)c3)c2cc1NC(=O)/C=C/CN(C)C,6.96,CHEMBL360028,IC50,1
CCOc1cc2ncc(C#N)c(Nc3ccc(OCc4ccc(OCc5ccccc5)cc4)c(Cl)c3)c2cc1NC(=O)/C=C/CN(C)C,6.24,CHEMBL362233,IC50,0
CCOc1cc2ncc(C#N)c(Nc3ccc(OCc4ccc5ccccc5c4)c(Cl)c3)c2cc1NC(=O)/C=C/CN(C)C,7.82,CHEMBL178573,IC50,1
CCOc1cc2ncc(C#N)c(Nc3ccc(OCc4cccc(C#N)c4)c(Cl)c3)c2cc1NC(=O)/C=C/CN(C)C,6.71,CHEMBL179527,IC50,1
CCOc1cc2ncc(C#N)c(Nc3ccc(OCc4cccc(C)c4)c(Cl)c3)c2cc1NC(=O)/C=C/CN(C)C,6.96,CHEMBL179659,IC50,1
CCOc1cc2ncc(C#N)c(Nc3ccc(OCc4cccc(Cl)c4)c(Cl)c3)c2cc1NC(=O)/C=C/CN(C)C,8.15,CHEMBL179363,IC50,1
CCOc1cc2ncc(C#N)c(Nc3ccc(OCc4cccc(F)c4)c(Cl)c3)c2cc1NC(=O)/C=C/CN(C)C,7.47,CHEMBL178654,IC50,1
CCOc1cc2ncc(C#N)c(Nc3ccc(OCc4cccc5ccccc45)c(Cl)c3)c2cc1NC(=O)/C=C/CN(C)C,8.0,CHEMBL359629,IC50,1
CCOc1cc2ncc(C#N)c(Nc3ccc(OCc4ccccc4)c(C#N)c3)c2cc1NC(=O)/C=C/CN(C)C,6.12,CHEMBL440935,IC50,0
CCOc1cc2ncc(C#N)c(Nc3ccc(OCc4ccccc4)c(Cl)c3)c2cc1NC(=O)/C=C/CN(C(C)C)C(C)C,7.52,CHEMBL179052,IC50,1
CCOc1cc2ncc(C#N)c(Nc3ccc(OCc4ccccc4)c(Cl)c3)c2cc1NC(=O)/C=C/CN(C)C,7.28,CHEMBL434720,IC50,1
CCOc1cc2ncc(C#N)c(Nc3ccc(OCc4ccccc4)c(Cl)c3)c2cc1NC(=O)/C=C/CN(C)CCO,7.7,CHEMBL361343,IC50,1
CCOc1cc2ncc(C#N)c(Nc3ccc(OCc4ccccc4)c(Cl)c3)c2cc1NC(=O)/C=C/CN(C)CCOC,7.17,CHEMBL178144,IC50,1
CCOc1cc2ncc(C#N)c(Nc3ccc(OCc4ccccc4)c(Cl)c3)c2cc1NC(=O)/C=C/CN(C)NC[C@H](O)[C@@H](O)[C@H](O)[C@H](O)CO,6.14,CHEMBL2112990,IC50,0
CCOc1cc2ncc(C#N)c(Nc3ccc(OCc4ccccc4)c(Cl)c3)c2cc1NC(=O)/C=C/CN(CC(C)O)CC(C)O,7.01,CHEMBL369088,IC50,1
CCOc1cc2ncc(C#N)c(Nc3ccc(OCc4ccccc4)c(Cl)c3)c2cc1NC(=O)/C=C/CN1C(C)CCCC1C,6.61,CHEMBL153763,IC50,1
CCOc1cc2ncc(C#N)c(Nc3ccc(OCc4ccccc4)c(Cl)c3)c2cc1NC(=O)/C=C/CN1CC1C(=O)OC,6.46,CHEMBL359660,IC50,0
CCOc1cc2ncc(C#N)c(Nc3ccc(OCc4ccccc4)c(Cl)c3)c2cc1NC(=O)/C=C/CN1CCC(O)(O)CC1,6.55,CHEMBL362824,IC50,1
CCOc1cc2ncc(C#N)c(Nc3ccc(OCc4ccccc4)c(Cl)c3)c2cc1NC(=O)/C=C/CN1CCC(O)CC1,6.66,CHEMBL362611,IC50,1
CCOc1cc2ncc(C#N)c(Nc3ccc(OCc4ccccc4)c(Cl)c3)c2cc1NC(=O)/C=C/CN1CCC1,7.58,CHEMBL368702,IC50,1
CCOc1cc2ncc(C#N)c(Nc3ccc(OCc4ccccc4)c(Cl)c3)c2cc1NC(=O)/C=C/CN1CCCC1,7.11,CHEMBL178312,IC50,1
CCOc1cc2ncc(C#N)c(Nc3ccc(OCc4ccccc4)c(Cl)c3)c2cc1NC(=O)/C=C/CN1CCCC1COC,6.82,CHEMBL178958,IC50,1
CCOc1cc2ncc(C#N)c(Nc3ccc(OCc4ccccc4)c(Cl)c3)c2cc1NC(=O)/C=C/CN1CCCCC1,7.51,CHEMBL360958,IC50,1
CCOc1cc2ncc(C#N)c(Nc3ccc(OCc4ccccc4)c(Cl)c3)c2cc1NC(=O)/C=C/CN1CCN(C)CC1,6.44,CHEMBL360933,IC50,0
CCOc1cc2ncc(C#N)c(Nc3ccc(OCc4ccccc4)c(Cl)c3)c2cc1NC(=O)/C=C/CN1CCOCC1,7.7,CHEMBL175556,IC50,1
CCOc1cc2ncc(C#N)c(Nc3ccc(OCc4ccccc4)c(Cl)c3)c2cc1NC(=O)/C=C/CN1CCOCCOCCOCC1,6.49,CHEMBL360211,IC50,0
CCOc1cc2ncc(C#N)c(Nc3ccc(OCc4ccccc4)c(Cl)c3)c2cc1NC(=O)/C=C/CN1CCSCC1,7.8,CHEMBL175557,IC50,1
CCOc1cc2ncc(C#N)c(Nc3ccc(OCc4ccccc4)c(Cl)c3)c2cc1NC(=O)/C=C/Cc1c[nH]cn1,7.62,CHEMBL359630,IC50,1
CCOc1cc2ncc(C#N)c(Nc3ccc(OCc4ccccc4)c(Cl)c3)c2cc1NC(=O)/C=C/c1cccc2cccnc12,6.0,CHEMBL367792,IC50,0
CCOc1cc2ncc(C#N)c(Nc3ccc(OCc4ccccc4)c(Cl)c3)c2cc1NC(=O)/C=C/c1ccccc1N(C)C,5.8,CHEMBL359705,IC50,0
CCOc1cc2ncc(C#N)c(Nc3ccc(OCc4ccccc4)c(Cl)c3)c2cc1NC(=O)/C=C/c1cn(C)cn1,6.59,CHEMBL368234,IC50,1
CCOc1cc2ncc(C#N)c(Nc3ccc(OCc4ccccc4)cc3)c2cc1NC(=O)/C=C/CN(C)C,6.46,CHEMBL369299,IC50,0
CCOc1cc2ncc(C#N)c(Nc3ccc(OCc4ccccc4Cl)c(Cl)c3)c2cc1NC(=O)/C=C/CN(C)C,7.96,CHEMBL360519,IC50,1
CCOc1cc2ncc(C#N)c(Nc3ccc(OCc4ccccc4F)c(Cl)c3)c2cc1NC(=O)/C=C/CN(C)C,6.4,CHEMBL179923,IC50,0
CCOc1cc2ncc(C#N)c(Nc3ccc(OCc4ccccc4OC)c(Cl)c3)c2cc1NC(=O)/C=C/CN(C)C,7.51,CHEMBL362232,IC50,1
CCOc1cc2ncc(C#N)c(Nc3ccc(OCc4ccccn4)c(Cl)c3)c2cc1NC(=O)/C=C/CN(C)C,8.584,CHEMBL180022,IC50,1
CCOc1cc2ncc(C#N)c(Nc3ccc(OCc4cccnc4)c(Cl)c3)c2cc1NC(=O)/C=C/CN(C)C,6.47,CHEMBL179313,IC50,0
CCOc1cc2ncc(C#N)c(Nc3ccc(OCc4ccco4)c(Cl)c3)c2cc1NC(=O)/C=C/CN(C)C,7.64,CHEMBL176199,IC50,1
CCOc1cc2ncc(C#N)c(Nc3ccc(OCc4cccs4)c(Cl)c3)c2cc1NC(=O)/C=C/CN(C)C,6.56,CHEMBL426051,IC50,1
CCOc1cc2ncc(C#N)c(Nc3ccc(OCc4ccnc5ccccc45)c(Cl)c3)c2cc1NC(=O)/C=C/CN(C)C,6.62,CHEMBL175621,IC50,1
CCOc1cc2ncc(C#N)c(Nc3ccc(OCc4nc5ccccc5s4)c(Cl)c3)c2cc1NC(=O)/C=C/CN(C)C,6.73,CHEMBL175513,IC50,1
CCOc1cc2ncc(C#N)c(Nc3ccc(OCc4nccn4C)c(Cl)c3)c2cc1NC(=O)/C=C/CN(C)C,6.3,CHEMBL175840,IC50,0
CCOc1cc2ncc(C#N)c(Nc3ccc(O[C@@H](C)c4ccccc4)c(Cl)c3)c2cc1NC(=O)/C=C/CN(C)C,6.11,CHEMBL427315,IC50,0
CCOc1cc2ncc(C#N)c(Nc3ccc(O[C@@H]4CCc5ccccc54)c(Cl)c3)c2cc1NC(=O)/C=C/CN(C)C,6.42,CHEMBL179274,IC50,0
CCOc1cc2ncc(C#N)c(Nc3ccc(O[C@H](C)c4ccccc4)c(Cl)c3)c2cc1NC(=O)/C=C/CN(C)C,7.0,CHEMBL360662,IC50,1
CCOc1cc2ncc(C#N)c(Nc3ccc(O[C@H]4CCc5ccccc54)c(Cl)c3)c2cc1NC(=O)/C=C/CN(C)C,6.4,CHEMBL360754,IC50,0
CCOc1cc2ncc(C#N)c(Nc3ccc(Oc4ccccc4)c(Cl)c3)c2cc1NC(=O)/C=C/CN(C)C,6.35,CHEMBL180018,IC50,0
CCOc1cc2ncc(C#N)c(Nc3ccc(Oc4ccncc4)c(Cl)c3)c2cc1NC(=O)/C=C/CN(C)C,6.19,CHEMBL178265,IC50,0
CCOc1cc2ncc(C#N)c(Nc3ccc(Sc4nc(-c5ccccc5)cs4)c(Cl)c3)c2cc1NC(=O)/C=C/CN(C)C,6.9,CHEMBL367492,IC50,1
CCOc1cc2ncc(C#N)c(Nc3ccc4c(c3)CCN4Cc3ccccc3)c2cc1NC(=O)/C=C/CN(C)C,6.47,CHEMBL179310,IC50,0
CCOc1cc2ncc(C#N)c(Nc3ccc4c(ccn4Cc4ccccc4)c3)c2cc1NC(=O)/C=C/CN(C)C,7.0,CHEMBL179652,IC50,1
CCOc1cc2ncc(C#N)c(Nc3ccc4c(ccn4S(=O)(=O)c4ccccc4)c3)c2cc1NC(=O)/C=C/CN(C)C,7.09,CHEMBL179164,IC50,1
CCOc1cc2ncc(C#N)c(Nc3cccc(Br)c3)c2cc1NC(=O)/C=C/CN(C)C,5.8,CHEMBL114728,IC50,0
CCOc1cc2ncc(C#N)c(Nc3cccc(Br)c3)c2cc1NC(=O)/C=C/CN1CCOCC1,4.99,CHEMBL116012,IC50,0
CCOc1cc2ncc(C#N)c(Nc3cccc(OCc4ccccc4)c3)c2cc1NC(=O)/C=C/CN(C)C,4.89,CHEMBL427314,IC50,0
CCOc1cc2ncnc(/C=C/CCCc3ccccc3)c2cc1OCC,6.85,CHEMBL251123,IC50,1
CCOc1cc2ncnc(/C=C/CCc3ccccc3)c2cc1OCC,8.3,CHEMBL399371,IC50,1
CCOc1cc2ncnc(/C=C/c3ccccc3)c2cc1OCC,7.82,CHEMBL250925,IC50,1
CCOc1cc2ncnc(C#CC(C)(Cc3ccccc3)N3CCC(C(=O)O)CC3)c2cc1OCC,7.93,CHEMBL251314,IC50,1
CCOc1cc2ncnc(C#C[C@@](C)(Cc3ccccc3)N3CCC(C(=O)O)CC3)c2cc1OCC,8.38,CHEMBL399373,IC50,1
CCOc1cc2ncnc(C#C[C@](C)(Cc3ccccc3)N3CCC(C(=O)O)CC3)c2cc1OCC,6.18,CHEMBL251315,IC50,0
CCOc1cc2ncnc(C#Cc3[nH]ccc3-c3ccccc3)c2cc1OCC,8.0,CHEMBL251124,IC50,1
CCOc1cc2ncnc(C#Cc3c[nH]nc3-c3ccc(F)cc3)c2cc1OCC,8.74,CHEMBL251125,IC50,1
CCOc1cc2ncnc(C#Cc3nccn3-c3ccccc3)c2cc1OCC,7.92,CHEMBL399372,IC50,1
CCOc1cc2ncnc(NC3=CC(=O)C(OC(CF)CF)=CC3=O)c2cc1NC(=O)/C=C/CN(C)C,6.115,CHEMBL243410,IC50,0
CCOc1cc2ncnc(NC3=CC(=O)C(OC)=CC3=O)c2cc1NC(=O)/C=C/CN(C)C,6.1,CHEMBL428039,IC50,0
CCOc1cc2ncnc(NC3=CC(=O)C(OCc4ccc(F)c(F)c4)=CC3=O)c2cc1NC(=O)/C=C/CN(C)C,6.415,CHEMBL243628,IC50,0
CCOc1cc2ncnc(NC3=CC(=O)C(OCc4cccc(C)c4)=CC3=O)c2cc1NC(=O)/C=C/CN(C)C,7.18,CHEMBL241919,IC50,1
CCOc1cc2ncnc(NC3=CC(=O)C(OCc4cccc(Cl)c4)=CC3=O)c2cc1NC(=O)/C=C/CN(C)C,7.68,CHEMBL243837,IC50,1
CCOc1cc2ncnc(NC3=CC(=O)C(OCc4cccc(F)c4)=CC3=O)c2cc1NC(=O)/C=C/CN(C)C,7.880000000000001,CHEMBL428741,IC50,1
CCOc1cc2ncnc(NC3=CC(=O)C(OCc4cccc(OC)c4)=CC3=O)c2cc1NC(=O)/C=C/CN(C)C,6.715,CHEMBL241918,IC50,1
CCOc1cc2ncnc(NC3=CC(=O)C(OCc4ccccc4)=CC3=O)c2cc1NC(=O)/C=C/CN(C)C,7.2,CHEMBL243629,IC50,1
CCOc1cc2ncnc(NC3=CC(=O)C(OCc4ccccn4)=CC3=O)c2cc1NC(=O)/C=C/CN(C)C,6.57,CHEMBL398154,IC50,1
CCOc1cc2ncnc(NC3=CC(=O)C(OCc4cccs4)=CC3=O)c2cc1NC(=O)/C=C/CN(C)C,6.925000000000001,CHEMBL243839,IC50,1
CCOc1cc2ncnc(NCc3ccc(F)cc3)c2cc1OCC,7.56,CHEMBL1203937,IC50,1
CCOc1cc2ncnc(Nc3cc(F)cc(C(F)(F)F)c3)c2cc1OCC,8.05,CHEMBL1203935,IC50,1
CCOc1cc2ncnc(Nc3ccc(F)cc3)c2cc1OCC,7.216666666666666,CHEMBL1203940,IC50,1
CCOc1cc2ncnc(Nc3cccc(-c4cc[nH]n4)c3)c2cc1OCC,7.96,CHEMBL125920,IC50,1
CCOc1cc2ncnc(Nc3cccc(-c4ccco4)c3)c2cc1OCC,8.52,CHEMBL125086,IC50,1
CCOc1cc2ncnc(Nc3cccc(-c4cncnc4)c3)c2cc1OCC,5.96,CHEMBL126974,IC50,0
CCOc1cc2ncnc(Nc3cccc(-c4cncs4)c3)c2cc1OCC,7.96,CHEMBL340862,IC50,1
CCOc1cc2ncnc(Nc3cccc(-c4cocn4)c3)c2cc1OCC,6.14,CHEMBL126996,IC50,0
CCOc1cc2ncnc(Nc3cccc(-c4csc(C)n4)c3)c2cc1OCC,5.32,CHEMBL126456,IC50,0
CCOc1cc2ncnc(Nc3cccc(-c4csc(N)n4)c3)c2cc1OCC,6.25,CHEMBL340660,IC50,0
CCOc1cc2ncnc(Nc3cccc(-c4cscn4)c3)c2cc1OCC,7.75,CHEMBL127223,IC50,1
CCOc1cc2ncnc(Nc3cccc(-c4nc[nH]n4)c3)c2cc1OCC,6.41,CHEMBL127367,IC50,0
CCOc1cc2ncnc(Nc3cccc(-c4nccs4)c3)c2cc1OCC,8.7,CHEMBL126192,IC50,1
CCOc1cc2ncnc(Nc3cccc(Br)c3)c2cc1OCC,8.33,CHEMBL1204199,IC50,1
CCOc1cc2ncnc(Nc3cccc(Cl)c3)c2cc1OCC,8.436666666666666,CHEMBL2447950,IC50,1
CCOc1cc2ncnc(Nc3cccc(F)c3)c2cc1OCC,7.760000000000001,CHEMBL1204261,IC50,1
CCOc1cc2ncnc(Nc3cccc(I)c3)c2cc1OCC,8.116666666666667,CHEMBL1204262,IC50,1
CCOc1cc2ncnc(Nc3ccccc3F)c2cc1OCC,7.56,CHEMBL1203939,IC50,1
CCS(=O)(=O)N[C@H]1CN[C@H](C#Cc2cc3ncnc(Nc4ccc(OCc5cccc(F)c5)c(Cl)c4)c3s2)C1,7.3,CHEMBL501705,IC50,1
CC[N+](C)(C)[C@H]1C[C@@H]2O[C@](C)([C@H]1OC)n1c3ccccc3c3c4c(c5c6ccccc6n2c5c31)C(=O)NC4,7.37,CHEMBL340611,IC50,1
CCc1c(C(=O)N(C)C)cn2ncnc(Nc3ccc4c(cnn4Cc4ccccc4)c3)c12,6.7,CHEMBL372293,IC50,1
CCc1c(C(=O)NC)cn2ncnc(Nc3ccc4c(cnn4Cc4ccccc4)c3)c12,7.16,CHEMBL197689,IC50,1
CCc1c(C(=O)NCCCn2ccnc2)cn2ncnc(Nc3ccc4c(cnn4Cc4ccccc4)c3)c12,7.4,CHEMBL193681,IC50,1
CCc1c(C(=O)O)cn2ncnc(Nc3ccc4c(cnn4Cc4ccccc4)c3)c12,7.7,CHEMBL196438,IC50,1
CCc1c(C(=O)OCCCn2ccnc2)cn2ncnc(Nc3ccc4c(cnn4Cc4ccccc4)c3)c12,6.77,CHEMBL193368,IC50,1
CCc1c(C(N)=O)cn2ncnc(Nc3ccc4c(cnn4Cc4ccccc4)c3)c12,6.92,CHEMBL194958,IC50,1
CCc1c(CC(=O)O)cn2ncnc(Nc3ccc4c(cnn4Cc4ccccc4)c3)c12,5.8,CHEMBL372692,IC50,0
CCc1c(CC(N)=O)cn2ncnc(Nc3ccc4c(cnn4Cc4ccccc4)c3)c12,5.96,CHEMBL194160,IC50,0
CCc1c(CO)cn2ncnc(Nc3ccc4c(cnn4Cc4ccccc4)c3)c12,6.31,CHEMBL373025,IC50,0
CCc1c(NC(=O)OCCn2ccnc2)cn2ncnc(Nc3ccc4c(cnn4Cc4ccccc4)c3)c12,7.4,CHEMBL412367,IC50,1
CCc1c(NC(=O)OCc2ccccc2)cn2ncnc(Nc3ccc4c(cnn4Cc4ccccc4)c3)c12,6.68,CHEMBL372523,IC50,1
CCc1ccc(/C=C2\C(=O)Nc3ccccc32)s1,4.36,CHEMBL314146,IC50,0
CCc1ccc(Nc2ncnc3[nH]c(C)c(C)c23)cc1,4.11,CHEMBL309937,IC50,0
CCn1c(=O)c(-c2c(Cl)cccc2Cl)cc2cnc(Nc3ccccc3)nc21,6.7,CHEMBL322298,IC50,1
CCn1c(=O)c(-c2c(Cl)cccc2Cl)cc2cnc(Nc3ccncc3)nc21,6.31,CHEMBL448154,IC50,0
CCn1cnc2c(Nc3cccc(Cl)c3)nc(N[C@@H]3CCCC[C@@H]3N)nc21,5.495,CHEMBL367625,IC50,0
CCn1cnc2c(Nc3cccc(Cl)c3)nc(N[C@H]3CCC[C@@H](N)C3)nc21,5.28,CHEMBL368278,IC50,0
CN(C(=O)N(CCCl)N=O)c1ccc2ncnc(Nc3cccc(Br)c3)c2c1,6.53,CHEMBL210893,IC50,1
CN(C(=O)N(CCCl)N=O)c1ccc2ncnc(Nc3cccc(Cl)c3)c2c1,6.69,CHEMBL210378,IC50,1
CN(C)/C=C/C(=O)Nc1ccc2ncnc(Nc3cccc(Br)c3)c2c1,6.6,CHEMBL91748,IC50,1
CN(C)/N=N/c1ccc2ncnc(N(C)c3ccccc3)c2c1,4.88,CHEMBL344652,IC50,0
CN(C)C(=O)CCc1c(SSc2[nH]c3ccccc3c2CCC(=O)N(C)C)[nH]c2ccccc12,4.92,CHEMBL422531,IC50,0
CN(C)C(=O)CN1CCC(n2cc(-c3cccc(O)c3)c3c(N)ncnc32)CC1,6.3,CHEMBL169920,IC50,0
CN(C)C(=O)O[C@@H]1CN[C@@H](C#Cc2cc3ncnc(Nc4ccc(OCc5cccc(F)c5)c(Cl)c4)c3s2)C1,7.4,CHEMBL466412,IC50,1
CN(C)C(=O)O[C@@H]1CN[C@H](C#Cc2cc3ncnc(Nc4ccc(OCc5cccc(F)c5)c(Cl)c4)c3s2)C1,7.1,CHEMBL466615,IC50,1
CN(C)C(=O)O[C@H]1CN[C@@H](C#Cc2cc3ncnc(Nc4ccc(OCc5cccc(F)c5)c(Cl)c4)c3s2)C1,7.1,CHEMBL466175,IC50,1
CN(C)C(=O)O[C@H]1CN[C@H](C#Cc2cc3ncnc(Nc4ccc(OCc5cccc(F)c5)c(Cl)c4)c3s2)C1,7.55,CHEMBL517123,IC50,1
CN(C)C(=O)c1c(SSc2c(C(=O)N(C)C)c3ccccc3n2C)n(C)c2ccccc12,4.67,CHEMBL160207,IC50,0
CN(C)C/C=C/C(=O)Nc1cc2c(Nc3ccc(F)c(Cl)c3)c(C#N)cnc2cc1OC(F)(F)F,5.58,CHEMBL421047,IC50,0
CN(C)C/C=C/C(=O)Nc1cc2c(Nc3ccc(F)c(Cl)c3)ncnc2cc1O[C@H]1CCOC1,8.22,CHEMBL1173655,IC50,1
CN(C)C/C=C/C(=O)Nc1cc2c(Nc3cccc(Br)c3)c(C#N)cnc2cn1,8.395,CHEMBL31276,IC50,1
CN(C)C/C=C/C(=O)Nc1ccc2ncc(C#N)c(Nc3ccc(F)c(Cl)c3)c2c1,6.19,CHEMBL323630,IC50,0
CN(C)C/C=C/C(=O)Nc1ccc2ncc(C#N)c(Nc3cccc(Br)c3)c2c1,6.84,CHEMBL30973,IC50,1
CN(C)C/C=C/C(=O)Nc1ccc2ncnc(Nc3cc(Cl)c(Cl)cc3F)c2c1,8.415,CHEMBL190094,IC50,1
CN(C)C/C=C/C(=O)Nc1ccc2ncnc(Nc3ccc(Br)cc3F)c2c1,6.15,CHEMBL242131,IC50,0
CN(C)C/C=C/C(=O)Nc1ccc2ncnc(Nc3cccc(Br)c3)c2c1,8.495,CHEMBL94061,IC50,1
CN(C)C/C=C/C(=O)Nc1ccc2ncnc(Nc3cccc(I)c3)c2c1,9.03,CHEMBL189779,IC50,1
CN(C)C1CCN(Cc2ccn3ncnc(Nc4ccc5c(cnn5Cc5cccc(F)c5)c4)c23)CC1,7.0,CHEMBL247309,IC50,1
CN(C)CC#CC(=O)Nc1ccc2ncnc(Nc3cccc(Br)c3)c2c1,8.22,CHEMBL329856,IC50,1
CN(C)CC(CNNC(N)=O)C(=O)c1ccc(OCc2ccccc2)cc1,5.41,CHEMBL541307,IC50,0
CN(C)CC(CSCCN)C(=O)c1ccc(OCc2ccccc2)cc1,5.06,CHEMBL543361,IC50,0
CN(C)CC(CSc1ccccc1)C(=O)c1ccc(OCc2ccccc2)cc1,5.14,CHEMBL540292,IC50,0
CN(C)CC=CC(=O)Nc1cnc2ncc(C#N)c(Nc3cccc(Br)c3)c2c1,5.535,CHEMBL441518,IC50,0
CN(C)CCC(=O)c1ccc(OCc2ccccc2)c(O)c1,6.44,CHEMBL552860,IC50,0
CN(C)CCC(=O)c1ccc(OCc2ccccc2)cc1,5.82,CHEMBL544770,IC50,0
CN(C)CCCCCNc1c(Br)cccc1Nc1ncnc2ccncc12,8.07,CHEMBL411243,IC50,1
CN(C)CCCCCNc1cc2ncnc(Nc3cccc(Br)c3)c2cn1,8.08,CHEMBL129824,IC50,1
CN(C)CCCCNc1c(Br)cccc1Nc1ncnc2ccncc12,8.13,CHEMBL270501,IC50,1
CN(C)CCCCNc1cc2c(Nc3cccc(Br)c3)ncnc2cn1,8.23,CHEMBL349070,IC50,1
CN(C)CCCCNc1cc2ncnc(Nc3cccc(Br)c3)c2cn1,8.13,CHEMBL129825,IC50,1
CN(C)CCCNC(=O)/C=C/C(=O)N(C)c1cc2c(Nc3cccc(Br)c3)ncnc2cn1,7.775,CHEMBL136102,IC50,1
CN(C)CCCNC(=O)/C=C/C(=O)Nc1cc2c(Nc3cccc(Br)c3)ncnc2cn1,7.8133333333333335,CHEMBL334801,IC50,1
CN(C)CCCNC(=O)/C=C/C(=O)Nc1ccc2ncnc(Nc3cccc(Br)c3)c2c1,7.94,CHEMBL345109,IC50,1
CN(C)CCCNc1c(Br)cccc1Nc1ncnc2ccncc12,8.05,CHEMBL408647,IC50,1
CN(C)CCCNc1cc2c(Nc3cccc(Br)c3)ncnc2cn1,8.36,CHEMBL166358,IC50,1
CN(C)CCCNc1cc2ncnc(Nc3cccc(Br)c3)c2cn1,8.06,CHEMBL126893,IC50,1
CN(C)CCCOC(=O)/C=C/C(=O)Nc1ccc2ncnc(Nc3cccc(Br)c3)c2c1,7.52,CHEMBL140561,IC50,1
CN(C)CCCOCc1ccn2ncnc(Nc3ccc4c(cnn4Cc4cccc(F)c4)c3)c12,6.21,CHEMBL245868,IC50,0
CN(C)CCCn1ccc2cc3c(Nc4cccc(Br)c4)ncnc3cc21,7.16,CHEMBL287289,IC50,1
CN(C)CCN(C)Cc1c[nH]c2cc3ncnc(Nc4cccc(Br)c4)c3cc12,7.6049999999999995,CHEMBL39811,IC50,1
CN(C)CCN(C)c1c(Br)cccc1Nc1ncnc2ccncc12,7.39,CHEMBL270966,IC50,1
CN(C)CCN(C)c1cc2c(Nc3cccc(Br)c3)ncnc2cn1,7.715,CHEMBL162053,IC50,1
CN(C)CCN(C)c1cc2ncnc(Nc3cccc(Br)c3)c2cn1,7.4,CHEMBL126137,IC50,1
CN(C)CCN=NNc1ccc2ncnc(Nc3cccc(Br)c3)c2c1,7.42,CHEMBL137534,IC50,1
CN(C)CCN=NNc1ccc2ncnc(Nc3cccc(Cl)c3)c2c1,7.43,CHEMBL225720,IC50,1
CN(C)CCNC(=O)c1c(SSc2c(C(=O)NCCN(C)C)c3ccccc3n2C)n(C)c2ccccc12,4.76,CHEMBL348554,IC50,0
CN(C)CCNc1c(Br)cccc1Nc1ncnc2ccncc12,7.34,CHEMBL270713,IC50,1
CN(C)CCNc1cc2c(Nc3cccc(Br)c3)ncnc2cn1,7.415000000000001,CHEMBL162034,IC50,1
CN(C)CCNc1cc2ncnc(Nc3cccc(Br)c3)c2cn1,7.35,CHEMBL128432,IC50,1
CN(C)CCNc1ncc2ncnc(Nc3cccc(Br)c3)c2n1,7.46,CHEMBL54067,IC50,1
CN(C)CCc1ccc(-c2cc3ncnc(Nc4ccc5[nH]ccc5c4)c3s2)cc1,8.3,CHEMBL77782,IC50,1
CN(C)CCn1ccc2cc3c(Nc4cccc(Br)c4)ncnc3cc21,7.115,CHEMBL37373,IC50,1
CN(C)CCn1cnc2c(Cl)c3c(Nc4cccc(Br)c4)ncnc3cc21,6.69,CHEMBL427298,IC50,1
CN(C)CCn1cnc2cc3c(Nc4cccc(Br)c4)ncnc3cc21,7.66,CHEMBL175101,IC50,1
CN(C)CCn1cnc2cc3ncnc(Nc4cccc(Br)c4)c3cc21,8.88,CHEMBL176891,IC50,1
CN(C)CCn1ncc2cc3c(Nc4cccc(Br)c4)ncnc3cc21,6.99,CHEMBL287832,IC50,1
CN(C)Cc1c[nH]c2cc3ncnc(Nc4cccc(Br)c4)c3cc12,8.3,CHEMBL287007,IC50,1
CN(C)N=Nc1ccc2ncnc(NCc3ccccc3)c2c1,6.32,CHEMBL137027,IC50,0
CN(C)N=Nc1ccc2ncnc(Nc3cccc(Br)c3)c2c1,7.96,CHEMBL134312,IC50,1
CN(C)N=Nc1ccc2ncnc(Nc3cccc(Cl)c3)c2c1,7.85,CHEMBL136491,IC50,1
CN(C)c1cc2c(Nc3ccc4c(cnn4Cc4ccccc4)c3)ncnc2cn1,7.84,CHEMBL30432,IC50,1
CN(C)c1cc2c(Nc3cccc(Br)c3)ncnc2cn1,7.909999999999999,CHEMBL53711,IC50,1
CN(C)c1cc2ncnc(Nc3cccc(Br)c3)c2cc1N,6.795,CHEMBL96489,IC50,1
CN(C)c1cc2ncnc(Nc3cccc(Br)c3)c2cc1[N+](=O)[O-],5.7,CHEMBL93544,IC50,0
CN(C)c1cc2ncnc(Nc3cccc(Br)c3)c2cn1,8.9475,CHEMBL53428,IC50,1
CN(C)c1ccc(Nc2[nH]nc3ncnc(Nc4cccc(Cl)c4)c23)cc1,6.68,CHEMBL332765,IC50,1
CN(C)c1ccc(Nc2ncnc3cc(-c4ccccc4)sc23)cc1,7.03,CHEMBL306732,IC50,1
CN(C)c1ccc(Nc2ncnc3cc(N)ncc23)cc1,5.31,CHEMBL341053,IC50,0
CN(C)c1ccc(Nc2ncnc3ccncc23)c(N)c1,5.31,CHEMBL271540,IC50,0
CN(C)c1ccc2c(Nc3cccc(Br)c3)ncnc2c1,7.955,CHEMBL90013,IC50,1
CN(C)c1ccc2c(Nc3cccc(Br)c3)ncnc2n1,6.203333333333333,CHEMBL50245,IC50,0
CN(C)c1ccc2cncnc2c1,7.96,CHEMBL52784,IC50,1
CN(C)c1ccc2ncnc(Nc3cccc(Br)c3)c2c1,7.076666666666667,CHEMBL52015,IC50,1
CN(C)c1ccc2ncnc(Nc3cccc(Br)c3)c2n1,7.81,CHEMBL53796,IC50,1
CN(C)c1ccc2ncncc2c1,6.92,CHEMBL55150,IC50,1
CN(C)c1ccc2sc3c(Nc4cccc(Br)c4)ncnc3c2c1,7.7,CHEMBL153739,IC50,1
CN(C)c1cccc(CNc2ncnc3cc(N)ncc23)c1,5.0,CHEMBL333045,IC50,0
CN(C)c1cccc(Nc2ncnc3cc(N)ncc23)c1,5.75,CHEMBL125331,IC50,0
CN(C)c1cccc(Nc2ncnc3ccncc23)c1N,5.74,CHEMBL406236,IC50,0
CN(C)c1ccccc1Nc1ncnc2cc(N)ncc12,4.16,CHEMBL123523,IC50,0
CN(C)c1ncc2ncnc(Nc3cccc(Br)c3)c2n1,8.566666666666666,CHEMBL53777,IC50,1
CN(C/C=C/C(=O)Nc1ccc2ncnc(Nc3cccc(Br)c3)c2c1)CCO,7.85,CHEMBL93783,IC50,1
CN(CC(=O)O)Cc1c[nH]c2cc3ncnc(Nc4cccc(Br)c4)c3cc12,7.6850000000000005,CHEMBL289213,IC50,1
CN(CC(=O)O)c1c(Br)cccc1Nc1ncnc2ccncc12,7.79,CHEMBL271113,IC50,1
CN(CC(=O)O)c1cc2c(Nc3cccc(Br)c3)ncnc2cn1,9.36,CHEMBL351629,IC50,1
CN(CC(=O)O)c1cc2ncnc(Nc3cccc(Br)c3)c2cn1,7.8,CHEMBL126903,IC50,1
CN(CC(O)C(O)C(O)C(O)CO)c1cc2ncnc(Nc3cccc(Br)c3)c2cn1,8.49,CHEMBL127611,IC50,1
CN(CC(O)CO)c1c(Br)cccc1Nc1ncnc2ccncc12,8.49,CHEMBL410635,IC50,1
CN(CC(O)CO)c1cc2c(Nc3cccc(Br)c3)ncnc2cn1,9.25,CHEMBL165547,IC50,1
CN(CC(O)CO)c1cc2ncnc(Nc3cccc(Br)c3)c2cn1,8.49,CHEMBL340700,IC50,1
CN(CCCOc1ccc2ncnc(Nc3ccc(OCc4ccccc4)cc3)c2c1)CCS(C)(=O)=O,6.08,CHEMBL14874,IC50,0
CN(CCCl)C(=O)Nc1ccc2ncnc(Nc3cccc(Br)c3)c2c1,6.81,CHEMBL379047,IC50,1
CN(CCCl)C(=O)Nc1ccc2ncnc(Nc3cccc(Cl)c3)c2c1,7.09,CHEMBL208144,IC50,1
CN(CCCl)CCN=NNc1ccc2ncnc(Nc3cccc(Cl)c3)c2c1,8.36,CHEMBL225928,IC50,1
CN(CCO)CCNc1cc2c(Nc3cccc(Br)c3)ncnc2cn1,8.17,CHEMBL166255,IC50,1
CN(CCO)Cc1ccc(-c2cc3nccc(Nc4ccc5[nH]ccc5c4)c3s2)cc1,8.52,CHEMBL79206,IC50,1
CN(CCO)Cc1ccn2ncnc(Nc3ccc4c(cnn4Cc4cccc(F)c4)c3)c12,6.96,CHEMBL391521,IC50,1
CN(CCO)c1c(Br)cccc1Nc1ncnc2ccncc12,8.58,CHEMBL408397,IC50,1
CN(CCO)c1cc2c(Nc3cccc(Br)c3)ncnc2cn1,9.66,CHEMBL161956,IC50,1
CN(CCO)c1cc2ncnc(Nc3cccc(Br)c3)c2cn1,8.59,CHEMBL341319,IC50,1
CN(CCOc1cccc2ncnc(Nc3ccc(OCc4ccccn4)c(Cl)c3)c12)C(=O)CO,7.46,CHEMBL249928,IC50,1
CN(c1ccccc1)c1cc2c(cc1Nc1ccccc1)C(=O)NC2=O,5.06,CHEMBL7775,IC50,0
CN(c1ccccc1)c1ncnc2[nH]cnc12,5.7,CHEMBL335052,IC50,0
CN(c1ccccc1)c1ncnc2ccc(N)cc12,5.08,CHEMBL136492,IC50,0
CN(c1ccccc1)c1ncnc2ccc(N=NNCc3ccccn3)cc12,5.03,CHEMBL137635,IC50,0
CN(c1ccccc1)c1ncnc2ccccc12,4.0,CHEMBL324371,IC50,0
CN1C(=O)C(=C(C#N)C#N)c2cc(O)ccc21,4.58,CHEMBL56201,IC50,0
CN1CCC(Nc2ncc3ncnc(Nc4ccc(F)c(Cl)c4)c3n2)CC1,8.52,CHEMBL258940,IC50,1
CN1CCC(O)(c2nc(-c3ccc(F)cc3)c(-c3ccncc3)o2)CC1,6.1,CHEMBL22978,IC50,0
CN1CCC(Oc2cccc3ncnc(Nc4ccc(F)c(Cl)c4)c23)CC1,8.52,CHEMBL203725,IC50,1
CN1CCC(Oc2cccc3ncnc(Nc4ccc(OCc5cccc(F)c5)c(Cl)c4)c23)CC1,8.3,CHEMBL197640,IC50,1
CN1CCC(Oc2cccc3ncnc(Nc4ccc(OCc5ccccn5)c(Cl)c4)c23)CC1,6.85,CHEMBL193544,IC50,1
CN1CCC(Oc2cccc3ncnc(Nc4ccc(OCc5ccccn5)cc4)c23)CC1,5.68,CHEMBL194337,IC50,0
CN1CCC(Oc2cccc3ncnc(Nc4ccc(OCc5cnccn5)c(Cl)c4)c23)CC1,6.16,CHEMBL436511,IC50,0
CN1CCC(Oc2cccc3ncnc(Nc4ccc(OCc5cscn5)c(Cl)c4)c23)CC1,6.16,CHEMBL195204,IC50,0
CN1CCC(c2c(O)cc(O)c3c(=O)cc(-c4ccccc4Cl)oc23)[C@@H](O)C1,5.34,CHEMBL418203,IC50,0
CN1CCC(c2c(O)cc(O)c3c2O/C(=C\c2ccccc2Cl)C3=O)CC1,5.78,CHEMBL48614,IC50,0
CN1CCC=C(C(=O)Nc2ccc3ncnc(Nc4cccc(Br)c4)c3c2)C1,6.94,CHEMBL92902,IC50,1
CN1CCCN(Cc2ccn3ncnc(Nc4ccc5c(cnn5Cc5cccc(F)c5)c4)c23)CC1,6.89,CHEMBL234577,IC50,1
CN1CCN(CCC#CC(=O)Nc2cc3c(Nc4ccc(F)c(Br)c4)ncnc3cn2)CC1,8.765,CHEMBL437890,IC50,1
CN1CCN(CCC#CC(=O)Nc2cc3c(Nc4ccc(F)c(Cl)c4)ncnc3cn2)CC1,9.010000000000002,CHEMBL203599,IC50,1
CN1CCN(CCCCCNc2ncc3cc(-c4c(Cl)cccc4Cl)c(=O)n(C)c3n2)CC1,5.35,CHEMBL106232,IC50,0
CN1CCN(CCCCNc2ncc3cc(-c4c(Cl)cccc4Cl)c(=O)n(C)c3n2)CC1,6.68,CHEMBL104244,IC50,1
CN1CCN(CCCNc2c(Br)cccc2Nc2ncnc3ccncc23)CC1,8.3,CHEMBL271532,IC50,1
CN1CCN(CCCNc2cc3ncnc(Nc4cccc(Br)c4)c3cn2)CC1,8.31,CHEMBL340484,IC50,1
CN1CCN(CCCNc2ncc3cc(-c4c(Cl)cccc4Cl)c(=O)n(C)c3n2)CC1,5.06,CHEMBL299194,IC50,0
CN1CCN(CCCNc2ncc3cc(-c4c(Cl)cccc4Cl)c(NC(=O)NC(C)(C)C)nc3n2)CC1,6.82,CHEMBL57347,IC50,1
CN1CCN(CCCNc2ncc3cc(-c4c(Cl)cccc4Cl)c(NC(=O)NC4CCCCC4)nc3n2)CC1,6.06,CHEMBL51028,IC50,0
CN1CCN(CCCNc2ncc3cc(-c4c(Cl)cccc4Cl)c(NC(=O)NCc4ccccc4)nc3n2)CC1,6.01,CHEMBL51485,IC50,0
CN1CCN(CCCOc2[nH]nc3ncnc(Nc4ccc(OCc5ccccn5)c(Cl)c4)c23)CC1,7.85,CHEMBL272935,IC50,1
CN1CCN(CCCOc2cc(OC3CCOCC3)c3c(Nc4ccc(F)c(Cl)c4)ncnc3c2)CC1,7.18,CHEMBL205776,IC50,1
CN1CCN(CCOc2[nH]nc3ncnc(Nc4ccc(OCc5ccccn5)c(Cl)c4)c23)CC1,8.3,CHEMBL258282,IC50,1
CN1CCN(CCOc2cc(OC3CCOCC3)c3c(Nc4c(Cl)ccc5c4OCO5)ncnc3c2)CC1,5.59,CHEMBL217092,IC50,0
CN1CCN(Cc2ccn3ncnc(Nc4ccc5c(cnn5Cc5cccc(F)c5)c4)c23)CC1,6.77,CHEMBL232082,IC50,1
CN1CCN(NCCCNc2cc3c(Nc4cccc(Br)c4)ncnc3cn2)CC1,8.23,CHEMBL166307,IC50,1
CN1CCN(c2cc3c(Nc4cccc(Br)c4)ncnc3cn2)CC1,7.59,CHEMBL162719,IC50,1
CN1CCN(c2ccc3c(n2)nc(-c2ccc(F)cc2)n3-c2ccnc(NC3CCCC3)n2)CC1,5.06,CHEMBL120185,IC50,0
CN1CC[C@H](c2c(O)cc(O)c3c(=O)cc(-c4ccccc4Cl)oc23)[C@H](O)C1,4.890000000000001,CHEMBL428690,IC50,0
CN=NNc1ccc2ncnc(N(C)c3ccccc3)c2c1,5.1,CHEMBL135592,IC50,0
CN=NNc1ccc2ncnc(NCc3ccccc3)c2c1,6.47,CHEMBL137788,IC50,0
CN=NNc1ccc2ncnc(Nc3cccc(Br)c3)c2c1,7.41,CHEMBL137617,IC50,1
CN=NNc1ccc2ncnc(Nc3cccc(C)c3)c2c1,6.7,CHEMBL137189,IC50,1
CN=NNc1ccc2ncnc(Nc3cccc(Cl)c3)c2c1,7.0,CHEMBL133024,IC50,1
CNC(=O)C(C)N(C)Cc1cc2c(Nc3cccc(Cl)c3F)ncnc2cc1OC,7.609999999999999,CHEMBL211003,IC50,1
CNC(=O)C1CCCN1Cc1cc2c(Nc3cccc(Cl)c3F)ncnc2cc1OC,7.15,CHEMBL383760,IC50,1
CNC(=O)CCc1c(SSc2[nH]c3ccccc3c2CCC(=O)NC)[nH]c2ccccc12,5.03,CHEMBL345203,IC50,0
CNC(=O)NCc1cccc(C#Cc2cncnc2Nc2ccc(OCc3cccc(F)c3)c(Cl)c2)n1,7.64,CHEMBL380078,IC50,1
CNC(=O)O[C@H]1CN[C@H](C#Cc2cc3ncnc(Nc4ccc(OCc5cccc(F)c5)c(Cl)c4)c3s2)C1,7.3,CHEMBL466586,IC50,1
CNC(=O)c1c(SSc2[nH]c3ccccc3c2C(=O)NC)[nH]c2ccccc12,5.21,CHEMBL161226,IC50,0
CNC(=O)c1c(SSc2c(C(=O)NC)c3ccccc3n2C)n(C)c2ccccc12,5.49,CHEMBL342929,IC50,0
CNC(=O)c1c([Se][Se]c2[nH]c3ccccc3c2C(=O)NC)[nH]c2ccccc12,4.89,CHEMBL135861,IC50,0
CNC(=O)c1c([Se][Se]c2c(C(=O)NC)c3ccccc3n2C)n(C)c2ccccc12,5.376666666666666,CHEMBL137422,IC50,0
CNC(=O)c1cc(NCc2cc(O)ccc2O)ccc1O,5.01,CHEMBL122260,IC50,0
CNC(=O)c1ccc(S(=O)(=O)Oc2ccc(/C=C(\C)[N+](=O)[O-])cc2OC)cc1,5.4,CHEMBL78280,IC50,0
CNC(=O)c1ccc(S(=O)(=O)Oc2ccc(/C=C/[N+](=O)[O-])cc2)cc1,6.4,CHEMBL74432,IC50,0
CNC(=O)c1cccc(C#Cc2cncnc2Nc2ccc(OCc3cccc(F)c3)c(Cl)c2)c1,7.1,CHEMBL207410,IC50,1
CNC(=S)N(C)[C@H]1C[C@@H]2O[C@](C)([C@H]1OC)n1c3ccccc3c3c4c(c5c6ccccc6n2c5c31)C(=O)NC4,4.9,CHEMBL337035,IC50,0
CNC1=CC2N=CN(C)/C(=N\c3cccc(Br)c3)C2C=N1,8.51,CHEMBL52882,IC50,1
CNC1CCN(Cc2ccn3ncnc(Nc4ccc5c(cnn5Cc5cccc(F)c5)c4)c23)CC1,7.2,CHEMBL391779,IC50,1
CNCC(O)COc1cc2c(Nc3ccc(F)c(Cl)c3)ncnc2cc1OC,8.3,CHEMBL56266,IC50,1
CNCCOc1[nH]nc2ncnc(Nc3ccc(OCc4ccccn4)c(Cl)c3)c12,7.77,CHEMBL255135,IC50,1
CNCCOc1cc2c(Nc3ccc(F)c(Cl)c3)ncnc2cc1OC,8.1,CHEMBL293090,IC50,1
CNN1C(=O)c2c(c3c4cccc(O)c4n(C4OC(CO)C(O)C(O)C4O)c3c3[nH]c4c(O)cccc4c23)C1=O,4.0,CHEMBL277667,IC50,0
CN[C@@H]1C[C@H]2O[C@@](C)([C@@H]1OC)n1c3ccccc3c3c4c(c5c6ccccc6n2c5c31)C(=O)NC4,7.156666666666666,CHEMBL388978,IC50,1
CN[C@H]1C[C@@H]2O[C@](C)([C@H]1OC)n1c3ccccc3c3c4c(c5c6ccccc6n2c5c31)C(=O)NC4=O,6.7,CHEMBL337026,IC50,1
CN[C@H]1C[C@@H]2O[C@](C)([C@H]1OC)n1c3ccccc3c3c4c(c5c6ccccc6n2c5c31)C(=O)N[C@@H]4O,7.77,CHEMBL338049,IC50,1
CN[C@H]1C[C@@H]2O[C@](C)([C@H]1OC)n1c3ccccc3c3c4c(c5c6ccccc6n2c5c31)[C@H](O)NC4=O,6.58,CHEMBL338155,IC50,1
CNc1cc2c(Nc3cccc(Br)c3)ncnc2cn1,7.105,CHEMBL53753,IC50,1
CNc1cc2c(Nc3cccc(C(F)(F)F)c3)ncnc2cn1,8.96,CHEMBL165788,IC50,1
CNc1cc2c(Nc3cccc(C)c3)ncnc2cn1,8.495,CHEMBL162821,IC50,1
CNc1cc2c(Nc3cccc(Cl)c3)ncnc2cn1,9.72,CHEMBL166154,IC50,1
CNc1cc2c(Nc3ccccc3)ncnc2cn1,8.05,CHEMBL53940,IC50,1
CNc1cc2ncnc(Nc3cccc(Br)c3)c2cc1N,9.16,CHEMBL92937,IC50,1
CNc1cc2ncnc(Nc3cccc(Br)c3)c2cc1[N+](=O)[O-],7.165,CHEMBL92936,IC50,1
CNc1cc2ncnc(Nc3cccc(Br)c3)c2cn1,8.845,CHEMBL54400,IC50,1
CNc1cc2ncnc(Nc3cccc(C)c3)c2cn1,8.85,CHEMBL127082,IC50,1
CNc1ccc2c(Nc3cccc(Br)c3)ncnc2c1,8.233333333333334,CHEMBL92812,IC50,1
CNc1ccc2c(Nc3cccc(Br)c3)ncnc2n1,6.94,CHEMBL298637,IC50,1
CNc1ccc2cncnc2c1,8.4,CHEMBL295961,IC50,1
CNc1ccc2ncnc(Nc3cccc(Br)c3)c2c1,8.262500000000001,CHEMBL50344,IC50,1
CNc1ccc2ncnc(Nc3cccc(Br)c3)c2n1,8.184000000000001,CHEMBL53156,IC50,1
CNc1ccc2ncnc(Nc3cccc(C)c3)c2c1,7.96,CHEMBL208594,IC50,1
CNc1ccc2ncnc(Nc3cccc(Cl)c3)c2c1,8.4,CHEMBL209343,IC50,1
CNc1ccc2ncncc2c1,8.15,CHEMBL53850,IC50,1
CNc1ccc2sc3c(Nc4cccc(Br)c4)ncnc3c2c1,8.22,CHEMBL358934,IC50,1
CNc1ncc2cc(-c3c(Cl)cccc3Cl)c(=O)n(C)c2n1,5.12,CHEMBL107472,IC50,0
CNc1ncc2ncnc(Nc3cccc(Br)c3)c2n1,8.583333333333334,CHEMBL299622,IC50,1
CNc1ncc2ncnc(Nc3cccc(C)c3)c2n1,8.364999999999998,CHEMBL52591,IC50,1
CNc1ncc2ncnc(Nc3ccccc3)c2n1,7.885,CHEMBL53310,IC50,1
CNc1ncnc(-c2cccnc2Oc2cc(NC(=O)c3cccc(OC(F)(F)C(F)F)c3)ccc2C)n1,4.6,CHEMBL246356,IC50,0
CNc1ncnc(-c2cccnc2Oc2ccc(F)c(C(=O)Nc3cc(C(F)(F)F)ccc3N(C)CCCN(C)C)c2)n1,4.6,CHEMBL373882,IC50,0
CNc1ncnc2c1c(-c1ccccc1)cn2-c1ccccc1,4.51,CHEMBL366831,IC50,0
COC(=O)C1CCN(Cc2ccn3ncnc(Nc4ccc5c(cnn5Cc5cccc(F)c5)c4)c23)CC1,6.0,CHEMBL231663,IC50,0
COC(=O)CCCC(=O)Nc1cccc(C#Cc2cncnc2Nc2ccc(OCc3cccc(F)c3)c(Cl)c2)c1,7.51,CHEMBL206782,IC50,1
COC(=O)CCc1c(SSc2[nH]c3ccccc3c2CCC(=O)OC)[nH]c2ccccc12,4.68,CHEMBL79808,IC50,0
COC(=O)CN(C)Cc1c[nH]c2cc3ncnc(Nc4cccc(Br)c4)c3cc12,8.245000000000001,CHEMBL39715,IC50,1
COC(=O)CN(C)[C@H]1C[C@@H]2O[C@](C)([C@H]1OC)n1c3ccccc3c3c4c(c5c6ccccc6n2c5c31)C(=O)NC4,5.89,CHEMBL444337,IC50,0
COC(=O)CN1CCC(n2cc(-c3cccc(O)c3)c3c(N)ncnc32)C1,6.13,CHEMBL355019,IC50,0
COC(=O)CN1CCC(n2cc(-c3cccc(O)c3)c3c(N)ncnc32)CC1,6.1,CHEMBL262276,IC50,0
COC(=O)CN1CCC(n2cc(-c3cccc(OC)c3)c3c(N)ncnc32)C1,6.08,CHEMBL355891,IC50,0
COC(=O)CN1CCC(n2cc(-c3cccc(OC)c3)c3c(N)ncnc32)CC1,5.83,CHEMBL169065,IC50,0
COC(=O)COCc1ccn2ncnc(Nc3ccc4c(cnn4Cc4cccc(F)c4)c3)c12,6.34,CHEMBL246491,IC50,0
COC(=O)Cc1c(S)[nH]c2ccccc12,4.0,CHEMBL312001,IC50,0
COC(=O)Cc1c(SSSc2[nH]c3ccccc3c2CC(=O)OC)[nH]c2ccccc12,4.46,CHEMBL79621,IC50,0
COC(=O)Cc1c(SSc2[nH]c3ccccc3c2CC(=O)OC)[nH]c2ccccc12,4.75,CHEMBL83838,IC50,0
COC(=O)Cc1c(SSc2c(CC(=O)OC)c3ccccc3n2C)n(C)c2ccccc12,4.48,CHEMBL83837,IC50,0
COC(=O)Cc1cc(N=Cc2cc(O)ccc2O)ccc1O,4.35,CHEMBL169081,IC50,0
COC(=O)Cc1cc(NCc2cc(O)ccc2O)ccc1O,5.22,CHEMBL355461,IC50,0
COC(=O)Cn1cc(-c2cccc(Cl)c2)c(=O)c2c(O)cc(OC)cc21,6.045,CHEMBL7866,IC50,0
COC(=O)N(C)[C@H]1C[C@@H]2O[C@](C)([C@H]1OC)n1c3ccccc3c3c4c(c5c6ccccc6n2c5c31)C(=O)NC4,5.62,CHEMBL130049,IC50,0
COC(=O)N1CCC[C@@H]1C#Cc1cc2ncnc(Nc3ccc(OCc4cccc(F)c4)c(Cl)c3)c2s1,6.85,CHEMBL497803,IC50,1
COC(=O)Nc1ccc2ncnc(Nc3cccc(Br)c3)c2c1,7.92,CHEMBL328691,IC50,1
COC(=O)c1c(N)ncnc1Nc1ccc(OCc2ccccc2)c(Cl)c1,7.27,CHEMBL516487,IC50,1
COC(=O)c1c(OC)c2ccccc2c2oc3c(c12)C(=O)c1ccccc1C3=O,4.9,CHEMBL201840,IC50,0
COC(=O)c1c(OCCCN(C)C)c2ccccc2c2oc3c(c12)C(=O)c1ccccc1C3=O,4.87,CHEMBL383030,IC50,0
COC(=O)c1c(OCCN(C)C)c2ccccc2c2oc3c(c12)C(=O)c1ccccc1C3=O,4.51,CHEMBL201865,IC50,0
COC(=O)c1c(OCCN2CCCC2)c2ccccc2c2oc3c(c12)C(=O)c1ccccc1C3=O,5.05,CHEMBL202244,IC50,0
COC(=O)c1c(OCCN2CCCCC2)c2ccccc2c2oc3c(c12)C(=O)c1ccccc1C3=O,5.55,CHEMBL200976,IC50,0
COC(=O)c1cc(NCc2cc(O)ccc2O)ccc1O,5.386,CHEMBL131653,IC50,0
COC(=O)c1cc(NCc2cc(O)ccc2O)ccc1OC,5.02,CHEMBL129930,IC50,0
COC(=O)c1cc(NCc2cccc(O)c2)ccc1O,4.68,CHEMBL423159,IC50,0
COC(=O)c1cc(NCc2ccccc2O)ccc1O,4.7,CHEMBL132907,IC50,0
COC(=O)c1ccc(-c2ccc(-c3ccccc3)cc2O)cc1,4.85,CHEMBL358092,IC50,0
COC(=O)c1ccc(C(=O)N(C)[C@H]2C[C@@H]3O[C@](C)([C@H]2OC)n2c4ccccc4c4c5c(c6c7ccccc7n3c6c42)C(=O)NC5)cc1,5.13,CHEMBL336192,IC50,0
COC(=O)c1ccc(C(=O)c2c(SSc3c(C(=O)c4ccc(C(=O)OC)cc4)c4ccccc4n3C)n(C)c3ccccc23)cc1,5.21,CHEMBL346553,IC50,0
COC(=O)c1ccc(CNC(=O)CCc2c(SSc3[nH]c4ccccc4c3CCC(=O)NCc3ccc(C(=O)OC)c(O)c3)[nH]c3ccccc23)cc1O,4.0,CHEMBL154822,IC50,0
COC(=O)c1ccc(CNC(=O)CCc2c(SSc3[nH]c4ccccc4c3CCC(=O)NCc3ccc(C(=O)OC)cc3)[nH]c3ccccc23)cc1,4.36,CHEMBL154080,IC50,0
COC(=O)c1ccc(CNC(=O)c2c(SSc3c(C(=O)NCc4ccc(C(=O)OC)cc4)c4ccccc4n3C)n(C)c3ccccc23)cc1,4.89,CHEMBL347659,IC50,0
COC(=O)c1ccc(NCc2cc(O)ccc2O)cc1O,5.0,CHEMBL133283,IC50,0
COC(=O)c1ccc(S(=O)(=O)Oc2ccc(/C=C/[N+](=O)[O-])cc2)cc1,5.76,CHEMBL77401,IC50,0
COC(=O)c1ccc(S(=O)(=O)Oc2ccc(/C=C/[N+](=O)[O-])cc2)cc1O,5.725,CHEMBL76929,IC50,0
COC(=O)c1cccc(NCc2cc(O)ccc2O)c1,5.05,CHEMBL334334,IC50,0
COC(=O)c1ccccc1SCC(CN(C)C)C(=O)c1ccc(OCc2ccccc2)cc1,5.06,CHEMBL538757,IC50,0
COC/C=C/C(=O)Nc1ccc2ncnc(Nc3cccc(Br)c3)c2c1,5.95,CHEMBL92882,IC50,0
COC1CCN(CCOc2[nH]nc3ncnc(Nc4ccc(OCc5ccccn5)c(Cl)c4)c23)CC1,7.55,CHEMBL411897,IC50,1
COC1CNCCN(Cc2ccn3ncnc(Nc4ccc5c(cnn5Cc5cccc(F)c5)c4)c23)C1,6.72,CHEMBL392774,IC50,1
COCC#CC(=O)Nc1cc2c(Nc3cccc(Br)c3)c(C#N)cnc2cc1OC,6.1,CHEMBL326280,IC50,0
COCC#CC(=O)Nc1ccc2ncc(C#N)c(Nc3cccc(Br)c3)c2c1,6.02,CHEMBL114593,IC50,0
COCC#CC(=O)Nc1ccc2ncnc(Nc3cccc(Br)c3)c2c1,8.05,CHEMBL91009,IC50,1
COCC(=O)Nc1ccc2ncnc(Nc3cc(Cl)c(Cl)cc3F)c2c1,5.3,CHEMBL190651,IC50,0
COCC(=O)Nc1ccc2ncnc(Nc3cccc(Br)c3)c2c1,6.76,CHEMBL192737,IC50,1
COCC(=O)Nc1ccc2ncnc(Nc3cccc(I)c3)c2c1,5.473333333333334,CHEMBL190567,IC50,0
COCC(C(N)=O)N(C)Cc1cc2c(Nc3cccc(Cl)c3F)ncnc2cc1OC,7.49,CHEMBL379905,IC50,1
COCC1CCCN1CC#CC(=O)Nc1ccc2ncc(C#N)c(Nc3cccc(Br)c3)c2c1,6.82,CHEMBL157128,IC50,1
COCC1CCCN1CC#CC(=O)Nc1ccc2ncnc(Nc3cccc(Br)c3)c2c1,7.19,CHEMBL93784,IC50,1
COCCC(C(N)=O)N(C)Cc1cc2c(Nc3cccc(Cl)c3F)ncnc2cc1OC,7.65,CHEMBL207445,IC50,1
COCCN(C)C/C=C/C(=O)Nc1ccc2ncnc(Nc3cccc(Br)c3)c2c1,7.21,CHEMBL442754,IC50,1
COCCN(C)CCN1CCC(n2cc(-c3cccc(OC)c3)c3c(N)ncnc32)CC1,6.03,CHEMBL274732,IC50,0
COCCN(CCOC)CCOc1cc2c(Nc3ccc(F)c(Cl)c3)ncnc2cc1OC,7.21,CHEMBL294395,IC50,1
COCCN(Cc1cc2c(Nc3cccc(Cl)c3F)ncnc2cc1OC)C(C)C(N)=O,7.63,CHEMBL382823,IC50,1
COCCN1CC(C(N)=O)(N(C)Cc2cc3c(Nc4cccc(Cl)c4F)ncnc3cc2OC)C1,7.785,CHEMBL207815,IC50,1
COCCN1CCC(Oc2cc3c(Nc4cc(Cl)ccc4F)ncnc3cc2OC)CC1,6.86,CHEMBL215559,IC50,1
COCCN1CCC(Oc2cc3c(Nc4cccc(Cl)c4F)ncnc3cc2OC)CC1,7.99,CHEMBL214857,IC50,1
COCCN1CCC[C@@H]1C#Cc1cc2ncnc(Nc3ccc(OCc4cccc(F)c4)c(Cl)c3)c2s1,6.89,CHEMBL523573,IC50,1
COCCN=NNc1ccc2ncnc(Nc3cccc(Br)c3)c2c1,7.15,CHEMBL136674,IC50,1
COCCNCCN1CCC(n2cc(-c3cccc(OC)c3)c3c(N)ncnc32)CC1,6.51,CHEMBL172514,IC50,1
COCCNCCOc1cc2c(Nc3ccc(F)c(Cl)c3)ncnc2cc1OC,8.1,CHEMBL56912,IC50,1
COCCOCC#CC(=O)Nc1ccc2ncc(C#N)c(Nc3cccc(Br)c3)c2c1,6.03,CHEMBL115440,IC50,0
COCCOCC#CC(=O)Nc1ccc2ncnc(Nc3cccc(Br)c3)c2c1,7.19,CHEMBL327838,IC50,1
COCCOCc1ccn2ncnc(Nc3ccc4c(cnn4Cc4cccc(F)c4)c3)c12,6.31,CHEMBL246489,IC50,0
COCCON=Cc1c(N)ncnc1Nc1ccc2c(cnn2Cc2cccc(F)c2)c1,7.85,CHEMBL255237,IC50,1
COCCOc1cc(OC2CCOCC2)c2c(Nc3ccc(F)c(Cl)c3)ncnc2c1,6.17,CHEMBL382041,IC50,0
COCCOc1cc2ncc(C#N)c(N[C@@H]3C[C@H]3c3ccccc3)c2cc1OC,7.25,CHEMBL401251,Ki,1
COCCOc1cc2ncnc(NC3=CC(=O)C(OCc4cccc(OC)c4)=CC3=O)c2cc1OC,5.11,CHEMBL242349,IC50,0
COCCOc1cc2ncnc(Nc3ccc(Cl)cc3F)c2cc1OC,7.0,CHEMBL286160,IC50,1
COCOC#CC(=O)Nc1ccc2ncc(C#N)c(Nc3cccc(Br)c3)c2c1,6.48,CHEMBL414631,IC50,0
COCOCC#CC(=O)Nc1ccc2ncc(C#N)c(Nc3cccc(Br)c3)c2c1,6.48,CHEMBL441279,IC50,0
COCOCC#CC(=O)Nc1ccc2ncnc(Nc3cccc(Br)c3)c2c1,7.23,CHEMBL93049,IC50,1
COCOc1cc(-c2ccccc2)ccc1-c1ccc(C(=O)NCc2ccccc2)cc1,5.96,CHEMBL143968,IC50,0
COCOc1cc(-c2ccccc2)ccc1-c1ccc(C(=O)O)cc1,5.0,CHEMBL142831,IC50,0
COCOc1cc(C(C)(C)C)ccc1-c1ccc(C(=O)OC)cc1,5.0,CHEMBL142898,IC50,0
COC[C@@H]1CCCN1C/C=C/C(=O)Nc1ccc2ncnc(Nc3cccc(Br)c3)c2c1,6.88,CHEMBL2112370,IC50,1
COC[C@@H]1CCCN1C/C=C\C(=O)Nc1ccc2ncnc(Nc3cccc(Br)c3)c2c1,6.71,CHEMBL2112369,IC50,1
COC[C@@H]1CCCN1CC#CC(=O)Nc1ccc2ncc(C#N)c(Nc3cccc(Br)c3)c2c1,6.82,CHEMBL117324,IC50,1
COC[C@H]1CCCN1C/C=C/C(=O)Nc1ccc2ncnc(Nc3cccc(Br)c3)c2c1,7.07,CHEMBL419501,IC50,1
COCc1ccn2ncnc(Nc3ccc4c(cnn4Cc4cccc(F)c4)c3)c12,6.47,CHEMBL394056,IC50,0
CON=Cc1c(N)ncnc1NCc1ccc(F)c(Cl)c1,5.95,CHEMBL255291,IC50,0
CON=Cc1c(N)ncnc1Nc1ccc(F)c(Cl)c1,7.16,CHEMBL255490,IC50,1
CON=Cc1c(N)ncnc1Nc1ccc(OCc2cc(F)cc(F)c2)c(Cl)c1,7.48,CHEMBL256529,IC50,1
CON=Cc1c(N)ncnc1Nc1ccc(OCc2cccc(F)c2)c(Cl)c1,7.92,CHEMBL256297,IC50,1
CON=Cc1c(N)ncnc1Nc1ccc(OCc2ccccc2)c(Cl)c1,7.8,CHEMBL257815,IC50,1
CON=Cc1c(N)ncnc1Nc1ccc2[nH]c(Cc3cccc(F)c3)nc2c1,7.32,CHEMBL402316,IC50,1
CON=Cc1c(N)ncnc1Nc1ccc2[nH]ncc2c1,6.51,CHEMBL255866,IC50,1
CON=Cc1c(N)ncnc1Nc1ccc2c(c1)CCN2Cc1cccc(F)c1,7.24,CHEMBL257814,IC50,1
CON=Cc1c(N)ncnc1Nc1ccc2c(ccn2Cc2cccc(F)c2)c1,7.89,CHEMBL257816,IC50,1
CON=Cc1c(N)ncnc1Nc1ccc2c(cnn2Cc2ccc(F)cc2)c1,6.98,CHEMBL256527,IC50,1
CON=Cc1c(N)ncnc1Nc1ccc2c(cnn2Cc2cccc(C#N)c2)c1,7.7,CHEMBL255865,IC50,1
CON=Cc1c(N)ncnc1Nc1ccc2c(cnn2Cc2cccc(Cl)c2)c1,7.64,CHEMBL255656,IC50,1
CON=Cc1c(N)ncnc1Nc1ccc2c(cnn2Cc2cccc(F)c2)c1,8.1,CHEMBL255871,IC50,1
CON=Cc1c(N)ncnc1Nc1ccc2c(cnn2Cc2cccc(OC)c2)c1,6.57,CHEMBL403357,IC50,1
CON=Cc1c(N)ncnc1Nc1ccc2c(cnn2Cc2ccccc2)c1,7.36,CHEMBL402113,IC50,1
CON=Cc1c(N)ncnc1Nc1cccc(Br)c1,7.62,CHEMBL402149,IC50,1
CONC(=O)CCc1c(SSc2[nH]c3ccccc3c2CCC(=O)NOC)[nH]c2ccccc12,4.17,CHEMBL154969,IC50,0
CONC(=O)c1cc(N=Cc2cc(O)ccc2O)ccc1O,4.57,CHEMBL354300,IC50,0
CONC(=O)c1cc(NCc2cc(O)ccc2O)ccc1O,5.609999999999999,CHEMBL169657,IC50,0
CONC(=O)c1cc(Nc2ncnn3cc(NC(=O)OCC4CCCO4)c(C(C)C)c23)c(F)cc1F,5.26,CHEMBL370266,IC50,0
CONC(=O)c1cc(Nc2ncnn3cc(NC(=O)OCCCS(C)(=O)=O)c(C(C)C)c23)c(F)cc1F,5.38,CHEMBL195218,IC50,0
CO[C@H](C)c1c(O)cc2c(O)c3c(c(O)c2c1O)C(=O)C(=O)C(=O)C3,4.39,CHEMBL498249,IC50,0
CO[C@H](C)c1c(O)cc2c(c1O)C(=O)c1c(O)cc(O)cc1C2=O,4.56,CHEMBL498248,IC50,0
CO[C@H]1[C@@H](N(C)C(=O)C(F)(F)F)C[C@@H]2O[C@@]1(C)n1c3ccccc3c3c4c(c5c6ccccc6n2c5c31)C(=O)NC4,5.19,CHEMBL335932,IC50,0
CO[C@H]1[C@@H](N(C)C(=O)CCC(=O)O)C[C@@H]2O[C@@]1(C)n1c3ccccc3c3c4c(c5c6ccccc6n2c5c31)C(=O)NC4,6.8,CHEMBL337027,IC50,1
CO[C@H]1[C@@H](N(C)C(=O)CN)C[C@@H]2O[C@@]1(C)n1c3ccccc3c3c4c(c5c6ccccc6n2c5c31)C(=O)NC4,6.66,CHEMBL338935,IC50,1
CO[C@H]1[C@@H](N(C)C(=O)CNC(=O)OC(C)(C)C)C[C@@H]2O[C@@]1(C)n1c3ccccc3c3c4c(c5c6ccccc6n2c5c31)C(=O)NC4,5.46,CHEMBL335931,IC50,0
CO[C@H]1[C@@H](N(C)C(=O)OC(C)(C)C)C[C@@H]2O[C@@]1(C)n1c3ccccc3c3c4c(c5c6ccccc6n2c5c31)C(=O)NC4,4.87,CHEMBL338449,IC50,0
CO[C@H]1[C@@H](N(C)C(=O)c2ccc(C(=O)O)cc2)C[C@@H]2O[C@@]1(C)n1c3ccccc3c3c4c(c5c6ccccc6n2c5c31)C(=O)NC4,6.96,CHEMBL435809,IC50,1
CO[C@H]1[C@@H](N(C)C(=O)c2ccc(Cl)cc2)C[C@@H]2O[C@@]1(C)n1c3ccccc3c3c4c(c5c6ccccc6n2c5c31)C(=O)NC4,5.16,CHEMBL131715,IC50,0
CO[C@H]1[C@@H](N(C)C(=O)c2cccc(Cl)c2)C[C@@H]2O[C@@]1(C)n1c3ccccc3c3c4c(c5c6ccccc6n2c5c31)C(=O)NC4,5.34,CHEMBL338944,IC50,0
CO[C@H]1[C@@H](N(C)C(=O)c2cccc([N+](=O)[O-])c2)C[C@@H]2O[C@@]1(C)n1c3ccccc3c3c4c(c5c6ccccc6n2c5c31)C(=O)NC4,5.32,CHEMBL130208,IC50,0
CO[C@H]1[C@@H](N(C)C(=O)c2ccccc2)C[C@@H]2O[C@@]1(C)n1c3ccccc3c3c4c(c5c6ccccc6n2c5c31)C(=O)NC4,5.72,CHEMBL338448,IC50,0
CO[C@H]1[C@@H](N(C)C(=O)c2ccccc2Cl)C[C@@H]2O[C@@]1(C)n1c3ccccc3c3c4c(c5c6ccccc6n2c5c31)C(=O)NC4,5.33,CHEMBL131590,IC50,0
CO[C@H]1[C@@H](N(C)C(=O)c2cccnc2)C[C@@H]2O[C@@]1(C)n1c3ccccc3c3c4c(c5c6ccccc6n2c5c31)C(=O)NC4,5.09,CHEMBL335012,IC50,0
CO[C@H]1[C@@H](N(C)C(=O)c2cnccn2)C[C@@H]2O[C@@]1(C)n1c3ccccc3c3c4c(c5c6ccccc6n2c5c31)C(=O)NC4,5.09,CHEMBL337297,IC50,0
CO[C@H]1[C@@H](N(C)C(C)=O)C[C@@H]2O[C@@]1(C)n1c3ccccc3c3c4c(c5c6ccccc6n2c5c31)C(=O)NC4,5.58,CHEMBL130163,IC50,0
CO[C@H]1[C@@H](N(C)CC(=O)O)C[C@@H]2O[C@@]1(C)n1c3ccccc3c3c4c(c5c6ccccc6n2c5c31)C(=O)NC4,7.51,CHEMBL132348,IC50,1
CO[C@H]1[C@@H](N(C)CCC#N)C[C@@H]2O[C@@]1(C)n1c3ccccc3c3c4c(c5c6ccccc6n2c5c31)C(=O)NC4,5.96,CHEMBL131426,IC50,0
CO[C@H]1[C@@H](N(C)Cc2ccccc2)C[C@@H]2O[C@@]1(C)n1c3ccccc3c3c4c(c5c6ccccc6n2c5c31)C(=O)NC4,6.04,CHEMBL131193,IC50,0
CO[C@H]1[C@@H](N(C)S(C)(=O)=O)C[C@@H]2O[C@@]1(C)n1c3ccccc3c3c4c(c5c6ccccc6n2c5c31)C(=O)NC4,5.96,CHEMBL131020,IC50,0
CO[C@H]1[C@@H]([N+](C)(C)C)C[C@@H]2O[C@@]1(C)n1c3ccccc3c3c4c(c5c6ccccc6n2c5c31)C(=O)NC4,7.72,CHEMBL335648,IC50,1
COc1c(Br)cc(/C=C2\C(=O)Nc3ccccc32)cc1C(C)(C)C,4.72,CHEMBL87746,IC50,0
COc1c(Br)cccc1Nc1ncnc2ccncc12,7.4,CHEMBL441333,IC50,1
COc1cc(/C=C(\C#N)S(=O)(=O)/C(C#N)=C/c2cc(O)c(O)c(OC)c2)cc(O)c1O,5.715,CHEMBL342792,IC50,0
COc1cc(/C=C(\C)[N+](=O)[O-])ccc1OS(=O)(=O)c1ccc(C(=O)O)cc1,5.56,CHEMBL77397,IC50,0
COc1cc(/C=C/[N+](=O)[O-])ccc1O,5.1,CHEMBL309016,IC50,0
COc1cc(/C=C/[N+](=O)[O-])ccc1OS(=O)(=O)c1ccc(C(=O)O)cc1,5.535,CHEMBL418907,IC50,0
COc1cc(/C=C/[N+](=O)[O-])ccc1OS(=O)(=O)c1ccc(C(=O)OC[C@H]2O[C@@H](n3cnc4c(N)ncnc43)[C@H](O)[C@@H]2O)cc1,6.3,CHEMBL453502,IC50,0
COc1cc(C(C#N)=C(C#N)C#N)cc(O)c1O,5.22,CHEMBL489147,IC50,0
COc1cc(C2=C(c3c[nH]c4ccccc34)C(=O)NC2=O)cc(OC)c1OC,4.5,CHEMBL201511,IC50,0
COc1cc(C=C(C#N)C#N)cc(Br)c1O,4.3,CHEMBL77298,Ki,0
COc1cc(C=C(C#N)C#N)cc(C)c1O,4.06,CHEMBL120564,IC50,0
COc1cc(C=C(C#N)C#N)cc(CS(=O)(=O)c2ccc(C)cc2)c1O,4.5425,CHEMBL334032,IC50,0
COc1cc(C=C(C#N)C#N)cc(CSCC(=O)O)c1O,4.145,CHEMBL120719,IC50,0
COc1cc(C=C(C#N)C#N)cc(CSc2ccccc2)c1O,5.1866666666666665,CHEMBL122522,IC50,0
COc1cc(C=C(C#N)C#N)cc(CSc2ccccc2C(=O)O)c1O,4.88,CHEMBL118321,IC50,0
COc1cc(C=C(C#N)C#N)cc(O)c1O,5.4399999999999995,CHEMBL80155,IC50,0
COc1cc(C=C(C#N)C#N)cc(SCC(=O)O)c1O,4.27,CHEMBL1161236,IC50,0
COc1cc(C=C(C#N)C#N)cc([N+](=O)[O-])c1O,4.26,CHEMBL307179,Ki,0
COc1cc(C=C(C#N)C#N)ccc1O,4.17,CHEMBL77869,Ki,0
COc1cc(C=C(C#N)C(=N)C(C#N)C#N)cc(O)c1O,5.96,CHEMBL80745,IC50,0
COc1cc(C=C(C#N)C(=O)NCCCCNC(=O)C(C#N)=Cc2cc(Br)c(O)c(OC)c2)cc(Br)c1O,5.52,CHEMBL357400,IC50,0
COc1cc(C=C(C#N)C(=O)NCCCCNC(=O)C(C#N)=Cc2cc(OC)c(O)c([N+](=O)[O-])c2)cc([N+](=O)[O-])c1O,4.72,CHEMBL145266,IC50,0
COc1cc(C=C(C#N)C(=O)c2ccc(O)c(O)c2)cc(CSCc2ccccc2)c1O,5.723333333333334,CHEMBL116547,IC50,0
COc1cc(C=C(C#N)C(N)=O)cc(CSC2=NCCS2)c1O,4.97,CHEMBL324030,IC50,0
COc1cc(C=C(C#N)C(N)=O)cc(CSCCCC(=O)O)c1O,4.576666666666667,CHEMBL326044,IC50,0
COc1cc(C=C(C#N)C(N)=O)cc(CSCc2ccc(Cl)cc2)c1O,4.7825,CHEMBL141175,IC50,0
COc1cc(C=C(C#N)C(N)=O)cc(CSCc2ccccc2)c1O,5.6775,CHEMBL326318,IC50,0
COc1cc(C=C(C#N)C(N)=O)cc(CSCc2ccccc2Cl)c1O,5.65,CHEMBL326100,IC50,0
COc1cc(C=C(C#N)C(N)=O)cc(CSc2ccc(C)cc2)c1O,5.375,CHEMBL333454,IC50,0
COc1cc(C=C(C#N)C(N)=O)cc(CSc2ccc(O)cc2)c1O,5.633333333333333,CHEMBL419047,IC50,0
COc1cc(C=C(C#N)C(N)=O)cc(CSc2ccc3ccccc3c2)c1O,5.316666666666666,CHEMBL330879,IC50,0
COc1cc(C=C(C#N)C(N)=O)cc(CSc2cccc3ccccc23)c1O,5.77,CHEMBL143212,IC50,0
COc1cc(C=C(C#N)C(N)=O)cc(CSc2ccccc2)c1O,5.9079999999999995,CHEMBL116595,IC50,0
COc1cc(C=C(C#N)C(N)=O)cc(CSc2ccccc2C(=O)O)c1O,5.576666666666667,CHEMBL119987,IC50,0
COc1cc(C=C(C#N)C(N)=O)cc(CSc2ccccc2NC(C)=O)c1O,4.905,CHEMBL115895,IC50,0
COc1cc(C=C(C#N)C(N)=O)cc(CSc2ccccn2)c1O,5.085,CHEMBL119156,IC50,0
COc1cc(C=C(C#N)C(N)=O)cc(CSc2nc3cc(Cl)ccc3s2)c1O,4.93,CHEMBL115519,IC50,0
COc1cc(C=C(C#N)C(N)=O)cc(CSc2nc3ccccc3[nH]2)c1O,4.5649999999999995,CHEMBL331026,IC50,0
COc1cc(C=C(C#N)C(N)=O)cc(CSc2nc3ccccc3o2)c1O,5.17,CHEMBL118205,IC50,0
COc1cc(C=C(C#N)C(N)=O)cc(CSc2nc3ccccc3s2)c1O,4.6575,CHEMBL118109,IC50,0
COc1cc(C=C(C#N)C(N)=O)cc(SCCCC(=O)O)c1O,4.32,CHEMBL1161234,IC50,0
COc1cc(C=C(C#N)C(N)=O)cc(Sc2nc3ccccc3s2)c1O,6.46,CHEMBL290389,IC50,0
COc1cc(C=C(C#N)c2ccccn2)ccc1O,5.68,CHEMBL39295,IC50,0
COc1cc(NC(=O)/C=C/CN(C)C)cc2c(Nc3cccc(Br)c3)c(C#N)cnc12,5.54,CHEMBL116857,IC50,0
COc1cc(NC(=O)/C=C/CN2CCOCC2)cc2c(Nc3cccc(Br)c3)c(C#N)cnc12,5.27,CHEMBL113985,IC50,0
COc1cc(NCc2c[nH]cn2)cc2c(Nc3ccc(F)c(Cl)c3)c(C#N)cnc12,5.68,CHEMBL241990,IC50,0
COc1cc(Nc2c(C#N)cnc3cc(-c4ccc(CN5CCN(C)CC5)cn4)sc23)c(Cl)cc1Cl,5.7,CHEMBL373101,IC50,0
COc1cc(Nc2c(C#N)cnc3cc(-c4ccc(CN5CCOCC5)cc4)ccc23)c(Cl)cc1Cl,5.52,CHEMBL322395,IC50,0
COc1cc(Nc2c(C#N)cnc3cc(-c4coc(CN5CCN(C)CC5)c4)c(OC)cc23)c(Cl)cc1Cl,6.64,CHEMBL219557,IC50,1
COc1cc(Nc2c(C#N)cnc3cc(C#CCCN4CCN(C)CC4)c(OC)cc23)c(Cl)cc1Cl,6.14,CHEMBL391738,IC50,0
COc1cc(Nc2c(C#N)cnc3cc4cc(OCCN5CCOCC5)c(OC)cc4cc23)c(Cl)cc1Cl,5.57,CHEMBL195029,IC50,0
COc1cc(Nc2ncc3cc(-c4c(Cl)cccc4Cl)c(=O)n(C)c3n2)cc(OC)c1,6.48,CHEMBL324926,IC50,0
COc1cc(Nc2nccc(-c3ccc(N4CCNCC4)nc3)n2)cc(OC)c1OC,5.77,CHEMBL322066,IC50,0
COc1cc(Nc2nccc(-c3ccc(NCCN)nc3)n2)cc(OC)c1OC,5.29,CHEMBL113185,IC50,0
COc1cc(Nc2ncnc3[nH]nc(OCCN4CCC(O)CC4)c23)ccc1OCc1cccc(F)c1,7.89,CHEMBL402339,IC50,1
COc1cc(Nc2ncnc3[nH]nc(OCCN4CCC(O)CC4)c23)ccc1OCc1ccccn1,6.98,CHEMBL401713,IC50,1
COc1cc(Nc2ncnc3cc(OC)c(OC)cc23)cc(OC)c1,5.52,CHEMBL543661,IC50,0
COc1cc(Nc2ncnc3ccc(-c4ccc(CNCCS(C)(=O)=O)o4)cc23)ccc1OCc1cccc(F)c1,7.0,CHEMBL215033,IC50,1
COc1cc(Nc2nn3c(N[C@H](CO)Cc4ccccc4)cc(C4CC4)nc3c2C(N)=O)cc(OC)c1,5.62,CHEMBL260861,IC50,0
COc1cc(O)c2c(=O)c(-c3cccc(Cl)c3)c[nH]c2c1,6.32,CHEMBL440453,IC50,0
COc1cc(O)c2c(=O)c(-c3cccc(Cl)c3)cn(C)c2c1,6.145,CHEMBL7819,IC50,0
COc1cc(O)c2c(=O)c(-c3cccc(Cl)c3)cn(CCc3ccccc3)c2c1,5.61,CHEMBL7810,IC50,0
COc1cc(O)c2c(=O)c(-c3cccc(Cl)c3)coc2c1,5.9,CHEMBL7339,IC50,0
COc1cc(OC(C)C)c2c(Nc3ccc(F)c(Cl)c3)ncnc2c1,5.09,CHEMBL377277,IC50,0
COc1cc(OC)c2c(c1)Oc1ncnc(Nc3cccc(Br)c3)c1NC2,5.2,CHEMBL204223,IC50,0
COc1cc(OC)cc(-c2cc3cnc(N)nc3nc2NC(=O)NC(C)(C)C)c1,4.3,CHEMBL299763,IC50,0
COc1cc(OC2CCN(C(C)=O)CC2)c2c(Nc3ccc(F)c(Cl)c3)ncnc2c1,6.06,CHEMBL204330,IC50,0
COc1cc(OC2CCN(C)CC2)c2c(Nc3ccc(F)c(Cl)c3)ncnc2c1,7.369999999999999,CHEMBL203295,IC50,1
COc1cc(OC2CCN(S(C)(=O)=O)CC2)c2c(Nc3ccc(F)c(Cl)c3)ncnc2c1,5.02,CHEMBL379017,IC50,0
COc1cc(OC2CCNCC2)c2c(Nc3ccc(F)c(Cl)c3)ncnc2c1,8.0,CHEMBL205149,IC50,1
COc1cc(OC2CCOC2)c2c(Nc3ccc(F)c(Cl)c3)ncnc2c1,6.73,CHEMBL204268,IC50,1
COc1cc(OC2CCOCC2)c2c(Nc3ccc(F)c(Cl)c3)ncnc2c1,5.86,CHEMBL205783,IC50,0
COc1cc(ON2CCC(C)CC2)c2c(Nc3ccc(OCc4ccccn4)c(Cl)c3)ncnc2c1,8.3,CHEMBL444619,IC50,1
COc1cc2c(NCc3ccccc3)ncnc2cc1O,6.23,CHEMBL333851,IC50,0
COc1cc2c(N[C@@H]3C[C@H]3c3ccccc3)c(C#N)cnc2cc1OC1CCN(C)CC1,6.44,CHEMBL245798,Ki,0
COc1cc2c(N[C@@H]3C[C@H]3c3ccccc3)c(C#N)cnc2cc1OCCCN1CCN(C)CC1,8.379999999999999,CHEMBL248393,Ki,1
COc1cc2c(N[C@@H]3C[C@H]3c3ccccc3)c(C#N)cnc2cc1OCCCN1CCOCC1,8.190000000000001,CHEMBL248392,Ki,1
COc1cc2c(N[C@@H]3C[C@H]3c3ccccc3)c(C#N)cnc2cc1OCCCc1cccnc1,6.71,CHEMBL248391,Ki,1
COc1cc2c(Nc3c(F)cc(Br)cc3F)ncnc2cc1OCC1CCN(C)CC1,6.46,CHEMBL416191,IC50,0
COc1cc2c(Nc3c(F)cc(Br)cc3F)ncnc2cc1OCC1CCNCC1,6.375,CHEMBL279459,IC50,0
COc1cc2c(Nc3c(F)cc(Cl)cc3F)ncnc2cc1OCC1CCN(C)CC1,6.435,CHEMBL422758,IC50,0
COc1cc2c(Nc3c(F)cc(Cl)cc3F)ncnc2cc1OCC1CCNCC1,6.26,CHEMBL25450,IC50,0
COc1cc2c(Nc3cc(O)c(C)cc3F)ncnc2cc1OCC1CCN(C)CC1,6.609999999999999,CHEMBL1202473,IC50,1
COc1cc2c(Nc3cc(O)c(Cl)cc3F)ncnc2cc1OCC1CCN(C)CC1,7.08,CHEMBL2448066,IC50,1
COc1cc2c(Nc3ccc(Br)cc3F)ncnc2cc1OC/C=C/CN1CCCC1,7.025,CHEMBL1202478,IC50,1
COc1cc2c(Nc3ccc(Br)cc3F)ncnc2cc1OCC1CCN(C)CC1,6.9487499999999995,CHEMBL24828,IC50,1
COc1cc2c(Nc3ccc(Br)cc3F)ncnc2cc1OCCC1CCN(C)CC1,6.76,CHEMBL24979,IC50,1
COc1cc2c(Nc3ccc(Br)cc3F)ncnc2cc1OCCC1CCNCC1,6.9,CHEMBL26641,IC50,1
COc1cc2c(Nc3ccc(Br)cc3F)ncnc2cc1OCCCN1CCN(C)CC1,7.025,CHEMBL1202477,IC50,1
COc1cc2c(Nc3ccc(Br)cc3F)ncnc2cc1OCCn1ccnn1,6.85,CHEMBL281872,IC50,1
COc1cc2c(Nc3ccc(Br)cc3F)ncnc2cc1OC[C@@H]1CCCN(C)C1,6.76,CHEMBL1907764,IC50,1
COc1cc2c(Nc3ccc(Br)cc3F)ncnc2cc1OC[C@H]1CCCN(C)C1,6.91,CHEMBL1907944,IC50,1
COc1cc2c(Nc3ccc(C#N)cc3F)ncnc2cc1OC/C=C/CN1CCCC1,5.975,CHEMBL24026,IC50,0
COc1cc2c(Nc3ccc(C)cc3F)ncnc2cc1OCC1CCN(C)CC1,6.2,CHEMBL281990,IC50,0
COc1cc2c(Nc3ccc(C)cc3F)ncnc2cc1OCC1CCNCC1,6.324999999999999,CHEMBL428534,IC50,0
COc1cc2c(Nc3ccc(Cl)cc3F)ncnc2cc1OC/C=C/CN1CCCC1,7.074999999999999,CHEMBL1744349,IC50,1
COc1cc2c(Nc3ccc(Cl)cc3F)ncnc2cc1OCC1CCN(C)CC1,6.76,CHEMBL2448065,IC50,1
COc1cc2c(Nc3ccc(Cl)cc3F)ncnc2cc1OCC1CCNCC1,6.76,CHEMBL2448064,IC50,1
COc1cc2c(Nc3ccc(Cl)cc3F)ncnc2cc1OCCC1CCN(C)CC1,6.609999999999999,CHEMBL25425,IC50,1
COc1cc2c(Nc3ccc(Cl)cc3F)ncnc2cc1OCCCN1CCCC1,7.0,CHEMBL2448067,IC50,1
COc1cc2c(Nc3ccc(Cl)cc3F)ncnc2cc1OCCCN1CCN(C)CC1,7.0600000000000005,CHEMBL1744347,IC50,1
COc1cc2c(Nc3ccc(Cl)cc3F)ncnc2cc1OCCCN1CCOCC1,6.85,CHEMBL24137,IC50,1
COc1cc2c(Nc3ccc(Cl)cc3F)ncnc2cc1OCCN(C)c1ccncc1,6.609999999999999,CHEMBL25579,IC50,1
COc1cc2c(Nc3ccc(Cl)cc3F)ncnc2cc1OCCN1CCN(C)CC1,6.7,CHEMBL283088,IC50,1
COc1cc2c(Nc3ccc(Cl)cc3F)ncnc2cc1OCCN1CCOCC1,6.46,CHEMBL25610,IC50,0
COc1cc2c(Nc3ccc(Cl)cc3F)ncnc2cc1OC[C@@H]1CCCN(C)C1,6.91,CHEMBL1907763,IC50,1
COc1cc2c(Nc3cccc(Br)c3)ncnc2cn1,8.363333333333333,CHEMBL53062,IC50,1
COc1cc2c(Nc3ncc(CC(=O)Nc4cccc(F)c4)s3)ncnc2cc1OCCCN1CCC(CO)CC1,6.1,CHEMBL201307,IC50,0
COc1cc2c(cc1O)=NC(=O)C=2C(C#N)C#N,4.22,CHEMBL56964,IC50,0
COc1cc2c(cc1OC)Nc1[nH]cnc(=O)c1C2,4.12,CHEMBL414013,IC50,0
COc1cc2c(cc1OC)Nc1ncnc(NCc3ccc(F)c(Cl)c3)c1NC2,6.16,CHEMBL376089,IC50,0
COc1cc2c(cc1OC)Nc1ncnc(NCc3ccccc3)c1NC2,6.375,CHEMBL215191,IC50,0
COc1cc2c(cc1OC)Nc1ncnc(N[C@H](C)c3ccccc3)c1NC2,6.5600000000000005,CHEMBL379001,IC50,1
COc1cc2c(cc1OC)Nc1ncnc(Nc3cccc(Br)c3)c1NC2,5.82,CHEMBL215055,IC50,0
COc1cc2c(cc1OC)Oc1ncnc(Nc3cc(Cl)ccc3F)c1NC2,5.6850000000000005,CHEMBL214753,IC50,0
COc1cc2c(cc1OC)Oc1ncnc(Nc3ccc(Br)cc3)c1NC2,5.06,CHEMBL385015,IC50,0
COc1cc2c(cc1OC)Oc1ncnc(Nc3ccc(F)c(Cl)c3)c1NC2,6.04,CHEMBL202970,IC50,0
COc1cc2c(cc1OC)Oc1ncnc(Nc3ccc(F)cc3)c1NC2,5.135,CHEMBL386998,IC50,0
COc1cc2c(cc1OC)Oc1ncnc(Nc3ccc(F)cc3Cl)c1NC2,5.47,CHEMBL384558,IC50,0
COc1cc2c(cc1OC)Oc1ncnc(Nc3ccc4c[nH]nc4c3)c1NC2,5.92,CHEMBL215488,IC50,0
COc1cc2c(cc1OC)Oc1ncnc(Nc3ccc4ccccc4c3)c1NC2,5.97,CHEMBL215973,IC50,0
COc1cc2c(cc1OC)Oc1ncnc(Nc3ccc4ncsc4c3)c1NC2,5.25,CHEMBL377730,IC50,0
COc1cc2c(cc1OC)Oc1ncnc(Nc3cccc(Br)c3)c1NC2,6.404999999999999,CHEMBL380972,IC50,0
COc1cc2c(cc1OC)Oc1ncnc(Nc3cccc(C)c3)c1NC2,5.245,CHEMBL386365,IC50,0
COc1cc2c(cc1OC)Oc1ncnc(Nc3cccc(Cl)c3F)c1NC2,5.93,CHEMBL214868,IC50,0
COc1cc2c(cc1OC)Oc1ncnc(Oc3ccc(F)c(Cl)c3)c1N(C)C2,4.97,CHEMBL425620,IC50,0
COc1cc2c(cc1OC)Oc1ncnc(Oc3cccc(Br)c3)c1N(C)C2,5.5649999999999995,CHEMBL384067,IC50,0
COc1cc2c(cc1OC)Oc1ncnc(Oc3cccc(Br)c3)c1NC2,5.955,CHEMBL216048,IC50,0
COc1cc2c(cc1OC)Oc1ncnc(Oc3cccc(Cl)c3F)c1NC2,5.34,CHEMBL213173,IC50,0
COc1cc2c(cc1OC)Oc1ncnc(Sc3cccc(Br)c3)c1NC2,5.904999999999999,CHEMBL214853,IC50,0
COc1cc2c(cc1OC)Oc1ncnc(Sc3cccc(Cl)c3)c1NC2,5.8100000000000005,CHEMBL215210,IC50,0
COc1cc2c(cc1OC)Sc1nc(C)nc(Nc3ccc(F)c(Cl)c3)c1NC2,4.34,CHEMBL214744,IC50,0
COc1cc2c(cc1OC)Sc1nc(C)nc(Nc3ccc4[nH]cnc4c3)c1NC2,4.84,CHEMBL213616,IC50,0
COc1cc2c(cc1OC)Sc1nc(C)nc(Nc3ccc4c(c3)CN=N4)c1NC2,4.79,CHEMBL384042,IC50,0
COc1cc2c(cc1OC)Sc1nc(C)nc(Nc3ccc4c[nH]nc4c3)c1NC2,4.61,CHEMBL213371,IC50,0
COc1cc2c(cc1OC)Sc1nc(C)nc(Nc3ccc4ccccc4c3)c1NC2,4.77,CHEMBL214863,IC50,0
COc1cc2c(cc1OC)Sc1nc(C)nc(Nc3ccc4ncsc4c3)c1NC2,4.82,CHEMBL214627,IC50,0
COc1cc2c(cc1OC)Sc1nc(C)nc(Nc3cccc(Br)c3)c1NC2,4.51,CHEMBL425083,IC50,0
COc1cc2c(cc1OC)Sc1ncnc(N(C)c3cccc(Cl)c3)c1NC2,4.57,CHEMBL425074,IC50,0
COc1cc2c(cc1OC)Sc1ncnc(Nc3ccc(F)c(Cl)c3)c1NC2,5.09,CHEMBL215365,IC50,0
COc1cc2c(cc1OC)Sc1ncnc(Nc3ccc4c[nH]nc4c3)c1NC2,4.85,CHEMBL385425,IC50,0
COc1cc2c(cc1OC)Sc1ncnc(Nc3cccc(Br)c3)c1NC2,5.23,CHEMBL425965,IC50,0
COc1cc2c(cc1OC)Sc1ncnc(Nc3cccc(Cl)c3F)c1NC2,4.2,CHEMBL214999,IC50,0
COc1cc2c(cc1OC)Sc1ncnc(Oc3cccc(Br)c3)c1NC2,4.66,CHEMBL215520,IC50,0
COc1cc2c(cc1OC)Sc1ncnc(Oc3cccc(Cl)c3F)c1NC2,4.71,CHEMBL385292,IC50,0
COc1cc2c(cc1OC)Sc1ncnc(Sc3cccc(Br)c3)c1NC2,5.8,CHEMBL386456,IC50,0
COc1cc2c(cc1OC)Sc1ncnc(Sc3cccc(Cl)c3)c1NC2,5.54,CHEMBL384205,IC50,0
COc1cc2cc3ncc(C#N)c(Nc4ccc(F)c(Cl)c4)c3cc2cc1OC,5.46,CHEMBL132466,IC50,0
COc1cc2nc(N)nc(Nc3cccc(Br)c3)c2cc1OC,6.33,CHEMBL93295,IC50,0
COc1cc2ncc(C#N)c(N[C@@H]3C[C@H]3c3ccc(Br)cc3)c2cc1OC,6.66,CHEMBL400742,Ki,1
COc1cc2ncc(C#N)c(N[C@@H]3C[C@H]3c3ccc(Cl)cc3)c2cc1OC,7.36,CHEMBL247196,Ki,1
COc1cc2ncc(C#N)c(N[C@@H]3C[C@H]3c3ccc(Oc4ccccc4)cc3)c2cc1OC,7.1,CHEMBL245996,Ki,1
COc1cc2ncc(C#N)c(N[C@@H]3C[C@H]3c3cccc(Br)c3)c2cc1OC,7.28,CHEMBL248425,Ki,1
COc1cc2ncc(C#N)c(N[C@@H]3C[C@H]3c3ccccc3)c2cc1OC,7.335,CHEMBL248044,Ki,1
COc1cc2ncc(C#N)c(N[C@@H]3C[C@H]3c3ccccc3)c2cc1OCCCN1CCOCC1,7.28,CHEMBL248221,Ki,1
COc1cc2ncc(C#N)c(N[C@@H]3C[C@H]3c3ccccc3)c2cc1OCCCc1cccnc1,7.17,CHEMBL248222,Ki,1
COc1cc2ncc(C#N)c(N[C@@H]3C[C@H]3c3ccccc3)c2cc1OCCN1CCOCC1,6.79,CHEMBL401054,Ki,1
COc1cc2ncc(C#N)c(N[C@@H]3C[C@H]3c3ccccc3)c2cc1OCc1ccccc1,6.355,CHEMBL248220,Ki,0
COc1cc2ncc(C#N)c(N[C@@H]3C[C@H]3c3ccccc3F)c2cc1OC,7.44,CHEMBL246419,Ki,1
COc1cc2ncc(C#N)c(Nc3ccc(-n4ccnc4)c(Cl)c3)c2cc1NC(=O)/C=C/CN(C)C,6.11,CHEMBL179458,IC50,0
COc1cc2ncc(C#N)c(Nc3ccc(Cc4nc(-c5ccccc5)cs4)c(Cl)c3)c2cc1NC(=O)/C=C/CN(C)C,6.67,CHEMBL360979,IC50,1
COc1cc2ncc(C#N)c(Nc3ccc(F)c(Cl)c3)c2cc1NC(=O)/C=C/C(C)N(C)C,5.28,CHEMBL113901,IC50,0
COc1cc2ncc(C#N)c(Nc3ccc(F)c(Cl)c3)c2cc1NC(=O)/C=C/C(C)N1CCOCC1,4.97,CHEMBL114073,IC50,0
COc1cc2ncc(C#N)c(Nc3ccc(F)c(Cl)c3)c2cc1NC(=O)/C=C/CN(C)C,5.63,CHEMBL114490,IC50,0
COc1cc2ncc(C#N)c(Nc3ccc(F)c(Cl)c3)c2cc1NC(=O)/C=C/CN1CCOCC1,4.87,CHEMBL113996,IC50,0
COc1cc2ncc(C#N)c(Nc3ccc(F)c(Cl)c3)c2cc1OC,5.640000000000001,CHEMBL109372,IC50,0
COc1cc2ncc(C#N)c(Nc3ccc(F)c(Cl)c3)c2cc1OCCCN1CCOCC1,5.98,CHEMBL99024,IC50,0
COc1cc2ncc(C#N)c(Nc3ccc(NCNc4ccccc4)c(Cl)c3)c2cc1NC(=O)/C=C/CN(C)C,6.68,CHEMBL178096,IC50,1
COc1cc2ncc(C#N)c(Nc3ccc(NCc4ccccc4)c(Cl)c3)c2cc1NC(=O)/C=C/CN(C)C,6.4,CHEMBL179521,IC50,0
COc1cc2ncc(C#N)c(Nc3ccc(NCc4cccnc4)c(Cl)c3)c2cc1NC(=O)/C=C/CN(C)C,7.14,CHEMBL179633,IC50,1
COc1cc2ncc(C#N)c(Nc3ccc(OCc4ccccc4)c(Cl)c3)c2cc1NC(=O)/C=C/CN(C)C,7.62,CHEMBL179726,IC50,1
COc1cc2ncc(C#N)c(Nc3ccc(OCc4ccccc4)cc3)c2cc1NC(=O)/C=C/CN(C)C,6.73,CHEMBL424959,IC50,1
COc1cc2ncc(C#N)c(Nc3ccc(Sc4ncc(-c5ccccc5)s4)c(Cl)c3)c2cc1NC(=O)/C=C/CN(C)C,7.5,CHEMBL175558,IC50,1
COc1cc2ncc(C#N)c(Nc3ccc(Sc4ncccn4)c(Cl)c3)c2cc1NC(=O)/C=C/CN(C)C,6.39,CHEMBL175933,IC50,0
COc1cc2ncc(C#N)c(Nc3ccc(Sc4nccn4C)c(Cl)c3)c2cc1NC(=O)/C=C/CN(C)C,7.39,CHEMBL180175,IC50,1
COc1cc2ncc(C#N)c(Nc3ccc(Sc4nccs4)c(Cl)c3)c2cc1NC(=O)/C=C/CN(C)C,7.38,CHEMBL179572,IC50,1
COc1cc2ncc(C#N)c(Nc3ccc4c(cnn4Cc4ccccc4)c3)c2cc1NC(=O)/C=C/CN(C)C,6.89,CHEMBL180227,IC50,1
COc1cc2ncc(C#N)c(Nc3cccc(Br)c3)c2cc1NC(=O)/C=C/CN(C)C,6.1,CHEMBL263788,IC50,0
COc1cc2ncc(C#N)c(Nc3cccc(Br)c3)c2cc1NC(=O)/C=C/CN1CCOCC1,5.42,CHEMBL332497,IC50,0
COc1cc2ncc(C#N)c(Nc3cccc(Br)c3)c2cc1NC(=O)C#CCN(C)C,7.05,CHEMBL116853,IC50,1
COc1cc2ncc(C#N)c(Nc3cccc(Br)c3)c2cc1OC,6.72,CHEMBL111038,IC50,1
COc1cc2ncc(N[C@H]3CC[C@H](O)CC3)nc2cc1OC,5.43,CHEMBL104466,IC50,0
COc1cc2nccc(Nc3cccc(Br)c3)c2cc1OC,6.43,CHEMBL98248,IC50,0
COc1cc2nccc(Oc3cccc(Br)c3)c2cc1OC,5.6,CHEMBL101581,IC50,0
COc1cc2ncnc(/C=C/CCc3ccccc3)c2cc1OC,8.4,CHEMBL250923,IC50,1
COc1cc2ncnc(/N=N/c3ccc(F)c(Cl)c3)c2cc1OC,5.775,CHEMBL92006,IC50,0
COc1cc2ncnc(C#CC(C)(C)Cc3ccccc3)c2cc1OC,7.89,CHEMBL399953,IC50,1
COc1cc2ncnc(C#CC(C)(C)N(C)c3ccccc3)c2cc1OC,7.1,CHEMBL250524,IC50,1
COc1cc2ncnc(C#CCCc3ccccc3)c2cc1OC,7.85,CHEMBL250318,IC50,1
COc1cc2ncnc(C#CCOc3ccccc3)c2cc1OC,7.82,CHEMBL250523,IC50,1
COc1cc2ncnc(C#C[C@@](C)(Cc3ccccc3)N3CCC(C(=O)O)CC3)c2cc1OC,7.48,CHEMBL3085375,IC50,1
COc1cc2ncnc(C#C[C@](C)(O)Cc3ccccc3)c2cc1OC,8.05,CHEMBL3085374,IC50,1
COc1cc2ncnc(C#Cc3ccccc3)c2cc1OC,5.25,CHEMBL250315,IC50,0
COc1cc2ncnc(C#Cc3ccccc3-c3ccccc3)c2cc1OC,7.58,CHEMBL250924,IC50,1
COc1cc2ncnc(N(C)c3ccc(C)cc3)c2cc1OC,5.4,CHEMBL545538,IC50,0
COc1cc2ncnc(N(C)c3ccc(Cl)cc3)c2cc1OC,5.52,CHEMBL543195,IC50,0
COc1cc2ncnc(N(C)c3cccc(Br)c3)c2cc1OC,6.82,CHEMBL447230,IC50,1
COc1cc2ncnc(N(C)c3cccc(C(F)(F)F)c3)c2cc1OC,4.52,CHEMBL539807,IC50,0
COc1cc2ncnc(N(C)c3cccc(C)c3)c2cc1OC,4.92,CHEMBL553523,IC50,0
COc1cc2ncnc(N(C)c3cccc(Cl)c3)c2cc1OC,7.0,CHEMBL553908,IC50,1
COc1cc2ncnc(N(C)c3ccccc3)c2cc1OC,5.4,CHEMBL543669,IC50,0
COc1cc2ncnc(N3CCc4ccccc43)c2cc1OC,5.666666666666667,CHEMBL328277,IC50,0
COc1cc2ncnc(NC3CC3c3ccccc3)c2cc1O,6.41,CHEMBL93423,IC50,0
COc1cc2ncnc(NC3CC3c3ccccc3)c2cc1OC,7.425,CHEMBL419137,IC50,1
COc1cc2ncnc(NC3CC3c3ccccc3)c2cc1OC(C)=O,6.01,CHEMBL90540,IC50,0
COc1cc2ncnc(NC3CC3c3ccccc3)c2cc1OCCCN(C)C,7.04,CHEMBL91484,IC50,1
COc1cc2ncnc(NC3CC3c3ccccc3)c2cc1OCCN1CCOCC1,6.38,CHEMBL420059,IC50,0
COc1cc2ncnc(NC3CCc4ccccc43)c2cc1OC,5.9,CHEMBL94019,IC50,0
COc1cc2ncnc(NCc3ccc(F)cc3)c2cc1OC,7.196666666666666,CHEMBL1203938,IC50,1
COc1cc2ncnc(NCc3cccc(C)c3)c2cc1OC,6.285,CHEMBL93173,IC50,0
COc1cc2ncnc(NCc3ccccc3)c2cc1O,7.25,CHEMBL115745,IC50,1
COc1cc2ncnc(NCc3ccccc3)c2cc1OC,8.2,CHEMBL545541,IC50,1
COc1cc2ncnc(NNc3ccc(F)c(Cl)c3)c2cc1OC,6.24,CHEMBL422066,IC50,0
COc1cc2ncnc(Nc3cc(Br)cc(Br)c3)c2cc1OC,6.95,CHEMBL92709,IC50,1
COc1cc2ncnc(Nc3cc(Cl)c(Cl)cc3F)c2cc1OC,8.99,CHEMBL437879,IC50,1
COc1cc2ncnc(Nc3cc(Cl)ccc3F)c2cc1OC1CCN(C)CC1,6.955,CHEMBL214631,IC50,1
COc1cc2ncnc(Nc3cc(Cl)ccc3F)c2cc1OC1CCN(CC(N)=O)CC1,8.025,CHEMBL214478,IC50,1
COc1cc2ncnc(Nc3cc(Cl)ccc3F)c2cc1OC1CCN(S(C)(=O)=O)CC1,8.195,CHEMBL213007,IC50,1
COc1cc2ncnc(Nc3cc(Cl)ccc3F)c2cc1OCC1CCN(C)CC1,7.6450000000000005,CHEMBL385471,IC50,1
COc1cc2ncnc(Nc3cc(Cl)ccc3F)c2cc1OCCCN1CCOCC1,7.125,CHEMBL384699,IC50,1
COc1cc2ncnc(Nc3cc(F)cc(C(F)(F)F)c3)c2cc1OC,7.07,CHEMBL1203936,IC50,1
COc1cc2ncnc(Nc3cc(NC(=O)c4cccc(N(C)C)c4)ccc3Cl)c2cc1OC,4.54,CHEMBL187007,IC50,0
COc1cc2ncnc(Nc3cc(NC(=O)c4ccccc4)c(F)cc3F)c2cc1OC,6.31,CHEMBL186580,IC50,0
COc1cc2ncnc(Nc3cc(NC(=O)c4ccccc4)ccc3Cl)c2cc1OC,4.96,CHEMBL185327,IC50,0
COc1cc2ncnc(Nc3cc(OC)c(OC)c(OC)c3)c2cc1OC,6.3,CHEMBL543904,IC50,0
COc1cc2ncnc(Nc3cc4ccccc4cn3)c2cc1OC,6.135,CHEMBL91428,IC50,0
COc1cc2ncnc(Nc3ccc(Br)c(Br)c3)c2cc1OC,10.14,CHEMBL327307,IC50,1
COc1cc2ncnc(Nc3ccc(Br)cc3)c2cc1OC,9.58,CHEMBL328106,IC50,1
COc1cc2ncnc(Nc3ccc(C)c(NC(=O)c4ccccc4)c3)c2cc1OC,5.5,CHEMBL186747,IC50,0
COc1cc2ncnc(Nc3ccc(Cl)c(NC(=O)c4cccc(N(C)C)c4)c3)c2cc1OC,6.0,CHEMBL184682,IC50,0
COc1cc2ncnc(Nc3ccc(Cl)c(NC(=O)c4ccccc4)c3)c2cc1OC,5.66,CHEMBL360209,IC50,0
COc1cc2ncnc(Nc3ccc(F)c(Cl)c3)c2cc1CN1CCCC1C(N)=O,7.5925,CHEMBL382638,IC50,1
COc1cc2ncnc(Nc3ccc(F)c(Cl)c3)c2cc1OC,7.733333333333334,CHEMBL301018,IC50,1
COc1cc2ncnc(Nc3ccc(F)c(Cl)c3)c2cc1OC1CCN(C)CC1,7.26,CHEMBL276154,IC50,1
COc1cc2ncnc(Nc3ccc(F)c(Cl)c3)c2cc1OCC(O)CN,8.22,CHEMBL56502,IC50,1
COc1cc2ncnc(Nc3ccc(F)c(Cl)c3)c2cc1OCC(O)CN(CCO)CCO,8.3,CHEMBL299893,IC50,1
COc1cc2ncnc(Nc3ccc(F)c(Cl)c3)c2cc1OCC(O)Cn1ccnc1,8.1,CHEMBL60826,IC50,1
COc1cc2ncnc(Nc3ccc(F)c(Cl)c3)c2cc1OCC1CCN(C)CC1,8.135,CHEMBL215786,IC50,1
COc1cc2ncnc(Nc3ccc(F)c(Cl)c3)c2cc1OCCCN(C)C,7.31,CHEMBL57990,IC50,1
COc1cc2ncnc(Nc3ccc(F)c(Cl)c3)c2cc1OCCCN1CCCC1,7.15,CHEMBL299672,IC50,1
COc1cc2ncnc(Nc3ccc(F)c(Cl)c3)c2cc1OCCCN1CCCCC1,7.1,CHEMBL291514,IC50,1
COc1cc2ncnc(Nc3ccc(F)c(Cl)c3)c2cc1OCCCN1CCOCC1,7.5878571428571435,CHEMBL939,IC50,1
COc1cc2ncnc(Nc3ccc(F)c(Cl)c3)c2cc1OCCN(C)C,8.15,CHEMBL57759,IC50,1
COc1cc2ncnc(Nc3ccc(F)c(Cl)c3)c2cc1OCCN(CCO)CCO,7.46,CHEMBL56505,IC50,1
COc1cc2ncnc(Nc3ccc(F)c(Cl)c3)c2cc1OCCN1CCCC1,7.06,CHEMBL57758,IC50,1
COc1cc2ncnc(Nc3ccc(F)c(Cl)c3)c2cc1OCCN1CCCCC1,7.01,CHEMBL56142,IC50,1
COc1cc2ncnc(Nc3ccc(F)c(Cl)c3)c2cc1OCCN1CCN(C)CC1,8.0,CHEMBL300791,IC50,1
COc1cc2ncnc(Nc3ccc(F)c(Cl)c3)c2cc1OCCN1CCOCC1,8.0,CHEMBL14699,IC50,1
COc1cc2ncnc(Nc3ccc(F)c(Cl)c3)c2cc1OCCNC(C)(C)C,7.0,CHEMBL57892,IC50,1
COc1cc2ncnc(Nc3ccc(F)c(Cl)c3)c2cc1OCCNC(C)(CO)CO,7.16,CHEMBL56027,IC50,1
COc1cc2ncnc(Nc3ccc(F)c(Cl)c3)c2cc1OCCNC(C)C,6.51,CHEMBL55794,IC50,1
COc1cc2ncnc(Nc3ccc(F)c(Cl)c3)c2cc1OCCNCCN(C)C,8.7,CHEMBL56936,IC50,1
COc1cc2ncnc(Nc3ccc(F)c(Cl)c3)c2cc1OCCn1ccnc1,7.18,CHEMBL294034,IC50,1
COc1cc2ncnc(Nc3ccc(F)c(Cl)c3)c2cc1OC[C@@H](O)CN1CCOCC1,7.02,CHEMBL1744086,IC50,1
COc1cc2ncnc(Nc3ccc(F)c(Cl)c3)c2cc1OC[C@H](O)CN1CCOCC1,7.17,CHEMBL1788321,IC50,1
COc1cc2ncnc(Nc3ccc(F)cc3)c2cc1OC,7.073333333333333,CHEMBL1203934,IC50,1
COc1cc2ncnc(Nc3ccc(O)cc3)c2cc1OC,7.0,CHEMBL555201,IC50,1
COc1cc2ncnc(Nc3ccc(OCc4ccccn4)c(C)c3)c2cc1OC,7.23,CHEMBL371888,IC50,1
COc1cc2ncnc(Nc3ccc4c(c3)CCC4)c2cc1OC,6.22,CHEMBL555797,IC50,0
COc1cc2ncnc(Nc3cccc(Br)c3)c2c(OC)c1OC,9.17,CHEMBL317925,IC50,1
COc1cc2ncnc(Nc3cccc(Br)c3)c2cc1N,8.42,CHEMBL96780,IC50,1
COc1cc2ncnc(Nc3cccc(Br)c3)c2cc1OC,9.161666666666667,CHEMBL29197,IC50,1
COc1cc2ncnc(Nc3cccc(Br)c3)c2cc1[N+](=O)[O-],7.82,CHEMBL65038,IC50,1
COc1cc2ncnc(Nc3cccc(Br)c3)c2cn1,7.41,CHEMBL53375,IC50,1
COc1cc2ncnc(Nc3cccc(C#CC(C)(C)O)c3)c2cc1OC,6.69,CHEMBL248864,IC50,1
COc1cc2ncnc(Nc3cccc(C#CCCCO)c3)c2cc1OC,5.87,CHEMBL437197,IC50,0
COc1cc2ncnc(Nc3cccc(C#CCCO)c3)c2cc1OC,6.4,CHEMBL248674,IC50,0
COc1cc2ncnc(Nc3cccc(C#CCO)c3)c2cc1OC,5.78,CHEMBL399736,IC50,0
COc1cc2ncnc(Nc3cccc(C#Cc4ccccc4)c3)c2cc1OC,6.04,CHEMBL399735,IC50,0
COc1cc2ncnc(Nc3cccc(C(F)(F)F)c3)c2cc1OC,9.614999999999998,CHEMBL316064,IC50,1
COc1cc2ncnc(Nc3cccc(C)c3)c2cc1OC,8.3,CHEMBL56802,IC50,1
COc1cc2ncnc(Nc3cccc(Cl)c3)c2cc1OC,8.303333333333335,CHEMBL540068,IC50,1
COc1cc2ncnc(Nc3cccc(Cl)c3F)c2cc1CN(C(C)C)C(C)C(N)=O,7.3,CHEMBL208048,IC50,1
COc1cc2ncnc(Nc3cccc(Cl)c3F)c2cc1CN(C)C(C)C(=O)N(C)C,7.225,CHEMBL380006,IC50,1
COc1cc2ncnc(Nc3cccc(Cl)c3F)c2cc1CN(C)C(C)C(N)=O,7.8175,CHEMBL207687,IC50,1
COc1cc2ncnc(Nc3cccc(Cl)c3F)c2cc1CN(C)C(CN(C)C)C(N)=O,7.21,CHEMBL380889,IC50,1
COc1cc2ncnc(Nc3cccc(Cl)c3F)c2cc1CN(C)C(CO)C(N)=O,7.609999999999999,CHEMBL208286,IC50,1
COc1cc2ncnc(Nc3cccc(Cl)c3F)c2cc1CN(C)C1(C(N)=O)CCN(C(C)C)CC1,7.31,CHEMBL383246,IC50,1
COc1cc2ncnc(Nc3cccc(Cl)c3F)c2cc1CN(C)C1(C(N)=O)CCN(C)CC1,7.7250000000000005,CHEMBL207130,IC50,1
COc1cc2ncnc(Nc3cccc(Cl)c3F)c2cc1CN(C)C1(C(N)=O)CN(C(C)C)C1,7.755000000000001,CHEMBL425601,IC50,1
COc1cc2ncnc(Nc3cccc(Cl)c3F)c2cc1CN(C)C1(C(N)=O)CN(C)C1,7.85,CHEMBL207718,IC50,1
COc1cc2ncnc(Nc3cccc(Cl)c3F)c2cc1CN(C)C1CCNC1=O,7.43,CHEMBL378370,IC50,1
COc1cc2ncnc(Nc3cccc(Cl)c3F)c2cc1CN(C)CC(N)=O,7.525,CHEMBL379601,IC50,1
COc1cc2ncnc(Nc3cccc(Cl)c3F)c2cc1CN(CCN(C)C)C(C)C(N)=O,6.984999999999999,CHEMBL376967,IC50,1
COc1cc2ncnc(Nc3cccc(Cl)c3F)c2cc1CN1CC(C(N)=O)C1,6.91,CHEMBL207037,IC50,1
COc1cc2ncnc(Nc3cccc(Cl)c3F)c2cc1CN1CCC(C(N)=O)C1,6.96,CHEMBL380454,IC50,1
COc1cc2ncnc(Nc3cccc(Cl)c3F)c2cc1CN1CCC1C(N)=O,7.105,CHEMBL207246,IC50,1
COc1cc2ncnc(Nc3cccc(Cl)c3F)c2cc1CN1CCCC1,6.48,CHEMBL437885,IC50,0
COc1cc2ncnc(Nc3cccc(Cl)c3F)c2cc1CN1CCCC1C(=O)N(C)C,6.185,CHEMBL382822,IC50,0
COc1cc2ncnc(Nc3cccc(Cl)c3F)c2cc1CN1CCCC1C(N)=O,7.595,CHEMBL208292,IC50,1
COc1cc2ncnc(Nc3cccc(Cl)c3F)c2cc1CN1CCCCC1C(N)=O,7.609999999999999,CHEMBL206783,IC50,1
COc1cc2ncnc(Nc3cccc(Cl)c3F)c2cc1CN1CCC[C@H]1CC(N)=O,6.83,CHEMBL377772,IC50,1
COc1cc2ncnc(Nc3cccc(Cl)c3F)c2cc1CN1CCN(C)CC1C(N)=O,7.31,CHEMBL204420,IC50,1
COc1cc2ncnc(Nc3cccc(Cl)c3F)c2cc1CN1CCOCC1C(N)=O,7.175,CHEMBL207674,IC50,1
COc1cc2ncnc(Nc3cccc(Cl)c3F)c2cc1CN1C[C@H](OC)CC1C(N)=O,7.8,CHEMBL207235,IC50,1
COc1cc2ncnc(Nc3cccc(Cl)c3F)c2cc1CNC(C)C(N)=O,6.87,CHEMBL380386,IC50,1
COc1cc2ncnc(Nc3cccc(Cl)c3F)c2cc1OC1CCN(C)CC1,8.19,CHEMBL214798,IC50,1
COc1cc2ncnc(Nc3cccc(Cl)c3F)c2cc1OC1CCN(CC(N)=O)CC1,8.55,CHEMBL218677,IC50,1
COc1cc2ncnc(Nc3cccc(Cl)c3F)c2cc1OC1CCN(S(C)(=O)=O)CC1,8.425,CHEMBL387265,IC50,1
COc1cc2ncnc(Nc3cccc(Cl)c3F)c2cc1OCC1CCN(C)CC1,8.26,CHEMBL213874,IC50,1
COc1cc2ncnc(Nc3cccc(Cl)c3F)c2cc1OCCCN1CCOCC1,7.715,CHEMBL385479,IC50,1
COc1cc2ncnc(Nc3cccc(F)c3)c2cc1OC,7.895,CHEMBL541586,IC50,1
COc1cc2ncnc(Nc3cccc(I)c3)c2cc1OC,8.3,CHEMBL96065,IC50,1
COc1cc2ncnc(Nc3cccc(NC(=O)c4ccccc4)c3)c2cc1OC,5.25,CHEMBL186802,IC50,0
COc1cc2ncnc(Nc3cccc(NC(=O)c4ccccc4)c3F)c2cc1OC,5.55,CHEMBL182397,IC50,0
COc1cc2ncnc(Nc3ccccc3)c2cc1OC,7.4175,CHEMBL542484,IC50,1
COc1cc2ncnc(Nc3ccccc3Br)c2cc1OC,6.89,CHEMBL92174,IC50,1
COc1cc2ncnc(Nc3ccccc3F)c2cc1OC,7.376666666666666,CHEMBL1204360,IC50,1
COc1cc2ncnc(Nc3ccccc3N)c2cn1,5.43,CHEMBL408105,IC50,0
COc1cc2ncnc(Nc3cnc4ccccc4n3)c2cc1OC,6.11,CHEMBL330668,IC50,0
COc1cc2ncnc(Nc3cncc4ccccc34)c2cc1OC,7.3149999999999995,CHEMBL329867,IC50,1
COc1cc2ncnc(Nc3nccc4ccccc34)c2cc1OC,6.225,CHEMBL330323,IC50,0
COc1cc2ncnc(Nc3nnc4ccccc4n3)c2cc1OC,6.09,CHEMBL90541,IC50,0
COc1cc2ncnc(Oc3cccc(Br)c3)c2cc1OC,7.16,CHEMBL98798,IC50,1
COc1cc2ncnc(Oc3cccc(Cl)c3)c2cc1OC,7.7,CHEMBL135853,IC50,1
COc1cc2ncnc(Sc3cccc(Cl)c3)c2cc1OC,8.0,CHEMBL135902,IC50,1
COc1cc2sc3c(Nc4cccc(Br)c4)ncnc3c2cc1OC,6.35,CHEMBL544865,IC50,0
COc1ccc(-c2[nH]nc3ncnc(Nc4cccc(Cl)c4)c23)cc1,6.42,CHEMBL332971,IC50,0
COc1ccc(-c2cn(-c3ccccc3)c3ncnc(N)c23)cc1,6.46,CHEMBL176705,IC50,0
COc1ccc(-c2cn(C3CCCC3)c3ncnc(N)c23)cc1,6.24,CHEMBL170724,IC50,0
COc1ccc(/C=C(\C#N)c2cccnc2)cc1OC,6.16,CHEMBL67027,IC50,0
COc1ccc(/C=C/c2cnc3cc(OC)c(OC)cc3c2)cc1,4.7,CHEMBL66101,IC50,0
COc1ccc(C#CC(C)(C)N)cc1-c1[nH]nc2nc(Nc3ccc(F)cc3F)ncc12,5.28,CHEMBL370808,IC50,0
COc1ccc(C#CC(C)(C)N)cc1C(=O)c1ccc(Nc2ccc(F)cc2F)cc1,5.21,CHEMBL419409,IC50,0
COc1ccc(C(=O)N(C)[C@H]2C[C@@H]3O[C@](C)([C@H]2OC)n2c4ccccc4c4c5c(c6c7ccccc7n3c6c42)C(=O)NC5)cc1,5.44,CHEMBL132169,IC50,0
COc1ccc(C=C2C(=O)Nc3ccc(Cl)cc32)cc1C(C)(C)C,4.71,CHEMBL86326,IC50,0
COc1ccc(CC(CO)n2cc(-c3cccc(O)c3)c3c(N)ncnc32)cc1,5.47,CHEMBL169467,IC50,0
COc1ccc(CC(CO)n2cc(-c3cccc(OC)c3)c3c(N)ncnc32)cc1,5.01,CHEMBL168555,IC50,0
COc1ccc(CC(CO)n2cc(-c3ccccc3)c3c(N)ncnc32)cc1,4.84,CHEMBL171256,IC50,0
COc1ccc(CCNC(=O)C(C#N)=Cc2ccc(O)c(O)c2)cc1OC,5.77,CHEMBL56455,IC50,0
COc1ccc(CNc2[nH]nc3ncnc(Nc4cccc(Cl)c4)c23)cc1,7.925000000000001,CHEMBL122245,IC50,1
COc1ccc(CNc2cc3c(Nc4cccc(Br)c4)ncnc3cn2)cc1,8.635000000000002,CHEMBL53299,IC50,1
COc1ccc(CNc2ncnc3ccccc23)cc1,5.0,CHEMBL116919,IC50,0
COc1ccc(N(CCCl)CCN=NNc2ccc3ncnc(Nc4cccc(Cl)c4)c3c2)cc1,5.4,CHEMBL388286,IC50,0
COc1ccc(N(CCN=NNc2ccc3ncnc(Nc4cccc(Cl)c4)c3c2)CC(C)Cl)cc1,6.01,CHEMBL225721,IC50,0
COc1ccc(N2Cc3cnc(Nc4ccc(F)cc4)nc3N([C@@H]3CC[C@@H](O)C3)C2=O)cc1,6.26,CHEMBL606964,IC50,0
COc1ccc(NC(=O)C(C#N)=Cc2ccc(O)c(O)c2)c(OC)c1,5.185,CHEMBL57251,IC50,0
COc1ccc(NC(=O)Nc2nc3nc(NCCCN4CCN(C)CC4)ncc3cc2-c2c(Cl)cccc2Cl)cc1,6.14,CHEMBL298679,IC50,0
COc1ccc(Nc2[nH]nc3ncnc(Nc4cccc(Cl)c4)c23)cc1,6.67,CHEMBL122411,IC50,1
COc1ccc(Nc2cc3c(cc2Nc2ccccc2)C(=O)NC3=O)cc1,5.225,CHEMBL8095,IC50,0
COc1ccc(Nc2ccnc3cc(OC)c(OC)cc23)cc1OC,4.09,CHEMBL98137,IC50,0
COc1ccc(Nc2ncc3cc(-c4c(Cl)cccc4Cl)c(=O)n(C)c3n2)cc1,6.66,CHEMBL104153,IC50,1
COc1ccc(Nc2ncc3cc(-c4c(Cl)cccc4Cl)c(=O)n(C)c3n2)cc1C,6.6,CHEMBL113023,IC50,1
COc1ccc(Nc2ncc3cc(-c4c(Cl)cccc4Cl)c(=O)n(C)c3n2)cn1,5.89,CHEMBL111365,IC50,0
COc1ccc(Nc2ncnc3cc(N)ncc23)cc1,6.17,CHEMBL128001,IC50,0
COc1ccc(Nc2ncnc3cc(OC)c(OC)cc23)cc1,6.6,CHEMBL542733,IC50,1
COc1ccc(Nc2ncnc3cc(OC)c(OC)cc23)cc1OC,6.005,CHEMBL100714,IC50,0
COc1ccc(Nc2ncnc3cccc(OC4CCN(C)CC4)c23)cc1Cl,5.75,CHEMBL197525,IC50,0
COc1ccc(Nc2ncnc3ccncc23)c(N)c1,6.17,CHEMBL407591,IC50,0
COc1ccc2[nH]c3ncnc(Nc4cccc(Br)c4)c3c2c1,8.405,CHEMBL153206,IC50,1
COc1ccc2c(C(=O)Nc3ccccc3)c(SSc3c(C(=O)Nc4ccccc4)c4ccc(OC)cc4n3C)n(C)c2c1,5.44,CHEMBL60472,IC50,0
COc1ccc2c(NCc3ccccc3)ncnc2c1,7.24,CHEMBL326596,IC50,1
COc1ccc2c(N[C@@H]3C[C@H]3c3ccccc3)c(C#N)cnc2c1,6.17,CHEMBL248045,Ki,0
COc1ccc2c(Nc3cccc(Br)c3)ncnc2c1,8.0,CHEMBL93181,IC50,1
COc1ccc2c(Nc3cccc(Br)c3)ncnc2n1,6.58,CHEMBL301549,IC50,1
COc1ccc2c(Nc3ccccc3)ncnc2c1,6.92,CHEMBL92398,IC50,1
COc1ccc2c(c1)CNc1c(NCc3ccccc3)ncnc1O2,5.385,CHEMBL204335,IC50,0
COc1ccc2c(c1)CNc1c(Nc3ccc(Cl)cc3)ncnc1O2,5.24,CHEMBL205454,IC50,0
COc1ccc2c(c1)CNc1c(Nc3ccc(F)c(Cl)c3)ncnc1O2,5.835,CHEMBL426124,IC50,0
COc1ccc2c(c1)CNc1c(Nc3cccc(-c4ccccc4)c3)ncnc1O2,5.01,CHEMBL206370,IC50,0
COc1ccc2c(c1)CNc1c(Nc3cccc(Br)c3)ncnc1O2,5.755,CHEMBL383444,IC50,0
COc1ccc2c(c1)CNc1c(Nc3ccccc3)ncnc1O2,5.12,CHEMBL383121,IC50,0
COc1ccc2c(c1)Oc1ncnc(Nc3ccc(F)c(Cl)c3)c1NC2,5.525,CHEMBL206347,IC50,0
COc1ccc2c(c1)Oc1ncnc(Nc3cccc(Br)c3)c1NC2,5.619999999999999,CHEMBL204715,IC50,0
COc1ccc2c(c1)sc1c(Nc3cccc(Br)c3)ncnc12,7.1,CHEMBL346846,IC50,1
COc1ccc2cncnc2c1,8.0,CHEMBL300491,IC50,1
COc1ccc2ncc(C#N)c(N[C@@H]3C[C@H]3c3ccccc3)c2c1,5.76,CHEMBL401644,Ki,0
COc1ccc2ncnc(NCc3ccccc3)c2c1,6.7,CHEMBL332938,IC50,1
COc1ccc2ncnc(Nc3cc(OC)c(OC)c(OC)c3)c2c1,7.0,CHEMBL542729,IC50,1
COc1ccc2ncnc(Nc3ccc(F)c(Cl)c3)c2c1OC1CCN(C)CC1,6.65,CHEMBL203936,IC50,1
COc1ccc2ncnc(Nc3ccc(OCc4ccccc4)cc3)c2c1,7.17,CHEMBL15202,IC50,1
COc1ccc2ncnc(Nc3cccc(Br)c3)c2c1,6.9875,CHEMBL52197,IC50,1
COc1ccc2ncnc(Nc3cccc(Br)c3)c2c1OC,5.86,CHEMBL96627,IC50,0
COc1ccc2ncnc(Nc3cccc(Br)c3)c2n1,8.366666666666665,CHEMBL50519,IC50,1
COc1ccc2ncnc(Nc3ccccc3)c2c1,7.1433333333333335,CHEMBL328879,IC50,1
COc1ccc2ncncc2c1,7.52,CHEMBL52472,IC50,1
COc1cccc(-c2ccc3c(C=c4[nH]c5c(c4=CCC(=O)O)CCCC5)c(O)[nH]c3c2)c1,5.05,CHEMBL432941,IC50,0
COc1cccc(-c2ccc3c(C=c4[nH]cc(C)c4=CCC(=O)O)c(O)[nH]c3c2)c1,4.31,CHEMBL450622,IC50,0
COc1cccc(-c2cn(-c3ccc(CC(=O)NCCO)cc3)c3ncnc(N)c23)c1,6.1,CHEMBL175409,IC50,0
COc1cccc(-c2cn(-c3ccc(CCN(C)CCO)cc3)c3ncnc(N)c23)c1,5.76,CHEMBL105436,IC50,0
COc1cccc(-c2cn(-c3ccc(CNCCO)cc3)c3ncnc(N)c23)c1,5.855,CHEMBL424375,IC50,0
COc1cccc(-c2cn(-c3cccc(CO)c3)c3ncnc(N)c23)c1,6.1,CHEMBL176815,IC50,0
COc1cccc(-c2cn(-c3ccccc3)c3ncnc(N)c23)c1,6.3,CHEMBL172973,IC50,0
COc1cccc(-c2cn(C3CC(C(=O)NCCO)C3)c3ncnc(N)c23)c1,6.48,CHEMBL354310,IC50,0
COc1cccc(-c2cn(C3CC(CNCCO)C3)c3ncnc(N)c23)c1,6.31,CHEMBL168550,IC50,0
COc1cccc(-c2cn(C3CC(CO)C3)c3ncnc(N)c23)c1,6.38,CHEMBL352801,IC50,0
COc1cccc(-c2cn(C3CCC3)c3ncnc(N)c23)c1,6.35,CHEMBL355191,IC50,0
COc1cccc(-c2cn(C3CCCC3)c3ncnc(N)c23)c1,6.34,CHEMBL168382,IC50,0
COc1cccc(-c2cn(C3CCN(C(=O)OC(C)(C)C)C3)c3ncnc(N)c23)c1,5.68,CHEMBL168656,IC50,0
COc1cccc(-c2cn(C3CCN(CC(=O)N(C)C)CC3)c3ncnc(N)c23)c1,6.12,CHEMBL355269,IC50,0
COc1cccc(-c2cn(C3CCN(CC(N)=O)C3)c3ncnc(N)c23)c1,6.36,CHEMBL355322,IC50,0
COc1cccc(-c2cn(C3CCN(CC(N)=O)CC3)c3ncnc(N)c23)c1,6.46,CHEMBL169064,IC50,0
COc1cccc(-c2cn(C3CCN(CCN(C)CCO)CC3)c3ncnc(N)c23)c1,5.82,CHEMBL168661,IC50,0
COc1cccc(-c2cn(C3CCN(CCO)CC3)c3ncnc(N)c23)c1,6.05,CHEMBL169200,IC50,0
COc1cccc(-c2cn(C3CCNC3)c3ncnc(N)c23)c1,5.95,CHEMBL169519,IC50,0
COc1cccc(CNc2[nH]nc3ncnc(Nc4cccc(Cl)c4)c23)c1,7.4,CHEMBL123189,IC50,1
COc1cccc(CNc2ncnc3c2NCc2cc(OC)c(OC)cc2N3)c1,5.515,CHEMBL216039,IC50,0
COc1cccc(CNc2ncnc3cc(N)ncc23)c1,5.54,CHEMBL332173,IC50,0
COc1cccc(Nc2[nH]nc3ncnc(Nc4cccc(Cl)c4)c23)c1,7.1,CHEMBL120979,IC50,1
COc1cccc(Nc2ncc3cc(-c4c(Cl)cccc4Cl)c(=O)n(C)c3n2)c1,7.52,CHEMBL111197,IC50,1
COc1cccc(Nc2ncnc3[nH]c(C)c(C)c23)c1,5.92,CHEMBL73301,IC50,0
COc1cccc(Nc2ncnc3[nH]c4c(c23)CCCC4)c1,6.07,CHEMBL431191,IC50,0
COc1cccc(Nc2ncnc3cc(N)ncc23)c1,6.89,CHEMBL334173,IC50,1
COc1cccc(Nc2ncnc3ccccc23)c1,6.08,CHEMBL117697,IC50,0
COc1cccc(Nc2ncnc3ccncc23)c1N,6.88,CHEMBL441335,IC50,1
COc1cccc2c(C(=O)Nc3ccccc3)c(SSc3c(C(=O)Nc4ccccc4)c4cccc(OC)c4n3C)n(C)c12,5.19,CHEMBL292323,IC50,0
COc1cccc2c(Nc3cccc(Br)c3)ncnc12,6.01,CHEMBL289787,IC50,0
COc1cccc2c1sc1c(Nc3cccc(Br)c3)ncnc12,7.9,CHEMBL555921,IC50,1
COc1cccc2ncnc(NCc3ccccc3)c12,5.31,CHEMBL330882,IC50,0
COc1cccc2ncnc(Nc3ccc(OCc4ccccn4)c(Cl)c3)c12,6.36,CHEMBL194389,IC50,0
COc1cccc2ncnc(Nc3cccc(Br)c3)c12,6.86,CHEMBL119033,IC50,1
COc1cccc2sc3c(Nc4cccc(Br)c4)ncnc3c12,7.7,CHEMBL542755,IC50,1
COc1ccccc1C(=O)Nc1cccc(Nc2nccc(-c3cccnc3)n2)c1,4.0,CHEMBL299707,IC50,0
COc1ccccc1CNc1ncnc2cc(N)ncc12,4.0,CHEMBL121709,IC50,0
COc1ccccc1CON=Cc1c(N)ncnc1Nc1ccc2c(cnn2Cc2cccc(F)c2)c1,7.33,CHEMBL255236,IC50,1
COc1ccccc1Nc1ncc2cc(-c3c(Cl)cccc3Cl)c(=O)n(C)c2n1,7.18,CHEMBL320705,IC50,1
COc1ccccc1Nc1ncnc2cc(N)ncc12,5.43,CHEMBL126101,IC50,0
COc1cn2ncnc(Nc3ccc4c(cnn4Cc4cccc(F)c4)c3)c2c1CN1CCC(N)CC1,7.4,CHEMBL391181,IC50,1
COc1cn2ncnc(Nc3ccc4c(cnn4Cc4cccc(F)c4)c3)c2c1CN1CCCNCC1,6.72,CHEMBL247711,IC50,1
COc1cn2ncnc(Nc3ccc4c(cnn4Cc4cccc(F)c4)c3)c2c1COC[C@@H]1CNCCO1,6.37,CHEMBL395883,IC50,0
COc1ncc2ncnc(Nc3cccc(Br)c3)c2n1,8.42,CHEMBL51854,IC50,1
COc1nccc(-c2c(-c3ccc(F)cc3)ncn2[C@H]2CC[C@H](O)CC2)n1,7.08,CHEMBL97162,IC50,1
CS(=O)(=O)CCC(=O)Nc1cccc(C#Cc2cncnc2Nc2ccc(OCc3cccc(F)c3)c(Cl)c2)c1,7.3,CHEMBL381080,IC50,1
CS(=O)(=O)CCN(CC#N)Cc1ccc(-c2ccc3ncnc(Nc4ccc(OCc5cccc(F)c5)c(Cl)c4)c3c2)o1,7.57,CHEMBL384407,IC50,1
CS(=O)(=O)CCN(CCCCOc1ccc2ncnc(Nc3ccc(OCc4ccccc4)cc3)c2c1)C(=O)C(F)(F)F,6.58,CHEMBL273789,IC50,1
CS(=O)(=O)CCN(Cc1ccccc1)Cc1ccc(-c2ccc3ncnc(Nc4ccc(OCc5cccc(F)c5)c(Cl)c4)c3c2)o1,7.05,CHEMBL445572,IC50,1
CS(=O)(=O)CCNC(=O)NCc1cccc(C#Cc2cncnc2Nc2ccc(OCc3cccc(F)c3)c(Cl)c2)n1,7.82,CHEMBL206029,IC50,1
CS(=O)(=O)CCNC(=O)O[C@H]1CN[C@H](C#Cc2cc3ncnc(Nc4ccc(OCc5cccc(F)c5)c(Cl)c4)c3s2)C1,7.4,CHEMBL504034,IC50,1
CS(=O)(=O)CCNC1CCN(Cc2ccn3ncnc(Nc4ccc5c(cnn5Cc5cccc(F)c5)c4)c23)CC1,6.7,CHEMBL246898,IC50,1
CS(=O)(=O)CCNCCCCOc1ccc2ncnc(Nc3ccc(F)c(Cl)c3)c2c1,7.425000000000001,CHEMBL460731,IC50,1
CS(=O)(=O)CCNCCCCOc1ccc2ncnc(Nc3ccc(OCc4cccc(F)c4)c(Cl)c3)c2c1,7.57,CHEMBL514436,IC50,1
CS(=O)(=O)CCNCCCCOc1ccc2ncnc(Nc3ccc(OCc4ccccc4)cc3)c2c1,7.13,CHEMBL15346,IC50,1
CS(=O)(=O)CCNCCCCOc1ccc2ncnc(Nc3ccc(S(=O)(=O)c4ccccc4)cc3)c2c1,7.03,CHEMBL460732,IC50,1
CS(=O)(=O)CCNCCCCOc1ccc2ncnc(Nc3ccc4c(cnn4Cc4cccc(F)c4)c3)c2c1,6.91,CHEMBL493428,IC50,1
CS(=O)(=O)CCNCCCOc1ccc2ncnc(Nc3ccc(OCc4ccccc4)cc3)c2c1,6.98,CHEMBL14952,IC50,1
CS(=O)(=O)CCNCc1ccc(-c2ccc3ncnc(Nc4ccc(OCc5cccc(Br)c5)cc4)c3c2)o1,7.37,CHEMBL384711,IC50,1
CS(=O)(=O)CCNCc1ccc(-c2ccc3ncnc(Nc4ccc(OCc5cccc(C(F)(F)F)c5)cc4)c3c2)o1,7.04,CHEMBL214419,IC50,1
CS(=O)(=O)CCNCc1ccc(-c2ccc3ncnc(Nc4ccc(OCc5cccc(F)c5)c(C(F)(F)F)c4)c3c2)o1,7.1,CHEMBL215814,IC50,1
CS(=O)(=O)CCNCc1ccc(-c2ccc3ncnc(Nc4ccc(OCc5cccc(F)c5)c(Cl)c4)c3c2)o1,8.096,CHEMBL554,IC50,1
CS(=O)(=O)CCNCc1ccc(-c2ccc3ncnc(Nc4ccc(OCc5cccc(F)c5)cc4)c3c2)o1,7.62,CHEMBL213818,IC50,1
CS(=O)(=O)CCNCc1ccc(-c2ccc3ncnc(Nc4ccc(OCc5ccccc5)c(Br)c4)c3c2)o1,7.6,CHEMBL214689,IC50,1
CS(=O)(=O)CCNCc1ccc(-c2ccc3ncnc(Nc4ccc(OCc5ccccc5)c(C(F)(F)F)c4)c3c2)o1,6.8,CHEMBL387207,IC50,1
CS(=O)(=O)CCNCc1ccc(-c2ccc3ncnc(Nc4ccc(OCc5ccccc5)c(Cl)c4)c3c2)o1,7.75,CHEMBL380247,IC50,1
CS(=O)(=O)CCNCc1ccc(-c2ccc3ncnc(Nc4ccc(OCc5ccccc5)cc4)c3c2)o1,7.57,CHEMBL213342,IC50,1
CS(=O)(=O)CCNc1nc(-c2ccc3ncnc(Nc4ccc(F)c(Cl)c4)c3c2)cs1,6.85,CHEMBL157084,IC50,1
CS(=O)(=O)CCNc1nc(-c2ccc3ncnc(Nc4ccc(OCc5cccc(C(F)(F)F)c5)cc4)c3c2)cs1,5.51,CHEMBL269620,IC50,0
CS(=O)(=O)CCNc1nc(-c2ccc3ncnc(Nc4ccc(OCc5cccc(F)c5)c(Cl)c4)c3c2)cs1,7.55,CHEMBL155761,IC50,1
CS(=O)(=O)CCNc1nc(-c2ccc3ncnc(Nc4ccc(OCc5ccccc5)c(Cl)c4)c3c2)cs1,7.369999999999999,CHEMBL160846,IC50,1
CS(=O)(=O)CCNc1nc(-c2ccc3ncnc(Nc4ccc(OCc5ccccc5)cc4)c3c2)cs1,6.445,CHEMBL422347,IC50,0
CS(=O)(=O)CCNc1nc(-c2ccc3ncnc(Nc4ccc5c(cnn5Cc5ccccc5)c4)c3c2)cs1,7.055,CHEMBL160303,IC50,1
CS(=O)(=O)CCOCc1ccc(-c2ccc3ncnc(Nc4ccc(OCc5cccc(F)c5)c(Cl)c4)c3c2)o1,7.58,CHEMBL215171,IC50,1
CS(=O)(=O)N1CCCN(Cc2ccn3ncnc(Nc4ccc5c(cnn5Cc5cccc(F)c5)c4)c23)CC1,6.68,CHEMBL400413,IC50,1
CS(=O)(=O)N1CCC[C@@H]1C#Cc1cc2ncnc(Nc3ccc(OCc4cccc(F)c4)c(Cl)c3)c2s1,6.92,CHEMBL495733,IC50,1
CS(=O)(=O)Nc1ccc2c(c1)CNc1c(Nc3cccc(Br)c3)ncnc1O2,5.275,CHEMBL382186,IC50,0
CS(=O)(=O)Nc1cccc(C#Cc2cncnc2Nc2ccc(OCc3cccc(F)c3)c(Cl)c2)c1,6.96,CHEMBL208358,IC50,1
CS(=O)(=O)O[C@H]1CN[C@H](C#Cc2cc3ncnc(Nc4ccc(OCc5cccc(F)c5)c(Cl)c4)c3s2)C1,7.09,CHEMBL500115,IC50,1
CSCc1cc(C=C2C(=O)Nc3ccccc32)cc(CSC)c1O,6.4,CHEMBL522116,IC50,0
C[C@@H](CN(C)C(=O)CO)Oc1cccc2ncnc(Nc3ccc(OCc4ccccn4)c(Cl)c3)c12,6.72,CHEMBL413987,IC50,1
C[C@@H](COc1cccc2ncnc(Nc3ccc(OCc4ccccn4)c(Cl)c3)c12)N(C)C(=O)CO,5.59,CHEMBL403785,IC50,0
C[C@@H](Nc1ncnc2[nH]c(-c3ccccc3)cc12)c1ccccc1,8.0,CHEMBL105053,IC50,1
C[C@@H](Nc1ncnc2c1[nH]c1ccccc12)c1ccccc1,6.38,CHEMBL102651,IC50,0
C[C@@H](Nc1ncnc2c1sc1ccccc12)c1ccccc1,6.27,CHEMBL103014,IC50,0
C[C@@H](O)c1c(O)cc2c(c1O)C(=O)c1c(O)cc(O)cc1C2=O,4.43,CHEMBL524820,IC50,0
C[C@@H](c1cccc(F)c1)n1ncc2cc(Nc3ncnn4ccc(COC[C@@H]5CNCCO5)c34)ccc21,6.4,CHEMBL397122,IC50,0
C[C@@H](c1ccccc1)n1ncc2cc(Nc3ncnn4ccc(COC[C@@H]5CNCCO5)c34)ccc21,6.16,CHEMBL245277,IC50,0
C[C@H](CN(C)C(=O)CO)Oc1cccc2ncnc(Nc3ccc(OCc4ccccn4)c(Cl)c3)c12,8.7,CHEMBL250132,IC50,1
C[C@H](COc1cccc2ncnc(Nc3ccc(OCc4ccccn4)c(Cl)c3)c12)N(C)C(=O)CO,8.52,CHEMBL250130,IC50,1
C[C@H](Nc1cc(-c2sc(C3CCN(C)CC3)nc2-c2ccc(F)cc2)ccn1)c1ccccc1,6.0600000000000005,CHEMBL2111784,IC50,0
C[C@H](Nc1ncnc2c1[nH]c1ccccc12)c1ccccc1,6.84,CHEMBL2093928,IC50,1
C[C@H](Nc1ncnc2c1sc1ccccc12)c1ccccc1,6.27,CHEMBL3085277,IC50,0
C[C@H](c1cccc(F)c1)n1ncc2cc(Nc3ncnn4ccc(COC[C@@H]5CNCCO5)c34)ccc21,7.17,CHEMBL245278,IC50,1
C[C@H](c1ccccc1)n1ncc2cc(Nc3ncnn4ccc(COC[C@@H]5CNCCO5)c34)ccc21,6.92,CHEMBL394495,IC50,1
C[S+]([O-])c1cc(NCc2c[nH]cn2)cc2c(Nc3ccc(F)c(Cl)c3)c(C#N)cnc12,5.3,CHEMBL242206,IC50,0
C[S+]([O-])c1ccc(-c2nc(-c3ccc(F)cc3)c(-c3ccncc3)[nH]2)cc1,4.779999999999999,CHEMBL10,IC50,0
Cc1[nH]c(=O)c2c(ccc3[nH]c(Nc4c(Cl)cccc4Cl)nc32)c1C,4.0,CHEMBL27085,IC50,0
Cc1[nH]c2ncnc(N(C)c3cccc(Cl)c3)c2c1C,6.3,CHEMBL76444,IC50,0
Cc1[nH]c2ncnc(NC3CCCCC3)c2c1C,5.16,CHEMBL4106341,IC50,0
Cc1[nH]c2ncnc(NCc3ccccc3)c2c1C,5.97,CHEMBL421686,IC50,0
Cc1[nH]c2ncnc(Nc3cc(Cl)cc(Cl)c3)c2c1C,6.77,CHEMBL73406,IC50,1
Cc1[nH]c2ncnc(Nc3ccc(F)cc3)c2c1C,6.25,CHEMBL73710,IC50,0
Cc1[nH]c2ncnc(Nc3cccc(Br)c3)c2c1C,6.71,CHEMBL74722,IC50,1
Cc1[nH]c2ncnc(Nc3cccc(C#N)c3)c2c1C,6.7,CHEMBL75208,IC50,1
Cc1[nH]c2ncnc(Nc3cccc(C(=O)O)c3)c2c1C,4.79,CHEMBL431001,IC50,0
Cc1[nH]c2ncnc(Nc3cccc(C(F)(F)F)c3)c2c1C,5.72,CHEMBL306029,IC50,0
Cc1[nH]c2ncnc(Nc3cccc(Cl)c3)c2c1-c1ccccc1,5.93,CHEMBL308593,IC50,0
Cc1[nH]c2ncnc(Nc3cccc(Cl)c3)c2c1C,6.22,CHEMBL306081,IC50,0
Cc1[nH]c2ncnc(Nc3cccc(F)c3)c2c1C,6.26,CHEMBL308582,IC50,0
Cc1[nH]c2ncnc(Nc3cccc(O)c3)c2c1C,5.9,CHEMBL74778,IC50,0
Cc1[nH]c2ncnc(Nc3ccccc3)c2c1C,5.72,CHEMBL75049,IC50,0
Cc1[nH]c2ncnc(Nc3ccccc3Cl)c2c1C,4.12,CHEMBL73625,IC50,0
Cc1[nH]c2ncnc(Oc3cccc(Cl)c3)c2c1C,5.6,CHEMBL76116,IC50,0
Cc1c(-c2ccccc2)[nH]c2ncnc(Nc3cccc(Cl)c3)c12,6.609999999999999,CHEMBL311129,IC50,1
Cc1c(C)n(-c2ccccc2)c2ncnc(N)c12,5.57,CHEMBL319540,IC50,0
Cc1c[nH]c(=Cc2c(O)[nH]c3cccc(C)c23)c1=CCC(=O)O,4.54,CHEMBL147761,IC50,0
Cc1c[nH]c2ccc(Nc3ncnc4cc(-c5ccccc5)sc34)cc12,8.3,CHEMBL310827,IC50,1
Cc1cc(C)c(C(=O)C(C#N)=Cc2ccc(O)c(O)c2)c(C)c1,4.77,CHEMBL55993,IC50,0
Cc1cc(C)c(C)c(-c2cc3cnc(N)nc3nc2NC(=O)NC(C)(C)C)c1C,5.17,CHEMBL56236,IC50,0
Cc1cc(C)c(C)c(-c2cc3cnc(NCCCN4CCN(C)CC4)nc3nc2NC(=O)NC(C)(C)C)c1C,5.16,CHEMBL75188,IC50,0
Cc1cc(C)c(NC(=O)C(C#N)=Cc2ccc(O)c(O)c2)c(C)c1,4.72,CHEMBL141238,IC50,0
Cc1cc(C)cc(COC(=O)c2cc(NCc3cc(O)ccc3O)ccc2O)c1,5.66,CHEMBL169356,IC50,0
Cc1cc(C=C(C#N)C#N)cc(O)c1O,4.64,CHEMBL116423,IC50,0
Cc1cc(C=C2C(=O)Nc3ncnc(Nc4ccc(F)c(Cl)c4)c32)[nH]c1C(=O)N1CCN(C)CC1,6.68,CHEMBL69964,IC50,1
Cc1cc(N2CCOCC2)cc2[nH]c(-c3c(NC[C@@H](O)c4cccc(Cl)c4)cc[nH]c3=O)nc12,5.8,CHEMBL401930,IC50,0
Cc1cc(Nc2ncc(C(=O)Nc3c(C)cccc3Cl)s2)nc(C)n1,5.28,CHEMBL364623,IC50,0
Cc1cc(Nc2ncnc3[nH]nc(OCCN4CCC(O)CC4)c23)ccc1OCc1ccccn1,7.75,CHEMBL403435,IC50,1
Cc1cc2c(Nc3ccc(C)c(O)c3)ncnn2c1,6.19,CHEMBL184750,IC50,0
Cc1cc2c(Nc3ccc(F)c(Cl)c3)ncnn2c1,6.82,CHEMBL186080,IC50,1
Cc1cc2cc(Nc3ccnc4cc(-c5ccc(CN(C)CCO)cc5)sc34)ccc2[nH]1,6.85,CHEMBL81375,IC50,1
Cc1cc2cc(Nc3ccnc4cc(-c5ccc(CN6CCOCC6)cc5)sc34)ccc2[nH]1,5.9,CHEMBL311111,IC50,0
Cc1cc2cc(Nc3ccnc4cc(-c5ccc(CNCCCO)cc5)sc34)ccc2[nH]1,6.3,CHEMBL78700,IC50,0
Cc1cc2cc(Nc3ccnc4cc(-c5ccc(CNCCN6CCNCC6)cc5)sc34)ccc2[nH]1,6.6,CHEMBL79060,IC50,1
Cc1cc2cc(Nc3ccnc4cc(-c5ccc(CNCCO)cc5)sc34)ccc2[nH]1,6.0,CHEMBL80164,IC50,0
Cc1cc2cc(Nc3ccnc4cc(-c5ccc(CNCCOCCO)cc5)sc34)ccc2[nH]1,6.18,CHEMBL77342,IC50,0
Cc1cc2cc(Nc3ncnc4cc(-c5ccccc5)sc34)ccc2[nH]1,7.0,CHEMBL80302,IC50,1
Cc1ccc(C(=O)C(C#N)=Cc2ccc(O)c(O)c2)cc1,5.382,CHEMBL54471,IC50,0
Cc1ccc(F)c(C(=O)n2nc(Nc3ccc(S(N)(=O)=O)cc3)nc2C)c1F,4.34,CHEMBL363607,IC50,0
Cc1ccc(N(C(=O)c2ccccc2)C(=O)c2ccccc2)cc1Nc1nccc(-c2cccnc2)n1,4.12,CHEMBL277430,IC50,0
Cc1ccc(N(C)C(=O)c2ccccc2)cc1Nc1nccc(-c2cccnc2)n1,4.31,CHEMBL278287,IC50,0
Cc1ccc(NC(=O)c2ccc(CN3CCN(C)CC3)cc2)cc1-c1ccc2ccncc2c1,6.16,CHEMBL521887,IC50,0
Cc1ccc(NC(=O)c2ccccc2)cc1Nc1nccc(-c2cccnc2)n1,4.19,CHEMBL20926,IC50,0
Cc1ccc(Nc2cc3c(cc2Nc2ccc(C)cc2)C(=O)NC3=O)cc1,5.475,CHEMBL7914,IC50,0
Cc1ccc(Nc2ncc3cc(-c4c(Cl)cccc4Cl)c(=O)n(C)c3n2)cc1,6.32,CHEMBL111339,IC50,0
Cc1ccc(Nc2ncnc3[nH]c(C)c(C)c23)cc1,5.68,CHEMBL307599,IC50,0
Cc1ccc(Nc2ncnc3[nH]c4c(c23)CCCC4)cc1,6.96,CHEMBL74481,IC50,1
Cc1ccc(Nc2ncnn3c(C)ccc23)cc1O,4.53,CHEMBL187431,IC50,0
Cc1ccc(Nc2ncnn3cc(C)c(C)c23)cc1O,6.7,CHEMBL186001,IC50,1
Cc1ccc(Nc2ncnn3ccc(C)c23)cc1O,6.47,CHEMBL188522,IC50,0
Cc1ccc(Nc2ncnn3cccc23)cc1O,6.29,CHEMBL185853,IC50,0
Cc1ccc(Oc2ccc(Nc3ncnc4[nH]nc(OCCN5CCC(O)CC5)c34)cc2C)cn1,6.67,CHEMBL257872,IC50,1
Cc1ccc(Oc2ccc(Nc3ncnc4[nH]nc(OCCN5CCC(O)CC5)c34)cc2Cl)cn1,8.15,CHEMBL255170,IC50,1
Cc1ccc(Oc2ccc(Nc3ncnc4[nH]nc(OCCN5CCC(O)CC5)c34)cc2F)cn1,5.84,CHEMBL257873,IC50,0
Cc1ccc(Oc2ccc(Nc3ncnc4cccc(OC(C)C(=O)N(C)C)c34)cc2C)cn1,5.96,CHEMBL256362,IC50,0
Cc1ccc(Oc2ccc(Nc3ncnc4cccc(OC(C)C(=O)N(C)CCO)c34)cc2C)cn1,5.7,CHEMBL257478,IC50,0
Cc1ccc(S(=O)(=O)c2c(SSc3[nH]c4ccccc4c3S(=O)(=O)c3ccc(C)cc3)[nH]c3ccccc23)cc1,4.54,CHEMBL347854,IC50,0
Cc1ccc(SCC(CN(C)C)C(=O)c2ccc(OCc3ccccc3)cc2)cc1C,5.68,CHEMBL538507,IC50,0
Cc1ccc2[nH]c(SSc3[nH]c4ccc(C)cc4c3CCC(=O)O)c(CCC(=O)O)c2c1,5.08,CHEMBL83559,IC50,0
Cc1ccc2c(CCC(=O)O)c(SSc3[nH]c4cc(C)ccc4c3CCC(=O)O)[nH]c2c1,5.54,CHEMBL81480,IC50,0
Cc1ccc2c(Nc3ccc(F)c(Cl)c3)ncnn12,5.49,CHEMBL184311,IC50,0
Cc1cccc(-n2ncc3c(NCc4ccc5c(c4)OCO5)ncnc32)c1,4.82,CHEMBL206483,IC50,0
Cc1cccc(C)c1-c1cc(C)c2nc(Nc3ccc(OCCN4CCCC4)cc3)nnc2c1,6.01,CHEMBL436137,IC50,0
Cc1cccc(C)c1-c1cc2cnc(N)nc2nc1NC(=O)NC(C)(C)C,6.21,CHEMBL57323,IC50,0
Cc1cccc(C)c1NC(=O)C(C#N)=Cc1ccc(O)c(O)c1,5.09,CHEMBL55360,IC50,0
Cc1cccc(C)c1Nc1ncc(-c2ccc(OCC3CCCN(C)C3)cc2)n2cncc12,5.56,CHEMBL534948,IC50,0
Cc1cccc(Cl)c1NC(=O)c1cnc(NC(=O)C2CC2)s1,5.0,CHEMBL131577,IC50,0
Cc1cccc(N(C)c2ncnc3cc(C)c(C)cc23)c1,5.19,CHEMBL554566,IC50,0
Cc1cccc(Nc2cc(NCCO)ncn2)c1,9.0,CHEMBL415738,IC50,1
Cc1cccc(Nc2ncnc3[nH]c(C)c(C)c23)c1,6.24,CHEMBL307026,IC50,0
Cc1cccc(Nc2ncnc3[nH]c4c(c23)CCCC4)c1,6.09,CHEMBL307062,IC50,0
Cc1cccc(Nc2ncnc3[nH]nc(Nc4cccc(Cl)c4)c23)c1,6.855,CHEMBL120069,IC50,1
Cc1cccc(Nc2ncnc3c2sc2ccc(N)cc23)c1,7.845,CHEMBL155278,IC50,1
Cc1cccc(Nc2ncnc3c2sc2ccc([N+](=O)[O-])cc23)c1,7.96,CHEMBL544867,IC50,1
Cc1cccc(Nc2ncnc3cc(N)ncc23)c1,7.4,CHEMBL331792,IC50,1
Cc1cccc(Nc2ncnc3cc(NCCCCN(C)C)ncc23)c1,8.27,CHEMBL338215,IC50,1
Cc1cccc(Nc2ncnc3cc(NCCCN4CCN(C)CC4)ncc23)c1,8.25,CHEMBL341522,IC50,1
Cc1cccc(Nc2ncnc3cc(NCCCN4CCOCC4)ncc23)c1,8.03,CHEMBL129509,IC50,1
Cc1cccc(Nc2ncnc3cc(NCCCn4ccnc4)ncc23)c1,8.46,CHEMBL340898,IC50,1
Cc1cccc(Nc2ncnc3cc(NCCc4c[nH]cn4)ncc23)c1,8.14,CHEMBL340399,IC50,1
Cc1cccc(Nc2ncnc3ccc(N(C)C(=O)N(CCCl)N=O)cc23)c1,5.94,CHEMBL209818,IC50,0
Cc1cccc(Nc2ncnc3ccc(N)cc23)c1,6.0,CHEMBL336113,IC50,0
Cc1cccc(Nc2ncnc3ccc(N=NN(C)C)cc23)c1,7.62,CHEMBL133023,IC50,1
Cc1cccc(Nc2ncnc3ccc(NC(=O)N(C)CCCl)cc23)c1,5.77,CHEMBL208849,IC50,0
Cc1cccc(Nc2ncnc3ccc(NC(=O)N(CCCl)N=O)cc23)c1,5.97,CHEMBL210502,IC50,0
Cc1cccc(Nc2ncnc3ccc(NC(=O)NCCCl)cc23)c1,6.17,CHEMBL208240,IC50,0
Cc1cccc(Nc2ncnc3ccccc23)c1,6.04,CHEMBL441083,IC50,0
Cc1cccc(Nc2ncnc3ccncc23)c1N,7.39,CHEMBL405772,IC50,1
Cc1cccc(Nc2ncnc3ccncc23)c1NCCCCN(C)C,8.26,CHEMBL271587,IC50,1
Cc1cccc(Nc2ncnc3ccncc23)c1NCCCN1CCN(C)CC1,8.25,CHEMBL410253,IC50,1
Cc1cccc(Nc2ncnc3ccncc23)c1NCCCN1CCOCC1,8.03,CHEMBL271410,IC50,1
Cc1cccc(Nc2ncnc3ccncc23)c1NCCCn1ccnc1,8.45,CHEMBL271408,IC50,1
Cc1cccc(Nc2ncnc3cnc(Cl)nc23)c1,6.42,CHEMBL52823,IC50,0
Cc1cccc(Nc2ncnc3cnc(N(C)C)cc23)c1,8.55,CHEMBL163188,IC50,1
Cc1cccc(Nc2ncnc3cnc(N(C)C)nc23)c1,8.395,CHEMBL52829,IC50,1
Cc1cccc(Nc2ncnc3cnc(N)cc23)c1,8.51,CHEMBL165495,IC50,1
Cc1cccc(Nc2ncnc3cnc(N)nc23)c1,7.765,CHEMBL298931,IC50,1
Cc1cccc(Nc2ncnc3cnc(NCCCN4CCOCC4)cc23)c1,8.74,CHEMBL162508,IC50,1
Cc1cccc(Nc2ncnc3cnc(NCCN4CCOCC4)cc23)c1,8.26,CHEMBL165731,IC50,1
Cc1cccc(Nc2ncnc3cnc(NCCN4CCOCC4)nc23)c1,8.635000000000002,CHEMBL299881,IC50,1
Cc1cccc(Nc2ncnc3cnc(NCCc4c[nH]cn4)cc23)c1,8.89,CHEMBL161895,IC50,1
Cc1cccc(Nc2ncnc3cnc(NCCc4c[nH]cn4)nc23)c1,8.52,CHEMBL416307,IC50,1
Cc1cccc2c(CCC(=O)O)c(SSc3[nH]c4c(C)cccc4c3CCC(=O)O)[nH]c12,5.82,CHEMBL81664,IC50,0
Cc1ccccc1-c1cn(-c2ccccc2)c2ncnc(N)c12,5.58,CHEMBL174634,IC50,0
Cc1ccn2ncnc(Nc3ccc(F)c(Cl)c3)c12,7.0,CHEMBL188304,IC50,1
Cc1ccn2ncnc(Nc3ccc(OCc4cccc(F)c4)c(Cl)c3)c12,6.6,CHEMBL247101,IC50,1
Cc1ccn2ncnc(Nc3ccc4[nH]ncc4c3)c12,6.68,CHEMBL247100,IC50,1
Cc1ccn2ncnc(Nc3ccc4c(cnn4Cc4cccc(F)c4)c3)c12,7.09,CHEMBL427671,IC50,1
Cc1ccn2ncnc(Nc3ccc4c(cnn4Cc4ccccc4)c3)c12,7.07,CHEMBL429827,IC50,1
Cc1ccn2ncnc(Nc3ccc4c(cnn4Cc4ccccn4)c3)c12,6.7,CHEMBL394462,IC50,1
Cc1ccn2ncnc(Nc3ccc4c(cnn4Cc4cccnc4)c3)c12,5.75,CHEMBL394463,IC50,0
Cc1ccsc1C(=O)n1nc(Nc2ccc(S(N)(=O)=O)cc2)nc1N,5.08,CHEMBL363130,IC50,0
Cc1cncc(COc2ccc(Nc3ncnn4ccc(CN5CCC(N)CC5)c34)cc2Cl)c1,7.07,CHEMBL248115,IC50,1
Cc1cncc(Cn2ncc3cc(Nc4ncnn5ccc(CN6CCC(N)CC6)c45)ccc32)c1,7.72,CHEMBL248114,IC50,1
Cc1nc(Nc2cccc(Br)c2)c2cc(NCCN3CCOCC3)ncc2n1,6.93,CHEMBL165228,IC50,1
Cc1nc(Nc2ncc(C(=O)Nc3c(C)cccc3Cl)s2)cc(N2CCN(CCO)CC2)n1,6.75,CHEMBL5416410,IC50,1
Cc1nc2cc3[nH]cnc(Nc4cccc(Br)c4)c3cc2n1,9.54,CHEMBL426580,IC50,1
Cc1nnc(-c2cn3ncnc(Nc4cnc5[nH]ccc5c4)c3c2C(C)C)o1,6.82,CHEMBL258694,IC50,1
ClCCN(CCN=NNc1ccc2ncnc(Nc3cccc(Cl)c3)c2c1)Cc1ccccc1,7.15,CHEMBL225929,IC50,1
ClCCN(CCN=NNc1ccc2ncnc(Nc3cccc(Cl)c3)c2c1)c1ccc(Cl)cc1,5.66,CHEMBL225930,IC50,0
ClCCNc1ccc2ncnc(Nc3cccc(Br)c3)c2c1,8.0,CHEMBL181617,IC50,1
ClCCNc1ccc2ncnc(Nc3cccc(Cl)c3)c2c1,7.58,CHEMBL179451,IC50,1
Clc1cc(Nc2ncnc3[nH]nc(OCCCN4CCOCC4)c23)ccc1OCc1ccccn1,7.8,CHEMBL257859,IC50,1
Clc1cc(Nc2ncnc3[nH]nc(OCCN4CCCC4)c23)ccc1OCc1ccccn1,8.1,CHEMBL402553,IC50,1
Clc1cc(Nc2ncnc3[nH]nc(OCCN4CCNCC4)c23)ccc1OCc1ccccn1,8.1,CHEMBL257430,IC50,1
Clc1cc(Nc2ncnc3[nH]nc(OCCN4CCOCC4)c23)ccc1OCc1ccccn1,9.0,CHEMBL271705,IC50,1
Clc1cc(Nc2ncnc3cccc(OC4CCOCC4)c23)ccc1OCc1ccccn1,5.62,CHEMBL193578,IC50,0
Clc1cc(Nc2ncnc3nn4ccccc4c23)ccc1OCc1ccccc1,7.3,CHEMBL181742,IC50,1
Clc1cc2c(Nc3cccc(Br)c3)ncnc2cn1,7.395,CHEMBL296377,IC50,1
Clc1ccc(CNc2ncnc3ccccc23)cc1,5.16,CHEMBL117554,IC50,0
Clc1ccc(Nc2nnc(Cc3ccncc3)c3ccccc23)cc1,6.34,CHEMBL101253,IC50,0
Clc1ccc2c(c1)CNc1c(Nc3cccc(Br)c3)ncnc1O2,5.47,CHEMBL378145,IC50,0
Clc1ccc2c(c1Nc1ncnc3cc(OCCCN4CCCC4)cc(OC4CCOCC4)c13)OCO2,6.05,CHEMBL217090,IC50,0
Clc1ccc2ncnc(Nc3cccc(Br)c3)c2n1,7.745,CHEMBL291496,IC50,1
Clc1cccc(CNc2[nH]nc3ncnc(Nc4cccc(Cl)c4)c23)c1,6.7,CHEMBL333231,IC50,1
Clc1cccc(Nc2[nH]nc3ncnc(NCc4ccccc4)c23)c1,5.9399999999999995,CHEMBL119982,IC50,0
Clc1cccc(Nc2[nH]nc3ncnc(Nc4cccc(Br)c4)c23)c1,6.89,CHEMBL120319,IC50,1
Clc1cccc(Nc2[nH]nc3ncnc(Nc4ccccc4)c23)c1,6.54,CHEMBL121260,IC50,1
Clc1cccc(Nc2[nH]nc3ncnc(Oc4cccc(Cl)c4)c23)c1,4.62,CHEMBL334026,IC50,0
Clc1cccc(Nc2ncnc3[nH]c(-c4ccccc4)c(-c4ccccc4)c23)c1,6.27,CHEMBL307209,IC50,0
Clc1cccc(Nc2ncnc3[nH]c4c(c23)CCCC4)c1,7.23,CHEMBL75177,IC50,1
Clc1cccc(Nc2ncnc3[nH]c4ccccc4c23)c1,7.57,CHEMBL306315,IC50,1
Clc1cccc(Nc2ncnc3[nH]nc(-c4ccccc4)c23)c1,7.619999999999999,CHEMBL119977,IC50,1
Clc1cccc(Nc2ncnc3[nH]nc(NCc4ccccc4)c23)c1,8.335,CHEMBL121796,IC50,1
Clc1cccc(Nc2ncnc3[nH]nc(Nc4cccc(Cl)c4)c23)c1,6.54,CHEMBL333038,IC50,1
Clc1cccc(Nc2ncnc3ccccc23)c1,7.57,CHEMBL329672,IC50,1
Clc1ncc2ncnc(Nc3cccc(Br)c3)c2n1,7.085,CHEMBL53311,IC50,1
Clc1ncc2ncnc(Nc3ccccc3)c2n1,5.59,CHEMBL50027,IC50,0
Cn1c(=O)c(-c2c(Cl)cccc2Cl)cc2cnc(N)nc21,5.25,CHEMBL49596,IC50,0
Cn1c(=O)c(-c2c(Cl)cccc2Cl)cc2cnc(NCCCCCC(=O)O)nc21,6.0,CHEMBL113863,IC50,0
Cn1c(=O)c(-c2c(Cl)cccc2Cl)cc2cnc(Nc3ccc(CC(=O)O)cc3)nc21,6.66,CHEMBL50647,IC50,1
Cn1c(=O)c(-c2c(Cl)cccc2Cl)cc2cnc(Nc3ccc(CCCC(=O)O)cc3)nc21,7.1,CHEMBL113070,IC50,1
Cn1c(=O)c(-c2c(Cl)cccc2Cl)cc2cnc(Nc3cccc(Br)c3)nc21,6.17,CHEMBL111434,IC50,0
Cn1c(=O)c(-c2c(Cl)cccc2Cl)cc2cnc(Nc3cccc(C(=O)O)c3)nc21,6.72,CHEMBL109631,IC50,1
Cn1c(=O)c(-c2c(Cl)cccc2Cl)cc2cnc(Nc3cccc(CO)c3)nc21,7.05,CHEMBL327127,IC50,1
Cn1c(=O)c(-c2c(Cl)cccc2Cl)cc2cnc(Nc3cccc(O)c3)nc21,6.82,CHEMBL321193,IC50,1
Cn1c(=O)c(-c2c(Cl)cccc2Cl)cc2cnc(Nc3ccccc3)nc21,6.845000000000001,CHEMBL301612,IC50,1
Cn1c(=O)c(-c2c(Cl)cccc2Cl)cc2cnc(Nc3cccnc3)nc21,6.29,CHEMBL325589,IC50,0
Cn1c(=O)c(-c2c(Cl)cccc2Cl)cc2cnc(Nc3ccncc3)nc21,6.04,CHEMBL104779,IC50,0
Cn1c(S)c(C(=O)Nc2ccccc2)c2ccccc21,6.0,CHEMBL62176,IC50,0
Cn1c(S)c(CCC(=O)O)c2ccccc21,5.17,CHEMBL309765,IC50,0
Cn1c(SSc2c(C#N)c3ccccc3n2C)c(C#N)c2ccccc21,5.16,CHEMBL160566,IC50,0
Cn1c(SSc2c(C(=O)NCC(=O)O)c3ccccc3n2C)c(C(=O)NCC(=O)O)c2ccccc21,5.0,CHEMBL345211,IC50,0
Cn1c(SSc2c(C(=O)NCC(O)CO)c3ccccc3n2C)c(C(=O)NCC(O)CO)c2ccccc21,4.37,CHEMBL158797,IC50,0
Cn1c(SSc2c(C(=O)NCc3ccc(C(=O)O)cc3)c3ccccc3n2C)c(C(=O)NCc2ccc(C(=O)O)cc2)c2ccccc21,5.28,CHEMBL158805,IC50,0
Cn1c(SSc2c(C(=O)NCc3ccccc3)c3ccccc3n2C)c(C(=O)NCc2ccccc2)c2ccccc21,5.77,CHEMBL158275,IC50,0
Cn1c(SSc2c(C(=O)Nc3ccc(C(=O)O)cc3)c3ccccc3n2C)c(C(=O)Nc2ccc(C(=O)O)cc2)c2ccccc21,4.77,CHEMBL347161,IC50,0
Cn1c(SSc2c(C(=O)Nc3cccc(C(=O)O)c3)c3ccccc3n2C)c(C(=O)Nc2cccc(C(=O)O)c2)c2ccccc21,4.92,CHEMBL345837,IC50,0
Cn1c(SSc2c(C(=O)Nc3ccccc3)c3c(Cl)cccc3n2C)c(C(=O)Nc2ccccc2)c2c(Cl)cccc21,4.0,CHEMBL293986,IC50,0
Cn1c(SSc2c(C(=O)Nc3ccccc3)c3cc(Br)ccc3n2C)c(C(=O)Nc2ccccc2)c2cc(Br)ccc21,4.94,CHEMBL293251,IC50,0
Cn1c(SSc2c(C(=O)Nc3ccccc3)c3cc(C#N)ccc3n2C)c(C(=O)Nc2ccccc2)c2cc(C#N)ccc21,4.27,CHEMBL291979,IC50,0
Cn1c(SSc2c(C(=O)Nc3ccccc3)c3cc(Cl)ccc3n2C)c(C(=O)Nc2ccccc2)c2cc(Cl)ccc21,5.37,CHEMBL293889,IC50,0
Cn1c(SSc2c(C(=O)Nc3ccccc3)c3cc(O)ccc3n2C)c(C(=O)Nc2ccccc2)c2cc(O)ccc21,4.39,CHEMBL293250,IC50,0
Cn1c(SSc2c(C(=O)Nc3ccccc3)c3cc([N+](=O)[O-])ccc3n2C)c(C(=O)Nc2ccccc2)c2cc([N+](=O)[O-])ccc21,5.3,CHEMBL64430,IC50,0
Cn1c(SSc2c(C(=O)Nc3ccccc3)c3ccc(O)cc3n2C)c(C(=O)Nc2ccccc2)c2ccc(O)cc21,4.36,CHEMBL293913,IC50,0
Cn1c(SSc2c(C(=O)Nc3ccccc3)c3cccc(O)c3n2C)c(C(=O)Nc2ccccc2)c2cccc(O)c21,4.0,CHEMBL62843,IC50,0
Cn1c(SSc2c(C(=O)Nc3ccccc3)c3ccccc3n2C)c(C(=O)Nc2ccccc2)c2ccccc21,4.98,CHEMBL304414,IC50,0
Cn1c(SSc2c(C(=O)Nc3ccccc3)c3cccnc3n2C)c(C(=O)Nc2ccccc2)c2cccnc21,4.65,CHEMBL62701,IC50,0
Cn1c(SSc2c(C(=O)Nc3ccccc3C(=O)O)c3ccccc3n2C)c(C(=O)Nc2ccccc2C(=O)O)c2ccccc21,4.33,CHEMBL345862,IC50,0
Cn1c(SSc2c(C(=O)Nc3ccccn3)c3ccccc3n2C)c(C(=O)Nc2ccccn2)c2ccccc21,4.33,CHEMBL435054,IC50,0
Cn1c(SSc2c(C(=O)c3ccc(C(=O)O)cc3)c3ccccc3n2C)c(C(=O)c2ccc(C(=O)O)cc2)c2ccccc21,5.26,CHEMBL346770,IC50,0
Cn1c(SSc2c(C(=O)c3ccco3)c3ccccc3n2C)c(C(=O)c2ccco2)c2ccccc21,5.11,CHEMBL160935,IC50,0
Cn1c(SSc2c(C(N)=O)c3ccccc3n2C)c(C(N)=O)c2ccccc21,5.33,CHEMBL157807,IC50,0
Cn1c(SSc2c(CC(=O)O)c3ccccc3n2C)c(CC(=O)O)c2ccccc21,4.28,CHEMBL84141,IC50,0
Cn1c(SSc2c(CCC(=O)O)c3ccccc3n2C)c(CCC(=O)O)c2ccccc21,5.51,CHEMBL84143,IC50,0
Cn1c(SSc2c(CCCC(=O)O)c3ccccc3n2C)c(CCCC(=O)O)c2ccccc21,5.08,CHEMBL82214,IC50,0
Cn1c([Se][Se]c2c(C(=O)O)c3ccccc3n2C)c(C(=O)O)c2ccccc21,5.46,CHEMBL334915,IC50,0
Cn1c2ccccc2c2c(Nc3cccc(Br)c3)ncnc21,6.12,CHEMBL152984,IC50,0
Cn1c2ccccc2c2ncnc(Nc3cccc(Br)c3)c21,6.88,CHEMBL553137,IC50,1
Cn1ccc2cc3c(Nc4cccc(Br)c4)ncnc3cc21,8.379999999999999,CHEMBL36727,IC50,1
Cn1ccnc1S(=O)(=O)CCNCc1ccc(-c2ccc3ncnc(Nc4ccc(OCc5cccc(F)c5)c(C(F)(F)F)c4)c3c2)o1,7.77,CHEMBL265367,IC50,1
Cn1cnc2cc3c(Nc4cccc(Br)c4)ncnc3cc21,10.6,CHEMBL174426,IC50,1
Cn1cnc2cc3ncnc(Nc4cccc(Br)c4)c3cc21,11.0,CHEMBL176582,IC50,1
Cn1ncc2cc3c(Nc4cccc(Br)c4)ncnc3cc21,8.66,CHEMBL39320,IC50,1
FC(F)(F)c1cccc(Nc2ncnc3[nH]c4c(c23)CCCC4)c1,6.44,CHEMBL440873,IC50,0
FC(F)(F)c1cccc(Nc2ncnc3ccccc23)c1,6.236666666666667,CHEMBL92824,IC50,0
FC(F)C(F)(F)Oc1cccc(Nc2nccc(-c3c[nH]c4ccccc34)n2)c1,5.75,CHEMBL55379,IC50,0
Fc1c(Br)cccc1Nc1ncnc2ccncc12,7.88,CHEMBL269889,IC50,1
Fc1cc2c(Nc3cccc(Br)c3)ncnc2cn1,6.905,CHEMBL53121,IC50,1
Fc1cc2ncnc(Nc3cccc(Br)c3)c2cn1,7.89,CHEMBL51707,IC50,1
Fc1ccc(-c2nn3ccccc3c2-c2ccncc2)cc1,5.2,CHEMBL485745,IC50,0
Fc1ccc(Nc2ncnc3c2NCc2cc(Br)ccc2O3)cc1Cl,5.390000000000001,CHEMBL206280,IC50,0
Fc1ccc(Nc2ncnc3c2NCc2cc(Cl)ccc2O3)cc1Cl,5.6850000000000005,CHEMBL205676,IC50,0
Fc1ccc(Nc2ncnc3c2NCc2ccccc2O3)cc1Cl,5.765000000000001,CHEMBL425402,IC50,0
Fc1ccc(Nc2ncnc3ccc(C#CCN4CCCCC4)cc23)cc1Cl,7.05,CHEMBL251700,IC50,1
Fc1ccc(Nc2ncnc3ccc(C#CCN4CCOCC4)cc23)cc1Cl,7.3,CHEMBL251498,IC50,1
Fc1ccc(Nc2ncnc3ccc(C#Cc4ccccc4)cc23)cc1Cl,6.48,CHEMBL249511,IC50,0
Fc1ccc(Nc2ncnc3ccc(C#Cc4cccs4)cc23)cc1Cl,5.79,CHEMBL398963,IC50,0
Fc1ccc(Nc2ncnc3nn4ccccc4c23)cc1Cl,6.7,CHEMBL181275,IC50,1
Fc1ccc(Nc2ncnn3cccc23)cc1Cl,6.96,CHEMBL185637,IC50,1
Fc1ccc2c(Nc3cccc(Br)c3)ncnc2n1,6.165,CHEMBL291701,IC50,0
Fc1ccc2c(c1)CNc1c(NCc3ccccc3)ncnc1O2,5.05,CHEMBL379041,IC50,0
Fc1ccc2c(c1)CNc1c(Nc3ccc(F)c(Cl)c3)ncnc1O2,5.57,CHEMBL424853,IC50,0
Fc1ccc2c(c1)CNc1c(Nc3cccc(-c4ccccc4)c3)ncnc1O2,5.35,CHEMBL206320,IC50,0
Fc1ccc2c(c1)CNc1c(Nc3cccc(Br)c3)ncnc1O2,5.49,CHEMBL204965,IC50,0
Fc1ccc2c(c1)CNc1c(Nc3ccccc3)ncnc1O2,5.16,CHEMBL203529,IC50,0
Fc1ccc2ncnc(Nc3cccc(Br)c3)c2n1,7.355,CHEMBL54788,IC50,1
Fc1cccc(COc2ccc(Nc3ccncn3)cc2Cl)c1,6.5,CHEMBL205652,IC50,1
Fc1cccc(COc2ccc(Nc3ncnc4cc(C#C[C@@H]5CCCN5)sc34)cc2Cl)c1,6.96,CHEMBL495979,IC50,1
Fc1cccc(COc2ccc(Nc3ncnc4cc(C#C[C@H]5CCCN5)sc34)cc2Cl)c1,8.15,CHEMBL496174,IC50,1
Fc1cccc(COc2ccc(Nc3ncnc4nn5ccccc5c34)cc2Cl)c1,7.5,CHEMBL182254,IC50,1
Fc1cccc(COc2ccc(Nc3ncncc3C#Cc3cc[nH]n3)cc2Cl)c1,7.38,CHEMBL205284,IC50,1
Fc1cccc(COc2ccc(Nc3ncncc3C#Cc3ccccc3)cc2Cl)c1,7.1,CHEMBL379093,IC50,1
Fc1cccc(COc2ccc(Nc3ncncc3C#Cc3ccccn3)cc2Cl)c1,7.77,CHEMBL205045,IC50,1
Fc1cccc(COc2ccc(Nc3ncncc3C#Cc3cccnc3)cc2Cl)c1,7.13,CHEMBL438440,IC50,1
Fc1cccc(COc2ccc(Nc3ncncc3C#Cc3ncccn3)cc2Cl)c1,7.11,CHEMBL207869,IC50,1
Fc1cccc(COc2ccc(Nc3ncnn4ccc(CN5CCCNCC5)c34)cc2Cl)c1,7.32,CHEMBL247709,IC50,1
Fc1cccc(COc2ccc(Nc3ncnn4ccc(COC[C@@H]5CNCCO5)c34)cc2Cl)c1,6.245,CHEMBL246493,IC50,0
Fc1cccc(Cn2ncc3cc(Nc4ncnn5ccc(CN6CCCC6)c45)ccc32)c1,6.3,CHEMBL391675,IC50,0
Fc1cccc(Cn2ncc3cc(Nc4ncnn5ccc(CN6CCCNCC6)c45)ccc32)c1,7.48,CHEMBL392273,IC50,1
Fc1cccc(Cn2ncc3cc(Nc4ncnn5ccc(CN6CCNCC6)c45)ccc32)c1,7.05,CHEMBL231875,IC50,1
Fc1cccc(Cn2ncc3cc(Nc4ncnn5ccc(CNC6CCNCC6)c45)ccc32)c1,6.96,CHEMBL392664,IC50,1
Fc1cccc(Cn2ncc3cc(Nc4ncnn5ccc(COC6CCNCC6)c45)ccc32)c1,7.14,CHEMBL245869,IC50,1
Fc1cccc(Cn2ncc3cc(Nc4ncnn5ccc(COCC6CCNCC6)c45)ccc32)c1,6.89,CHEMBL246072,IC50,1
Fc1cccc(Cn2ncc3cc(Nc4ncnn5ccc(COCC6CNCCOC6)c45)ccc32)c1,6.68,CHEMBL395591,IC50,1
Fc1cccc(Cn2ncc3cc(Nc4ncnn5ccc(COC[C@@H]6CNCCO6)c45)ccc32)c1,7.21,CHEMBL246284,IC50,1
Fc1cccc(Cn2ncc3cc(Nc4ncnn5ccc(COC[C@@H]6COCCN6)c45)ccc32)c1,6.19,CHEMBL246492,IC50,0
Fc1cccc(Cn2ncc3cc(Nc4ncnn5ccc(COC[C@H]6CCCNC6)c45)ccc32)c1,6.72,CHEMBL246073,IC50,1
Fc1cccc(Cn2ncc3cc(Nc4ncnn5ccc(COC[C@H]6CNCCO6)c45)ccc32)c1,7.08,CHEMBL428046,IC50,1
Fc1cccc(Nc2ncnc3ccccc23)c1,7.25,CHEMBL92985,IC50,1
Ic1cccc(Nc2ncnc3ccccc23)c1,7.096666666666667,CHEMBL92825,IC50,1
N#C/C(=C\c1cc(O)c(O)c(Br)c1)S(=O)(=O)/C(C#N)=C/c1cc(O)c(O)c(Br)c1,5.626666666666666,CHEMBL144791,IC50,0
N#C/C(=C\c1ccc(C=O)cc1)C(=O)O,4.33,CHEMBL76985,IC50,0
N#C/C(=C\c1ccc(O)c(O)c1)S(=O)(=O)/C(C#N)=C/c1ccc(O)c(O)c1,5.68,CHEMBL356324,IC50,0
N#C/C(=C\c1ccc(Oc2ccccc2)c(I)c1)c1ccccn1,4.34,CHEMBL43417,IC50,0
N#CC(=Cc1cc(-c2ccccc2)c(O)c(-c2ccccc2)c1)C(N)=O,6.4,CHEMBL490768,IC50,0
N#CC(=Cc1cc(CSc2ccccc2)c(O)c(OCc2ccccc2)c1)C(N)=O,6.1,CHEMBL490569,IC50,0
N#CC(=Cc1cc(Cc2ccccc2)c(O)c(Cc2ccccc2)c1)C(N)=O,6.22,CHEMBL538909,IC50,0
N#CC(=Cc1cc(O)c(O)c(Br)c1)C(=N)C(C#N)C#N,6.3,CHEMBL77803,IC50,0
N#CC(=Cc1cc(O)c(O)c(Br)c1)C(=O)NCCCNC(=O)C(C#N)=Cc1cc(O)c(O)c(Br)c1,5.673333333333333,CHEMBL144770,IC50,0
N#CC(=Cc1cc(O)c(O)c(CSCc2ccccc2)c1)C(N)=O,5.9825,CHEMBL432428,IC50,0
N#CC(=Cc1cc(O)c(O)c(CSc2nc3ccccc3s2)c1)C(N)=O,5.345000000000001,CHEMBL333553,IC50,0
N#CC(=Cc1cc(O)c(O)c(O)c1)C(=N)C(C#N)C#N,5.863333333333333,CHEMBL78257,IC50,0
N#CC(=Cc1cc(O)c(O)c(O)c1)C(=O)NCCCCNC(=O)C(C#N)=Cc1cc(O)c(O)c(O)c1,5.3999999999999995,CHEMBL358746,IC50,0
N#CC(=Cc1cc(O)c(O)c([N+](=O)[O-])c1)C(=O)NCCCNC(=O)C(C#N)=Cc1cc(O)c(O)c([N+](=O)[O-])c1,4.46,CHEMBL144632,IC50,0
N#CC(=Cc1cc(O)ccc1O)C(=O)O,4.48,CHEMBL76642,IC50,0
N#CC(=Cc1cc(O)ccc1O)C(N)=O,5.0,CHEMBL47660,IC50,0
N#CC(=Cc1ccc(O)c(O)c1)C(=N)C(C#N)C#N,5.56,CHEMBL309334,IC50,0
N#CC(=Cc1ccc(O)c(O)c1)C(=O)N1CCN(C(=O)C(C#N)=Cc2ccc(O)c(O)c2)CC1,5.0,CHEMBL358494,IC50,0
N#CC(=Cc1ccc(O)c(O)c1)C(=O)N1CCN(c2ccccc2)CC1,4.8149999999999995,CHEMBL291986,IC50,0
N#CC(=Cc1ccc(O)c(O)c1)C(=O)N1CCc2ccccc21,5.029999999999999,CHEMBL56542,IC50,0
N#CC(=Cc1ccc(O)c(O)c1)C(=O)NC1CCC(CC2CCC(NC(=O)C(C#N)=Cc3ccc(O)c(O)c3)CC2)CC1,4.69,CHEMBL147880,IC50,0
N#CC(=Cc1ccc(O)c(O)c1)C(=O)NC1CCCCC1,5.356,CHEMBL417941,IC50,0
N#CC(=Cc1ccc(O)c(O)c1)C(=O)NC1CCCC[C@@H]1NC(=O)C(C#N)=Cc1ccc(O)c(O)c1,5.316666666666666,CHEMBL144778,IC50,0
N#CC(=Cc1ccc(O)c(O)c1)C(=O)NCC1CCCC(CNC(=O)C(C#N)=Cc2ccc(O)c(O)c2)C1,5.325,CHEMBL357161,IC50,0
N#CC(=Cc1ccc(O)c(O)c1)C(=O)NCCCCCCCCCCNC(=O)C(C#N)=Cc1ccc(O)c(O)c1,5.244999999999999,CHEMBL424302,IC50,0
N#CC(=Cc1ccc(O)c(O)c1)C(=O)NCCCCCCCCNC(=O)C(C#N)=Cc1ccc(O)c(O)c1,4.986666666666667,CHEMBL279138,IC50,0
N#CC(=Cc1ccc(O)c(O)c1)C(=O)NCCCCCCNC(=O)C(C#N)=Cc1ccc(O)c(O)c1,5.473333333333334,CHEMBL144760,IC50,0
N#CC(=Cc1ccc(O)c(O)c1)C(=O)NCCCCCNC(=O)C(C#N)=Cc1ccc(O)c(O)c1,5.303333333333334,CHEMBL144842,IC50,0
N#CC(=Cc1ccc(O)c(O)c1)C(=O)NCCCCNC(=O)C(C#N)=Cc1ccc(O)c(O)c1,5.63,CHEMBL144589,IC50,0
N#CC(=Cc1ccc(O)c(O)c1)C(=O)NCCCCc1ccccc1,5.7299999999999995,CHEMBL440298,IC50,0
N#CC(=Cc1ccc(O)c(O)c1)C(=O)NCCCN1CCN(CCCNC(=O)C(C#N)=Cc2ccc(O)c(O)c2)CC1,5.16,CHEMBL144402,IC50,0
N#CC(=Cc1ccc(O)c(O)c1)C(=O)NCCCNC(=O)C(C#N)=Cc1ccc(O)c(O)c1,5.8,CHEMBL67535,IC50,0
N#CC(=Cc1ccc(O)c(O)c1)C(=O)NCCCc1ccccc1,6.065,CHEMBL53898,IC50,0
N#CC(=Cc1ccc(O)c(O)c1)C(=O)NCCN1CCN(C(=O)C(C#N)=Cc2ccc(O)c(O)c2)CC1,5.29,CHEMBL343887,IC50,0
N#CC(=Cc1ccc(O)c(O)c1)C(=O)NCCNC(=O)C(C#N)=Cc1ccc(O)c(O)c1,5.65,CHEMBL144908,IC50,0
N#CC(=Cc1ccc(O)c(O)c1)C(=O)NCCc1ccccc1,6.096666666666667,CHEMBL293749,IC50,0
N#CC(=Cc1ccc(O)c(O)c1)C(=O)NCN1CCN(C(=O)C(C#N)=Cc2ccc(O)c(O)c2)CC1,5.24,CHEMBL145209,IC50,0
N#CC(=Cc1ccc(O)c(O)c1)C(=O)NCc1ccc(O)cc1,5.52,CHEMBL143805,IC50,0
N#CC(=Cc1ccc(O)c(O)c1)C(=O)NCc1cccc(CNC(=O)C(C#N)=Cc2ccc(O)c(O)c2)c1,5.336666666666666,CHEMBL144159,IC50,0
N#CC(=Cc1ccc(O)c(O)c1)C(=O)NCc1ccccc1,6.165,CHEMBL56543,IC50,0
N#CC(=Cc1ccc(O)c(O)c1)C(=O)Nc1ccccc1,6.0040000000000004,CHEMBL56731,IC50,0
N#CC(=Cc1ccc(O)c(O)c1)C(=O)Nc1ccccc1Cl,5.356,CHEMBL56219,IC50,0
N#CC(=Cc1ccc(O)c(O)c1)C(=O)O,4.426666666666667,CHEMBL73820,IC50,0
N#CC(=Cc1ccc(O)c(O)c1)C(=O)c1ccc(F)cc1,5.55,CHEMBL55204,IC50,0
N#CC(=Cc1ccc(O)c(O)c1)C(=O)c1ccc(O)c(O)c1,5.859999999999999,CHEMBL56393,IC50,0
N#CC(=Cc1ccc(O)c(O)c1)C(=O)c1ccc([N+](=O)[O-])cc1,5.3149999999999995,CHEMBL56879,IC50,0
N#CC(=Cc1ccc(O)c(O)c1)C(=O)c1ccccc1,5.282,CHEMBL56132,IC50,0
N#CC(=Cc1ccc(O)c(O)c1)C(=O)c1ccccc1Cl,5.467499999999999,CHEMBL59145,IC50,0
N#CC(=Cc1ccc(O)c(O)c1)C(=O)c1cccs1,4.843333333333333,CHEMBL55994,IC50,0
N#CC(=Cc1ccc(O)c(O)c1)C(N)=O,5.13,CHEMBL296407,IC50,0
N#CC(=Cc1ccc(O)c(O)c1)C(N)=S,5.5925,CHEMBL77030,IC50,0
N#CC(=Cc1ccc(O)c([N+](=O)[O-])c1)C(=N)C(C#N)C#N,4.22,CHEMBL309625,IC50,0
N#CC(=Cc1ccc(O)cc1)C(=N)C(C#N)C#N,6.95,CHEMBL76589,IC50,1
N#CC(=Cc1ccc(O)cc1)c1ccccn1,4.14,CHEMBL43689,IC50,0
N#CC(C#N)=C(C#N)c1cc(O)c(O)c(O)c1,5.52,CHEMBL492199,IC50,0
N#CC(C#N)=C(C#N)c1cc(O)cc(O)c1,5.0,CHEMBL454002,IC50,0
N#CC(C#N)=C(C#N)c1ccc(O)c(O)c1,5.0,CHEMBL474267,IC50,0
N#CC(C#N)=C1C(=O)Nc2cc(O)c(O)cc21,5.56,CHEMBL57462,IC50,0
N#CC(C#N)=C1C(=O)Nc2ccc(O)cc21,4.95,CHEMBL55748,IC50,0
N#CC(C#N)=C1C(=O)Nc2ccc([N+](=O)[O-])cc21,4.550000000000001,CHEMBL291313,IC50,0
N#CC(C#N)=C1CCc2c1ccc(O)c2O,5.16,CHEMBL57300,IC50,0
N#CC(C#N)=C1CCc2cc(O)c(O)cc21,6.3,CHEMBL293584,IC50,0
N#CC(C#N)=Cc1cc(O)c(O)c(O)c1,5.76,CHEMBL310798,IC50,0
N#CC(C#N)=Cc1cc(O)cc(O)c1,4.715,CHEMBL76905,IC50,0
N#CC(C#N)=Cc1cc(O)ccc1[N+](=O)[O-],4.32,CHEMBL77085,IC50,0
N#CC(C#N)=Cc1ccc(C=O)cc1,4.46,CHEMBL311119,IC50,0
N#CC(C#N)=Cc1ccc(O)c(O)c1,4.57,CHEMBL76904,IC50,0
N#CC(C#N)=Cc1ccc(O)c([N+](=O)[O-])c1,4.31,CHEMBL308134,Ki,0
N#CC(C#N)C(=O)c1cc(O)c(O)c(O)c1,5.073333333333333,CHEMBL309598,IC50,0
N#CC(Cc1ccc(O)c(O)c1)C(N)=S,4.16,CHEMBL78249,IC50,0
N#CCCc1c(SSc2[nH]c3ccccc3c2CCC#N)[nH]c2ccccc12,4.33,CHEMBL157304,IC50,0
N#CCc1c(SSc2[nH]c3ccccc3c2CC#N)[nH]c2ccccc12,4.5,CHEMBL348116,IC50,0
N#Cc1c(N)ncnc1Nc1ccc(OCc2ccccc2)c(Cl)c1,7.57,CHEMBL500591,IC50,1
N#Cc1cnc2c(Br)cc(NCc3c[nH]cn3)cc2c1Nc1ccc(F)c(Cl)c1,5.48,CHEMBL241988,IC50,0
N#Cc1cnc2c(Cl)cc(NCc3c[nH]cn3)cc2c1Nc1ccc(F)c(Cl)c1,5.75,CHEMBL436817,IC50,0
N#Cc1cnc2c(Cl)cc(NCc3cccc[n+]3[O-])cc2c1Nc1ccc(F)c(Cl)c1,5.54,CHEMBL395573,IC50,0
N#Cc1cnc2c(F)cc(NCc3c[nH]cn3)cc2c1Nc1ccc(F)c(Cl)c1,6.3,CHEMBL245212,IC50,0
N#Cc1cnc2cc(-c3ccc(CN4CCOCC4)cc3)ccc2c1N[C@@H]1C[C@H]1c1ccccc1,6.865,CHEMBL399438,Ki,1
N#Cc1cnc2ccc(-c3ccc(CN)cc3)cc2c1N[C@@H]1C[C@H]1c1ccccc1,6.54,CHEMBL245800,Ki,1
N#Cc1cnc2ccc(-c3ccc(CN4CCOCC4)cc3)cc2c1N[C@@H]1C[C@H]1c1ccccc1,6.0,CHEMBL247024,Ki,0
N#Cc1cnc2ccc(-c3cccc(CN4CCOCC4)c3)cc2c1N[C@@H]1C[C@H]1c1ccccc1,5.875,CHEMBL245799,Ki,0
N#Cc1cnc2ccc(NC(=O)/C=C/CN3CCOCC3)cc2c1Nc1ccc(F)c(Cl)c1,5.64,CHEMBL118000,IC50,0
N#Cc1cnc2ccc(NC(=O)C#CCN3CCSCC3)cc2c1Nc1cccc(Br)c1,6.26,CHEMBL327023,IC50,0
N#Cc1cnc2ccc(NCc3c[nH]cn3)cc2c1Nc1ccc(F)c(Cl)c1,7.52,CHEMBL220037,IC50,1
NC(=O)C1CCN(Cc2ccc(-c3cc4nccc(Nc5ccc6[nH]ccc6c5)c4s3)cc2)CC1,9.0,CHEMBL431977,IC50,1
NC(=O)C1CCN(Cc2ccc(-c3cc4ncnc(Nc5ccc6[nH]ccc6c5)c4s3)cc2)CC1,8.15,CHEMBL311109,IC50,1
NC(=O)C1CCN(Cc2ccn3ncnc(Nc4ccc5c(cnn5Cc5cccc(F)c5)c4)c23)CC1,6.85,CHEMBL398388,IC50,1
NC(=O)CCc1c(S)[nH]c2ccccc12,4.66,CHEMBL155607,IC50,0
NC(=O)CCc1c(SSc2[nH]c3ccccc3c2CCC(N)=O)[nH]c2ccccc12,4.8,CHEMBL157021,IC50,0
NC(=O)CN1CCC(n2cc(-c3cccc(O)c3)c3c(N)ncnc32)C1,6.4,CHEMBL408683,IC50,0
NC(=O)CN1CCC(n2cc(-c3cccc(O)c3)c3c(N)ncnc32)CC1,6.77,CHEMBL263528,IC50,1
NC(=O)COCc1ccn2ncnc(Nc3ccc4c(cnn4Cc4cccc(F)c4)c3)c12,6.85,CHEMBL246694,IC50,1
NC(=O)O[C@H]1CN[C@H](C#Cc2cc3ncnc(Nc4ccc(OCc5cccc(F)c5)c(Cl)c4)c3s2)C1,7.4,CHEMBL461426,IC50,1
NC(Cc1c(SSc2[nH]c3ccccc3c2CC(N)C(=O)NCc2ccccc2)[nH]c2ccccc12)C(=O)NCc1ccccc1,5.022,CHEMBL336174,IC50,0
NC(Cc1c([Se][Se]c2[nH]c3ccccc3c2CC(N)C(=O)NCc2ccccc2)[nH]c2ccccc12)C(=O)NCc1ccccc1,5.628,CHEMBL336409,IC50,0
NC1CCN(Cc2ccn3ncnc(Nc4ccc(OCc5cccc(F)c5)c(Cl)c4)c23)CC1,7.42,CHEMBL247710,IC50,1
NC1CCN(Cc2ccn3ncnc(Nc4ccc(OCc5cccc[n+]5[O-])c(Cl)c4)c23)CC1,7.16,CHEMBL248322,IC50,1
NC1CCN(Cc2ccn3ncnc(Nc4ccc(OCc5ccccn5)c(Cl)c4)c23)CC1,7.44,CHEMBL248116,IC50,1
NC1CCN(Cc2ccn3ncnc(Nc4ccc(OCc5cccnc5)c(Cl)c4)c23)CC1,6.82,CHEMBL391387,IC50,1
NC1CCN(Cc2ccn3ncnc(Nc4ccc(OCc5cnccn5)c(Cl)c4)c23)CC1,7.5,CHEMBL248321,IC50,1
NC1CCN(Cc2ccn3ncnc(Nc4ccc5c(cnn5Cc5cccc(F)c5)c4)c23)CC1,7.46,CHEMBL248108,IC50,1
NC1CCN(Cc2ccn3ncnc(Nc4ccc5c(cnn5Cc5ccccn5)c4)c23)CC1,7.33,CHEMBL247914,IC50,1
NC1CCN(Cc2ccn3ncnc(Nc4ccc5c(cnn5Cc5cccnc5)c4)c23)CC1,6.72,CHEMBL247915,IC50,1
NC1CCN(Cc2ccn3ncnc(Nc4ccc5c(cnn5Cc5ccncc5)c4)c23)CC1,6.28,CHEMBL247916,IC50,0
NCC1CCN(Cc2ccn3ncnc(Nc4ccc5c(cnn5Cc5cccc(F)c5)c4)c23)CC1,7.46,CHEMBL391778,IC50,1
NCCCCOCc1ccn2ncnc(Nc3ccc4c(cnn4Cc4cccc(F)c4)c3)c12,6.8,CHEMBL245867,IC50,1
NCCCNC(=O)c1cccc(Nc2nccc(-c3cccnc3)n2)c1,4.35,CHEMBL59099,IC50,0
NCCCOCc1ccn2ncnc(Nc3ccc4c(cnn4Cc4cccc(F)c4)c3)c12,7.19,CHEMBL245667,IC50,1
NCCCn1ccc2c(-c3ccnc(Nc4cccc(OC(F)(F)C(F)F)c4)n3)cccc21,6.28,CHEMBL293991,IC50,0
NCCNC(=O)c1ccc(S(=O)(=O)Oc2ccc(/C=C/[N+](=O)[O-])cc2)cc1,5.285,CHEMBL309075,IC50,0
NCCOCc1ccn2ncnc(Nc3ccc4c(cnn4Cc4cccc(F)c4)c3)c12,7.05,CHEMBL394333,IC50,1
NCc1ccc(-c2cc3ncnc(Nc4ccc5[nH]ccc5c4)c3s2)cc1,8.4,CHEMBL78018,IC50,1
NCc1cccc(C#Cc2cncnc2Nc2ccc(OCc3cccc(F)c3)c(Cl)c2)n1,7.68,CHEMBL206003,IC50,1
NNC(=O)c1c(N)ncnc1Nc1ccc(OCc2ccccc2)c(Cl)c1,6.34,CHEMBL511478,IC50,0
NNc1c(Br)cccc1Nc1ncnc2ccncc12,8.14,CHEMBL272634,IC50,1
NNc1cc2ncnc(Nc3cccc(Br)c3)c2cn1,8.15,CHEMBL340508,IC50,1
NS(=O)(=O)c1ccc2[nH]c(O)c(C=c3[nH]c4c(c3=CCC(=O)O)CCCC4)c2c1,4.54,CHEMBL86531,IC50,0
N[C@@H]1CCN(Cc2ccn3ncnc(Nc4ccc5c(cnn5Cc5cccc(F)c5)c4)c23)C1,7.22,CHEMBL393848,IC50,1
N[C@H]1CCN(Cc2ccn3ncnc(Nc4ccc5c(cnn5Cc5cccc(F)c5)c4)c23)C1,7.3,CHEMBL246687,IC50,1
Nc1c(Br)cccc1Nc1ncnc2ccncc12,8.0,CHEMBL258598,IC50,1
Nc1c(Cl)cccc1Nc1ncnc2ccncc12,6.92,CHEMBL270975,IC50,1
Nc1c(F)cccc1Nc1ncnc2ccncc12,6.07,CHEMBL270924,IC50,0
Nc1c(Nc2ncnc3ccncc23)cccc1[N+](=O)[O-],7.39,CHEMBL441332,IC50,1
Nc1c(O)cccc1Nc1ncnc2ccncc12,7.15,CHEMBL402452,IC50,1
Nc1cc(Br)ccc1Nc1ncnc2ccncc12,7.59,CHEMBL271617,IC50,1
Nc1cc(C(F)(F)F)ccc1Nc1ncnc2ccncc12,5.32,CHEMBL408351,IC50,0
Nc1cc2c(Nc3cccc(Br)c3)ncnc2cc1Cl,8.184999999999999,CHEMBL63469,IC50,1
Nc1cc2c(Nc3cccc(Br)c3)ncnc2cn1,8.845,CHEMBL51853,IC50,1
Nc1cc2ncnc(NCc3ccc(Br)cc3)c2cn1,5.61,CHEMBL125949,IC50,0
Nc1cc2ncnc(NCc3ccc(C(F)(F)F)cc3)c2cn1,5.1,CHEMBL333041,IC50,0
Nc1cc2ncnc(NCc3cccc(Br)c3)c2cn1,6.0,CHEMBL121708,IC50,0
Nc1cc2ncnc(NCc3cccc(C(F)(F)F)c3)c2cn1,5.71,CHEMBL124533,IC50,0
Nc1cc2ncnc(NCc3cccc([N+](=O)[O-])c3)c2cn1,5.0,CHEMBL123676,IC50,0
Nc1cc2ncnc(NCc3ccccc3)c2cn1,6.053333333333334,CHEMBL300083,IC50,0
Nc1cc2ncnc(NCc3ccccc3Br)c2cn1,5.78,CHEMBL331307,IC50,0
Nc1cc2ncnc(NCc3ccccc3C(F)(F)F)c2cn1,5.0,CHEMBL126062,IC50,0
Nc1cc2ncnc(NCc3ccccc3N)c2cn1,6.64,CHEMBL332846,IC50,1
Nc1cc2ncnc(NCc3ccccc3[N+](=O)[O-])c2cn1,5.37,CHEMBL125035,IC50,0
Nc1cc2ncnc(Nc3ccc(Br)cc3)c2cn1,7.05,CHEMBL338625,IC50,1
Nc1cc2ncnc(Nc3ccc(C(F)(F)F)cc3)c2cn1,5.33,CHEMBL339684,IC50,0
Nc1cc2ncnc(Nc3ccc([N+](=O)[O-])cc3)c2cn1,4.19,CHEMBL333115,IC50,0
Nc1cc2ncnc(Nc3cccc(Br)c3)c2cc1N,9.92,CHEMBL328216,IC50,1
Nc1cc2ncnc(Nc3cccc(Br)c3)c2cc1[N+](=O)[O-],7.28,CHEMBL93545,IC50,1
Nc1cc2ncnc(Nc3cccc(Br)c3)c2cn1,7.5840000000000005,CHEMBL52076,IC50,1
Nc1cc2ncnc(Nc3cccc(C(F)(F)F)c3)c2cn1,7.82,CHEMBL125810,IC50,1
Nc1cc2ncnc(Nc3cccc(Cl)c3)c2cn1,6.92,CHEMBL124528,IC50,1
Nc1cc2ncnc(Nc3cccc(F)c3)c2cn1,6.08,CHEMBL340438,IC50,0
Nc1cc2ncnc(Nc3cccc(I)c3)c2cn1,6.58,CHEMBL125550,IC50,1
Nc1cc2ncnc(Nc3cccc(O)c3)c2cn1,7.16,CHEMBL123322,IC50,1
Nc1cc2ncnc(Nc3cccc([N+](=O)[O-])c3)c2cn1,7.4,CHEMBL124673,IC50,1
Nc1cc2ncnc(Nc3ccccc3)c2cn1,6.6,CHEMBL122534,IC50,1
Nc1cc2ncnc(Nc3ccccc3Br)c2cn1,6.62,CHEMBL122132,IC50,1
Nc1cc2ncnc(Nc3ccccc3C(F)(F)F)c2cn1,5.0,CHEMBL332879,IC50,0
Nc1cc2ncnc(Nc3ccccc3N)c2cn1,5.275,CHEMBL124618,IC50,0
Nc1cc2ncnc(Nc3ccccc3[N+](=O)[O-])c2cn1,5.9,CHEMBL338662,IC50,0
Nc1cc2sc3c(Nc4cccc(Br)c4)ncnc3c2cc1F,8.19,CHEMBL153573,IC50,1
Nc1ccc(-c2[nH]nc3ncnc(Nc4cccc(Cl)c4)c23)cc1,7.3999999999999995,CHEMBL332906,IC50,1
Nc1ccc(-c2cc(=O)c3cc(N)c(O)cc3o2)cc1,4.85,CHEMBL432416,IC50,0
Nc1ccc(-c2cc(=O)c3cc(N)ccc3o2)cc1,5.06,CHEMBL112925,IC50,0
Nc1ccc(C#Cc2cncnc2Nc2ccc(OCc3cccc(F)c3)c(Cl)c2)cc1,7.52,CHEMBL205966,IC50,1
Nc1ccc(Nc2[nH]nc3ncnc(Nc4cccc(Cl)c4)c23)cc1,7.300000000000001,CHEMBL332612,IC50,1
Nc1ccc(Nc2ncnc3cc(N)ncc23)cc1,5.23,CHEMBL333272,IC50,0
Nc1ccc2c(Nc3cccc(Br)c3)ncnc2c1,10.0,CHEMBL420624,IC50,1
Nc1ccc2c(Nc3cccc(Br)c3)ncnc2n1,6.025,CHEMBL54474,IC50,0
Nc1ccc2c(Nc3cccc(C(F)(F)F)c3)ncnc2c1,8.48,CHEMBL433205,IC50,1
Nc1ccc2c(Nc3cccc(Cl)c3)ncnc2c1,9.6,CHEMBL328955,IC50,1
Nc1ccc2c(Nc3cccc(F)c3)ncnc2c1,8.7,CHEMBL93966,IC50,1
Nc1ccc2c(Nc3cccc(I)c3)ncnc2c1,9.46,CHEMBL91980,IC50,1
Nc1ccc2c(Nc3ccccc3)ncnc2c1,7.0,CHEMBL330224,IC50,1
Nc1ccc2c(c1)CNc1c(Nc3ccc(F)c(Cl)c3)ncnc1O2,5.234999999999999,CHEMBL206197,IC50,0
Nc1ccc2c(c1)CNc1c(Nc3cccc(Br)c3)ncnc1O2,5.77,CHEMBL203132,IC50,0
Nc1ccc2c(c1)sc1c(Nc3cccc(Br)c3)ncnc12,9.33,CHEMBL539822,IC50,1
Nc1ccc2cncnc2c1,10.0,CHEMBL55729,IC50,1
Nc1ccc2ncnc(NCc3ccccc3)c2c1,6.07,CHEMBL332096,IC50,0
Nc1ccc2ncnc(Nc3cccc(Br)c3)c2c1,8.233333333333333,CHEMBL52765,IC50,1
Nc1ccc2ncnc(Nc3cccc(Br)c3)c2n1,7.781999999999999,CHEMBL300217,IC50,1
Nc1ccc2ncnc(Nc3cccc(C(F)(F)F)c3)c2c1,6.24,CHEMBL328244,IC50,0
Nc1ccc2ncnc(Nc3cccc(Cl)c3)c2c1,6.7,CHEMBL343352,IC50,1
Nc1ccc2ncnc(Nc3ccccc3)c2c1,6.11,CHEMBL89940,IC50,0
Nc1ccc2ncncc2c1,9.1,CHEMBL53300,IC50,1
Nc1ccc2sc3c(Nc4cccc(Br)c4)ncnc3c2c1,8.32,CHEMBL152905,IC50,1
Nc1ccc2sc3c(Nc4cccc(C(F)(F)F)c4)ncnc3c2c1,7.33,CHEMBL347282,IC50,1
Nc1ccc2sc3c(Nc4ccccc4)ncnc3c2c1,8.03,CHEMBL357367,IC50,1
Nc1cccc(-c2[nH]nc3ncnc(Nc4cccc(Cl)c4)c23)c1,7.2,CHEMBL332882,IC50,1
Nc1cccc(-c2cc(=O)c3c(N)c(O)c(N)cc3o2)c1,5.11,CHEMBL325949,IC50,0
Nc1cccc(C#Cc2cncnc2Nc2ccc(OCc3cccc(F)c3)c(Cl)c2)c1,7.38,CHEMBL205235,IC50,1
Nc1cccc(Nc2nccc(-c3cccnc3)n2)c1,4.3,CHEMBL57553,IC50,0
Nc1cccc(Nc2ncnc3cc(N)ncc23)c1,5.81,CHEMBL124617,IC50,0
Nc1cccc2c(Nc3cccc(Br)c3)ncnc12,6.98,CHEMBL333082,IC50,1
Nc1cccc2c1sc1c(Nc3cccc(Br)c3)ncnc12,8.57,CHEMBL151593,IC50,1
Nc1cccc2ncnc(Nc3cccc(Br)c3)c12,6.36,CHEMBL333418,IC50,0
Nc1ccccc1C#Cc1cncnc1Nc1ccc(OCc2cccc(F)c2)c(Cl)c1,7.2,CHEMBL204625,IC50,1
Nc1ccccc1Nc1ncnc2cc(Br)ncc12,6.61,CHEMBL273116,IC50,1
Nc1ccccc1Nc1ncnc2ccncc12,6.6,CHEMBL272258,IC50,1
Nc1nc(N)c2c(Nc3cccc(Cl)c3)[nH]nc2n1,5.855,CHEMBL122068,IC50,0
Nc1nc(Nc2cccc(Br)c2)c2c(n1)[nH]c1ccccc12,6.57,CHEMBL345988,IC50,1
Nc1ncc2ncnc(Nc3cccc(Br)c3)c2n1,8.82,CHEMBL53831,IC50,1
Nc1nccc(C#Cc2cncnc2Nc2ccc(OCc3cccc(F)c3)c(Cl)c2)n1,7.5,CHEMBL381604,IC50,1
Nc1nccn2c1c(-c1ccc3ccc(-c4ccccc4)nc3c1)nc2[C@H]1C[C@@H](CN2CCC2)C1,5.02,CHEMBL410659,IC50,0
Nc1ncnc(Nc2ccc(OCc3ccccc3)c(Cl)c2)c1-c1nnc(CCN2CCOCC2)o1,7.52,CHEMBL472545,IC50,1
Nc1ncnc(Nc2ccc(OCc3ccccc3)c(Cl)c2)c1C(=O)NNC(=O)CCN1CCOCC1,6.21,CHEMBL472544,IC50,0
Nc1ncnc(Nc2ccc(OCc3ccccc3)c(Cl)c2)c1C(=O)Nc1ccccc1,7.12,CHEMBL461114,IC50,1
Nc1ncnc(Nc2ccc(OCc3ccccc3)c(Cl)c2)c1C(=O)O,7.39,CHEMBL512391,IC50,1
Nc1ncnc(Nc2ccc(OCc3ccccc3)c(Cl)c2)c1C(=O)OCCN1CCOCC1,6.82,CHEMBL461113,IC50,1
Nc1ncnc(Nc2ccc(OCc3ccccc3)c(Cl)c2)c1C=O,7.12,CHEMBL461311,IC50,1
Nc1ncnc(Nc2ccc3c(cnn3Cc3cccc(F)c3)c2)c1C=NO,7.92,CHEMBL256295,IC50,1
Nc1ncnc(Nc2ccc3c(cnn3Cc3cccc(F)c3)c2)c1C=NOCc1ccccc1,7.64,CHEMBL255438,IC50,1
Nc1ncnc2[nH]nc(Nc3cccc(Cl)c3)c12,5.63,CHEMBL121190,IC50,0
Nc1ncnc2c1c(-c1ccc(O)cc1)cn2C1CCC1,6.22,CHEMBL166765,IC50,0
Nc1ncnc2c1c(-c1ccc(O)cc1)cn2C1CCCC1,6.6,CHEMBL169570,IC50,1
Nc1ncnc2c1c(-c1ccc(O)cc1)cn2C1CCNC1,5.57,CHEMBL354033,IC50,0
Nc1ncnc2c1c(-c1ccc(Oc3ccccc3)cc1)cn2C1CCCC1,5.5,CHEMBL47940,IC50,0
Nc1ncnc2c1c(-c1cccc(Cl)c1)cn2-c1ccccc1,6.16,CHEMBL176309,IC50,0
Nc1ncnc2c1c(-c1cccc(O)c1)cn2C1CCC1,6.52,CHEMBL355330,IC50,1
Nc1ncnc2c1c(-c1cccc(O)c1)cn2C1CCCC1,7.1,CHEMBL169390,IC50,1
Nc1ncnc2c1c(-c1cccc(O)c1)cn2C1CCN(CCO)CC1,5.59,CHEMBL169780,IC50,0
Nc1ncnc2c1c(-c1cccc(O)c1)cn2C1CCNC1,5.82,CHEMBL171545,IC50,0
Nc1ncnc2c1c(-c1ccccc1)cn2-c1ccc(CNCCO)cc1,5.85,CHEMBL173453,IC50,0
Nc1ncnc2c1c(-c1ccccc1)cn2-c1ccc(CO)cc1,6.16,CHEMBL367442,IC50,0
Nc1ncnc2c1c(-c1ccccc1)cn2-c1cccc(CNCCO)c1,5.47,CHEMBL176702,IC50,0
Nc1ncnc2c1c(-c1ccccc1)cn2-c1cccc(CO)c1,5.57,CHEMBL173478,IC50,0
Nc1ncnc2c1c(-c1ccccc1)cn2-c1ccccc1,5.91,CHEMBL169757,IC50,0
Nc1ncnc2c1c(-c1ccccc1)cn2-c1ccccc1CNCCO,5.19,CHEMBL176470,IC50,0
Nc1ncnc2c1c(-c1ccccc1)cn2-c1ccccc1CO,5.96,CHEMBL429057,IC50,0
Nc1ncnc2c1c(-c1ccccc1)cn2C(CO)Cc1ccc(O)cc1,4.88,CHEMBL170438,IC50,0
Nc1ncnc2c1c(-c1ccccc1)cn2C(CO)Cc1ccccc1,6.36,CHEMBL171311,IC50,0
Nc1ncnc2c1c(-c1ccccc1)cn2C1CC(O)C1,5.55,CHEMBL168266,IC50,0
Nc1ncnc2c1c(-c1ccccc1)cn2C1CCC(O)C1,6.1,CHEMBL168285,IC50,0
Nc1ncnc2c1c(-c1ccccc1)cn2C1CCC1,6.14,CHEMBL166766,IC50,0
Nc1ncnc2c1c(-c1ccccc1)cn2C1CCCC1,6.3,CHEMBL352954,IC50,0
Nc1ncnc2c1c(-c1ccccc1)cn2C1CCNC1,4.87,CHEMBL168829,IC50,0
Nc1ncnc2c1c(-c1ccccc1)nn2-c1ccccc1,6.1,CHEMBL122243,IC50,0
Nc1ncnc2c1cnn2-c1ccccc1,5.57,CHEMBL65063,IC50,0
Nc1ncnc2c1ncn2-c1ccccc1,4.82,CHEMBL62756,IC50,0
Nc1ncnc2c1ncn2[C@@H]1O[C@H](CO)[C@@H](O)[C@H]1S,6.0,CHEMBL14326,Kd,0
Nc1ncnc2c1ncn2[C@@H]1O[C@H](COC(=O)c2ccc(S(=O)(=O)Oc3ccc(/C=C/[N+](=O)[O-])cc3)cc2)[C@@H](O)[C@H]1O,6.22,CHEMBL505705,IC50,0
Nc1ncnc2occ(-c3ccc(NC(=O)Nc4cc(C(F)(F)F)ccc4F)cc3)c12,5.0,CHEMBL247228,IC50,0
O=C(/C=C/C(=O)Nc1cc2c(Nc3ccc(F)c(Cl)c3)ncnc2cn1)NCCCN1CCOCC1,8.303333333333333,CHEMBL138940,IC50,1
O=C(/C=C/C(=O)Nc1cc2c(Nc3cccc(Br)c3)ncnc2cn1)NCCCN1CCOCC1,8.403333333333334,CHEMBL136058,IC50,1
O=C(/C=C/C(=O)Nc1cc2c(Nc3cccc(Br)c3)ncnc2cn1)NCCCn1ccnc1,8.316666666666666,CHEMBL342828,IC50,1
O=C(/C=C/C(F)(F)F)Nc1ccc2ncnc(Nc3cccc(Br)c3)c2c1,8.11,CHEMBL135142,IC50,1
O=C(/C=C/CN1CCC(N2CCCCC2)CC1)Nc1ccc2ncnc(Nc3cccc(Br)c3)c2c1,7.17,CHEMBL94109,IC50,1
O=C(/C=C/CN1CCCCC1)Nc1ccc2ncnc(Nc3cccc(Br)c3)c2c1,6.97,CHEMBL94068,IC50,1
O=C(/C=C/CN1CCOCC1)Nc1ccc2ncnc(Nc3cccc(Br)c3)c2c1,7.13,CHEMBL316127,IC50,1
O=C(/C=C/CN1CCSCC1)Nc1ccc2ncnc(Nc3cccc(Br)c3)c2c1,6.69,CHEMBL93537,IC50,1
O=C(/C=C/Cl)Nc1cc2c(Nc3cccc(Br)c3)ncnc2cn1,8.43,CHEMBL344177,IC50,1
O=C(/C=C/Cn1cccn1)Nc1ccc2ncnc(Nc3cccc(Br)c3)c2c1,5.95,CHEMBL93754,IC50,0
O=C(/C=C/N1CCOCC1)Nc1ccc2ncnc(Nc3cccc(Br)c3)c2c1,6.67,CHEMBL94123,IC50,1
O=C(/C=C/c1ccccc1)Nc1cc2c(Nc3cccc(Br)c3)ncnc2cn1,7.574999999999999,CHEMBL434828,IC50,1
O=C(C#CCCN1CCCCC1)Nc1cc2c(Nc3ccc(F)c(Cl)c3)ncnc2cn1,8.71,CHEMBL205059,IC50,1
O=C(C#CCCN1CCOCC1)Nc1cc2c(Nc3ccc(F)c(Br)c3)ncnc2cn1,8.585,CHEMBL204638,IC50,1
O=C(C#CCCN1CCOCC1)Nc1cc2c(Nc3ccc(F)c(Cl)c3)ncnc2cn1,8.815000000000001,CHEMBL203661,IC50,1
O=C(C#CCCN1CCOCC1)Nc1ccc2ncnc(Nc3ccc(F)c(Cl)c3)c2c1,8.344999999999999,CHEMBL204085,IC50,1
O=C(C#CCN1CCCCC1)Nc1ccc2ncnc(Nc3cccc(Br)c3)c2c1,7.24,CHEMBL90595,IC50,1
O=C(C#CCN1CCOCC1)Nc1cc2c(Nc3ccc(F)c(Cl)c3)ncnc2cn1,8.18,CHEMBL202556,IC50,1
O=C(C#CCN1CCOCC1)Nc1ccc2ncnc(Nc3ccc(F)c(Cl)c3)c2c1,7.29,CHEMBL202621,IC50,1
O=C(C#CCN1CCOCC1)Nc1ccc2ncnc(Nc3cccc(Br)c3)c2c1,7.7,CHEMBL93386,IC50,1
O=C(C#CCN1CCSCC1)Nc1ccc2ncnc(Nc3cccc(Br)c3)c2c1,7.02,CHEMBL328977,IC50,1
O=C(C#CCO)Nc1ccc2ncnc(Nc3ccc(F)c(Cl)c3)c2c1,8.225,CHEMBL202411,IC50,1
O=C(C#CCO)Nc1ccc2ncnc(Nc3cccc(Br)c3)c2c1,8.7,CHEMBL94062,IC50,1
O=C(C=Cc1ccc(O)c(O)c1)c1ccc(O)cc1O,4.8,CHEMBL128000,IC50,0
O=C(CCCc1c(SSc2[nH]c3ccccc3c2CCCC(=O)NCc2ccccc2)[nH]c2ccccc12)NCc1ccccc1,4.0,CHEMBL156555,IC50,0
O=C(CCN1CCCCC1)c1ccc(OCc2ccccc2)cc1,5.75,CHEMBL545006,IC50,0
O=C(CCN1CCOCC1)c1ccc(OCc2ccccc2)cc1,5.82,CHEMBL542893,IC50,0
O=C(CCc1c(S)[nH]c2ccccc12)NCc1ccccc1,4.0,CHEMBL154911,IC50,0
O=C(CCc1c(SSc2[nH]c3ccccc3c2CCC(=O)NCCc2ccccc2)[nH]c2ccccc12)NCCc1ccccc1,4.62,CHEMBL154260,IC50,0
O=C(CCc1c(SSc2[nH]c3ccccc3c2CCC(=O)NCc2ccc(C(=O)O)c(O)c2)[nH]c2ccccc12)NCc1ccc(C(=O)O)c(O)c1,5.07,CHEMBL347668,IC50,0
O=C(CCc1c(SSc2[nH]c3ccccc3c2CCC(=O)NCc2ccc(C(=O)O)cc2)[nH]c2ccccc12)NCc1ccc(C(=O)O)cc1,5.13,CHEMBL155293,IC50,0
O=C(CCc1c(SSc2[nH]c3ccccc3c2CCC(=O)NCc2ccccc2)[nH]c2ccccc12)NCc1ccccc1,6.07,CHEMBL293261,IC50,0
O=C(CCc1c(SSc2[nH]c3ccccc3c2CCC(=O)Nc2ccccc2)[nH]c2ccccc12)Nc1ccccc1,4.6,CHEMBL156797,IC50,0
O=C(CCl)Nc1ccc2ncnc(Nc3cc(Cl)c(Cl)cc3F)c2c1,8.2925,CHEMBL275762,IC50,1
O=C(CCl)Nc1ccc2ncnc(Nc3cccc(Br)c3)c2c1,7.75,CHEMBL193159,IC50,1
O=C(CCl)Nc1ccc2ncnc(Nc3cccc(I)c3)c2c1,8.479999999999999,CHEMBL193160,IC50,1
O=C(CO)N1CCC[C@@H]1COc1cccc2ncnc(Nc3ccc(OCc4ccccn4)c(Cl)c3)c12,7.01,CHEMBL249927,IC50,1
O=C(CO)N1CCC[C@H]1COc1cccc2ncnc(Nc3ccc(OCc4ccccn4)c(Cl)c3)c12,6.49,CHEMBL403569,IC50,0
O=C(CO)NC1CCN(Cc2ccn3ncnc(Nc4ccc5c(cnn5Cc5cccc(F)c5)c4)c23)CC1,6.96,CHEMBL247513,IC50,1
O=C(Cc1c(S)[nH]c2ccccc12)NCc1ccccc1,4.0,CHEMBL155389,IC50,0
O=C(Cc1c(SSc2[nH]c3ccccc3c2CC(=O)NCc2ccccc2)[nH]c2ccccc12)NCc1ccccc1,4.42,CHEMBL435831,IC50,0
O=C(Cc1cc(N=Cc2cc(O)ccc2O)ccc1O)NOCc1ccccc1,4.255,CHEMBL352591,IC50,0
O=C(Cc1cc(NCc2cc(O)ccc2O)ccc1O)NOCc1ccccc1,5.4,CHEMBL352589,IC50,0
O=C(NCCCCOc1ccc2ncnc(Nc3ccc(OCc4ccccc4)cc3)c2c1)C(F)(F)F,7.13,CHEMBL14627,IC50,1
O=C(NCCCl)Nc1ccc2ncnc(Nc3cccc(Br)c3)c2c1,7.75,CHEMBL207009,IC50,1
O=C(NCCCl)Nc1ccc2ncnc(Nc3cccc(Cl)c3)c2c1,7.66,CHEMBL210444,IC50,1
O=C(NCCc1ccccc1)c1cc2ccc(O)c(O)c2cn1,5.85,CHEMBL49350,IC50,0
O=C(NCc1ccccc1)C(Cc1c([Se][Se]c2[nH]c3ccccc3c2CC(NC(=O)C(F)(F)F)C(=O)NCc2ccccc2)[nH]c2ccccc12)NC(=O)C(F)(F)F,5.16,CHEMBL336410,IC50,0
O=C(NCc1ccccc1)C(O)Cc1c(SSc2[nH]c3ccccc3c2CC(O)C(=O)NCc2ccccc2)[nH]c2ccccc12,4.85,CHEMBL157952,IC50,0
O=C(NCc1ccccc1)c1c(SSc2[nH]c3ccccc3c2C(=O)NCc2ccccc2)[nH]c2ccccc12,4.82,CHEMBL347160,IC50,0
O=C(NCc1ccccc1)c1cc2cc(O)c(O)cc2cn1,5.51,CHEMBL296582,IC50,0
O=C(NCc1ccccc1)c1cc2ccc(O)c(O)c2cn1,5.85,CHEMBL48436,IC50,0
O=C(NCc1ccccc1)c1ccc(-c2cc(O)cc(-c3ccccc3)c2)cc1,5.1,CHEMBL142148,IC50,0
O=C(NCc1ccccc1)c1ccc(-c2ccc(-c3ccccc3)cc2O)cc1,5.85,CHEMBL345019,IC50,0
O=C(NOCc1ccccc1)c1cc(NCc2cc(O)ccc2O)ccc1O,7.3,CHEMBL355294,IC50,1
O=C(Nc1ccc(Cl)cc1)c1ccccc1NCc1ccncc1,5.14,CHEMBL101683,IC50,0
O=C(Nc1ccc2ncnc(Nc3cccc(Br)c3)c2c1)C1CCSS1,7.22,CHEMBL217536,IC50,1
O=C(Nc1cccc(C(F)(F)F)c1)c1ccccc1NCc1ccncc1,4.98,CHEMBL153843,IC50,0
O=C(Nc1cccc(Nc2cc(Nc3cccc(C(F)(F)F)c3)ncn2)c1)C1CC1,7.74,CHEMBL387187,IC50,1
O=C(Nc1ccccc1)NN1C(=O)c2c(c3c4cccc(O)c4n(C4OC(CO)C(O)C(O)C4O)c3c3[nH]c4c(O)cccc4c23)C1=O,4.02,CHEMBL19978,IC50,0
O=C(Nc1ccccc1)c1c(SSc2[nH]c3ccccc3c2C(=O)Nc2ccccc2)[nH]c2ccccc12,4.0,CHEMBL345641,IC50,0
O=C(Nc1ccccc1)c1cc2cc(O)c(O)cc2cn1,5.25,CHEMBL50415,IC50,0
O=C(Nc1ccccc1)c1cc2ccc(O)c(O)c2cn1,5.11,CHEMBL48650,IC50,0
O=C(O)/C=C/C(=O)Nc1ccc2ncnc(Nc3cccc(Br)c3)c2c1,9.43,CHEMBL134371,IC50,1
O=C(O)/C=C/c1cc(CO)ccc1CO,6.11,CHEMBL407534,IC50,0
O=C(O)C1CCN(Cc2ccn3ncnc(Nc4ccc5c(cnn5Cc5cccc(F)c5)c4)c23)CC1,6.66,CHEMBL234772,IC50,1
O=C(O)C=Cc1c(Cc2c(O)[nH]c3ccc(C(=O)O)cc23)[nH]c2c1CCCC2,4.25,CHEMBL431996,IC50,0
O=C(O)CCCNc1c(Br)cccc1Nc1ncnc2ccncc12,9.55,CHEMBL271122,IC50,1
O=C(O)CCCNc1cc2ncnc(Nc3cccc(Br)c3)c2cn1,9.55,CHEMBL128468,IC50,1
O=C(O)CCCc1c(S)[nH]c2ccccc12,5.17,CHEMBL84513,IC50,0
O=C(O)CCCc1c(SSc2[nH]c3ccccc3c2CCCC(=O)O)[nH]c2ccccc12,4.75,CHEMBL79531,IC50,0
O=C(O)CCNc1c(Br)cccc1Nc1ncnc2ccncc12,9.21,CHEMBL408399,IC50,1
O=C(O)CCNc1cc2c(Nc3cccc(Br)c3)ncnc2cn1,6.96,CHEMBL163168,IC50,1
O=C(O)CCNc1cc2ncnc(Nc3cccc(Br)c3)c2cn1,7.075000000000001,CHEMBL127086,IC50,1
O=C(O)CCc1c(S)[nH]c2ccccc12,5.79,CHEMBL309276,IC50,0
O=C(O)CCc1c(SSc2[nH]c3ccccc3c2CCC(=O)O)[nH]c2ccccc12,5.359999999999999,CHEMBL79704,IC50,0
O=C(O)CNc1c(Br)cccc1Nc1ncnc2ccncc12,8.82,CHEMBL405771,IC50,1
O=C(O)CNc1cc2c(Nc3cccc(Br)c3)ncnc2cn1,9.55,CHEMBL355816,IC50,1
O=C(O)CNc1cc2ncnc(Nc3cccc(Br)c3)c2cn1,8.82,CHEMBL338175,IC50,1
O=C(O)COCc1ccn2ncnc(Nc3ccc4c(cnn4Cc4cccc(F)c4)c3)c12,7.52,CHEMBL394057,IC50,1
O=C(O)Cc1c(S)[nH]c2ccccc12,4.83,CHEMBL83429,IC50,0
O=C(O)Cc1c(SSSc2[nH]c3ccccc3c2CC(=O)O)[nH]c2ccccc12,5.03,CHEMBL79970,IC50,0
O=C(O)Cc1c(SSc2[nH]c3ccccc3c2CC(=O)O)[nH]c2ccccc12,4.99,CHEMBL419650,IC50,0
O=C(O)Cc1cc(N=Cc2cc(O)ccc2O)ccc1O,4.34,CHEMBL171000,IC50,0
O=C(O)Cc1cc(NCc2cc(O)ccc2O)ccc1O,4.82,CHEMBL171085,IC50,0
O=C(O)Cn1ccc2cc3c(Nc4cccc(Br)c4)ncnc3cc21,7.02,CHEMBL289162,IC50,1
O=C(O)Cn1ncc2cc3c(Nc4cccc(Br)c4)ncnc3cc21,6.6,CHEMBL36819,IC50,1
O=C(O)c1cc(CCc2cc(O)ccc2O)ccc1O,5.48,CHEMBL103860,IC50,0
O=C(O)c1cc(N(Cc2ccccc2O)Cc2cc(O)ccc2O)ccc1O,5.39,CHEMBL103552,IC50,0
O=C(O)c1cc(N=Cc2cc(O)ccc2O)ccc1O,4.65,CHEMBL316764,IC50,0
O=C(O)c1cc(NCc2cc(O)ccc2O)ccc1O,5.56,CHEMBL319620,IC50,0
O=C(O)c1ccc(-c2cc(O)cc(-c3ccccc3)c2)cc1,5.0,CHEMBL143899,IC50,0
O=C(O)c1ccc(NN2C(=O)c3c(c4c5cccc(O)c5n(C5OC(CO)C(O)C(O)C5O)c4c4[nH]c5c(O)cccc5c34)C2=O)cc1,4.05,CHEMBL279035,IC50,0
O=C(O)c1ccc(S(=O)(=O)Oc2ccc(/C=C/[N+](=O)[O-])cc2)c(O)c1,6.515,CHEMBL77688,IC50,1
O=C(O)c1ccc(S(=O)(=O)Oc2ccc(/C=C/[N+](=O)[O-])cc2)cc1,6.0,CHEMBL76958,IC50,0
O=C(O)c1ccc(S(=O)(=O)Oc2ccc(/C=C/[N+](=O)[O-])cc2)cc1O,7.285,CHEMBL449093,IC50,1
O=C(O)c1ccc2c(c1)CNc1c(Nc3ccc(F)c(Cl)c3)ncnc1O2,5.36,CHEMBL206848,IC50,0
O=C(O)c1ccc2c(c1)CNc1c(Nc3cccc(Br)c3)ncnc1O2,6.0,CHEMBL205148,IC50,0
O=C(O)c1cccc(Nc2ncnc3[nH]c4c(c23)CCCC4)c1,4.59,CHEMBL74645,IC50,0
O=C(OC/C=C/c1ccccc1)c1cc(NCc2cc(O)ccc2O)ccc1O,5.795,CHEMBL172333,IC50,0
O=C(OCC1CCCCC1)c1cc(NCc2cc(O)ccc2O)ccc1O,5.76,CHEMBL168363,IC50,0
O=C(OCCC12C[C@H]3C[C@@H](C1)C[C@@H](C2)C3)c1cc(NCc2cc(O)ccc2O)ccc1O,5.9,CHEMBL169885,IC50,0
O=C(OCCCCc1ccccc1)c1cc(NCc2cc(O)ccc2O)ccc1O,6.15,CHEMBL435902,IC50,0
O=C(OCCCc1ccccc1)c1cc(NCc2cc(O)ccc2O)ccc1O,6.5,CHEMBL168533,IC50,1
O=C(OCCc1ccccc1)c1cc(NCc2cc(O)ccc2O)ccc1O,6.37,CHEMBL168366,IC50,0
O=C(OCc1ccccc1)c1cc(NCc2cc(O)ccc2O)ccc1O,6.35,CHEMBL352583,IC50,0
O=C(O[C@@H]1CN[C@@H](C#Cc2cc3ncnc(Nc4ccc(OCc5cccc(F)c5)c(Cl)c4)c3s2)C1)N1CCOCC1,7.4,CHEMBL450109,IC50,1
O=C(O[C@@H]1CN[C@H](C#Cc2cc3ncnc(Nc4ccc(OCc5cccc(F)c5)c(Cl)c4)c3s2)C1)N1CCOCC1,7.1,CHEMBL447365,IC50,1
O=C(O[C@H]1CN[C@@H](C#Cc2cc3ncnc(Nc4ccc(OCc5cccc(F)c5)c(Cl)c4)c3s2)C1)N1CCOCC1,7.3,CHEMBL450396,IC50,1
O=C(O[C@H]1CN[C@H](C#Cc2cc3ncnc(Nc4ccc(OCc5cccc(F)c5)c(Cl)c4)c3s2)C1)N1CCCC1,7.0,CHEMBL451513,IC50,1
O=C(O[C@H]1CN[C@H](C#Cc2cc3ncnc(Nc4ccc(OCc5cccc(F)c5)c(Cl)c4)c3s2)C1)N1CCNCC1,7.2,CHEMBL499534,IC50,1
O=C(O[C@H]1CN[C@H](C#Cc2cc3ncnc(Nc4ccc(OCc5cccc(F)c5)c(Cl)c4)c3s2)C1)N1CCOCC1,7.19,CHEMBL507329,IC50,1
O=C(Oc1ccc(-c2ccccc2)cc1)c1cc(NCc2cc(O)ccc2O)ccc1O,5.3,CHEMBL171172,IC50,0
O=C(Oc1ccc2ccccc2c1)c1cc(NCc2cc(O)ccc2O)ccc1O,7.05,CHEMBL169514,IC50,1
O=C(Oc1cccc(O)c1)c1cc(NCc2cc(O)ccc2O)ccc1O,7.05,CHEMBL422335,IC50,1
O=C(Oc1cccc2ccccc12)c1cc(NCc2cc(O)ccc2O)ccc1O,6.16,CHEMBL168915,IC50,0
O=C(Oc1ccccc1)c1cc(NCc2cc(O)ccc2O)ccc1O,6.08,CHEMBL169970,IC50,0
O=C(c1ccccc1)c1cc2ncnc(Nc3ccc4[nH]ccc4c3)c2s1,8.05,CHEMBL81712,IC50,1
O=C1CCN(Cc2ccn3ncnc(Nc4ccc5c(cnn5Cc5cccc(F)c5)c4)c23)CCN1,6.62,CHEMBL233324,IC50,1
O=C1CN(Cc2ccn3ncnc(Nc4ccc5c(cnn5Cc5cccc(F)c5)c4)c23)CCN1,6.46,CHEMBL265629,IC50,0
O=C1CNCCN(Cc2ccn3ncnc(Nc4ccc5c(cnn5Cc5cccc(F)c5)c4)c23)C1,6.11,CHEMBL234580,IC50,0
O=C1N=c2ncnc(Nc3ccc(F)c(Cl)c3)c2=C1Cc1ccc(C(=O)NCCN2CCOCC2)[nH]1,7.66,CHEMBL302552,IC50,1
O=C1NC(=O)N(CCc2ccccc2)C1=Cc1ccc(O)cc1,5.36,CHEMBL213560,IC50,0
O=C1NC(=O)c2c1c1c3cccc(O)c3[nH]c1c1[nH]c3c(O)cccc3c21,4.54,CHEMBL279481,IC50,0
O=C1NC(=O)c2c1c1c3cccc(O)c3[nH]c1c1c2c2cccc(O)c2n1C1OC(CO)C(O)C(O)C1O,4.05,CHEMBL21108,IC50,0
O=C1NC(=O)c2cc(Nc3ccc(F)cc3)c(Nc3ccc(F)cc3)cc21,5.91,CHEMBL7939,IC50,0
O=C1NC(=O)c2cc(Nc3ccc(O)cc3)c(Nc3ccc(O)cc3)cc21,5.6,CHEMBL267019,IC50,0
O=C1NC(=O)c2cc(Nc3ccccc3)c(Nc3ccccc3)cc21,6.613333333333333,CHEMBL268868,IC50,1
O=C1Nc2ccccc2C1=Cc1cc2c([nH]1)CCC(Br)C2,4.88,CHEMBL408565,IC50,0
O=CN=CCc1cc(O)ccc1O,5.3566666666666665,CHEMBL47986,IC50,0
O=CN=CCc1ccc(O)c(O)c1,5.16,CHEMBL46946,IC50,0
O=NN(CCCl)C(=O)Nc1ccc2ncnc(Nc3cccc(Br)c3)c2c1,7.33,CHEMBL210660,IC50,1
O=NN(CCCl)C(=O)Nc1ccc2ncnc(Nc3cccc(Cl)c3)c2c1,7.17,CHEMBL210659,IC50,1
O=P(O)(O)Cc1cc(NCc2cc(O)ccc2O)ccc1O,5.52,CHEMBL352876,IC50,0
O=S(=O)(CCCCNCc1ccc(-c2ccc3ncnc(Nc4ccc(OCc5ccccc5)c(Cl)c4)c3c2)o1)c1ccccc1,7.3,CHEMBL212201,IC50,1
O=S(=O)(CCNCc1ccc(-c2ccc3ncnc(Nc4ccc(OCc5cccc(F)c5)c(C(F)(F)F)c4)c3c2)o1)c1ccccn1,7.72,CHEMBL214023,IC50,1
O=S(=O)(CCNCc1ccc(-c2ccc3ncnc(Nc4ccc(OCc5cccc(F)c5)c(Cl)c4)c3c2)o1)c1ccccc1,7.72,CHEMBL1794063,IC50,1
O=S(=O)(CCO)c1cc2c(Nc3cccc(Br)c3)ncnc2cn1,7.03,CHEMBL335440,IC50,1
O=S(=O)(CCOCc1ccc(-c2ccc3ncnc(Nc4ccc(OCc5cccc(F)c5)c(Cl)c4)c3c2)o1)c1ccccc1,7.6,CHEMBL212250,IC50,1
O=S(=O)(O)CCNc1c(Br)cccc1Nc1ncnc2ccncc12,8.85,CHEMBL270895,IC50,1
O=S(=O)(O)CCNc1cc2ncnc(Nc3cccc(Br)c3)c2cn1,8.85,CHEMBL128467,IC50,1
O=S(=O)(O)c1cc(NCc2cc(O)ccc2O)ccc1O,4.99,CHEMBL122785,IC50,0
O=[N+]([O-])/C=C/c1ccc(O)c(O)c1,5.055,CHEMBL78224,IC50,0
O=[N+]([O-])/C=C/c1ccc(O)cc1,5.0,CHEMBL307481,IC50,0
O=[N+]([O-])CCc1c(SSc2[nH]c3ccccc3c2CC[N+](=O)[O-])[nH]c2ccccc12,4.05,CHEMBL158119,IC50,0
O=[N+]([O-])c1cc(NCc2cc(O)ccc2O)ccc1O,5.27,CHEMBL123045,IC50,0
O=[N+]([O-])c1cc2c(Nc3cccc(Br)c3)ncnc2cc1Cl,7.6,CHEMBL66409,IC50,1
O=[N+]([O-])c1ccc2c(NCc3ccccc3)ncnc2c1,5.23,CHEMBL116748,IC50,0
O=[N+]([O-])c1ccc2c(Nc3cccc(Br)c3)ncnc2c1,6.0,CHEMBL94275,IC50,0
O=[N+]([O-])c1ccc2c(Nc3cccc(Cl)c3)ncnc2c1,6.09,CHEMBL93635,IC50,0
O=[N+]([O-])c1ccc2c(Nc3cccc(F)c3)ncnc2c1,5.21,CHEMBL329183,IC50,0
O=[N+]([O-])c1ccc2c(Nc3cccc(I)c3)ncnc2c1,6.265,CHEMBL93284,IC50,0
O=[N+]([O-])c1ccc2c(Nc3ccccc3)ncnc2c1,4.92,CHEMBL91914,IC50,0
O=[N+]([O-])c1ccc2c(c1)sc1c(Nc3cccc(Br)c3)ncnc12,7.32,CHEMBL540590,IC50,1
O=[N+]([O-])c1ccc2ncnc(Nc3cccc(Br)c3)c2c1,6.046666666666667,CHEMBL329161,IC50,0
O=[N+]([O-])c1ccc2ncnc(Nc3ccccc3)c2c1,5.3,CHEMBL328295,IC50,0
O=[N+]([O-])c1ccc2sc3c(Nc4cccc(Br)c4)ncnc3c2c1,7.91,CHEMBL553351,IC50,1
O=[N+]([O-])c1ccc2sc3c(Nc4cccc(C(F)(F)F)c4)ncnc3c2c1,6.34,CHEMBL538814,IC50,0
O=[N+]([O-])c1ccc2sc3c(Nc4ccccc4)ncnc3c2c1,7.24,CHEMBL544868,IC50,1
O=[N+]([O-])c1cccc(-c2[nH]nc3ncnc(Nc4cccc(Cl)c4)c23)c1,6.57,CHEMBL118904,IC50,1
O=[N+]([O-])c1cccc(Nc2nccc(-c3cccnc3)n2)c1,4.0,CHEMBL56081,IC50,0
O=[N+]([O-])c1cccc2c1sc1c(Nc3cccc(Br)c3)ncnc12,6.8,CHEMBL540082,IC50,1
O=[N+]([O-])c1cccc2ncnc(NCc3ccccc3)c12,5.1,CHEMBL119708,IC50,0
O=[N+]([O-])c1cccc2ncnc(Nc3cccc(Br)c3)c12,6.45,CHEMBL116308,IC50,0
O=c1c(-c2ccc(O)cc2)coc2cc(O)cc(O)c12,5.895,CHEMBL44,IC50,0
O=c1c(-c2cccc(Cl)c2)c[nH]c2cc(O)cc(O)c12,6.9,CHEMBL266995,IC50,1
O=c1c(-c2cccc(Cl)c2)coc2cc(O)cc(O)c12,5.97,CHEMBL7827,IC50,0
O=c1c(-c2cccc(Cl)c2)coc2cc(O)ccc12,4.23,CHEMBL7699,IC50,0
O=c1ccc2ccc(O)c(O)c2o1,5.12,CHEMBL244948,IC50,0
OC1(c2nc(-c3ccc(F)cc3)c(-c3ccnc(NC4CCCCC4)c3)o2)CCNCC1,5.83,CHEMBL121405,IC50,0
OC1CCN(CCCOc2[nH]nc3ncnc(Nc4ccc(OCc5ccccn5)c(Cl)c4)c23)CC1,8.05,CHEMBL257860,IC50,1
OC1CCN(CCOc2[nH]nc3ncnc(Nc4ccc(OCc5ccccn5)c(Cl)c4)c23)CC1,7.89,CHEMBL404405,IC50,1
OC1CCN(Cc2ccn3ncnc(Nc4ccc5c(cnn5Cc5cccc(F)c5)c4)c23)CC1,7.17,CHEMBL401443,IC50,1
OCC#Cc1ccc2ncnc(Nc3ccc(F)c(Cl)c3)c2c1,7.85,CHEMBL249919,IC50,1
OCC(CO)Nc1cc2ncnc(Nc3cccc(Br)c3)c2cn1,7.85,CHEMBL125568,IC50,1
OCC(O)C(O)C(O)C(O)CNc1cc2ncnc(Nc3cccc(Br)c3)c2cn1,8.32,CHEMBL129579,IC50,1
OCC(O)CNc1c(Br)cccc1Nc1ncnc2ccncc12,9.03,CHEMBL270695,IC50,1
OCC(O)CNc1cc2c(Nc3cccc(Br)c3)ncnc2cn1,9.74,CHEMBL166093,IC50,1
OCC(O)CNc1cc2ncnc(Nc3cccc(Br)c3)c2cn1,7.84,CHEMBL126372,IC50,1
OCC(O)Cn1ccc2cc3c(Nc4cccc(Br)c4)ncnc3cc21,8.055,CHEMBL416611,IC50,1
OCC(O)Cn1ncc2cc3c(Nc4cccc(Br)c4)ncnc3cc21,7.21,CHEMBL37543,IC50,1
OCCC#Cc1ccc2ncnc(Nc3ccc(F)c(Cl)c3)c2c1,6.73,CHEMBL249921,IC50,1
OCCCC#Cc1ccc2ncnc(Nc3ccc(F)c(Cl)c3)c2c1,6.94,CHEMBL251291,IC50,1
OCCCCNc1cncc(-c2cncc(Nc3cccc(Cl)c3)n2)c1,5.13,CHEMBL188386,IC50,0
OCCCNCc1ccc(-c2cc3nccc(Nc4ccc5[nH]ccc5c4)c3s2)cc1,8.05,CHEMBL77452,IC50,1
OCCCNc1cncc(-c2cncc(Nc3cccc(Cl)c3)n2)c1,5.87,CHEMBL177688,IC50,0
OCCN(CCO)CCCNc1c(Br)cccc1Nc1ncnc2ccncc12,8.92,CHEMBL427832,IC50,1
OCCN(CCO)CCCNc1cc2c(Nc3cccc(Br)c3)ncnc2cn1,8.05,CHEMBL163369,IC50,1
OCCN(CCO)CCCNc1cc2ncnc(Nc3cccc(Br)c3)c2cn1,8.92,CHEMBL127058,IC50,1
OCCN(CCO)CCNc1c(Br)cccc1Nc1ncnc2ccncc12,8.03,CHEMBL271623,IC50,1
OCCN(CCO)CCNc1cc2c(Nc3cccc(Br)c3)ncnc2cn1,8.09,CHEMBL165630,IC50,1
OCCN(CCO)CCNc1cc2ncnc(Nc3cccc(Br)c3)c2cn1,8.04,CHEMBL435993,IC50,1
OCCN(CCO)Cc1c[nH]c2cc3ncnc(Nc4cccc(Br)c4)c3cc12,7.665000000000001,CHEMBL36164,IC50,1
OCCN(CCO)c1c(Br)cccc1Nc1ncnc2ccncc12,7.92,CHEMBL406004,IC50,1
OCCN(CCO)c1cc2ncnc(Nc3cccc(Br)c3)c2cn1,7.92,CHEMBL128759,IC50,1
OCCNC1CCN(Cc2ccn3ncnc(Nc4ccc5c(cnn5Cc5cccc(F)c5)c4)c23)CC1,7.32,CHEMBL247104,IC50,1
OCCNCc1ccc(-c2cc3nccc(Nc4ccc5[nH]ccc5c4)c3s2)cc1,8.7,CHEMBL310740,IC50,1
OCCNCc1ccn2ncnc(Nc3ccc4c(cnn4Cc4cccc(F)c4)c3)c12,7.35,CHEMBL391321,IC50,1
OCCNc1c(Br)cccc1Nc1ncnc2ccncc12,9.61,CHEMBL270696,IC50,1
OCCNc1cc2c(Nc3cccc(Br)c3)ncnc2cn1,9.72,CHEMBL165864,IC50,1
OCCNc1cc2ncnc(Nc3cccc(Br)c3)c2cn1,9.62,CHEMBL127041,IC50,1
OCCOCCNCc1ccc(-c2cc3nccc(Nc4ccc5[nH]ccc5c4)c3s2)cc1,8.4,CHEMBL421326,IC50,1
OCCOc1[nH]nc2ncnc(Nc3ccc(OCc4ccccn4)c(Cl)c3)c12,7.8,CHEMBL257861,IC50,1
OCN(CO)c1c(Br)cccc1Nc1ncnc2ccncc12,7.85,CHEMBL272477,IC50,1
OCc1ccc(-c2cc3ncnc(Nc4ccc5[nH]ccc5c4)c3s2)cc1,9.0,CHEMBL312753,IC50,1
OCc1ccc(C#Cc2cncnc2Nc2ccc(OCc3cccc(F)c3)c(Cl)c2)o1,7.48,CHEMBL204467,IC50,1
OCc1cccc(C#Cc2cncnc2Nc2ccc(OCc3cccc(F)c3)c(Cl)c2)n1,7.4,CHEMBL204570,IC50,1
OCc1ccn2ncnc(Nc3ccc4c(cnn4Cc4cccc(F)c4)c3)c12,6.92,CHEMBL246276,IC50,1
OCc1nc(C#Cc2cncnc2Nc2ccc(OCc3cccc(F)c3)c(Cl)c2)cs1,7.12,CHEMBL205047,IC50,1
ON=C(O)c1cc(NCc2cc(O)ccc2O)ccc1O,5.4,CHEMBL172449,IC50,0
O[C@@H]1CNCCN(Cc2ccn3ncnc(Nc4ccc5c(cnn5Cc5cccc(F)c5)c4)c23)C1,6.7,CHEMBL393787,IC50,1
O[C@H]1CNCCN(Cc2ccn3ncnc(Nc4ccc5c(cnn5Cc5cccc(F)c5)c4)c23)C1,7.58,CHEMBL233325,IC50,1
O[C@H]1CN[C@H](C#Cc2cc3ncnc(Nc4ccc(OCc5cccc(F)c5)c(Cl)c4)c3s2)C1,7.85,CHEMBL497804,IC50,1
Oc1cc2cc(-c3cccnc3)cnc2cc1O,6.3,CHEMBL63356,IC50,0
Oc1cc2cc(-c3ccncc3)cnc2cc1O,5.3,CHEMBL87084,IC50,0
Oc1cc2ncnc(Nc3cccc(Br)c3)c2cc1O,9.7675,CHEMBL93032,IC50,1
Oc1ccc(-c2[nH]nc3ncnc(Nc4cccc(Cl)c4)c23)cc1,7.26,CHEMBL118130,IC50,1
Oc1ccc(-c2nc(-c3ccc(F)cc3)c(-c3ccncc3)[nH]2)cc1,5.34,CHEMBL278041,Kd,0
Oc1ccc(N=Nc2ccc(O)cc2O)cc1,4.24,CHEMBL47966,IC50,0
Oc1ccc(NCc2cc(O)ccc2O)cc1,4.38,CHEMBL123046,IC50,0
Oc1ccc(Nc2[nH]nc3ncnc(Nc4cccc(Cl)c4)c23)cc1,7.75,CHEMBL122182,IC50,1
Oc1ccc2c(Nc3cccc(Br)c3)ncnc2c1,8.325,CHEMBL93302,IC50,1
Oc1ccc2ncnc(Nc3ccc(OCc4ccccc4)cc3)c2c1,7.01,CHEMBL14932,IC50,1
Oc1cccc(-c2[nH]nc3ncnc(Nc4cccc(Cl)c4)c23)c1,6.7,CHEMBL331906,IC50,1
Oc1cccc(Nc2[nH]nc3ncnc(Nc4cccc(Cl)c4)c23)c1,8.7,CHEMBL121954,IC50,1
Oc1cccc(Nc2ncnc3[nH]c4c(c23)CCCC4)c1,6.38,CHEMBL72322,IC50,0
[O-][N+]1(CCCNc2cc3ncnc(Nc4cccc(Br)c4)c3cn2)CCOCC1,9.13,CHEMBL339416,IC50,1
[O-][S+]1CCN(Cc2ccc(-c3ccc4ncnc(Nc5ccc(OCc6cccc(F)c6)c(C(F)(F)F)c5)c4c3)o2)CC1,7.05,CHEMBL377250,IC50,1
[O-][S+]1CCN(Cc2ccc(-c3ccc4ncnc(Nc5ccc(OCc6cccc(F)c6)c(Cl)c5)c4c3)o2)CC1,7.55,CHEMBL212954,IC50,1
[O-][S+]1CCN(Cc2ccc(-c3ccc4ncnc(Nc5ccc(OCc6ccccc6)c(Cl)c5)c4c3)o2)CC1,7.92,CHEMBL212965,IC50,1
[O-][S+]1CCN(Cc2ccc(-c3ccc4ncnc(Nc5ccc(OCc6ccccc6)c(F)c5)c4c3)o2)CC1,7.8,CHEMBL215716,IC50,1
c1cc(Nc2ccc3[nH]ccc3c2)c2sc(-c3ccc(CN4CCOCC4)cc3)cc2n1,7.52,CHEMBL312482,IC50,1
c1cc(Nc2ccc3[nH]ccc3c2)c2sc(-c3ccc(CNCCN4CCNCC4)cc3)cc2n1,8.52,CHEMBL80540,IC50,1
c1cc(Nc2nccc(-c3cccnc3)n2)cc(OCCn2ccnc2)c1,5.15,CHEMBL58436,IC50,0
c1ccc(-c2c(-c3ccc(OCCN4CCCC4)cc3)oc3ncnc(NCCN4CCNCC4)c23)cc1,6.4,CHEMBL247468,IC50,0
c1ccc(-c2c(SSc3[nH]c4ccccc4c3-c3ccccc3)[nH]c3ccccc23)cc1,4.0,CHEMBL422540,IC50,0
c1ccc(-c2cc3ncnc(Nc4ccc5[nH]ccc5c4)c3s2)cc1,7.845,CHEMBL76432,IC50,1
c1ccc(-c2cc3ncnc(Nc4ccc5[nH]ncc5c4)c3s2)cc1,5.8,CHEMBL78685,IC50,0
c1ccc(CCCN(c2cc3ncnc(Nc4ccc5[nH]ccc5c4)c3s2)n2ccnc2)cc1,8.65,CHEMBL312818,IC50,1
c1ccc(CCNc2ncnc3ccccc23)cc1,5.39,CHEMBL117804,IC50,0
c1ccc(CNc2ncnc3c2[nH]c2ccccc23)cc1,6.34,CHEMBL5173075,IC50,0
c1ccc(CNc2ncnc3c2sc2ccccc23)cc1,6.72,CHEMBL153419,IC50,1
c1ccc(CNc2ncnc3ccccc23)cc1,6.5,CHEMBL102726,IC50,1
c1ccc(CNc2ncnc3cccnc23)cc1,6.22,CHEMBL53552,IC50,0
c1ccc(CNc2ncnc3ccncc23)cc1,5.84,CHEMBL54784,IC50,0
c1ccc(CNc2ncnc3cnccc23)cc1,5.69,CHEMBL51320,IC50,0
c1ccc(Cc2nc3cc(Nc4ncnc5nn6ccccc6c45)ccc3[nH]2)cc1,5.3,CHEMBL361322,IC50,0
c1ccc(Cn2ncc3cc(Nc4ncnn5ccc(COC[C@@H]6CNCCO6)c45)ccc32)nc1,6.3,CHEMBL396079,IC50,0
c1ccc(NCCN(c2cc3ncnc(Nc4ccc5[nH]ccc5c4)c3s2)n2cccc2)cc1,9.0,CHEMBL79215,IC50,1
c1ccc(Nc2nccc(-c3cccnc3)n2)cc1,4.0,CHEMBL57690,IC50,0
c1ccc(Nc2ncnc3[nH]c4c(c23)CCCC4)cc1,6.015,CHEMBL433305,IC50,0
c1ccc(Nc2ncnc3[nH]c4ccccc4c23)cc1,6.58,CHEMBL150280,IC50,1
c1ccc(Nc2ncnc3[nH]nc(Nc4ccccc4)c23)cc1,6.08,CHEMBL332333,IC50,0
c1ccc(Nc2ncnc3c2[nH]c2ccccc23)cc1,5.68,CHEMBL544640,IC50,0
c1ccc(Nc2ncnc3ccccc23)cc1,6.46,CHEMBL289959,IC50,0
c1ccc2ncncc2c1,7.57,CHEMBL301359,IC50,1
c1cncc(Cn2ncc3cc(Nc4ncnn5ccc(COC[C@@H]6CNCCO6)c45)ccc32)c1,6.09,CHEMBL247127,IC50,0
c1csc(-c2cc3nccc(Nc4ccc5[nH]ccc5c4)c3s2)c1,9.0,CHEMBL310853,IC50,1
c1csc(-c2cc3ncnc(Nc4ccc5[nH]ccc5c4)c3s2)c1,8.205,CHEMBL76751,IC50,1
c1nc(Nc2ccc3[nH]ccc3c2)c2sccc2n1,6.22,CHEMBL442749,IC50,0
