standard_smiles,pchembl_value,molecule_chembl_id,standard_type,label
C#CCCCC(=O)c1cc(C(C)(C)C)c(O)c(C(C)(C)C)c1,7.0,CHEMBL13878,IC50,1
C#CCCCC(=O)c1cc(C(C)(C)C)c2c(c1)C(C)(C)CO2,7.82,CHEMBL13920,IC50,1
C#CCSc1ccccc1OC(C)=O,4.6,CHEMBL143113,IC50,0
C/C(=N/OCc1ccccc1Nc1c(Cl)cccc1Cl)C(=O)O,7.0,CHEMBL442441,IC50,1
C/C=C/c1cncc(-c2ccc(C(C)C(=O)O)cc2)c1,6.17,CHEMBL104336,IC50,0
C=C(c1cc(C(C)(C)C)c(O)c(C(C)(C)C)c1)c1sc(=NC(=N)N)[nH]c1O,4.92,CHEMBL278246,IC50,0
C=C1C(=O)O[C@@H]2/C=C(\C)[C@@H]3O[C@@H]3/C=C(/C(=O)OC)[C@H](O)[C@@H](OC(=O)[C@]3(C)O[C@@H]3C)[C@@H]12,5.96,CHEMBL463559,IC50,0
C=C1C(=O)O[C@@H]2C3O[C@]3(C)CC/C=C(\C)CC[C@@H]12,6.1,CHEMBL4298697,IC50,0
C=C1C(=O)O[C@@H]2C[C@@]3(C)C=CC(=O)C(=C)[C@@H]3C[C@H]12,6.4,CHEMBL512400,IC50,0
C=C1C(=O)O[C@@H]2C[C@H](C)[C@@H]3[C@@H](O)CC(=O)[C@@]3(C)C[C@H]12,5.42,CHEMBL509159,IC50,0
C=C1C(=O)O[C@@H]2[C@H]1CC[C@H](C)[C@]1(CCC(=O)O1)[C@@]2(C)O,5.34,CHEMBL270060,IC50,0
C=C1C(=O)O[C@@H]2[C@H]1[C@@H](OC(C)=O)C[C@H](C)[C@@H]1CCC(=O)[C@@]21C,5.54,CHEMBL409627,IC50,0
C=C1C(=O)O[C@H]2[C@H]1[C@H](OC(=O)[C@@]1(C)O[C@H]1C)[C@@H](OC(C)=O)/C(C(=O)OC)=C\CC[C@@]1(C)O[C@H]21,6.22,CHEMBL206765,IC50,0
C=C1C(=O)O[C@H]2[C@H]1[C@H](OC(=O)[C@]1(C)O[C@@H]1C)[C@@H](OC(C)=O)/C(C(=O)O)=C\[C@H]1O[C@H]1[C@]1(C)O[C@H]21,6.4,CHEMBL463571,IC50,0
C=C1C(c2ccccc2)=C(c2ccc(S(C)(=O)=O)cc2)C1(C)C,8.66,CHEMBL92443,IC50,1
C=C1CC(c2ccc(S(C)(=O)=O)cc2)=C1c1ccccc1,8.92,CHEMBL91118,IC50,1
C=CCON=C1NC(=O)C(=Cc2cc(C(C)(C)C)c(O)c(C(C)(C)C)c2)O1,4.58,CHEMBL277515,IC50,0
C=CCON=C1NC(=O)C(=Cc2cc(C(C)(C)C)c(O)c(C(C)(C)C)c2)S1,5.57,CHEMBL16127,IC50,0
C=CCSS/C=C/C[S+]([O-])CC=C,5.47,CHEMBL122890,IC50,0
C=CCc1cccc(-c2ccc(C(C)C(=O)O)cc2)c1,6.82,CHEMBL325787,IC50,1
C=CCn1nc(-c2ccc(S(C)(=O)=O)cc2)c(-c2ccc(F)cc2)c1C(F)(F)F,7.12,CHEMBL66856,IC50,1
C=C[C@@H]1[C@@H](O)C[C@@H]2[C@]3(CC[C@]4(C)[C@@H]([C@H](C)CCC=C(C)C)CC[C@@]24C)C[C@]13CCC(=O)O,5.33,CHEMBL39521,IC50,0
C=Cc1cccc(-c2ccc(C(C)C(=O)O)cc2)c1,6.14,CHEMBL432782,IC50,0
C=Cc1cncc(-c2ccc(C(C)C(=O)O)cc2)c1,6.72,CHEMBL106828,IC50,1
C=Cc1csc(Sc2cc3c(cc2NS(C)(=O)=O)COC3=O)n1,6.68,CHEMBL41405,IC50,1
C=Cc1nc2sc(-c3ccc(S(C)(=O)=O)cc3)c(-c3ccccc3)n2n1,6.805,CHEMBL157714,IC50,1
CC#CCSc1ccccc1OC(C)=O,4.7,CHEMBL144232,IC50,0
CC(=O)NCc1cc(-n2nc(C(F)(F)F)cc2-c2ccc(C)cc2)ccc1S(N)(=O)=O,5.16,CHEMBL149781,IC50,0
CC(=O)NCc1cc(-n2nc(C(F)(F)F)cc2-c2ccc(Cl)cc2)ccc1S(N)(=O)=O,5.3,CHEMBL146465,IC50,0
CC(=O)NS(=O)(=O)c1ccc(-c2[nH]c3ccccc3c2-c2ccccc2)cc1,9.74,CHEMBL500943,IC50,1
CC(=O)NS(=O)(=O)c1ccc(-c2ccsc2-c2ccc(F)cc2)cc1,5.27,CHEMBL63706,IC50,0
CC(=O)Nc1cc(C(C)(C)C)c2c(c1)C(C)(C)CO2,5.46,CHEMBL326365,IC50,0
CC(=O)Nc1ccc(-c2cc(C(F)(F)F)nn2-c2ccc(Br)cc2)cc1,7.16,CHEMBL43842,IC50,1
CC(=O)Nc1ccc(-c2cc(C)nn2-c2ccc(Br)cc2)cc1,6.26,CHEMBL47447,IC50,0
CC(=O)OCCCCCSc1ccccc1OC(C)=O,4.3,CHEMBL146005,IC50,0
CC(=O)OCc1cc(-c2ccc(S(C)(=O)=O)cc2)n(-c2ccc(F)cc2)c1C,6.33,CHEMBL294971,IC50,0
CC(=O)Oc1ccc(C2=C(c3ccc(S(C)(=O)=O)cc3)COC2=O)cc1,8.9,CHEMBL93372,IC50,1
CC(=O)Oc1cccc(C2=C(c3ccc(S(C)(=O)=O)cc3)COC2=O)c1,8.78,CHEMBL93024,IC50,1
CC(=O)Oc1ccccc1C(=O)O,4.3,CHEMBL25,IC50,0
CC(=O)Oc1ccccc1C1=C(c2ccc(S(C)(=O)=O)cc2)COC1=O,8.46,CHEMBL328616,IC50,1
CC(=O)Oc1ccccc1SCCCCCBr,5.02,CHEMBL358309,IC50,0
CC(=O)Oc1ccccc1SCCCCCC(=O)O,4.3,CHEMBL145071,IC50,0
CC(=O)Oc1ccccc1SCCCCCCBr,4.92,CHEMBL144533,IC50,0
CC(=O)Oc1ccccc1SCCCCCCI,5.0,CHEMBL145180,IC50,0
CC(=O)Oc1ccccc1SCCc1ccccc1,4.0,CHEMBL145029,IC50,0
CC(=O)[N-]S(=O)(=O)c1ccc(-c2c(-c3ccccc3)noc2C)cc1,4.7,CHEMBL42077,IC50,0
CC(=O)c1cc(-c2ccc(S(C)(=O)=O)cc2)n(-c2ccc(F)cc2)c1C,5.79,CHEMBL44290,IC50,0
CC(=O)c1cc(/C=C/S(N)(=O)=O)cc(C(=O)c2ccccc2)c1,4.7,CHEMBL150773,IC50,0
CC(=O)c1cc(C(C)=O)c2c(=O)cc(-c3ccccc3)oc2c1,5.57,CHEMBL493969,IC50,0
CC(=O)c1ccc(-n2c(C)ccc2-c2ccc(S(C)(=O)=O)cc2)cc1,5.54,CHEMBL297820,IC50,0
CC(C(=O)O)c1cc(/C=C/S(C)(=O)=O)cc(C(=O)c2ccccc2)c1,5.01,CHEMBL150363,IC50,0
CC(C(=O)O)c1cc(C(=O)c2ccccc2)ccc1O,6.52,CHEMBL274587,IC50,1
CC(C(=O)O)c1ccc(-c2ccc3[nH]ccc3c2)cc1,6.72,CHEMBL104592,IC50,1
CC(C(=O)O)c1ccc(-c2ccccc2)c(F)c1,7.346666666666667,CHEMBL563,IC50,1
CC(C(=O)O)c1ccc(-c2ccccc2)cc1,7.68,CHEMBL317434,IC50,1
CC(C(=O)O)c1ccc(C(=O)c2cccs2)cc1,5.56,CHEMBL956,IC50,0
CC(C(=O)O)c1ccc(CC2CCCC2=O)cc1,4.87,CHEMBL19299,IC50,0
CC(C(=O)O)c1ccc(CC2CCCC2O)cc1,4.66,CHEMBL416542,IC50,0
CC(C(=O)O)c1ccc(C[C@@H]2CCC[C@H]2O)cc1,5.7,CHEMBL19286,IC50,0
CC(C(=O)O)c1ccc(C[C@H]2CCC[C@@H]2O)cc1,6.465,CHEMBL441414,IC50,0
CC(C(=O)O)c1ccc2c(c1)OCCO2,4.78,CHEMBL236433,IC50,0
CC(C(=O)O)c1ccc2c(c1)[nH]c1ccc(Cl)cc12,5.705,CHEMBL1316,IC50,0
CC(C(=O)O)c1cccc(C(=O)c2ccccc2)c1,7.103333333333334,CHEMBL75435,IC50,1
CC(C(=O)OCC(CO[N+](=O)[O-])O[N+](=O)[O-])c1ccc(C(=O)c2cccs2)cc1,5.57,CHEMBL497677,IC50,0
CC(C(=O)OCC(CO[N+](=O)[O-])O[N+](=O)[O-])c1cccc(C(=O)c2ccccc2)c1,6.13,CHEMBL497859,IC50,0
CC(C(=O)OCCO[N+](=O)[O-])c1ccc(C(=O)c2cccs2)cc1,5.24,CHEMBL497507,IC50,0
CC(C(=O)OCCO[N+](=O)[O-])c1ccc2c(c1)[nH]c1ccc(Cl)cc12,4.19,CHEMBL497678,IC50,0
CC(C(=O)OCCO[N+](=O)[O-])c1cccc(C(=O)c2ccccc2)c1,6.11,CHEMBL444396,IC50,0
CC(C)(C)C#CC1=C(c2ccc(S(C)(=O)=O)cc2)CCC1=O,6.050000000000001,CHEMBL436539,IC50,0
CC(C)(C)c1cc(-c2cccs2)cc2c1OCC2(C)C,7.16,CHEMBL118839,IC50,1
CC(C)(C)c1cc(-c2cn3ccsc3n2)cc2c1OCC2(C)C,7.82,CHEMBL332028,IC50,1
CC(C)(C)c1cc(-c2csc(=NC(=N)N)[nH]2)cc2c1OCC2(C)C,5.05,CHEMBL117682,IC50,0
CC(C)(C)c1cc(-c2n[nH]c(=NC(=N)N)o2)cc(C(C)(C)C)c1O,4.64,CHEMBL16878,IC50,0
CC(C)(C)c1cc(-c2n[nH]c(=NC(=N)N)s2)cc(C(C)(C)C)c1O,4.77,CHEMBL16826,IC50,0
CC(C)(C)c1cc(-c2n[nH]c(=S)o2)cc(C(C)(C)C)c1O,4.33,CHEMBL276916,IC50,0
CC(C)(C)c1cc(-c2n[nH]c(=S)s2)cc(C(C)(C)C)c1O,5.26,CHEMBL16659,IC50,0
CC(C)(C)c1cc(-c2nc(=NC(=N)N)s[nH]2)cc(C(C)(C)C)c1O,4.57,CHEMBL17104,IC50,0
CC(C)(C)c1cc(-c2nc(=O)s[nH]2)cc(C(C)(C)C)c1O,5.96,CHEMBL279308,IC50,0
CC(C)(C)c1cc(-c2nnc(N)s2)cc(C(C)(C)C)c1O,5.46,CHEMBL417073,IC50,0
CC(C)(C)c1cc(-c2nnc(NC#N)o2)cc(C(C)(C)C)c1O,4.96,CHEMBL16814,IC50,0
CC(C)(C)c1cc(-c2nnc(NN)s2)cc(C(C)(C)C)c1O,5.89,CHEMBL16891,IC50,0
CC(C)(C)c1cc(-c2nnc(SCCN)s2)cc(C(C)(C)C)c1O,4.39,CHEMBL274271,IC50,0
CC(C)(C)c1cc(-c2noc(NC#N)n2)cc(C(C)(C)C)c1O,7.19,CHEMBL16981,IC50,1
CC(C)(C)c1cc(-c2nsc(NC#N)n2)cc(C(C)(C)C)c1O,7.33,CHEMBL17229,IC50,1
CC(C)(C)c1cc(/C=C2/SC(=N)NC2=O)cc2c1OCC2(C)C,5.52,CHEMBL326362,IC50,0
CC(C)(C)c1cc(/C=C2\CCOC2=O)cc2c1OCC2(C)C,8.46,CHEMBL2112567,IC50,1
CC(C)(C)c1cc(/C=C\c2cccs2)cc2c1OCC2(C)C,7.46,CHEMBL117911,IC50,1
CC(C)(C)c1cc(C(=O)C=CCC2CC2)cc2c1OCC2(C)C,6.6,CHEMBL13988,IC50,1
CC(C)(C)c1cc(C(=O)CCCC2CC2)cc2c1OCC2,4.82,CHEMBL279166,IC50,0
CC(C)(C)c1cc(C(=O)CCCC2CC2)cc2c1OCC2(C)C,6.66,CHEMBL13623,IC50,1
CC(C)(C)c1cc(C(=O)CCCC2CC2)cc2c1OCCC2(C)C,5.52,CHEMBL15058,IC50,0
CC(C)(C)c1cc(C(=O)CS(=O)(=O)CC2CC2)cc2c1OCC2(C)C,5.7,CHEMBL266858,IC50,0
CC(C)(C)c1cc(C(=O)CSCC2CC2)cc2c1OCC2(C)C,6.4,CHEMBL417254,IC50,0
CC(C)(C)c1cc(C(=O)C[S+]([O-])CC2CC2)cc2c1OCC2(C)C,5.4,CHEMBL274811,IC50,0
CC(C)(C)c1cc(C(=O)NC2CC2)cc2c1OCC2(C)C,6.26,CHEMBL119170,IC50,0
CC(C)(C)c1cc(C(=O)c2ccccc2)cc2c1OCC2(C)C,8.15,CHEMBL275120,IC50,1
CC(C)(C)c1cc(C(=O)c2cccs2)cc2c1OCC2(C)C,7.42,CHEMBL332937,IC50,1
CC(C)(C)c1cc(C=C2OC(=NC(=N)N)NC2=O)cc(C(C)(C)C)c1O,5.29,CHEMBL15781,IC50,0
CC(C)(C)c1cc(C=C2OC(=O)NC2=O)cc(C(C)(C)C)c1O,4.47,CHEMBL48568,IC50,0
CC(C)(C)c1cc(C=C2SC(=NC#N)NC2=O)cc(C(C)(C)C)c1O,4.26,CHEMBL16048,IC50,0
CC(C)(C)c1cc(C=C2SC(=NC(=N)N)NC2=O)cc(C(C)(C)C)c1O,4.68,CHEMBL16434,IC50,0
CC(C)(C)c1cc(C=C2SC(=O)NC2=O)cc(C(C)(C)C)c1O,5.33,CHEMBL49008,IC50,0
CC(C)(C)c1cc(C=C2SC(=S)NC2=O)cc(C(C)(C)C)c1O,5.82,CHEMBL295739,IC50,0
CC(C)(C)c1cc(CC2=NC(=S)NC2=O)cc(C(C)(C)C)c1O,6.58,CHEMBL15945,IC50,1
CC(C)(C)c1cc(Cc2sc(N=O)nc2O)cc(C(C)(C)C)c1O,5.82,CHEMBL277721,IC50,0
CC(C)(C)c1cc(NCc2ccccc2)nc(-c2ccc(S(C)(=O)=O)cc2)n1,7.03,CHEMBL271103,IC50,1
CC(C)(C)c1cc(NCc2cccs2)nc(-c2ccc(S(C)(=O)=O)cc2)n1,7.51,CHEMBL405071,IC50,1
CC(C)(C)c1cc(Nc2ccccc2C(=O)O)cc2c1OCC2(C)C,5.4,CHEMBL331749,IC50,0
CC(C)(C)c1nc(-c2ccc(F)cc2)c(-c2ccc(S(C)(=O)=O)cc2)s1,6.96,CHEMBL17064,IC50,1
CC(C)(COc1ccc(Br)cc1)C(=O)NCCCN1c2ccccc2Sc2ccccc21,4.68,CHEMBL147074,IC50,0
CC(C)(Cl)CC(=O)c1cc(C(C)(C)C)c2c(c1)C(C)(C)CO2,7.0,CHEMBL14420,IC50,1
CC(C)(O)COc1ncc(C(F)(F)F)cc1-c1ccc(S(C)(=O)=O)cc1,6.0,CHEMBL49319,IC50,0
CC(C)(O)CSc1ncc(C(F)(F)F)cc1-c1ccc(S(C)(=O)=O)cc1,6.16,CHEMBL300710,IC50,0
CC(C)(O)c1cc(-c2ccc(F)cc2)c(-c2ccc(S(N)(=O)=O)cc2)s1,5.8,CHEMBL303674,IC50,0
CC(C)(O)c1cc(-c2ccc(S(N)(=O)=O)cc2)c(-c2ccc(F)cc2)s1,6.39,CHEMBL308682,IC50,0
CC(C)(O)c1scc(-c2ccc(S(C)(=O)=O)cc2)c1-c1ccc(F)cc1,5.23,CHEMBL367778,IC50,0
CC(C)(Oc1ccc(Cl)cc1)C(=O)NCCCN1c2ccccc2Sc2ccccc21,5.89,CHEMBL359113,IC50,0
CC(C)=CCC12Oc3cc(O)ccc3C1(O)Oc1cc(O)c([C@H]3C=C(C)C[C@@H](c4ccc(O)cc4O)C3C(=O)c3ccc(O)cc3O)c(O)c1C2=O,4.14,CHEMBL464610,IC50,0
CC(C)=CCC1C(=O)C(C(=O)CC(C)C)C(=O)C(O)(CC=C(C)C)C1=O,5.8,CHEMBL512227,IC50,0
CC(C)=CCc1c(-c2ccc(O)cc2O)oc2c3c(cc(O)c2c1=O)OC(C)(C)C=C3,4.0,CHEMBL464006,IC50,0
CC(C)=CCc1c(O)cc2oc3cc(O)c(O)c(C=CC(C)C)c3c(=O)c2c1O,5.7,CHEMBL260553,IC50,0
CC(C)=CCn1ncc(-c2ccc(S(C)(=O)=O)cc2)c(-c2ccc(F)cc2)c1=O,6.76,CHEMBL158310,IC50,1
CC(C)=Cc1cc(/C=C/S(N)(=O)=O)cc(C(=O)c2ccccc2)c1,6.01,CHEMBL356596,IC50,0
CC(C)CCCC(=O)c1cc(C(C)(C)C)c2c(c1)C(C)(C)CO2,5.35,CHEMBL276436,IC50,0
CC(C)CNc1cc(C(F)(F)F)nc(-c2ccc(S(C)(=O)=O)cc2)n1,5.605,CHEMBL257483,IC50,0
CC(C)Cc1ccc(C(C)C(=O)O)cc1,5.145,CHEMBL521,IC50,0
CC(C)Nc1cc(NCc2ccccc2)nc(-c2ccc(S(C)(=O)=O)cc2)n1,6.56,CHEMBL272208,IC50,1
CC(C)Nc1cc(NCc2cccs2)nc(-c2ccc(S(C)(=O)=O)cc2)n1,7.99,CHEMBL271614,IC50,1
CC(C)OC1(C)OC(=O)C(c2ccc(F)cc2)=C1c1ccc(S(C)(=O)=O)cc1,6.1,CHEMBL18089,IC50,0
CC(C)OC1=C(c2ccc(S(C)(=O)=O)cc2)C(C)(C)OC1=O,6.52,CHEMBL10345,IC50,1
CC(C)OC1=C(c2ccc(S(C)(=O)=O)cc2)C(C)(CC(F)(F)F)OC1=O,5.89,CHEMBL325442,IC50,0
CC(C)Oc1c(-c2ccc(S(C)(=O)=O)cc2)cnn(Cc2ccccc2)c1=O,6.734999999999999,CHEMBL434673,IC50,1
CC(C)Oc1ccc2c(-c3ccc(S(C)(=O)=O)cc3)c(-c3ccc(F)cc3)nn2n1,7.24,CHEMBL365473,IC50,1
CC(C)S(=O)(=O)c1c(=O)n(Cc2ccc(F)c(F)c2)c(O)c2ccc(Cl)cc12,7.0,CHEMBL278505,IC50,1
CC(C)S(=O)(=O)c1c(=O)n(Cc2ccc(F)c(F)c2)c(O)c2ccccc12,6.7,CHEMBL275376,IC50,1
CC(C)S(=O)(=O)c1c(=O)n(Cc2ccc(F)cc2)c(O)c2ccccc12,7.05,CHEMBL18148,IC50,1
CC(C)S(=O)(=O)c1c(=O)n(Cc2ccccc2)c(O)c2ccc(Cl)cc12,7.22,CHEMBL18020,IC50,1
CC(C)S(=O)(=O)c1c(=O)n(Cc2ccccc2)c(O)c2ccccc12,6.54,CHEMBL18373,IC50,1
CC(C)[C@]12O[C@H]1[C@@H]1O[C@]13[C@]1(O[C@H]1C[C@H]1C4=C(CC[C@@]13C)C(=O)OC4)[C@@H]2O,7.4,CHEMBL463763,IC50,1
CC(C)c1cc(-c2ccc(S(N)(=O)=O)cc2)c(-c2ccc(F)cc2)s1,8.0,CHEMBL417204,IC50,1
CC(C)c1cc(C=C2SC(=NC(=N)N)NC2=O)cc(C(C)C)c1O,5.75,CHEMBL16251,IC50,0
CC(C)c1cc(NCc2ccccc2)nc(-c2ccc(S(C)(=O)=O)cc2)n1,7.6,CHEMBL255378,IC50,1
CC(C)c1cc(NCc2cccs2)nc(-c2ccc(S(C)(=O)=O)cc2)n1,8.01,CHEMBL271104,IC50,1
CC(C)c1ccc(-c2c(Cl)ncn2-c2ccc(S(C)(=O)=O)cc2)cc1,7.41,CHEMBL117855,IC50,1
CC(C)c1ccc(C2=C(c3ccc(S(C)(=O)=O)cc3)C(C)(O)OC2=O)cc1,5.88,CHEMBL18867,IC50,0
CC(C)c1ccc(NC(=O)Oc2ccc(/N=N/c3ccc(S(N)(=O)=O)cc3)cc2OC(=O)Nc2ccc(C(C)C)cc2)cc1,4.91,CHEMBL213939,IC50,0
CC(C)c1nc(C2CCCCC2)c(-c2ccc(S(N)(=O)=O)c(F)c2)o1,6.22,CHEMBL36815,IC50,0
CC(C)c1nc2sc(-c3ccc(S(C)(=O)=O)cc3)c(-c3ccccc3)n2n1,7.96,CHEMBL348115,IC50,1
CC(C1CC1)n1ncc(-c2ccc(S(C)(=O)=O)cc2)c(-c2ccc(F)cc2)c1=O,6.43,CHEMBL155247,IC50,0
CC(COC(=O)C(C)c1ccc(C(=O)c2cccs2)cc1)O[N+](=O)[O-],5.34,CHEMBL526643,IC50,0
CC(COC(=O)C(C)c1ccc2c(c1)[nH]c1ccc(Cl)cc12)O[N+](=O)[O-],4.35,CHEMBL498529,IC50,0
CC(COC(=O)C(C)c1cccc(C(=O)c2ccccc2)c1)O[N+](=O)[O-],6.14,CHEMBL497858,IC50,0
CC(Nc1cc(C(F)(F)F)nc(-c2ccc(S(C)(=O)=O)cc2)n1)c1ccccc1,6.28,CHEMBL271312,IC50,0
CC(O)CN1c2ccccc2Sc2ccccc21,5.3,CHEMBL151658,IC50,0
CC(OC1=C(c2ccc(S(C)(=O)=O)cc2)C(C)(C)OC1=O)C1CC1,7.1,CHEMBL305507,IC50,1
CC(S)CN1c2ccccc2Sc2ccccc21,5.4,CHEMBL149032,IC50,0
CC1(C)C(=NO)C(c2ccccc2)=C1c1ccc(S(C)(=O)=O)cc1,7.21,CHEMBL330516,IC50,1
CC1(C)C(=O)C(c2ccc(F)cc2)=C1c1ccc(S(C)(=O)=O)cc1,8.3,CHEMBL91832,IC50,1
CC1(C)C(=O)C(c2ccc(S(C)(=O)=O)cc2)=C1c1ccccc1,7.02,CHEMBL92485,IC50,1
CC1(C)C(=O)C(c2ccccc2)=C1c1ccc(S(C)(=O)=O)cc1,8.55,CHEMBL420987,IC50,1
CC1(C)C(c2ccc(S(C)(=O)=O)cc2)=C(c2ccccc2)C1O,6.28,CHEMBL328521,IC50,0
CC1(C)CC(c2cc(C(C)(C)C)c3c(c2)C(C)(C)CO3)=NO1,6.7,CHEMBL421608,IC50,1
CC1(C)CC(c2ccc(Cl)cc2)=C(c2ccc(S(C)(=O)=O)cc2)C1,8.15,CHEMBL320784,IC50,1
CC1(C)CC(c2ccc(F)cc2)=C(c2ccc(S(C)(=O)=O)cc2)C1,7.82,CHEMBL89578,IC50,1
CC1(C)CC1Cn1ncc(-c2ccc(S(C)(=O)=O)cc2)c(-c2ccc(F)cc2)c1=O,6.84,CHEMBL154480,IC50,1
CC1(C)CC[C@]2(C(=O)O)CC[C@]3(C)C(=CC[C@@H]4[C@@]5(C)CC[C@H](O)C(C)(C)[C@@H]5CC[C@]43C)[C@@H]2C1,4.06,CHEMBL168,IC50,0
CC1(C)COc2c(C3CCCC3)cc(C(=O)CCCC3CC3)cc21,4.7,CHEMBL279550,IC50,0
CC1(C)COc2ccc(C(=O)CCCC3CC3)cc21,5.1,CHEMBL14735,IC50,0
CC1(C)Cc2c(-c3ccccc3)c(-c3ccc(Cl)cc3)c(CC(=O)O)n2C1,6.43,CHEMBL300982,IC50,0
CC1(C)OC(=O)C(=Nc2ccccc2)C1c1ccc(S(C)(=O)=O)cc1,5.824999999999999,CHEMBL410419,IC50,0
CC1(C)OC(=O)C(C(=O)c2ccccc2)=C1c1ccc(S(C)(=O)=O)cc1,6.16,CHEMBL325370,IC50,0
CC1(C)OC(=O)C(Cc2ccccc2)=C1c1ccc(S(C)(=O)=O)cc1,6.05,CHEMBL108802,IC50,0
CC1(C)OC(=O)C(OC2CC2)=C1c1ccc(S(C)(=O)=O)cc1,5.28,CHEMBL73997,IC50,0
CC1(C)OC(=O)C(OC2CCCCC2)=C1c1ccc(S(C)(=O)=O)cc1,7.4,CHEMBL70104,IC50,1
CC1(C)OC(=O)C(OCC2CC2)=C1c1ccc(S(C)(=O)=O)cc1,6.85,CHEMBL69998,IC50,1
CC1(C)OC(=O)C(Oc2cc(F)cc(F)c2)=C1c1ccc(S(C)(=O)=O)cc1,7.075,CHEMBL106302,IC50,1
CC1(C)OC(=O)C(Oc2ccc(Br)cn2)=C1c1ccc(S(C)(=O)=O)cc1,7.609999999999999,CHEMBL322703,IC50,1
CC1(C)OC(=O)C(Oc2ccc(C3CC3)cn2)=C1c1ccc(S(C)(=O)=O)cc1,7.52,CHEMBL108917,IC50,1
CC1(C)OC(=O)C(Oc2ccc(Cl)cc2)=C1c1ccc(S(C)(=O)=O)cc1,7.85,CHEMBL325804,IC50,1
CC1(C)OC(=O)C(Oc2ccc(Cl)cn2)=C1c1ccc(S(C)(=O)=O)cc1,7.7,CHEMBL320585,IC50,1
CC1(C)OC(=O)C(Oc2ccc(F)c(F)c2)=C1c1ccc(S(C)(=O)=O)cc1,7.609999999999999,CHEMBL110401,IC50,1
CC1(C)OC(=O)C(Oc2ccc(F)cc2)=C1c1ccc(S(C)(=O)=O)cc1,7.0,CHEMBL324876,IC50,1
CC1(C)OC(=O)C(Oc2ccc(F)cc2F)=C1c1ccc(S(C)(=O)=O)cc1,7.550000000000001,CHEMBL110836,IC50,1
CC1(C)OC(=O)C(Oc2ccc(F)cn2)=C1c1ccc(S(C)(=O)=O)cc1,7.25,CHEMBL107706,IC50,1
CC1(C)OC(=O)C(Oc2ccc3[nH]ccc3c2)=C1c1ccc(S(C)(=O)=O)cc1,7.07,CHEMBL322276,IC50,1
CC1(C)OC(=O)C(Oc2ccc3ccccc3n2)=C1c1ccc(S(C)(=O)=O)cc1,6.33,CHEMBL321597,IC50,0
CC1(C)OC(=O)C(Oc2ccc3sccc3c2)=C1c1ccc(S(C)(=O)=O)cc1,7.4,CHEMBL108512,IC50,1
CC1(C)OC(=O)C(Oc2cccc(Cl)n2)=C1c1ccc(S(C)(=O)=O)cc1,5.95,CHEMBL108857,IC50,0
CC1(C)OC(=O)C(Oc2cccc(F)c2)=C1c1ccc(S(C)(=O)=O)cc1,7.43,CHEMBL322132,IC50,1
CC1(C)OC(=O)C(Oc2cccc3cnccc23)=C1c1ccc(S(C)(=O)=O)cc1,6.375,CHEMBL323267,IC50,0
CC1(C)OC(=O)C(Oc2ccccc2)=C1c1ccc(S(C)(=O)=O)cc1,7.550000000000001,CHEMBL109177,IC50,1
CC1(C)OC(=O)C(Oc2ccccn2)=C1c1ccc(S(C)(=O)=O)cc1,6.92,CHEMBL110822,IC50,1
CC1(C)OC(=O)C(Oc2cccnc2)=C1c1ccc(S(C)(=O)=O)cc1,6.43,CHEMBL110514,IC50,0
CC1(C)OC(=O)C(Oc2ccncc2)=C1c1ccc(S(C)(=O)=O)cc1,6.285,CHEMBL106255,IC50,0
CC1(C)OC(=O)C(Oc2cnccn2)=C1c1ccc(S(C)(=O)=O)cc1,5.84,CHEMBL320273,IC50,0
CC1(C)OC(=O)C(Oc2ncc(Cl)cc2Cl)=C1c1ccc(S(C)(=O)=O)cc1,7.4,CHEMBL110824,IC50,1
CC1(C)OC(=O)C(Oc2ncccc2Cl)=C1c1ccc(S(C)(=O)=O)cc1,7.05,CHEMBL322807,IC50,1
CC1(C)OC(=O)C(Oc2ncccn2)=C1c1ccc(S(C)(=O)=O)cc1,6.140000000000001,CHEMBL326254,IC50,0
CC1(C)OC(=O)C(Oc2ncnc3ccccc23)=C1c1ccc(S(C)(=O)=O)cc1,5.654999999999999,CHEMBL319446,IC50,0
CC1(C)OC(=O)C(Sc2ccccc2)=C1c1ccc(S(C)(=O)=O)cc1,6.49,CHEMBL324670,IC50,0
CC1(C)OC(=O)C(c2cccc(F)c2)=C1c1ccc(S(C)(=O)=O)cc1,6.96,CHEMBL321217,IC50,1
CC1(Cn2ncc(-c3ccc(S(C)(=O)=O)cc3)c(-c3ccc(F)cc3)c2=O)CC1,6.43,CHEMBL154253,IC50,0
CC1(O)OC(=O)C(c2cc(F)cc(F)c2)=C1c1ccc(S(C)(=O)=O)cc1,5.5649999999999995,CHEMBL416363,IC50,0
CC1(O)OC(=O)C(c2cc3ccccc3s2)=C1c1ccc(S(C)(=O)=O)cc1,5.845000000000001,CHEMBL277519,IC50,0
CC1(O)OC(=O)C(c2ccc(Br)cc2)=C1c1ccc(S(C)(=O)=O)cc1,6.31,CHEMBL273815,IC50,0
CC1(O)OC(=O)C(c2ccc(Cl)c(Cl)c2)=C1c1ccc(S(C)(=O)=O)cc1,6.615,CHEMBL18251,IC50,1
CC1(O)OC(=O)C(c2ccc(Cl)cc2)=C1c1ccc(S(C)(=O)=O)cc1,6.365,CHEMBL275664,IC50,0
CC1(O)OC(=O)C(c2ccc(Cl)cc2Cl)=C1c1ccc(S(C)(=O)=O)cc1,5.52,CHEMBL18254,IC50,0
CC1(O)OC(=O)C(c2ccc(F)c(Cl)c2)=C1c1ccc(S(C)(=O)=O)cc1,6.3100000000000005,CHEMBL279268,IC50,0
CC1(O)OC(=O)C(c2ccc(F)c(F)c2)=C1c1ccc(S(C)(=O)=O)cc1,5.95,CHEMBL280009,IC50,0
CC1(O)OC(=O)C(c2ccc(F)cc2)=C1c1ccc(S(C)(=O)=O)cc1,6.085,CHEMBL18040,IC50,0
CC1(O)OC(=O)C(c2ccc3ccccc3c2)=C1c1ccc(S(C)(=O)=O)cc1,5.925,CHEMBL18312,IC50,0
CC1(O)OC(=O)C(c2cccc(F)c2)=C1c1ccc(S(C)(=O)=O)cc1,5.744999999999999,CHEMBL273340,IC50,0
CC1(O)OC(=O)C(c2ccccc2)=C1c1ccc(S(C)(=O)=O)cc1,6.359999999999999,CHEMBL18316,IC50,0
CC1(O)OC(=O)C(c2cccs2)=C1c1ccc(S(C)(=O)=O)cc1,5.72,CHEMBL275650,IC50,0
CC1(O)OC(=O)C(c2ccsc2)=C1c1ccc(S(C)(=O)=O)cc1,5.79,CHEMBL19056,IC50,0
CC1(OCC(F)(F)F)OC(=O)C(c2ccc(F)cc2)=C1c1ccc(S(C)(=O)=O)cc1,6.45,CHEMBL18790,IC50,0
CC1([O-])OC(=O)C(c2ccc(Cl)cc2)=C1c1ccc(S(C)(=O)=O)cc1,5.77,CHEMBL381680,IC50,0
CC1=CCC[C@H]2[C@](C)(Cc3cc(O)ccc3O)[C@@H](C)CC[C@]12C,5.64,CHEMBL459814,IC50,0
CC1C(c2ccc(F)cc2)=C(c2ccc(S(C)(=O)=O)cc2)ON1C,7.5,CHEMBL322240,IC50,1
CC1C(c2ccccc2)=C(c2ccc(S(C)(=O)=O)cc2)ON1C,8.38,CHEMBL444805,IC50,1
CC1Cc2cc(-c3c(Cl)ncn3-c3ccc(S(C)(=O)=O)cc3)ccc2O1,7.13,CHEMBL324275,IC50,1
CCC#CCC(C)OC(=O)Cc1c(C)n(C(=O)c2ccc(Cl)cc2)c2ccc(OC)cc12,6.92,CHEMBL318053,IC50,1
CCC#CCSc1ccccc1OC(C)=O,5.3,CHEMBL145727,IC50,0
CCC(=O)OCc1cc(-n2nc(C(F)(F)F)cc2-c2ccc(C)cc2)ccc1S(N)(=O)=O,6.24,CHEMBL2112872,IC50,0
CCC(C)OC1=C(c2ccc(S(C)(=O)=O)cc2)C(C)(C)OC1=O,7.4,CHEMBL304982,IC50,1
CCC(C)[C@@H](CO)NC(=O)Cc1c(C)n(C(=O)c2ccc(Cl)cc2)c2ccc(OC)cc12,6.96,CHEMBL24798,IC50,1
CCC(O)(CC)[C@H](C)Oc1ncc(C(F)(F)F)cc1-c1ccc(S(C)(=O)=O)cc1,5.33,CHEMBL48073,IC50,0
CCC1(C)COc2ccc(C(=O)CCCC3CC3)cc21,5.3,CHEMBL15014,IC50,0
CCC1(CC)CC(c2ccc(F)cc2)=C(c2ccc(S(C)(=O)=O)cc2)C1,4.19,CHEMBL129215,IC50,0
CCCC#CCCSc1ccccc1OC(C)=O,5.19,CHEMBL145412,IC50,0
CCCC#CCSc1ccccc1OC(C)=O,5.52,CHEMBL144920,IC50,0
CCCC(=O)c1cc(C(C)(C)C)c2c(c1)C(C)(C)CO2,7.02,CHEMBL13980,IC50,1
CCCC(=O)c1cc(C(C)(C)C)c2c(c1)C(C)(C)CS2,6.82,CHEMBL14767,IC50,1
CCCC/C=C/COC(=O)Cc1c(C)n(C(=O)c2ccc(Cl)cc2)c2ccc(OC)cc12,7.3,CHEMBL95989,IC50,1
CCCC/C=C/CSc1ccccc1OC(C)=O,4.96,CHEMBL356794,IC50,0
CCCCC#CC(C)Sc1ccccc1OC(C)=O,5.16,CHEMBL144515,IC50,0
CCCCC#CCOC(=O)Cc1c(C)n(C(=O)c2ccc(Cl)cc2)c2ccc(OC)cc12,6.6,CHEMBL95988,IC50,1
CCCCC#CCSc1ccccc1OC(=O)CBr,4.58,CHEMBL144547,IC50,0
CCCCC#CCSc1ccccc1OC(C)=O,6.1,CHEMBL345018,IC50,0
CCCCC(=O)c1cc(C(C)(C)C)c2c(c1)C(C)(C)CCN2C,6.52,CHEMBL15039,IC50,1
CCCCC(=O)c1cc(C(C)(C)C)c2c(c1)C(C)(C)CCS2,6.4,CHEMBL276800,IC50,0
CCCCC(=O)c1cc(C(C)(C)C)c2c(c1)C(C)(C)CO2,7.4,CHEMBL13661,IC50,1
CCCCCC#CCSc1ccccc1OC(C)=O,5.16,CHEMBL357380,IC50,0
CCCCCC(=O)c1cc(C(C)(C)C)c2c(c1)C(C)(C)CO2,7.05,CHEMBL276663,IC50,1
CCCCCCCCCCCCCCCc1cccc(O)c1CSc1nc2cc(OC)ccc2[nH]1,6.0,CHEMBL347705,IC50,0
CCCCCCCCCCCCCCCc1cccc(OC)c1CSc1nc2cc(C)ccc2[nH]1,5.58,CHEMBL161788,IC50,0
CCCCCCCCCCCCCCCc1cccc(OC)c1CSc1nc2cc([N+](=O)[O-])ccc2[nH]1,5.64,CHEMBL159206,IC50,0
CCCCCCCCCCCCCCCc1cccc(OC)c1CSc1nc2ccccc2o1,5.56,CHEMBL161619,IC50,0
CCCCCCCCCCCCCCCc1cccc(OC)c1CSc1nc2ccccc2s1,5.97,CHEMBL158495,IC50,0
CCCCCCCCCCCCCCCc1cccc(OCC)c1CSc1nc2cc(OC)ccc2[nH]1,5.2,CHEMBL353353,IC50,0
CCCCCCCCCCCCCCCc1cccc(OCC)c1CSc1nc2ccccc2[nH]1,5.83,CHEMBL158421,IC50,0
CCCCCCCCCNC(=O)Cc1c(C)n(C(=O)c2ccc(Cl)cc2)c2ccc(OC)cc12,7.4,CHEMBL95402,IC50,1
CCCCCCCCNC(=O)Cc1c(C)n(C(=O)c2ccc(Cl)cc2)c2ccc(OC)cc12,7.4,CHEMBL100331,IC50,1
CCCCCCCCNC(=O)c1ccccc1Nc1c(Cl)ccc(C)c1Cl,7.22,CHEMBL148931,IC50,1
CCCCCCCCOC(=O)Cc1c(C)n(C(=O)c2ccc(Cl)cc2)c2ccc(OC)cc12,7.05,CHEMBL97411,IC50,1
CCCCCCCOC(=O)Cc1c(C)n(C(=O)c2ccc(Cl)cc2)c2ccc(OC)cc12,7.4,CHEMBL330194,IC50,1
CCCCCCCSc1ccccc1OC(C)=O,5.7,CHEMBL143339,IC50,0
CCCCCCC[Se]c1ccccc1OC(C)=O,4.92,CHEMBL342799,IC50,0
CCCCCCOC(=O)Cc1c(C)n(C(=O)c2ccc(Cl)cc2)c2ccc(OC)cc12,7.22,CHEMBL100092,IC50,1
CCCCCCSc1ccccc1OC(C)=O,5.46,CHEMBL144218,IC50,0
CCCCCNC(=O)c1cc(C(C)(C)C)c2c(c1)C(C)(C)CO2,6.6,CHEMBL119418,IC50,1
CCCCCNc1cc(C(F)(F)F)nc(-c2ccc(S(C)(=O)=O)cc2)n1,6.14,CHEMBL257491,IC50,0
CCCCCOC(=O)Cc1c(C)n(C(=O)c2ccc(Cl)cc2)c2ccc(OC)cc12,7.3,CHEMBL99199,IC50,1
CCCCCSc1ccccc1OC(C)=O,5.3,CHEMBL144806,IC50,0
CCCCNC(=O)c1cc(C(C)(C)C)c2c(c1)C(C)(C)CO2,6.66,CHEMBL119472,IC50,1
CCCCOC(=O)Cc1c(C)n(C(=O)c2ccc(Cl)cc2)c2ccc(OC)cc12,7.3,CHEMBL97179,IC50,1
CCCCOCCOC(=O)Cc1c(C)n(C(=O)c2ccc(Cl)cc2)c2ccc(OC)cc12,7.22,CHEMBL100091,IC50,1
CCCCOCCSc1ccccc1OC(C)=O,5.16,CHEMBL145247,IC50,0
CCCCSc1ccccc1OC(C)=O,4.47,CHEMBL144658,IC50,0
CCCN(C(=O)c1cc(C(C)(C)C)c2c(c1)C(C)(C)CO2)C1CC1,5.4,CHEMBL119618,IC50,0
CCCNC(=O)c1cc(C(C)(C)C)c2c(c1)C(C)(C)CO2,6.02,CHEMBL122065,IC50,0
CCCOC(=O)Cc1c(C)n(C(=O)c2ccc(Cl)cc2)c2ccc(OC)cc12,7.0,CHEMBL99933,IC50,1
CCCOc1ccc(-c2c(Cl)ncn2-c2ccc(S(C)(=O)=O)cc2)cc1,5.0,CHEMBL442018,IC50,0
CCCS(=O)(=O)Nc1ccncc1Oc1ccc(Cl)cc1,5.01,CHEMBL374169,IC50,0
CCCSc1ccccc1OC(C)=O,4.18,CHEMBL358097,IC50,0
CCCSc1nnc(-c2cc(C(C)(C)C)c(O)c(C(C)(C)C)c2)s1,4.0,CHEMBL275838,IC50,0
CCCc1ccc(-c2c(Cl)ncn2-c2ccc(S(C)(=O)=O)cc2)cc1,7.0,CHEMBL117852,IC50,1
CCN(C)C(=O)c1cc(C(C)(C)C)c2c(c1)C(C)(C)CO2,5.35,CHEMBL117615,IC50,0
CCN(CC)C(=O)Cc1c(C)n(C(=O)c2ccc(Cl)cc2)c2ccc(OC)cc12,4.6,CHEMBL327510,IC50,0
CCN(CC)CCSc1nnc(-c2cc(C(C)(C)C)c(O)c(C(C)(C)C)c2)s1,4.72,CHEMBL279336,IC50,0
CCN(CC)Cc1cc(/C=C/S(N)(=O)=O)cc(C(=O)c2ccccc2)c1,5.15,CHEMBL150340,IC50,0
CCN(CC)c1cc(NCc2cccs2)nc(-c2ccc(S(C)(=O)=O)cc2)n1,8.21,CHEMBL259468,IC50,1
CCN(CC)c1ccc(-c2c(Cl)ncn2-c2ccc(S(C)(=O)=O)cc2)cc1,7.1,CHEMBL420869,IC50,1
CCNC(=O)c1cc(C(C)(C)C)c2c(c1)C(C)(C)CO2,5.22,CHEMBL118335,IC50,0
CCOC(=O)/C=C/c1cc(CC)cc(C(=O)c2ccccc2)c1,5.3,CHEMBL149402,IC50,0
CCOC(=O)CNC(=O)c1ccccc1Nc1c(Cl)ccc(C)c1Cl,5.4,CHEMBL149335,IC50,0
CCOC(=O)Cc1c(C)n(C(=O)c2ccc(Cl)cc2)c2ccc(OC)cc12,7.0,CHEMBL328864,IC50,1
CCOC(=O)Cc1cc(-c2ccc(S(C)(=O)=O)cc2)n(-c2cccc(F)c2)c1C,5.68,CHEMBL237592,IC50,0
CCOC(=O)Cn1nc(-c2ccc(S(C)(=O)=O)cc2)c(-c2ccc(F)cc2)c1C(F)(F)F,6.36,CHEMBL65793,IC50,0
CCOC(=O)c1cn(-c2ccc(S(C)(=O)=O)cc2)c(-c2ccc(Cl)cc2)n1,5.24,CHEMBL289484,IC50,0
CCOC(=O)c1csc2nc(-c3ccccc3)c(-c3ccc(S(C)(=O)=O)cc3)n12,6.05,CHEMBL149936,IC50,0
CCOC(=O)c1nc(-c2ccc(F)cc2)c(-c2ccc(S(C)(=O)=O)cc2)s1,6.21,CHEMBL279133,IC50,0
CCOC1(C)OC(=O)C(c2ccc(F)cc2)=C1c1ccc(S(C)(=O)=O)cc1,6.3,CHEMBL278231,IC50,0
CCOC1=C(c2ccc(S(C)(=O)=O)cc2)C(C)(C)OC1=O,4.64,CHEMBL70681,IC50,0
CCON=C1NC(=O)C(=Cc2cc(C(C)(C)C)c(O)c(C(C)(C)C)c2)O1,4.1,CHEMBL280471,IC50,0
CCON=C1NC(=O)C(=Cc2cc(C(C)(C)C)c(O)c(C(C)(C)C)c2)S1,5.5,CHEMBL16272,IC50,0
CCOc1cc(C=Nc2ccc(S(N)(=O)=O)cc2)ccc1O,5.43,CHEMBL270256,IC50,0
CCOc1cc(NCc2cccs2)nc(-c2ccc(S(C)(=O)=O)cc2)n1,9.52,CHEMBL271173,IC50,1
CCOc1cc(OCC)cc(-c2ccc(C(C)C(=O)O)cc2)c1,6.5,CHEMBL104147,IC50,1
CCOc1cc(OCC)cc(-c2ccc(C(C)C(=O)O)cc2F)c1,7.0,CHEMBL107953,IC50,1
CCOc1ccc(-c2c(Cl)ncn2-c2ccc(S(C)(=O)=O)cc2)cc1,8.4,CHEMBL324509,IC50,1
CCOc1ccc(-c2c(Cl)ncn2-c2ccc(S(C)(=O)=O)cc2)cc1Cl,8.15,CHEMBL327150,IC50,1
CCOc1ccc(-c2c(Cl)ncn2-c2ccc(S(C)(=O)=O)cc2)cc1F,7.6,CHEMBL332725,IC50,1
CCOc1ccc(-c2c(Cl)ncn2-c2ccc(S(N)(=O)=O)cc2)cc1,8.135,CHEMBL324312,IC50,1
CCOc1ccc(-c2c(Cl)ncn2-c2ccc(S(N)(=O)=O)cc2)cc1Cl,8.15,CHEMBL117917,IC50,1
CCOc1ccc(-c2c(Cl)ncn2-c2ccc(S(N)(=O)=O)cc2)cc1F,7.7,CHEMBL117947,IC50,1
CCOc1ccc(-c2cc(C(F)(F)F)nn2-c2ccc(S(N)(=O)=O)c(CO)c2)cc1,6.04,CHEMBL146247,IC50,0
CCOc1ccc(-c2cc(C(F)(F)F)nn2-c2ccc(S(N)(=O)=O)cc2)cc1,6.19,CHEMBL283388,IC50,0
CCOc1ccc(-c2nn3nc(S(C)(=O)=O)ccc3c2-c2ccc(S(N)(=O)=O)cc2)cc1,6.58,CHEMBL361494,IC50,1
CCOc1ccc(-c2nn3nc(SC)ccc3c2-c2ccc(S(N)(=O)=O)cc2)cc1,7.89,CHEMBL186709,IC50,1
CCOc1ccc(-c2nn3ncccc3c2-c2ccc(S(C)(=O)=O)cc2)cc1,8.52,CHEMBL364804,IC50,1
CCOc1ccc(-c2nn3ncccc3c2-c2ccc(S(N)(=O)=O)cc2)cc1,9.36,CHEMBL186632,IC50,1
CCOc1ccc2c(-c3ccc(S(C)(=O)=O)cc3)c(-c3ccc(F)cc3)nn2n1,7.37,CHEMBL183891,IC50,1
CCOc1cccc(-c2ccc(C(C)C(=O)O)cc2F)c1,7.85,CHEMBL104009,IC50,1
CCOc1cccc(NC(=O)Cc2c(C)n(C(=O)c3ccc(Cl)cc3)c3ccc(OC)cc23)c1,6.19,CHEMBL319766,IC50,0
CCOc1cccc(OCC)c1-c1ccc(C(C)C(=O)O)cc1F,7.0,CHEMBL257539,IC50,1
CCOc1cccc(OCc2cc(-c3ccccc3)n(-c3ccc(S(C)(=O)=O)cc3)n2)c1,6.05,CHEMBL436494,IC50,0
CCOc1ccncc1-c1c(Cl)ncn1-c1ccc(S(C)(=O)=O)cc1,6.56,CHEMBL118962,IC50,1
CCOc1nnc(-c2cc(C(C)(C)C)c(O)c(C(C)(C)C)c2)s1,5.21,CHEMBL16733,IC50,0
CCS(=O)(=O)Nc1ccncc1Oc1ccc(Cl)cc1,5.48,CHEMBL223655,IC50,0
CCS(=O)(=O)Nc1ccncc1Oc1ccccc1,4.85,CHEMBL376143,IC50,0
CCS(=O)(=O)c1cc(NCc2ccccc2)nc(-c2ccc(S(C)(=O)=O)cc2)n1,7.04,CHEMBL272239,IC50,1
CCS(=O)(=O)c1cc(NCc2cccs2)nc(-c2ccc(S(C)(=O)=O)cc2)n1,6.84,CHEMBL408216,IC50,1
CCS(=O)(=O)c1ccc(-c2oc(C)nc2-c2ccc(F)cc2)cc1,4.42,CHEMBL161377,IC50,0
CCSc1cc(NCc2ccccc2)nc(-c2ccc(S(C)(=O)=O)cc2)n1,7.62,CHEMBL408788,IC50,1
CCSc1cc(NCc2cccs2)nc(-c2ccc(S(C)(=O)=O)cc2)n1,8.92,CHEMBL272433,IC50,1
CCSc1ccc(-c2c(Cl)ncn2-c2ccc(S(C)(=O)=O)cc2)cc1,7.28,CHEMBL117547,IC50,1
CCSc1ccc(-c2cc(C(F)(F)F)nn2-c2ccc(S(N)(=O)=O)c(CO)c2)cc1,4.29,CHEMBL148691,IC50,0
CCSc1cccc(-c2ccc(C(C)C(=O)O)cc2)c1,6.48,CHEMBL107938,IC50,0
CCSc1nnc(-c2cc(C(C)(C)C)c(O)c(C(C)(C)C)c2)o1,5.19,CHEMBL16819,IC50,0
CCSc1nnc(-c2cc(C(C)(C)C)c(O)c(C(C)(C)C)c2)s1,6.85,CHEMBL279801,IC50,1
CCSc1nnc(-c2nc(C(C)(C)C)c(O)c(C(C)(C)C)n2)s1,5.7,CHEMBL17218,IC50,0
CC[C@@H](C)NC(=O)Cc1c(C)n(C(=O)c2ccc(Cl)cc2)c2ccc(OC)cc12,6.89,CHEMBL25035,IC50,1
CC[C@@H](CO)NC(=O)Cc1c(C)n(C(=O)c2ccc(Cl)cc2)c2ccc(OC)cc12,6.55,CHEMBL27784,IC50,1
CC[C@@]1(C)OC(=O)C(OC(C)C)=C1c1ccc(S(C)(=O)=O)cc1,6.3,CHEMBL111904,IC50,0
CC[C@H](C)NC(=O)Cc1c(C)n(C(=O)c2ccc(Cl)cc2)c2ccc(OC)cc12,6.96,CHEMBL25288,IC50,1
CC[C@H](CO)NC(=O)Cc1c(C)n(C(=O)c2ccc(Cl)cc2)c2ccc(OC)cc12,7.0,CHEMBL24957,IC50,1
CC[C@]1(C)OC(=O)C(OC(C)C)=C1c1ccc(S(C)(=O)=O)cc1,6.4,CHEMBL443278,IC50,0
CC[S+]([O-])c1cc(NCc2cccs2)nc(-c2ccc(S(C)(=O)=O)cc2)n1,7.42,CHEMBL406527,IC50,1
CCc1c(C(F)(F)F)nn(-c2ccc(S(N)(=O)=O)cc2)c1-c1ccc(Cl)cc1,7.55,CHEMBL29083,IC50,1
CCc1c(NCc2ccc(F)cc2)nc(-c2ccc(S(C)(=O)=O)cc2)nc1C(F)(F)F,6.99,CHEMBL404362,IC50,1
CCc1c(NCc2cccs2)nc(-c2ccc(S(C)(=O)=O)cc2)nc1C(F)(F)F,6.92,CHEMBL270517,IC50,1
CCc1cc(-c2cc(C(F)(F)F)nn2-c2ccc(S(N)(=O)=O)cc2)ccc1OC,6.37,CHEMBL30236,IC50,0
CCc1cc(/C=C/C(=O)O)cc(C(=O)c2ccccc2)c1,5.58,CHEMBL357262,IC50,0
CCc1cc(/C=C/C(N)=O)cc(C(=O)c2ccccc2)c1,5.75,CHEMBL150130,IC50,0
CCc1cc(/C=C/S(N)(=O)=O)cc(C(=O)c2ccccc2)c1,5.8100000000000005,CHEMBL151128,IC50,0
CCc1cc(C(=O)c2ccccc2)ccc1/C=C/S(N)(=O)=O,5.25,CHEMBL358210,IC50,0
CCc1ccc(-c2cc(C(F)(F)F)nn2-c2ccc(S(N)(=O)=O)c(CO)c2)cc1,5.86,CHEMBL148568,IC50,0
CCc1ccc(-c2cc(C(F)(F)F)nn2-c2ccc(S(N)(=O)=O)cc2)cc1,6.07,CHEMBL28801,IC50,0
CCc1ccc(-c2nc(C)oc2-c2ccc(S(C)(=O)=O)cc2)s1,6.85,CHEMBL345620,IC50,1
CCc1ccc(-c2ncc(Cl)cc2-c2ccc(S(C)(=O)=O)cc2)cn1,6.535,CHEMBL96098,IC50,1
CCc1ccc(-n2c(-c3ccc(S(C)(=O)=O)cc3)coc2=O)cc1,6.16,CHEMBL306716,IC50,0
CCc1ccc(-n2c(-c3ccc(S(N)(=O)=O)cc3)coc2=O)cc1,5.81,CHEMBL71455,IC50,0
CCc1ccc(/C=C/S(N)(=O)=O)cc1C(=O)c1ccccc1,6.11,CHEMBL147189,IC50,0
CCc1ccc(Sc2cc3c(cc2NS(C)(=O)=O)CCC3=O)cc1,7.0,CHEMBL342538,IC50,1
CCc1ccc2c(-c3ccc(S(C)(=O)=O)cc3)c(-c3ccc(F)cc3)nn2n1,7.32,CHEMBL187468,IC50,1
CCc1cccc(-c2ccc(C(C)C(=O)O)cc2)c1,5.62,CHEMBL106203,IC50,0
CCc1cccc(C)c1Nc1ccccc1CC(=O)O,6.49,CHEMBL259842,IC50,0
CCc1csc(Sc2cc3c(cc2NS(C)(=O)=O)CCC3=O)n1,6.93,CHEMBL289731,IC50,1
CCc1csc(Sc2cc3c(cc2NS(C)(=O)=O)COC3=O)n1,6.945,CHEMBL43461,IC50,1
CCc1nc(-c2ccc(F)cc2)c(-c2ccc(S(C)(=O)=O)cc2)s1,7.64,CHEMBL275601,IC50,1
CCc1nc(C2CCCCC2)c(-c2ccc(S(C)(=O)=O)cc2)o1,6.57,CHEMBL161590,IC50,1
CCc1nc(C2CCCCC2)c(-c2ccc(S(N)(=O)=O)c(F)c2)o1,6.92,CHEMBL37481,IC50,1
CCc1nc2sc(-c3ccc(S(C)(=O)=O)cc3)c(-c3ccccc3)n2n1,7.82,CHEMBL156399,IC50,1
CCc1onc(-c2ccccc2)c1-c1ccccc1,5.83,CHEMBL361504,IC50,0
CCn1nc(-c2ccc(S(C)(=O)=O)cc2)c(-c2ccc(F)cc2)c1C(F)(F)F,6.89,CHEMBL68127,IC50,1
CCn1nc(-c2ccc(S(N)(=O)=O)cc2)c(-c2ccc(F)cc2)c1C(F)(F)F,7.48,CHEMBL302266,IC50,1
CCn1nccc1NC(=O)Cc1c(C)n(C(=O)c2ccc(Cl)cc2)c2ccc(OC)cc12,6.16,CHEMBL317321,IC50,0
CN(C(=O)c1cc(C(C)(C)C)c2c(c1)C(C)(C)CO2)C1CC1,6.0,CHEMBL119433,IC50,0
CN(C)/C=N/S(=O)(=O)c1ccc(-n2cc(/C=N\N=c3/scc(O)n3-c3ccc(Cl)cc3)c(-c3ccccc3)n2)cc1,6.19,CHEMBL467837,IC50,0
CN(C)S(=O)(=O)c1ccc(-n2c(CCC(=O)O)ccc2-c2ccc(F)cc2)cc1,5.12,CHEMBL43755,IC50,0
CN(C)c1c(Cl)cc(-c2nc(C(F)(F)F)cn2-c2ccc(S(C)(=O)=O)cc2)cc1Cl,6.85,CHEMBL43553,IC50,1
CN(C)c1cc(-c2nc(C(F)(F)F)cn2-c2ccc(S(C)(=O)=O)cc2)ccc1Cl,5.98,CHEMBL42174,IC50,0
CN(C)c1ccc(-c2c(-c3ccc(S(C)(=O)=O)cc3)ccc(F)c2F)cc1Cl,8.1,CHEMBL364598,IC50,1
CN(C)c1ccc(-c2c(-c3ccc(S(N)(=O)=O)cc3)ccc(F)c2F)cc1Cl,8.22,CHEMBL363270,IC50,1
CN(C)c1ccc(-c2c(Cl)ncn2-c2ccc(S(C)(=O)=O)cc2)cc1Cl,7.57,CHEMBL324048,IC50,1
CN(C)c1ccc(-c2cc(C(F)(F)F)nn2-c2ccc(S(N)(=O)=O)cc2)cc1,8.33,CHEMBL28881,IC50,1
CN(C)c1ccc(-c2cc(C(F)(F)F)nn2-c2ccc(S(N)(=O)=O)cc2)cc1F,8.24,CHEMBL29899,IC50,1
CN(C)c1ccc(-c2cc(F)c(F)cc2-c2ccc(S(C)(=O)=O)cc2)cc1Cl,8.1,CHEMBL299806,IC50,1
CN(C)c1ccc(-c2cc(F)c(F)cc2-c2ccc(S(N)(=O)=O)cc2)cc1Cl,8.22,CHEMBL52872,IC50,1
CN(C)c1ccc(-c2nc(C(F)(F)F)cn2-c2ccc(S(C)(=O)=O)cc2)cc1,6.155,CHEMBL42996,IC50,0
CN(C)c1ccc(-c2nc(C(F)(F)F)cn2-c2ccc(S(C)(=O)=O)cc2)cc1Cl,6.495,CHEMBL296078,IC50,0
CN(C)c1ccc(-c2nc(C(F)(F)F)cn2-c2ccc(S(C)(=O)=O)cc2)cc1F,6.48,CHEMBL44977,IC50,0
CN(C)c1ccc(-n2nc(C(F)(F)F)cc2-c2ccc(NS(C)(=O)=O)cc2)cc1,6.28,CHEMBL418516,IC50,0
CN(C)c1ccc(/C=N/c2ccc(S(N)(=O)=O)cc2)cc1,5.47,CHEMBL270671,IC50,0
CN(C)c1ccc(/N=C/c2ccc(S(N)(=O)=O)cc2)cc1,5.71,CHEMBL408865,IC50,0
CN(C)c1ccc(C2=C(c3ccc(S(C)(=O)=O)cc3)CCC2)cc1Cl,8.3,CHEMBL109623,IC50,1
CN(C)c1ccc(C2=C(c3ccc(S(N)(=O)=O)cc3)CCC2)cc1Cl,8.7,CHEMBL111356,IC50,1
CN(C)c1cccc(-c2nc(C(F)(F)F)cn2-c2ccc(S(C)(=O)=O)cc2)c1,5.495,CHEMBL44829,IC50,0
CN(C)c1ccccc1-c1cc(C(F)(F)F)nn1-c1ccc(S(N)(=O)=O)cc1,4.84,CHEMBL27733,IC50,0
CN(CC(=O)c1cc(C(C)(C)C)c2c(c1)C(C)(C)CO2)CC1CC1,5.6,CHEMBL14266,IC50,0
CN(Cc1ccccc1)c1cc(C(F)(F)F)nc(-c2ccc(S(C)(=O)=O)cc2)n1,6.34,CHEMBL403720,IC50,0
CN(c1ccccc1)c1cnccc1NS(=O)(=O)C(F)(F)F,4.32,CHEMBL224401,IC50,0
CN1C(=Cc2cc(C(C)(C)C)c(O)c(C(C)(C)C)c2)C(=O)N=C1N=C(N)N,4.09,CHEMBL15904,IC50,0
CN1C(=O)C(C(=O)Nc2ccc(Br)cc2Br)c2cc(Cl)ccc2S1(=O)=O,8.15,CHEMBL173724,IC50,1
CN1C(=O)C(C(=O)Nc2ccc(Cl)cc2)c2cc(Cl)ccc2S1(=O)=O,7.19,CHEMBL369492,IC50,1
CN1C(=O)C(C(=O)Nc2ccc(Cl)cc2Cl)c2cc(Cl)ccc2S1(=O)=O,8.05,CHEMBL174777,IC50,1
CN1C(=O)C(C(=O)Nc2ccc(F)cc2F)c2cc(Cl)ccc2S1(=O)=O,6.52,CHEMBL177606,IC50,1
CN1C(=O)C(C(=O)Nc2ccccc2Cl)c2cc(Cl)ccc2S1(=O)=O,8.1,CHEMBL173072,IC50,1
CN1CC(c2ccc(F)cc2)=C(c2ccccc2)O1,5.27,CHEMBL319326,IC50,0
CN1CC(c2ccc(S(C)(=O)=O)cc2)=C(c2ccccc2)O1,5.27,CHEMBL98193,IC50,0
CN1CC(c2ccccc2)=C(c2ccc(F)cc2)O1,5.3,CHEMBL319590,IC50,0
CNC(=O)Cc1c(C)n(C(=O)c2ccc(Cl)cc2)c2ccc(OC)cc12,6.16,CHEMBL318495,IC50,0
CNS(=O)(=O)c1ccc(-c2ccsc2-c2ccc(F)cc2)cc1,5.14,CHEMBL292948,IC50,0
CNS(=O)(=O)c1ccc(-c2oc(C)nc2C2CCCCC2)cc1,5.51,CHEMBL161793,IC50,0
CNc1ccc(-c2cc(C(F)(F)F)nn2-c2ccc(S(N)(=O)=O)cc2)cc1,7.8,CHEMBL29439,IC50,1
CNc1ccc(-c2cc(C(F)(F)F)nn2-c2ccc(S(N)(=O)=O)cc2)cc1Cl,7.57,CHEMBL30084,IC50,1
CNc1ccc(-c2nc(C(F)(F)F)cn2-c2ccc(S(C)(=O)=O)cc2)cc1,5.83,CHEMBL43103,IC50,0
CNc1ccc(-c2nc(C(F)(F)F)cn2-c2ccc(S(C)(=O)=O)cc2)cc1Cl,6.18,CHEMBL416250,IC50,0
CNc1cccc(-c2nc(C(F)(F)F)cn2-c2ccc(S(C)(=O)=O)cc2)c1,6.04,CHEMBL46667,IC50,0
CNc1nnc(-c2cc(C(C)(C)C)c(O)c(C(C)(C)C)c2)s1,5.02,CHEMBL279755,IC50,0
COC(=O)C(C)NC(=O)Cc1c(C)n(C(=O)c2ccc(Cl)cc2)c2ccc(OC)cc12,6.5600000000000005,CHEMBL2112399,IC50,1
COC(=O)C(C)NC(=O)c1ccccc1Nc1c(Cl)ccc(C)c1Cl,5.4,CHEMBL151322,IC50,0
COC(=O)CNC(=O)Cc1c(C)n(C(=O)c2ccc(Cl)cc2)c2ccc(OC)cc12,5.4,CHEMBL95508,IC50,0
COC(=O)CNC(=O)c1ccccc1Nc1c(Cl)ccc(C)c1Cl,5.92,CHEMBL148629,IC50,0
COC(=O)Cc1c(C)n(C(=O)c2ccc(Cl)cc2)c2ccc(OC)cc12,6.6,CHEMBL73572,IC50,1
COC(=O)Cc1ccc(NC(=O)Cc2c(C)n(C(=O)c3ccc(Cl)cc3)c3ccc(OC)cc23)cc1,7.24,CHEMBL95558,IC50,1
COC(=O)c1[nH]c2cc(S(C)(=O)=O)ccc2c1Sc1ccc(F)cc1,6.029999999999999,CHEMBL184039,IC50,0
COC(=O)c1[nH]c2cc(S(C)(=O)=O)ccc2c1Sc1ccc(F)cc1F,6.42,CHEMBL183101,IC50,0
COC(=O)c1cc(-c2ccc(F)cc2)n(-c2ccc(S(N)(=O)=O)cc2)n1,4.0,CHEMBL29576,IC50,0
COC(=O)c1cc(-c2ccc(S(N)(=O)=O)cc2)c(-c2ccc(F)cc2)s1,7.16,CHEMBL303870,IC50,1
COC(=O)c1cc(/N=C/c2ccc(S(N)(=O)=O)cc2)ccc1O,5.5,CHEMBL446198,IC50,0
COC(=O)c1cc2cc(S(C)(=O)=O)ccc2n1C(=O)c1ccc(Cl)cc1,6.14,CHEMBL282185,IC50,0
COC(=O)c1cc2cc(S(C)(=O)=O)ccc2n1Cc1ccc(Br)cc1,5.43,CHEMBL282643,IC50,0
COC(=O)c1cc2cc(S(C)(=O)=O)ccc2n1Cc1ccc(Cl)cc1,5.78,CHEMBL285975,IC50,0
COC(=O)c1cc2cc(S(C)(=O)=O)ccc2n1Cc1ccc(OC)cc1,5.2,CHEMBL31060,IC50,0
COC(=O)c1ccc(-c2ccccc2)c(-c2ccc(S(C)(=O)=O)cc2)c1,4.32,CHEMBL173186,IC50,0
COC(=O)c1ccc(/C=N/c2ccc(S(N)(=O)=O)cc2)cc1,5.56,CHEMBL406434,IC50,0
COC(=O)c1ccc(/N=C/c2ccc(S(N)(=O)=O)cc2)cc1,5.43,CHEMBL255174,IC50,0
COC(=O)c1ccccc1Nc1c(Cl)ccc(C)c1Cl,5.4,CHEMBL150099,IC50,0
COC(=O)c1nn(-c2ccc(S(N)(=O)=O)cc2)c(-c2ccc(Cl)cc2)c1Cl,6.8,CHEMBL28491,IC50,1
COC1(C)OC(=O)C(c2ccc(F)cc2)=C1c1ccc(S(C)(=O)=O)cc1,7.08,CHEMBL18498,IC50,1
COC1(c2cc(-c3ccc(S(C)(=O)=O)cc3)n(-c3ccc(C)cc3)n2)CCCO1,5.92,CHEMBL190011,IC50,0
COC1(c2cc(F)cc(OCc3cc(-c4ccccc4)n(-c4ccc(C)c(C)c4)n3)c2)CCOCC1,6.39,CHEMBL222732,IC50,0
COC1(c2cc(F)cc(OCc3cc(-c4ccccc4)n(-c4ccc(C)cc4)n3)c2)CCOCC1,6.03,CHEMBL384659,IC50,0
COC1(c2cc(F)cc(OCc3cc(-c4ccccc4)n(-c4ccc(Cl)c(Cl)c4)n3)c2)CCOCC1,6.16,CHEMBL426571,IC50,0
COC1(c2cc(F)cc(OCc3cc(-c4ccccc4)n(-c4ccc(Cl)cc4)n3)c2)CCOCC1,6.03,CHEMBL222146,IC50,0
COC1(c2cc(F)cc(OCc3cc(-c4ccccc4)n(-c4ccc(F)cc4)n3)c2)CCOCC1,6.02,CHEMBL375308,IC50,0
COC1(c2cc(F)cc(OCc3cc(-c4ccccc4)n(-c4ccc(OC(F)(F)F)cc4)n3)c2)CCOCC1,6.09,CHEMBL222482,IC50,0
COC1(c2cc(F)cc(OCc3cc(-c4ccccc4)n(-c4ccc(S(C)(=O)=O)cc4)n3)c2)CCOCC1,7.316666666666666,CHEMBL423638,IC50,1
COC1(c2cc(F)cc(OCc3cc(-c4ccccc4)n(-c4ccc(S(N)(=O)=O)cc4)n3)c2)CCOCC1,7.0,CHEMBL374427,IC50,1
COC1(c2cc(F)cc(OCc3cc(-c4ccccc4)n(-c4ccccc4)n3)c2)CCOCC1,6.21,CHEMBL223691,IC50,0
COC1=C(c2ccc(S(C)(=O)=O)cc2)C(C)(C)OC1=O,4.48,CHEMBL304967,IC50,0
COCCCNC(=O)c1ccccc1Nc1c(Cl)ccc(C)c1Cl,4.96,CHEMBL151441,IC50,0
COCCNC(=O)c1cc(C(C)(C)C)c2c(c1)C(C)(C)CO2,7.52,CHEMBL419947,IC50,1
COCCNC(=O)c1ccccc1Nc1c(Cl)ccc(C)c1Cl,5.52,CHEMBL149775,IC50,0
COCCOc1cc(NCc2cccs2)nc(-c2ccc(S(C)(=O)=O)cc2)n1,8.62,CHEMBL271549,IC50,1
COC[C@@H](C)NC(=O)Cc1c(C)n(C(=O)c2ccc(Cl)cc2)c2ccc(OC)cc12,6.85,CHEMBL24349,IC50,1
COC[C@H](C)NC(=O)Cc1c(C)n(C(=O)c2ccc(Cl)cc2)c2ccc(OC)cc12,6.62,CHEMBL24288,IC50,1
COCc1ccc(C2=C(c3ccc(S(C)(=O)=O)cc3)CCC2)cc1,5.18,CHEMBL109486,IC50,0
COCc1cccc(-c2nc(C(F)(F)F)cn2-c2ccc(S(C)(=O)=O)cc2)c1,4.17,CHEMBL295707,IC50,0
COCc1cn(-c2ccc(S(C)(=O)=O)cc2)c(-c2ccc(Cl)cc2)n1,5.43,CHEMBL46576,IC50,0
CON(C)C1=NC(=O)C(=Cc2cc(C(C)(C)C)c(O)c(C(C)(C)C)c2)S1,4.75,CHEMBL16855,IC50,0
CON=C1NC(=O)C(=Cc2cc(C(C)(C)C)c(O)c(C(C)(C)C)c2)S1,5.77,CHEMBL15791,IC50,0
CON=C1NC(=O)C(=Cc2cc(C(C)C)c(O)c(C(C)C)c2)S1,6.24,CHEMBL276506,IC50,0
CONC(=O)c1ccccc1Nc1c(Cl)ccc(C)c1Cl,4.26,CHEMBL433287,IC50,0
COc1c(Br)cc(-c2nc(C(F)(F)F)cn2-c2ccc(S(C)(=O)=O)cc2)cc1Br,7.05,CHEMBL42940,IC50,1
COc1c(C(C)(C)C)cc(-c2n[nH]c(=S)s2)cc1C(C)(C)C,5.82,CHEMBL16828,IC50,0
COc1c(C(C)(C)C)cc(-c2nnc(SC)s2)cc1C(C)(C)C,6.47,CHEMBL280326,IC50,0
COc1c(C(F)(F)F)nn(-c2ccc(S(N)(=O)=O)cc2)c1-c1ccccc1,7.099999999999999,CHEMBL29842,IC50,1
COc1c(C)c(O)c2c(c1O)C=Cc1cc(O)ccc1O2,5.0,CHEMBL389398,IC50,0
COc1c(C)cc(-c2cc(C(F)(F)F)nn2-c2ccc(S(N)(=O)=O)cc2)cc1Cl,7.18,CHEMBL29844,IC50,1
COc1c(C)cc(-c2nc(C(F)(F)F)cn2-c2ccc(S(C)(=O)=O)cc2)cc1C,6.14,CHEMBL43331,IC50,0
COc1c(Cl)cc(-c2c(-c3ccc(S(N)(=O)=O)cc3)ccc(F)c2F)cc1Cl,7.68,CHEMBL359586,IC50,1
COc1c(Cl)cc(-c2c(Cl)ncn2-c2ccc(S(C)(=O)=O)cc2)cc1Cl,8.15,CHEMBL116016,IC50,1
COc1c(Cl)cc(-c2cc(C(F)F)nn2-c2ccc(S(N)(=O)=O)cc2)cc1Cl,7.68,CHEMBL287646,IC50,1
COc1c(Cl)cc(-c2cc(F)c(F)cc2-c2ccc(S(N)(=O)=O)cc2)cc1Cl,7.68,CHEMBL300597,IC50,1
COc1c(Cl)cc(-c2nc(C(F)(F)F)cn2-c2ccc(S(C)(=O)=O)cc2)cc1Cl,6.85,CHEMBL42408,IC50,1
COc1c(Cl)cc(C2=C(c3ccc(S(C)(=O)=O)cc3)CC3(CC3)C2)cc1Cl,8.22,CHEMBL315520,IC50,1
COc1c(Cl)cc(C2=C(c3ccc(S(C)(=O)=O)cc3)CCC2)cc1Cl,7.77,CHEMBL321160,IC50,1
COc1c(Cl)cc(C2=C(c3ccc(S(N)(=O)=O)cc3)CC3(CC3)C2)cc1Cl,8.4,CHEMBL88493,IC50,1
COc1c(Cl)cc(C2=C(c3ccc(S(N)(=O)=O)cc3)CCC2)cc1Cl,8.05,CHEMBL321643,IC50,1
COc1c(F)cc(-c2cc(C(F)F)nn2-c2ccc(S(N)(=O)=O)cc2)cc1F,6.46,CHEMBL29456,IC50,0
COc1c(F)cc(-c2nc(C(F)(F)F)cn2-c2ccc(S(C)(=O)=O)cc2)cc1F,6.77,CHEMBL42119,IC50,1
COc1c(F)cc(-c2nc(C(F)(F)F)cn2-c2ccc(S(N)(=O)=O)cc2)cc1F,7.52,CHEMBL43317,IC50,1
COc1c(O)c(C)c(OC)c2c1CCc1c(O)cccc1O2,5.16,CHEMBL388606,IC50,0
COc1c(O)cc(O)c2c(=O)cc(-c3ccccc3)oc12,4.34,CHEMBL16171,IC50,0
COc1cc(-c2c(Cl)ncn2-c2ccc(S(C)(=O)=O)cc2)ccc1C,7.82,CHEMBL326097,IC50,1
COc1cc(-c2c(Cl)ncn2-c2ccc(S(C)(=O)=O)cc2)ccc1F,7.8,CHEMBL324923,IC50,1
COc1cc(-c2c(Cl)ncn2-c2ccc(S(N)(=O)=O)cc2)ccc1F,8.1,CHEMBL116683,IC50,1
COc1cc(-c2nc(C(F)(F)F)cn2-c2ccc(S(C)(=O)=O)cc2)ccc1Cl,6.6,CHEMBL42223,IC50,1
COc1cc(-c2nc(C(F)(F)F)cn2-c2ccc(S(N)(=O)=O)cc2)ccc1Cl,7.7,CHEMBL289561,IC50,1
COc1cc(/C=N/c2ccc(S(N)(=O)=O)cc2)cc(OC)c1,5.47,CHEMBL271561,IC50,0
COc1cc(/C=N/c2ccc(S(N)(=O)=O)cc2)cc(OC)c1OC,5.53,CHEMBL404607,IC50,0
COc1cc(C)c(-c2nc(C(F)(F)F)cn2-c2ccc(S(C)(=O)=O)cc2)cc1C,4.91,CHEMBL42074,IC50,0
COc1cc(C=CC(=O)CC(=O)C=Cc2ccc(O)c(OC)c2)ccc1O,4.96,CHEMBL140,IC50,0
COc1cc(C=CC(=O)CC(=O)C=Cc2ccc(O)cc2)ccc1O,4.67,CHEMBL179512,IC50,0
COc1cc(C=Cc2cc(C=Cc3ccc(O)c(OC)c3)[nH]n2)ccc1O,5.01,CHEMBL180239,IC50,0
COc1cc(C=Cc2cc(C=Cc3ccc(O)c(OC)c3)on2)ccc1O,4.97,CHEMBL181529,IC50,0
COc1cc(C=Cc2cc(C=Cc3ccc(O)cc3)[nH]n2)ccc1O,4.81,CHEMBL361141,IC50,0
COc1cc(C=Cc2cc(C=Cc3ccc(O)cc3)on2)ccc1O,4.72,CHEMBL182033,IC50,0
COc1cc(C=Nc2ccc(S(N)(=O)=O)cc2)cc(OC)c1O,5.57,CHEMBL270087,IC50,0
COc1cc(C=Nc2ccc(S(N)(=O)=O)cc2)ccc1O,5.53,CHEMBL270264,IC50,0
COc1cc(F)cc(-c2nc(C(F)(F)F)cn2-c2ccc(S(C)(=O)=O)cc2)c1,6.02,CHEMBL295752,IC50,0
COc1cc(F)cc(-c2nc(C(F)(F)F)cn2-c2ccc(S(N)(=O)=O)cc2)c1,6.34,CHEMBL43089,IC50,0
COc1cc(F)cc(OCc2cc(-c3ccccc3)n(-c3ccc(S(C)(=O)=O)cc3)n2)c1,6.51,CHEMBL375127,IC50,1
COc1cc(N=Nc2ccc(S(N)(=O)=O)cc2)ccc1O,4.77,CHEMBL214710,IC50,0
COc1cc(NCc2ccccc2)nc(-c2ccc(S(C)(=O)=O)cc2)n1,8.29,CHEMBL271932,IC50,1
COc1cc(NCc2cccs2)nc(-c2ccc(S(C)(=O)=O)cc2)n1,9.4,CHEMBL270293,IC50,1
COc1cc(OC)cc(-c2ccc(C(C)C(=O)O)cc2F)c1,7.16,CHEMBL316771,IC50,1
COc1cc(OC)cc(OCc2cc(-c3ccccc3)n(-c3ccc(S(C)(=O)=O)cc3)n2)c1,6.06,CHEMBL222902,IC50,0
COc1cc(OCc2cc(-c3ccccc3)n(-c3ccc(S(C)(=O)=O)cc3)n2)cc(OC)c1OC,6.66,CHEMBL373434,IC50,1
COc1cc2c(=O)c3c(OC)c(O)ccc3oc2cc1O,5.52,CHEMBL463769,IC50,0
COc1cc2c(CC(=O)NCCCO[N+](=O)[O-])c(C)n(C(=O)c3ccc(Cl)cc3)c2cc1Cl,5.24,CHEMBL237400,IC50,0
COc1cc2c(CC(=O)O)c(C)n(C(=O)c3ccc(Cl)cc3)c2cc1Cl,5.39,CHEMBL237399,IC50,0
COc1cc2c(cc1F)-c1c(c(C(F)(F)F)nn1-c1ccc(S(C)(=O)=O)cc1)SC2,7.12,CHEMBL96110,IC50,1
COc1cc2c(cc1F)-c1c(c(C(F)(F)F)nn1-c1ccc(S(N)(=O)=O)cc1)SC2,8.05,CHEMBL328009,IC50,1
COc1cc2c(cc1F)-c1c(c(C(F)(F)F)nn1-c1ccc(S(N)(=O)=O)cc1)[S+]([O-])C2,5.82,CHEMBL94274,IC50,0
COc1cc2c(cc1F)-c1c(c(C(F)F)nn1-c1ccc(S(N)(=O)=O)cc1)SC2,7.5,CHEMBL318464,IC50,1
COc1ccc(-c2c(-c3ccc(S(C)(=O)=O)cc3)[nH]c3ccccc23)cc1,10.7,CHEMBL499069,IC50,1
COc1ccc(-c2c(-c3ccc(S(C)(=O)=O)cc3)ccc(F)c2F)cc1C,7.89,CHEMBL184498,IC50,1
COc1ccc(-c2c(-c3ccc(S(C)(=O)=O)cc3)ccc(F)c2F)cc1Cl,7.72,CHEMBL185407,IC50,1
COc1ccc(-c2c(-c3ccc(S(C)(=O)=O)cc3)ccc(F)c2F)cc1F,7.68,CHEMBL365252,IC50,1
COc1ccc(-c2c(-c3ccc(S(C)(=O)=O)cc3)ccc(F)c2F)cc1OC,6.47,CHEMBL364166,IC50,0
COc1ccc(-c2c(-c3ccc(S(C)(=O)=O)cc3)oc3ccccc23)cc1Cl,7.0,CHEMBL77350,IC50,1
COc1ccc(-c2c(-c3ccc(S(C)(=O)=O)cc3)oc3ccccc23)cc1F,7.03,CHEMBL312221,IC50,1
COc1ccc(-c2c(-c3ccc(S(N)(=O)=O)cc3)ccc(F)c2F)cc1C,8.3,CHEMBL184341,IC50,1
COc1ccc(-c2c(-c3ccc(S(N)(=O)=O)cc3)ccc(F)c2F)cc1Cl,7.89,CHEMBL184122,IC50,1
COc1ccc(-c2c(-c3ccc(S(N)(=O)=O)cc3)ccc(F)c2F)cc1F,7.89,CHEMBL182820,IC50,1
COc1ccc(-c2c(-c3ccc(S(N)(=O)=O)cc3)ccc(F)c2F)cc1OC,7.19,CHEMBL184327,IC50,1
COc1ccc(-c2c(-c3ccc(S(N)(=O)=O)cc3)oc3ccccc23)cc1Cl,7.7,CHEMBL76861,IC50,1
COc1ccc(-c2c(-c3ccc(S(N)(=O)=O)cc3)oc3ccccc23)cc1F,8.3,CHEMBL76692,IC50,1
COc1ccc(-c2c(Cl)ncn2-c2ccc(S(C)(=O)=O)cc2)c(F)c1,7.82,CHEMBL117528,IC50,1
COc1ccc(-c2c(Cl)ncn2-c2ccc(S(C)(=O)=O)cc2)cc1,7.96,CHEMBL333651,IC50,1
COc1ccc(-c2c(Cl)ncn2-c2ccc(S(C)(=O)=O)cc2)cc1C,7.89,CHEMBL118081,IC50,1
COc1ccc(-c2c(Cl)ncn2-c2ccc(S(C)(=O)=O)cc2)cc1Cl,8.1,CHEMBL117295,IC50,1
COc1ccc(-c2c(Cl)ncn2-c2ccc(S(C)(=O)=O)cc2)cc1F,7.419999999999999,CHEMBL117862,IC50,1
COc1ccc(-c2c(Cl)ncn2-c2ccc(S(N)(=O)=O)cc2)cc1Cl,8.3,CHEMBL115979,IC50,1
COc1ccc(-c2c(Cl)ncn2-c2ccc(S(N)(=O)=O)cc2)cc1F,7.493333333333333,CHEMBL435381,IC50,1
COc1ccc(-c2cc(-c3ccc(Cl)cc3)n(-c3ccc(S(N)(=O)=O)cc3)n2)cc1,7.0,CHEMBL29423,IC50,1
COc1ccc(-c2cc(-c3ccccc3)c(-c3ccc(S(C)(=O)=O)cc3)c(=O)o2)cc1,7.7,CHEMBL187137,IC50,1
COc1ccc(-c2cc(C(F)(F)F)nn2-c2ccc(Cl)cc2)cc1,6.12,CHEMBL30011,IC50,0
COc1ccc(-c2cc(C(F)(F)F)nn2-c2ccc(OC)cc2)cc1,6.12,CHEMBL29204,IC50,0
COc1ccc(-c2cc(C(F)(F)F)nn2-c2ccc(S(C)(=O)=O)c(CO)c2)cc1,5.5,CHEMBL358122,IC50,0
COc1ccc(-c2cc(C(F)(F)F)nn2-c2ccc(S(N)(=O)=O)c(CNC(C)=O)c2)cc1,5.55,CHEMBL344540,IC50,0
COc1ccc(-c2cc(C(F)(F)F)nn2-c2ccc(S(N)(=O)=O)c(CO)c2)cc1,6.44,CHEMBL148100,IC50,0
COc1ccc(-c2cc(C(F)(F)F)nn2-c2ccc(S(N)(=O)=O)c(F)c2)cc1,4.87,CHEMBL338097,IC50,0
COc1ccc(-c2cc(C(F)(F)F)nn2-c2ccc(S(N)(=O)=O)cc2)cc1,8.1,CHEMBL29839,IC50,1
COc1ccc(-c2cc(C(F)(F)F)nn2-c2ccc(S(N)(=O)=O)cc2)cc1C,8.03,CHEMBL29887,IC50,1
COc1ccc(-c2cc(C(F)(F)F)nn2-c2ccc(S(N)(=O)=O)cc2)cc1OC,6.22,CHEMBL282360,IC50,0
COc1ccc(-c2cc(C(F)(F)F)nn2-c2ccc(S(N)(=O)=O)cc2F)cc1,6.82,CHEMBL129021,IC50,1
COc1ccc(-c2cc(C(F)F)nn2-c2ccc(S(N)(=O)=O)cc2)cc1,7.82,CHEMBL282085,IC50,1
COc1ccc(-c2cc(C(F)F)nn2-c2ccc(S(N)(=O)=O)cc2)cc1Cl,7.57,CHEMBL286953,IC50,1
COc1ccc(-c2cc(C(F)F)nn2-c2ccc(S(N)(=O)=O)cc2)cc1F,7.3,CHEMBL28636,IC50,1
COc1ccc(-c2cc(F)c(F)cc2-c2ccc(S(C)(=O)=O)cc2)cc1C,7.89,CHEMBL418448,IC50,1
COc1ccc(-c2cc(F)c(F)cc2-c2ccc(S(C)(=O)=O)cc2)cc1Cl,7.72,CHEMBL52019,IC50,1
COc1ccc(-c2cc(F)c(F)cc2-c2ccc(S(C)(=O)=O)cc2)cc1F,7.68,CHEMBL54649,IC50,1
COc1ccc(-c2cc(F)c(F)cc2-c2ccc(S(C)(=O)=O)cc2)cc1OC,6.47,CHEMBL52889,IC50,0
COc1ccc(-c2cc(F)c(F)cc2-c2ccc(S(N)(=O)=O)cc2)cc1C,8.3,CHEMBL51860,IC50,1
COc1ccc(-c2cc(F)c(F)cc2-c2ccc(S(N)(=O)=O)cc2)cc1Cl,7.89,CHEMBL55348,IC50,1
COc1ccc(-c2cc(F)c(F)cc2-c2ccc(S(N)(=O)=O)cc2)cc1F,7.89,CHEMBL55072,IC50,1
COc1ccc(-c2cc(F)c(F)cc2-c2ccc(S(N)(=O)=O)cc2)cc1OC,7.19,CHEMBL52888,IC50,1
COc1ccc(-c2ccc(CCC(=O)O)n2-c2ccc(C(C)=O)cc2)cc1,5.48,CHEMBL43664,IC50,0
COc1ccc(-c2ccccc2-c2ccc(S(C)(=O)=O)cc2)cc1Cl,4.94,CHEMBL299567,IC50,0
COc1ccc(-c2ccccc2-c2ccc(S(N)(=O)=O)cc2)cc1Cl,7.72,CHEMBL54039,IC50,1
COc1ccc(-c2ccccc2-c2ccc(S(N)(=O)=O)cc2)cc1F,7.48,CHEMBL442166,IC50,1
COc1ccc(-c2cn[se]c2-c2ccc(OC)cc2)cc1,5.1,CHEMBL470304,IC50,0
COc1ccc(-c2cscc2-c2ccc(S(C)(=O)=O)cc2)cc1,6.3,CHEMBL98903,IC50,0
COc1ccc(-c2cscc2-c2ccc(S(C)(=O)=O)cc2)cc1F,7.52,CHEMBL100422,IC50,1
COc1ccc(-c2cscc2-c2ccc(S(N)(=O)=O)cc2)cc1F,8.05,CHEMBL97874,IC50,1
COc1ccc(-c2nc(-c3ccc(F)cc3)c(-c3ccc(S(C)(=O)=O)cc3)s2)cc1,6.57,CHEMBL277813,IC50,1
COc1ccc(-c2nc(-c3ccccc3Cl)sc2-c2ccc(S(N)(=O)=O)cc2)cc1F,5.61,CHEMBL276762,IC50,0
COc1ccc(-c2nc(C(=O)N3CCN(C)CC3)sc2-c2ccc(OC)cc2)cc1,4.19,CHEMBL275809,IC50,0
COc1ccc(-c2nc(C(F)(F)F)cn2-c2ccc(S(C)(=O)=O)cc2)cc1,6.24,CHEMBL264300,IC50,0
COc1ccc(-c2nc(C(F)(F)F)cn2-c2ccc(S(C)(=O)=O)cc2)cc1Cl,6.89,CHEMBL43149,IC50,1
COc1ccc(-c2nc(C(F)(F)F)cn2-c2ccc(S(C)(=O)=O)cc2)cc1F,6.82,CHEMBL42651,IC50,1
COc1ccc(-c2nc(C(F)(F)F)cn2-c2ccc(S(C)(=O)=O)cc2)cn1,5.92,CHEMBL106151,IC50,0
COc1ccc(-c2nc(C(F)(F)F)cn2-c2ccc(S(N)(=O)=O)cc2)cc1Br,7.52,CHEMBL47147,IC50,1
COc1ccc(-c2nc(C(F)(F)F)cn2-c2ccc(S(N)(=O)=O)cc2)cc1Cl,7.7,CHEMBL298313,IC50,1
COc1ccc(-c2nc(C(F)(F)F)cn2-c2ccc(S(N)(=O)=O)cc2)cc1F,7.52,CHEMBL296662,IC50,1
COc1ccc(-c2nc(C)sc2-c2ccc(S(N)(=O)=O)cc2)cc1F,7.55,CHEMBL416902,IC50,1
COc1ccc(-c2nc(NCc3ccccc3)sc2-c2ccc(S(N)(=O)=O)cc2)cc1F,7.23,CHEMBL16996,IC50,1
COc1ccc(-c2nn(-c3ccccc3)c3c2CCCCC3)cc1,5.91,CHEMBL155887,IC50,0
COc1ccc(-c2noc(CC(=O)O)c2-c2ccc(OC)cc2)cc1,6.36,CHEMBL259972,IC50,0
COc1ccc(-c2sccc2-c2ccc(S(C)(=O)=O)cc2)cc1,5.3,CHEMBL95246,IC50,0
COc1ccc(-n2c(-c3ccc(S(N)(=O)=O)cc3)coc2=O)cc1,6.68,CHEMBL70478,IC50,1
COc1ccc(-n2c(-c3ccc(S(N)(=O)=O)cc3)coc2=O)cc1Cl,6.11,CHEMBL72515,IC50,0
COc1ccc(-n2c(-c3ccc(S(N)(=O)=O)cc3)coc2=O)cc1F,5.95,CHEMBL303728,IC50,0
COc1ccc(-n2nc(-c3ccc(Cl)cc3)c3c2CCC(F)C3)cc1,5.68,CHEMBL347688,IC50,0
COc1ccc(-n2nc(-c3ccc(Cl)cc3)c3c2CCC(N(O)C(C)=O)C3)cc1,5.62,CHEMBL346697,IC50,0
COc1ccc(-n2nc(-c3ccc(Cl)cc3)c3c2CCC(O)C3)cc1,6.34,CHEMBL157129,IC50,0
COc1ccc(-n2nc(-c3ccc(Cl)cc3)c3c2CCCCC3)cc1,5.81,CHEMBL155675,IC50,0
COc1ccc(-n2nc(C(=O)CCCO[N+](=O)[O-])cc2-c2ccc(S(C)(=O)=O)cc2)cc1,5.6,CHEMBL67581,IC50,0
COc1ccc(-n2nc(C(F)(F)F)cc2-c2ccc(Cl)cc2)cc1,4.13,CHEMBL26915,IC50,0
COc1ccc(-n2nc(C(F)(F)F)cc2-c2ccc(N)cc2)cc1,6.89,CHEMBL47687,IC50,1
COc1ccc(-n2nc(C(F)(F)F)cc2-c2ccc(NS(C)(=O)=O)cc2)cc1,6.02,CHEMBL298031,IC50,0
COc1ccc(-n2nc(C(F)(F)F)cc2-c2ccc(S(N)(=O)=O)cc2)cc1,8.17,CHEMBL29583,IC50,1
COc1ccc(-n2nc(COc3cc(F)cc(C4(OC)CCOCC4)c3)cc2-c2ccccc2)cc1,6.52,CHEMBL222480,IC50,1
COc1ccc(/C=N/c2ccc(S(N)(=O)=O)cc2)cc1,5.0,CHEMBL271911,IC50,0
COc1ccc(/C=N/c2ccc(S(N)(=O)=O)cc2)cc1O,5.46,CHEMBL270043,IC50,0
COc1ccc(/C=N/c2ccc(S(N)(=O)=O)cc2)cc1OC,5.51,CHEMBL271832,IC50,0
COc1ccc(/N=C/c2ccc(S(N)(=O)=O)cc2)cc1,5.38,CHEMBL257489,IC50,0
COc1ccc(/N=C/c2ccc(S(N)(=O)=O)cc2)cc1OC,5.37,CHEMBL270886,IC50,0
COc1ccc(/N=N/c2ccc(S(N)(=O)=O)cc2)cc1,4.83,CHEMBL213267,IC50,0
COc1ccc(/N=N/c2ccc(S(N)(=O)=O)cc2)cc1OC,5.37,CHEMBL213326,IC50,0
COc1ccc(C(=O)NNc2ccc(Cl)cc2)cc1,6.33,CHEMBL154839,IC50,0
COc1ccc(C(=O)c2c(C)[nH]c3cc(S(C)(=O)=O)ccc23)cc1,5.77,CHEMBL183977,IC50,0
COc1ccc(C(=O)c2ccccc2)cc1C(C)C(=O)O,5.55,CHEMBL74276,IC50,0
COc1ccc(C2=C(c3ccc(S(C)(=O)=O)cc3)CC3(CC3)C2)cc1,8.3,CHEMBL89089,IC50,1
COc1ccc(C2=C(c3ccc(S(C)(=O)=O)cc3)CC3(CC3)C2)cc1Br,8.39,CHEMBL86363,IC50,1
COc1ccc(C2=C(c3ccc(S(C)(=O)=O)cc3)CC3(CC3)C2)cc1Cl,7.77,CHEMBL88899,IC50,1
COc1ccc(C2=C(c3ccc(S(C)(=O)=O)cc3)CC3(CC3)C2)cc1F,8.0,CHEMBL88550,IC50,1
COc1ccc(C2=C(c3ccc(S(C)(=O)=O)cc3)CCC2)cc1,8.633333333333335,CHEMBL108201,IC50,1
COc1ccc(C2=C(c3ccc(S(C)(=O)=O)cc3)CCC2)cc1Cl,6.85,CHEMBL324863,IC50,1
COc1ccc(C2=C(c3ccc(S(C)(=O)=O)cc3)CCC2)cc1F,6.92,CHEMBL111314,IC50,1
COc1ccc(C2=C(c3ccc(S(C)(=O)=O)cc3)CN(c3ccc(F)cc3)C2=O)cc1,6.52,CHEMBL45886,IC50,1
COc1ccc(C2=C(c3ccc(S(C)(=O)=O)cc3)CN(c3cccc(F)c3)C2=O)cc1,6.55,CHEMBL301582,IC50,1
COc1ccc(C2=C(c3ccc(S(C)(=O)=O)cc3)CN(c3ccccc3)C2=O)cc1,6.47,CHEMBL300021,IC50,0
COc1ccc(C2=C(c3ccc(S(C)(=O)=O)cc3)CN(c3ccccc3Cl)C2=O)cc1,6.66,CHEMBL49056,IC50,1
COc1ccc(C2=C(c3ccc(S(N)(=O)=O)cc3)CC3(CC3)C2)cc1,9.0,CHEMBL432945,IC50,1
COc1ccc(C2=C(c3ccc(S(N)(=O)=O)cc3)CC3(CC3)C2)cc1Br,8.7,CHEMBL313313,IC50,1
COc1ccc(C2=C(c3ccc(S(N)(=O)=O)cc3)CC3(CC3)C2)cc1Cl,8.7,CHEMBL315585,IC50,1
COc1ccc(C2=C(c3ccc(S(N)(=O)=O)cc3)CC3(CC3)C2)cc1F,8.7,CHEMBL88532,IC50,1
COc1ccc(C2=C(c3ccc(S(N)(=O)=O)cc3)CCC2)cc1,8.7,CHEMBL111562,IC50,1
COc1ccc(C2=C(c3ccc(S(N)(=O)=O)cc3)CCC2)cc1Cl,8.05,CHEMBL111095,IC50,1
COc1ccc(C2=C(c3ccc(S(N)(=O)=O)cc3)CCC2)cc1F,7.8,CHEMBL111427,IC50,1
COc1ccc(C2=CC3(C=C2c2ccc(S(C)(=O)=O)cc2)CC3)cc1Cl,7.57,CHEMBL89625,IC50,1
COc1ccc(C2=Cc3ccccc3C2)c(OC)c1OC,5.88,CHEMBL228561,IC50,0
COc1ccc(C2=Cc3ccccc3CC2)c(OC)c1OC,6.18,CHEMBL229245,IC50,0
COc1ccc(C2SCC(=O)N2CCN2C(=O)CSC2c2ccc(OC)cc2)cc1,5.95,CHEMBL329688,IC50,0
COc1ccc(CNc2cc(C(F)(F)F)nc(-c3ccc(S(C)(=O)=O)cc3)n2)cc1,6.57,CHEMBL414005,IC50,1
COc1ccc(Cc2c(C)[nH]c3cc(S(C)(=O)=O)ccc23)cc1,5.93,CHEMBL442036,IC50,0
COc1ccc(N2C(=O)CSC2c2ccc(S(C)(=O)=O)cc2)cc1,6.8,CHEMBL400080,IC50,1
COc1ccc(N2CC(c3ccc(S(C)(=O)=O)cc3)=C(c3ccc(F)cc3)C2=O)cc1,5.92,CHEMBL49606,IC50,0
COc1ccc(NC(=O)Cc2c(C)n(C(=O)c3ccc(Cl)cc3)c3ccc(OC)cc23)cc1,7.25,CHEMBL97846,IC50,1
COc1ccc(NNC(=O)c2ccc(Cl)cc2)cc1,6.89,CHEMBL347187,IC50,1
COc1ccc(NNC(=O)c2ccccc2)cc1,6.75,CHEMBL347198,IC50,1
COc1ccc(Nc2c(-c3ccc(S(C)(=O)=O)cc3)nc3ccccn23)cc1,5.55,CHEMBL466815,IC50,0
COc1ccc(OC(=O)Cc2c(C)n(C(=O)c3ccc(Cl)cc3)c3ccc(OC)cc23)cc1,7.4,CHEMBL316866,IC50,1
COc1ccc(OCc2cc(-c3ccccc3)n(-c3ccc(S(C)(=O)=O)cc3)n2)cc1OC,6.16,CHEMBL375309,IC50,0
COc1ccc(Oc2c(-c3ccc(S(C)(=O)=O)cc3)oc(C)cc2=O)c(Cl)c1,6.75,CHEMBL126369,IC50,1
COc1ccc(Oc2c(C)[nH]c3cc(S(C)(=O)=O)ccc23)cc1,6.25,CHEMBL433756,IC50,0
COc1ccc(Oc2c(C)[nH]c3cccc(S(C)(=O)=O)c23)cc1,6.25,CHEMBL183178,IC50,0
COc1ccc(Oc2cnccc2NS(=O)(=O)C(F)(F)F)cc1,6.36,CHEMBL225092,IC50,0
COc1ccc(Oc2cnccc2NS(C)(=O)=O)cc1,5.63,CHEMBL224624,IC50,0
COc1ccc(Sc2c(C#N)[nH]c3cc(S(C)(=O)=O)ccc23)c(Cl)c1,6.220000000000001,CHEMBL183279,IC50,0
COc1ccc(Sc2c(C)[nH]c3cc(S(C)(=O)=O)ccc23)cc1,5.825,CHEMBL184281,IC50,0
COc1ccc(Sc2cc3c(cc2NS(C)(=O)=O)CCC3=O)cc1,7.0,CHEMBL358295,IC50,1
COc1ccc2c(-c3ccc(S(C)(=O)=O)cc3)c(-c3ccc(C)cc3)nn2n1,7.3,CHEMBL184187,IC50,1
COc1ccc2c(-c3ccc(S(C)(=O)=O)cc3)c(-c3ccc(F)cc3)nn2n1,7.29,CHEMBL188115,IC50,1
COc1ccc2c(-c3ccc(S(N)(=O)=O)cc3)c(-c3ccc(F)cc3)nn2n1,7.58,CHEMBL365267,IC50,1
COc1ccc2c(c1)CCC(c1ccc(OC)c(OC)c1)=C2,7.52,CHEMBL229955,IC50,1
COc1ccc2c(c1)CSc1c(C(F)(F)F)nn(-c3ccc(S(N)(=O)=O)cc3)c1-2,7.89,CHEMBL319512,IC50,1
COc1ccc2c(c1)c(CC(=O)N(C)C)c(C)n2C(=O)c1ccc(Cl)cc1,4.75,CHEMBL97834,IC50,0
COc1ccc2c(c1)c(CC(=O)NC(C)(C)CO)c(C)n2C(=O)c1ccc(Cl)cc1,6.72,CHEMBL433427,IC50,1
COc1ccc2c(c1)c(CC(=O)NCC(C)(C)CO[N+](=O)[O-])c(C)n2C(=O)c1ccc(Cl)cc1,5.92,CHEMBL399198,IC50,0
COc1ccc2c(c1)c(CC(=O)NCCCCCCO)c(C)n2C(=O)c1ccc(Cl)cc1,6.68,CHEMBL281457,IC50,1
COc1ccc2c(c1)c(CC(=O)NCCCCCO)c(C)n2C(=O)c1ccc(Cl)cc1,6.54,CHEMBL24869,IC50,1
COc1ccc2c(c1)c(CC(=O)NCCCCO)c(C)n2C(=O)c1ccc(Cl)cc1,6.234999999999999,CHEMBL24837,IC50,0
COc1ccc2c(c1)c(CC(=O)NCCCCl)c(C)n2C(=O)c1ccc(Cl)cc1,7.3,CHEMBL319764,IC50,1
COc1ccc2c(c1)c(CC(=O)NCCCO)c(C)n2C(=O)c1ccc(Cl)cc1,6.205,CHEMBL25725,IC50,0
COc1ccc2c(c1)c(CC(=O)NCCCO[N+](=O)[O-])c(C)n2C(=O)c1ccc(Cl)cc1,5.92,CHEMBL237021,IC50,0
COc1ccc2c(c1)c(CC(=O)NCCO)c(C)n2C(=O)c1ccc(Cl)cc1,6.699999999999999,CHEMBL24415,IC50,1
COc1ccc2c(c1)c(CC(=O)NCCOC(=O)/C=C/c1ccc(N(C)C)cc1)c(C)n2C(=O)c1ccc(Cl)cc1,6.72,CHEMBL95380,IC50,1
COc1ccc2c(c1)c(CC(=O)NCCc1ccccc1)c(C)n2C(=O)c1ccc(Cl)cc1,7.22,CHEMBL95311,IC50,1
COc1ccc2c(c1)c(CC(=O)NC[C@@H](C)O)c(C)n2C(=O)c1ccc(Cl)cc1,6.48,CHEMBL281653,IC50,0
COc1ccc2c(c1)c(CC(=O)NC[C@@H](O)c1ccccc1)c(C)n2C(=O)c1ccc(Cl)cc1,7.33,CHEMBL441769,IC50,1
COc1ccc2c(c1)c(CC(=O)NC[C@H](C)O)c(C)n2C(=O)c1ccc(Cl)cc1,6.5,CHEMBL25371,IC50,1
COc1ccc2c(c1)c(CC(=O)NC[C@H](O)c1ccccc1)c(C)n2C(=O)c1ccc(Cl)cc1,6.68,CHEMBL286282,IC50,1
COc1ccc2c(c1)c(CC(=O)NCc1ccc(C(C)=O)cc1)c(C)n2C(=O)c1ccc(Cl)cc1,7.1,CHEMBL330162,IC50,1
COc1ccc2c(c1)c(CC(=O)NCc1ccc(C)cc1)c(C)n2C(=O)c1ccc(Cl)cc1,7.22,CHEMBL317332,IC50,1
COc1ccc2c(c1)c(CC(=O)NCc1ccccc1C)c(C)n2C(=O)c1ccc(Cl)cc1,6.82,CHEMBL95572,IC50,1
COc1ccc2c(c1)c(CC(=O)NN1CCC[C@@H]1CO)c(C)n2C(=O)c1ccc(Cl)cc1,5.77,CHEMBL2115305,IC50,0
COc1ccc2c(c1)c(CC(=O)NN1CCC[C@H]1CO)c(C)n2C(=O)c1ccc(Cl)cc1,5.75,CHEMBL2114342,IC50,0
COc1ccc2c(c1)c(CC(=O)NNCc1ccccc1)c(C)n2C(=O)c1ccc(Cl)cc1,5.6,CHEMBL95659,IC50,0
COc1ccc2c(c1)c(CC(=O)NOCCCO)c(C)n2C(=O)c1ccc(Cl)cc1,6.16,CHEMBL393127,IC50,0
COc1ccc2c(c1)c(CC(=O)NOCc1ccc([N+](=O)[O-])cc1)c(C)n2C(=O)c1ccc(Cl)cc1,7.22,CHEMBL319359,IC50,1
COc1ccc2c(c1)c(CC(=O)NOCc1ccccc1)c(C)n2C(=O)c1ccc(Cl)cc1,7.3,CHEMBL421385,IC50,1
COc1ccc2c(c1)c(CC(=O)N[C@@H](C)CO)c(C)n2C(=O)c1ccc(Cl)cc1,6.57,CHEMBL281847,IC50,1
COc1ccc2c(c1)c(CC(=O)N[C@@H](C)c1ccc(C)cc1)c(C)n2C(=O)c1ccc(Cl)cc1,6.7,CHEMBL319578,IC50,1
COc1ccc2c(c1)c(CC(=O)N[C@@H](CO)C(C)C)c(C)n2C(=O)c1ccc(Cl)cc1,6.96,CHEMBL285828,IC50,1
COc1ccc2c(c1)c(CC(=O)N[C@@H](CO)CC(C)C)c(C)n2C(=O)c1ccc(Cl)cc1,6.3,CHEMBL28216,IC50,0
COc1ccc2c(c1)c(CC(=O)N[C@@H](CO)CCSC)c(C)n2C(=O)c1ccc(Cl)cc1,6.6,CHEMBL432260,IC50,1
COc1ccc2c(c1)c(CC(=O)N[C@@H](CO)Cc1ccccc1)c(C)n2C(=O)c1ccc(Cl)cc1,6.66,CHEMBL24363,IC50,1
COc1ccc2c(c1)c(CC(=O)N[C@@H](CO)c1ccccc1)c(C)n2C(=O)c1ccc(Cl)cc1,6.36,CHEMBL26509,IC50,0
COc1ccc2c(c1)c(CC(=O)N[C@H](C)CO)c(C)n2C(=O)c1ccc(Cl)cc1,6.77,CHEMBL24874,IC50,1
COc1ccc2c(c1)c(CC(=O)N[C@H](C)c1ccc(C)cc1)c(C)n2C(=O)c1ccc(Cl)cc1,7.22,CHEMBL318206,IC50,1
COc1ccc2c(c1)c(CC(=O)N[C@H](CO)C(C)C)c(C)n2C(=O)c1ccc(Cl)cc1,6.43,CHEMBL25030,IC50,0
COc1ccc2c(c1)c(CC(=O)N[C@H](CO)CC(C)C)c(C)n2C(=O)c1ccc(Cl)cc1,6.77,CHEMBL279265,IC50,1
COc1ccc2c(c1)c(CC(=O)N[C@H](CO)CCSC)c(C)n2C(=O)c1ccc(Cl)cc1,6.0,CHEMBL281379,IC50,0
COc1ccc2c(c1)c(CC(=O)N[C@H](CO)Cc1ccccc1)c(C)n2C(=O)c1ccc(Cl)cc1,7.07,CHEMBL412307,IC50,1
COc1ccc2c(c1)c(CC(=O)N[C@H](CO)c1ccccc1)c(C)n2C(=O)c1ccc(Cl)cc1,7.07,CHEMBL277006,IC50,1
COc1ccc2c(c1)c(CC(=O)Nc1cc(C)c(C(=O)Nc3ccccc3)cc1OC)c(C)n2C(=O)c1ccc(Cl)cc1,6.22,CHEMBL97219,IC50,0
COc1ccc2c(c1)c(CC(=O)Nc1ccc(-c3ccccc3)cc1)c(C)n2C(=O)c1ccc(Cl)cc1,6.3,CHEMBL329292,IC50,0
COc1ccc2c(c1)c(CC(=O)Nc1ccc(C(N)=O)cc1)c(C)n2C(=O)c1ccc(Cl)cc1,6.85,CHEMBL327751,IC50,1
COc1ccc2c(c1)c(CC(=O)Nc1ccc(Cl)cc1)c(C)n2C(=O)c1ccc(Cl)cc1,7.26,CHEMBL265078,IC50,1
COc1ccc2c(c1)c(CC(=O)Nc1ccc(F)cc1)c(C)n2C(=O)c1ccc(Cl)cc1,7.22,CHEMBL421570,IC50,1
COc1ccc2c(c1)c(CC(=O)Nc1ccc(NC(C)=O)cc1)c(C)n2C(=O)c1ccc(Cl)cc1,6.92,CHEMBL95469,IC50,1
COc1ccc2c(c1)c(CC(=O)Nc1ccc(SC)cc1)c(C)n2C(=O)c1ccc(Cl)cc1,6.92,CHEMBL96011,IC50,1
COc1ccc2c(c1)c(CC(=O)Nc1cccc(SC)c1)c(C)n2C(=O)c1ccc(Cl)cc1,6.66,CHEMBL330381,IC50,1
COc1ccc2c(c1)c(CC(=O)Nc1cccnc1)c(C)n2C(=O)c1ccc(Cl)cc1,7.28,CHEMBL329480,IC50,1
COc1ccc2c(c1)c(CC(=O)Nc1cccnc1Cl)c(C)n2C(=O)c1ccc(Cl)cc1,7.3,CHEMBL319148,IC50,1
COc1ccc2c(c1)c(CC(=O)Nc1cncc(Cl)c1)c(C)n2C(=O)c1ccc(Cl)cc1,7.33,CHEMBL98514,IC50,1
COc1ccc2c(c1)c(CC(=O)Nc1cnccn1)c(C)n2C(=O)c1ccc(Cl)cc1,5.4,CHEMBL94944,IC50,0
COc1ccc2c(c1)c(CC(=O)Nc1ncc(C)s1)c(C)n2C(=O)c1ccc(Cl)cc1,5.4,CHEMBL97808,IC50,0
COc1ccc2c(c1)c(CC(=O)O)c(C)n2C(=O)c1ccc(Cl)cc1,6.42,CHEMBL6,IC50,0
COc1ccc2c(c1)c(CC(=O)O)c(C)n2Cc1ccc(Br)cc1,5.6,CHEMBL320140,IC50,0
COc1ccc2c(c1)c(CC(=O)OC(C)C)c(C)n2C(=O)c1ccc(Cl)cc1,6.6,CHEMBL329052,IC50,1
COc1ccc2c(c1)c(CC(=O)OC1CCCCC1)c(C)n2C(=O)c1ccc(Cl)cc1,6.92,CHEMBL318410,IC50,1
COc1ccc2c(c1)c(CC(=O)OCCC1CCCCC1)c(C)n2C(=O)c1ccc(Cl)cc1,6.0,CHEMBL95479,IC50,0
COc1ccc2c(c1)c(CC(=O)OCCN1CCOCC1)c(C)n2C(=O)c1ccc(Cl)cc1,6.17,CHEMBL97040,IC50,0
COc1ccc2c(c1)c(CC(=O)OCCNC(=O)OC(C)(C)C)c(C)n2C(=O)c1ccc(Cl)cc1,7.35,CHEMBL433160,IC50,1
COc1ccc2c(c1)c(CC(=O)OCCc1ccccc1)c(C)n2C(=O)c1ccc(Cl)cc1,7.35,CHEMBL95643,IC50,1
COc1ccc2c(c1)c(CC(=O)Oc1ccc(F)cc1)c(C)n2C(=O)c1ccc(Cl)cc1,7.12,CHEMBL318881,IC50,1
COc1ccc2c(c1)c(CC(=O)Oc1ccc(NC(C)=O)cc1)c(C)n2C(=O)c1ccc(Cl)cc1,7.3,CHEMBL97562,IC50,1
COc1ccc2c(c1)c(CC(=O)Oc1ccc(SC)cc1)c(C)n2C(=O)c1ccc(Cl)cc1,6.52,CHEMBL96057,IC50,1
COc1ccc2c(c1)c(CC(=O)Oc1cccc3ccccc13)c(C)n2C(=O)c1ccc(Cl)cc1,5.3,CHEMBL97088,IC50,0
COc1ccc2c(c1)c(CC(=O)Oc1ccccc1)c(C)n2C(=O)c1ccc(Cl)cc1,6.4,CHEMBL319825,IC50,0
COc1ccc2c(c1)c(CC(=O)Oc1ccccc1SC)c(C)n2C(=O)c1ccc(Cl)cc1,7.22,CHEMBL95625,IC50,1
COc1ccc2c(c1)c(CC(=O)Oc1cccnc1)c(C)n2C(=O)c1ccc(Cl)cc1,7.3,CHEMBL96954,IC50,1
COc1ccc2c(c1)c(CC(N)=O)c(C)n2C(=O)c1ccc(Cl)cc1,6.16,CHEMBL95921,IC50,0
COc1ccc2c(c1)c(CCNC(=O)NCCCO[N+](=O)[O-])c(C)n2C(=O)c1ccc(Cl)cc1,5.0,CHEMBL237022,IC50,0
COc1ccc2c(c1)c(CCNC(=O)c1ccc(Cl)cc1)c(C)n2Cc1ccc(Br)cc1,7.3,CHEMBL254377,IC50,1
COc1ccc2c(c1)c(CCNC(=O)c1ccc(O[N+](=O)[O-])cc1)c(C)n2C(=O)c1ccc(Cl)cc1,5.82,CHEMBL238240,IC50,0
COc1ccc2c(c1)c(CCNS(=O)(=O)CCCO)c(C)n2C(=O)c1ccc(Cl)cc1,5.96,CHEMBL237208,IC50,0
COc1ccc2c(c1)c(CCNS(=O)(=O)CCCO[N+](=O)[O-])c(C)n2C(=O)c1ccc(Cl)cc1,5.92,CHEMBL237207,IC50,0
COc1ccc2c(c1)c(CCOC(=O)c1ccc(Cl)cc1)c(C)n2Cc1ccc(Br)cc1,7.3,CHEMBL404107,IC50,1
COc1ccc2c(c1)c(Cc1csc(N)n1)c(C)n2C(=O)c1ccc(Cl)cc1,6.41,CHEMBL24687,IC50,0
COc1ccc2c(c1)c(Cc1nc(-c3ccc(Br)cc3)cs1)c(C)n2C(=O)c1ccc(Br)cc1,7.52,CHEMBL27982,IC50,1
COc1ccc2c(c1)c(Cc1nc(-c3ccc(Br)cc3)cs1)c(C)n2C(=O)c1ccc(Cl)cc1,9.52,CHEMBL423296,IC50,1
COc1ccc2c(c1)c(Cc1nc(-c3ccc(C(=O)O)cc3)cs1)c(C)n2C(=O)c1ccc(Cl)cc1,6.92,CHEMBL281513,IC50,1
COc1ccc2c(c1)c(Cc1nc(-c3ccc(Cl)cc3)cs1)c(C)n2C(=O)c1ccc(Br)cc1,8.15,CHEMBL28220,IC50,1
COc1ccc2c(c1)c(Cc1nc(-c3ccc(Cl)cc3)cs1)c(C)n2C(=O)c1ccc(Cl)cc1,7.85,CHEMBL27875,IC50,1
COc1ccc2c(c1)c(Cc1nc(-c3ccc(F)cc3)cs1)c(C)n2C(=O)c1ccc(Cl)cc1,7.92,CHEMBL283660,IC50,1
COc1ccc2c(c1)c(Cc1nc(-c3ccc([N+](=O)[O-])cc3)cs1)c(C)n2C(=O)c1ccc(Br)cc1,8.15,CHEMBL26829,IC50,1
COc1ccc2c(c1)c(Cc1nc(-c3ccc([N+](=O)[O-])cc3)cs1)c(C)n2C(=O)c1ccc(Cl)cc1,7.92,CHEMBL282415,IC50,1
COc1ccc2c(c1)c(Cc1nc(-c3ccc4ccccc4c3)cs1)c(C)n2C(=O)c1ccc(Cl)cc1,8.15,CHEMBL282015,IC50,1
COc1ccc2c(c1)c(Cc1nc(-c3cccc(Br)c3)cs1)c(C)n2C(=O)c1ccc(Cl)cc1,8.1,CHEMBL24407,IC50,1
COc1ccc2c(c1)c(Cc1nc(-c3csc4ccccc34)cs1)c(C)n2C(=O)c1ccc(Cl)cc1,9.0,CHEMBL28155,IC50,1
COc1ccc2c(c1F)CSc1c(C(F)(F)F)nn(-c3ccc(S(C)(=O)=O)cc3)c1-2,7.12,CHEMBL195894,IC50,1
COc1ccc2c(c1F)CSc1c(C(F)(F)F)nn(-c3ccc(S(N)(=O)=O)cc3)c1-2,8.05,CHEMBL365769,IC50,1
COc1ccc2c(c1F)CSc1c(C(F)F)nn(-c3ccc(S(N)(=O)=O)cc3)c1-2,7.49,CHEMBL365603,IC50,1
COc1ccc2c(c1F)C[S+]([O-])c1c(C(F)(F)F)nn(-c3ccc(S(N)(=O)=O)cc3)c1-2,5.82,CHEMBL611203,IC50,0
COc1ccc2cc(-c3ccccc3-c3ccc(S(C)(=O)=O)cc3)ccc2c1,4.52,CHEMBL171416,IC50,0
COc1ccc2cc(C(C)C(=O)O)ccc2c1,4.984999999999999,CHEMBL154,IC50,0
COc1cccc(-c2c(-c3ccc(S(C)(=O)=O)cc3)sc3ncnn23)c1,6.58,CHEMBL347378,IC50,1
COc1cccc(-c2nc(C(F)(F)F)cn2-c2ccc(S(C)(=O)=O)cc2)c1,6.46,CHEMBL44468,IC50,0
COc1cccc(/C=N/c2ccc(S(N)(=O)=O)cc2)c1,5.26,CHEMBL271930,IC50,0
COc1ccccc1-c1cc(C(F)(F)F)nn1-c1ccc(S(N)(=O)=O)c(CO)c1,4.54,CHEMBL357044,IC50,0
COc1ccccc1-c1cc(C(F)(F)F)nn1-c1ccc(S(N)(=O)=O)cc1,6.54,CHEMBL29942,IC50,1
COc1ccccc1-c1nc(C(F)(F)F)cn1-c1ccc(S(C)(=O)=O)cc1,5.05,CHEMBL45139,IC50,0
COc1ccccc1-n1c(-c2ccc(S(N)(=O)=O)cc2)nc2ccccc21,5.1,CHEMBL371849,IC50,0
COc1ccccc1C1=Cc2ccccc2C1,4.21,CHEMBL376583,IC50,0
COc1ccccc1N1CC(c2ccc(S(C)(=O)=O)cc2)=C(c2ccc(F)cc2)C1=O,5.98,CHEMBL300687,IC50,0
COc1ccncc1C1=C(c2ccc(S(C)(=O)=O)cc2)CCC1=O,6.9350000000000005,CHEMBL23241,IC50,1
COc1cncc(-c2nc(C(F)(F)F)cn2-c2ccc(S(C)(=O)=O)cc2)c1,4.42,CHEMBL320118,IC50,0
COc1nc(-c2cc(C(C)(C)C)c(O)c(C(C)(C)C)c2)ns1,4.0,CHEMBL276739,IC50,0
COc1nnc(-c2cc(C(C)(C)C)c(O)c(C(C)(C)C)c2)s1,5.52,CHEMBL16881,IC50,0
CS(=O)(=O)Nc1cc2c(cc1Nc1ccc(F)cc1F)C(=O)CC2,6.0,CHEMBL146773,IC50,0
CS(=O)(=O)Nc1cc2c(cc1OC1CCCCC1)C(=O)CC2,7.3,CHEMBL344959,IC50,1
CS(=O)(=O)Nc1cc2c(cc1Oc1ccc(F)cc1F)C(=O)CC2,7.68,CHEMBL147580,IC50,1
CS(=O)(=O)Nc1cc2c(cc1SC1CCCCC1)C(=O)CC2,7.3,CHEMBL144787,IC50,1
CS(=O)(=O)Nc1cc2c(cc1Sc1c(F)cccc1F)C(=O)CC2,7.0,CHEMBL143781,IC50,1
CS(=O)(=O)Nc1cc2c(cc1Sc1ccc(Br)cc1)C(=O)CC2,8.0,CHEMBL144728,IC50,1
CS(=O)(=O)Nc1cc2c(cc1Sc1ccc(Cl)cc1Cl)C(=O)CC2,8.0,CHEMBL148153,IC50,1
CS(=O)(=O)Nc1cc2c(cc1Sc1ccc(F)cc1)C(=O)CC2,6.0,CHEMBL356940,IC50,0
CS(=O)(=O)Nc1cc2c(cc1Sc1ccc(F)cc1F)C(=O)CC2,7.4325,CHEMBL287919,IC50,1
CS(=O)(=O)Nc1cc2c(cc1Sc1cccc(F)c1F)C(=O)CC2,7.3,CHEMBL361563,IC50,1
CS(=O)(=O)Nc1cc2c(cc1Sc1ccccc1F)C(=O)CC2,7.0,CHEMBL144819,IC50,1
CS(=O)(=O)Nc1cc2c(cc1Sc1ccccn1)C(=O)CC2,6.463333333333334,CHEMBL35992,IC50,0
CS(=O)(=O)Nc1cc2c(cc1Sc1cccs1)C(=O)CC2,6.0,CHEMBL144100,IC50,0
CS(=O)(=O)Nc1cc2c(cc1Sc1ccncc1)C(=O)CC2,6.0,CHEMBL344351,IC50,0
CS(=O)(=O)Nc1cc2c(cc1Sc1ncc(Cl)cc1Cl)C(=O)CC2,6.68,CHEMBL290739,IC50,1
CS(=O)(=O)Nc1cc2c(cc1Sc1ncccc1Cl)C(=O)CC2,6.470000000000001,CHEMBL41739,IC50,0
CS(=O)(=O)Nc1cc2c(cc1Sc1nccs1)C(=O)CC2,6.6066666666666665,CHEMBL289262,IC50,1
CS(=O)(=O)Nc1cc2c(cc1Sc1nccs1)C(=O)OC2,6.890000000000001,CHEMBL287909,IC50,1
CS(=O)(=O)Nc1ccc(-c2cc(C(F)(F)F)nn2-c2ccc(Br)cc2)cc1,6.64,CHEMBL297788,IC50,1
CS(=O)(=O)Nc1ccc(-c2cc(C(F)(F)F)nn2-c2ccc(Cl)cc2)cc1,7.52,CHEMBL47638,IC50,1
CS(=O)(=O)Nc1ccc(-c2cc(C(F)(F)F)nn2-c2ccc(F)cc2)cc1,6.12,CHEMBL442548,IC50,0
CS(=O)(=O)Nc1ccc(-c2cc(C(F)(F)F)nn2-c2ccc(N)cc2)cc1,5.58,CHEMBL297527,IC50,0
CS(=O)(=O)Nc1ccc(-c2cc(C(F)(F)F)nn2-c2ccccc2)cc1,5.54,CHEMBL44319,IC50,0
CS(=O)(=O)Nc1ccc(-c2cc(C(F)F)nn2-c2ccc(Cl)cc2)cc1,6.82,CHEMBL45247,IC50,1
CS(=O)(=O)Nc1ccc(-c2cc(C(F)F)nn2-c2ccc(F)cc2)cc1,5.1,CHEMBL296098,IC50,0
CS(=O)(=O)Nc1ccc([N+](=O)[O-])cc1OC1CCCCC1,6.769230769230769,CHEMBL7162,IC50,1
CS(=O)(=O)Nc1ccc([N+](=O)[O-])cc1Oc1ccccc1,6.224,CHEMBL56367,IC50,0
CS(=O)(=O)Nc1ccncc1Oc1ccc(Br)cc1,5.12,CHEMBL224193,IC50,0
CS(=O)(=O)Nc1ccncc1Oc1ccc(Cl)cc1,5.73,CHEMBL388625,IC50,0
CS(=O)(=O)Nc1ccncc1Oc1ccc(Cl)cc1Cl,6.92,CHEMBL224136,IC50,1
CS(=O)(=O)Nc1ccncc1Oc1cccc(Cl)c1,5.7,CHEMBL224192,IC50,0
CS(=O)(=O)Nc1ccncc1Oc1ccccc1,4.43,CHEMBL148542,IC50,0
CS(=O)(=O)Nc1ccncc1Oc1ccccc1Cl,6.89,CHEMBL388628,IC50,1
CS(=O)(=O)Nc1ccncc1Sc1ccccc1,5.92,CHEMBL224122,IC50,0
CS(=O)(=O)c1ccc(-c2[nH]c(Br)cc2-c2ccc(F)cc2)cc1,4.4,CHEMBL126418,IC50,0
CS(=O)(=O)c1ccc(-c2[nH]c(C#N)cc2-c2ccc(F)cc2)cc1,4.19,CHEMBL419777,IC50,0
CS(=O)(=O)c1ccc(-c2[nH]c(Cl)c(Br)c2-c2ccc(F)cc2)cc1,4.06,CHEMBL339221,IC50,0
CS(=O)(=O)c1ccc(-c2[nH]c(Cl)c(Cl)c2-c2ccc(F)cc2)cc1,4.16,CHEMBL338914,IC50,0
CS(=O)(=O)c1ccc(-c2[nH]c(Cl)cc2-c2ccc(F)cc2)cc1,4.38,CHEMBL340717,IC50,0
CS(=O)(=O)c1ccc(-c2[nH]c(I)cc2-c2ccc(F)cc2)cc1,4.04,CHEMBL127120,IC50,0
CS(=O)(=O)c1ccc(-c2[nH]c(S(C)(=O)=O)cc2-c2ccc(F)cc2)cc1,4.04,CHEMBL338126,IC50,0
CS(=O)(=O)c1ccc(-c2[nH]c(SC#N)cc2-c2ccc(F)cc2)cc1,4.14,CHEMBL126345,IC50,0
CS(=O)(=O)c1ccc(-c2[nH]c([N+](=O)[O-])cc2-c2ccc(F)cc2)cc1,4.2,CHEMBL339890,IC50,0
CS(=O)(=O)c1ccc(-c2[nH]c3ccc(Br)cc3c2-c2ccccc2)cc1,8.85,CHEMBL527107,IC50,1
CS(=O)(=O)c1ccc(-c2[nH]c3ccc(Cl)cc3c2-c2ccc(Cl)cc2)cc1,7.07,CHEMBL526720,IC50,1
CS(=O)(=O)c1ccc(-c2[nH]c3ccc(Cl)cc3c2-c2cccc(Cl)c2)cc1,9.1,CHEMBL500675,IC50,1
CS(=O)(=O)c1ccc(-c2[nH]c3ccc(Cl)cc3c2-c2ccccc2)cc1,9.44,CHEMBL502285,IC50,1
CS(=O)(=O)c1ccc(-c2[nH]c3ccc(Cl)cc3c2-c2ccccc2Cl)cc1,8.0,CHEMBL525020,IC50,1
CS(=O)(=O)c1ccc(-c2[nH]c3ccc(F)cc3c2-c2ccccc2)cc1,8.3,CHEMBL525246,IC50,1
CS(=O)(=O)c1ccc(-c2[nH]c3ccccc3c2-c2ccc(Br)cc2)cc1,9.43,CHEMBL502554,IC50,1
CS(=O)(=O)c1ccc(-c2[nH]c3ccccc3c2-c2ccc(Cl)cc2)cc1,6.84,CHEMBL524304,IC50,1
CS(=O)(=O)c1ccc(-c2[nH]c3ccccc3c2-c2ccc(F)cc2)cc1,10.7,CHEMBL501208,IC50,1
CS(=O)(=O)c1ccc(-c2[nH]c3ccccc3c2-c2ccccc2)cc1,9.22,CHEMBL499070,IC50,1
CS(=O)(=O)c1ccc(-c2[nH]ccc2-c2ccc(F)cc2)cc1,4.9,CHEMBL339301,IC50,0
CS(=O)(=O)c1ccc(-c2[se]ncc2-c2ccc(F)cc2)cc1,6.22,CHEMBL452744,IC50,0
CS(=O)(=O)c1ccc(-c2c(-c3ccc(Cl)cc3)nc3sc(Cl)c(Cl)n23)cc1,5.44,CHEMBL149597,IC50,0
CS(=O)(=O)c1ccc(-c2c(-c3ccc(Cl)cc3)nc3sc(Cl)cn23)cc1,7.8,CHEMBL148708,IC50,1
CS(=O)(=O)c1ccc(-c2c(-c3ccc(F)c(F)c3)nc3sccn23)cc1,6.79,CHEMBL423576,IC50,1
CS(=O)(=O)c1ccc(-c2c(-c3ccc(F)cc3)nc3sccn23)cc1,7.125,CHEMBL148976,IC50,1
CS(=O)(=O)c1ccc(-c2c(-c3ccc(F)cc3)nn3nc(S(C)(=O)=O)ccc23)cc1,6.43,CHEMBL434520,IC50,0
CS(=O)(=O)c1ccc(-c2c(-c3ccc(F)cc3)nn3ncccc23)cc1,7.41,CHEMBL359787,IC50,1
CS(=O)(=O)c1ccc(-c2c(-c3cccc(F)c3)nn3ncccc23)cc1,7.47,CHEMBL363102,IC50,1
CS(=O)(=O)c1ccc(-c2c(-c3ccccc3)nc3sccn23)cc1,6.925,CHEMBL146742,IC50,1
CS(=O)(=O)c1ccc(-c2c(-c3ccccc3)nn3ncccc23)cc1,8.7,CHEMBL365865,IC50,1
CS(=O)(=O)c1ccc(-c2c(-c3ccccc3)sc3c2CCCC3)cc1,4.72,CHEMBL317517,IC50,0
CS(=O)(=O)c1ccc(-c2c(-c3ccccc3)sc3ncnn23)cc1,7.5,CHEMBL346094,IC50,1
CS(=O)(=O)c1ccc(-c2c(-c3ccccc3)sc3nncn23)cc1,6.64,CHEMBL157623,IC50,1
CS(=O)(=O)c1ccc(-c2c(Br)sc(Br)c2-c2ccc(F)cc2)cc1,6.16,CHEMBL319072,IC50,0
CS(=O)(=O)c1ccc(-c2cc(/C=C\CC[N+](=O)[O-])nn2C2CCCCC2)cc1,6.3,CHEMBL2111539,IC50,0
CS(=O)(=O)c1ccc(-c2cc(Br)sc2-c2ccc(F)cc2)cc1,7.958461538461538,CHEMBL42485,IC50,1
CS(=O)(=O)c1ccc(-c2cc(C(F)(F)F)cnc2-c2cccnc2)cc1,6.4,CHEMBL92759,IC50,0
CS(=O)(=O)c1ccc(-c2cc(C(F)(F)F)cnc2C(=O)c2ccccc2)cc1,6.6,CHEMBL364966,IC50,1
CS(=O)(=O)c1ccc(-c2cc(C(F)(F)F)cnc2N2CCCC(CO)C2)cc1,6.1,CHEMBL49394,IC50,0
CS(=O)(=O)c1ccc(-c2cc(C(F)(F)F)cnc2OC(C(F)(F)F)C(F)(F)F)cc1,6.3,CHEMBL49918,IC50,0
CS(=O)(=O)c1ccc(-c2cc(C(F)(F)F)cnc2OCC(F)(F)F)cc1,6.3,CHEMBL48671,IC50,0
CS(=O)(=O)c1ccc(-c2cc(C(F)(F)F)cnc2OCC2(O)CCCC2)cc1,5.85,CHEMBL45583,IC50,0
CS(=O)(=O)c1ccc(-c2cc(C(F)(F)F)nn2-c2ccc(F)cc2)cc1,5.92,CHEMBL355263,IC50,0
CS(=O)(=O)c1ccc(-c2cc(CC#N)sc2-c2ccc(F)cc2)cc1,4.31,CHEMBL101459,IC50,0
CS(=O)(=O)c1ccc(-c2cc(CO[N+](=O)[O-])nn2C2CCCCC2)cc1,6.4,CHEMBL66435,IC50,0
CS(=O)(=O)c1ccc(-c2cc(Cl)c(Cl)cc2-c2ccc(F)cc2)cc1,6.62,CHEMBL54945,IC50,1
CS(=O)(=O)c1ccc(-c2cc(Cl)cnc2-c2ccc(C(=O)O)nc2)cc1,4.68,CHEMBL268470,IC50,0
CS(=O)(=O)c1ccc(-c2cc(Cl)cnc2-c2ccc(C3CC3)nc2)cc1,6.775,CHEMBL95156,IC50,1
CS(=O)(=O)c1ccc(-c2cc(Cl)cnc2-c2ccccn2)cc1,6.205,CHEMBL94939,IC50,0
CS(=O)(=O)c1ccc(-c2cc(Cl)cnc2-c2cccnc2)cc1,6.76,CHEMBL94938,IC50,1
CS(=O)(=O)c1ccc(-c2cc(Cl)cnc2-c2ccncc2)cc1,6.08,CHEMBL92793,IC50,0
CS(=O)(=O)c1ccc(-c2cc(F)c(F)cc2-c2ccc(F)c(Cl)c2)cc1,8.0,CHEMBL52760,IC50,1
CS(=O)(=O)c1ccc(-c2cc(F)c(F)cc2-c2ccc(F)cc2)cc1,7.85,CHEMBL442164,IC50,1
CS(=O)(=O)c1ccc(-c2cc(F)c(F)cc2-c2ccc3c(c2)OCCO3)cc1,6.47,CHEMBL54746,IC50,0
CS(=O)(=O)c1ccc(-c2cc(F)c(F)cc2-c2ccc3c(c2)OCO3)cc1,7.92,CHEMBL416126,IC50,1
CS(=O)(=O)c1ccc(-c2cc(N)sc2-c2ccc(F)cc2)cc1,5.52,CHEMBL553088,IC50,0
CS(=O)(=O)c1ccc(-c2cc(Sc3ccccc3)sc2-c2ccc(F)cc2)cc1,4.18,CHEMBL316786,IC50,0
CS(=O)(=O)c1ccc(-c2cc([N+](=O)[O-])ccc2-c2ccccc2)cc1,4.42,CHEMBL171299,IC50,0
CS(=O)(=O)c1ccc(-c2cc([N+](=O)[O-])sc2-c2ccc(F)cc2)cc1,4.85,CHEMBL317606,IC50,0
CS(=O)(=O)c1ccc(-c2cc3c(cc2-c2ccc(F)cc2)COC3)cc1,7.08,CHEMBL110418,IC50,1
CS(=O)(=O)c1ccc(-c2cc3c(cc2-c2ccc(F)cc2)OCO3)cc1,7.08,CHEMBL298729,IC50,1
CS(=O)(=O)c1ccc(-c2cc3c(cc2C(=O)c2cccc(F)c2)OCO3)cc1,6.0,CHEMBL153767,IC50,0
CS(=O)(=O)c1ccc(-c2cc3c(cc2C=C2CCCCC2)OCO3)cc1,7.16,CHEMBL347720,IC50,1
CS(=O)(=O)c1ccc(-c2cc3c(cc2C=C2CCCCCC2)OCO3)cc1,6.7,CHEMBL357315,IC50,1
CS(=O)(=O)c1ccc(-c2cc3c(cc2Cc2ccccc2)OCO3)cc1,5.0,CHEMBL358246,IC50,0
CS(=O)(=O)c1ccc(-c2cc3ccccc3cc2-c2ccccc2)cc1,4.39,CHEMBL171417,IC50,0
CS(=O)(=O)c1ccc(-c2ccc(Cl)c(Cl)c2-c2ccc(F)cc2)cc1,6.62,CHEMBL184145,IC50,1
CS(=O)(=O)c1ccc(-c2ccc(F)c(F)c2-c2ccc(F)c(Cl)c2)cc1,8.0,CHEMBL185420,IC50,1
CS(=O)(=O)c1ccc(-c2ccc(F)c(F)c2-c2ccc(F)cc2)cc1,7.85,CHEMBL183088,IC50,1
CS(=O)(=O)c1ccc(-c2ccc(F)c(F)c2-c2ccc3c(c2)OCCO3)cc1,6.47,CHEMBL365890,IC50,0
CS(=O)(=O)c1ccc(-c2ccc(F)c(F)c2-c2ccc3c(c2)OCO3)cc1,7.92,CHEMBL183515,IC50,1
CS(=O)(=O)c1ccc(-c2ccc([N+](=O)[O-])cc2-c2ccccc2)cc1,4.36,CHEMBL170180,IC50,0
CS(=O)(=O)c1ccc(-c2ccc3c(c2-c2ccc(F)cc2)OCO3)cc1,7.08,CHEMBL365060,IC50,1
CS(=O)(=O)c1ccc(-c2ccccc2-c2ccc(Cl)cc2)cc1,6.849999999999999,CHEMBL55188,IC50,1
CS(=O)(=O)c1ccc(-c2ccccc2-c2ccc(F)c(Cl)c2)cc1,6.44,CHEMBL52454,IC50,0
CS(=O)(=O)c1ccc(-c2ccccc2-c2ccc(F)cc2)cc1,6.583333333333333,CHEMBL291912,IC50,1
CS(=O)(=O)c1ccc(-c2ccccc2-c2ccc3ccccc3n2)cc1,4.24,CHEMBL170780,IC50,0
CS(=O)(=O)c1ccc(-c2ccccc2-c2ccccc2)cc1,4.96,CHEMBL101503,IC50,0
CS(=O)(=O)c1ccc(-c2ccccc2-c2cccnc2)cc1,4.06,CHEMBL353688,IC50,0
CS(=O)(=O)c1ccc(-c2ccccc2C2=CCCCC2)cc1,4.48,CHEMBL173283,IC50,0
CS(=O)(=O)c1ccc(-c2ccccc2C2CCCCC2)cc1,4.51,CHEMBL171471,IC50,0
CS(=O)(=O)c1ccc(-c2ccccc2N2CCCCC2)cc1,4.85,CHEMBL171147,IC50,0
CS(=O)(=O)c1ccc(-c2ccccc2Oc2ccccc2)cc1,4.48,CHEMBL172364,IC50,0
CS(=O)(=O)c1ccc(-c2cccn2-c2ccc(F)cc2)cc1,4.99,CHEMBL43210,IC50,0
CS(=O)(=O)c1ccc(-c2cccnc2-c2ccccc2)cc1,5.576666666666667,CHEMBL96842,IC50,0
CS(=O)(=O)c1ccc(-c2cccnc2-c2cccnc2)cc1,6.21,CHEMBL329419,IC50,0
CS(=O)(=O)c1ccc(-c2ccsc2-c2ccc(F)cc2)cc1,5.85,CHEMBL305060,IC50,0
CS(=O)(=O)c1ccc(-c2ccsc2-c2ccc(O)cc2)cc1,4.07,CHEMBL99167,IC50,0
CS(=O)(=O)c1ccc(-c2ccsc2-c2ccccc2)cc1,5.4,CHEMBL100250,IC50,0
CS(=O)(=O)c1ccc(-c2cnc(Br)n2-c2ccc(F)cc2)cc1,7.32,CHEMBL324093,IC50,1
CS(=O)(=O)c1ccc(-c2cnc(C#N)n2-c2ccc(F)cc2)cc1,7.29,CHEMBL117146,IC50,1
CS(=O)(=O)c1ccc(-c2cnc(C(=O)c3ccccc3)n2-c2ccc(F)cc2)cc1,7.52,CHEMBL331278,IC50,1
CS(=O)(=O)c1ccc(-c2cnc(Cl)n2-c2ccc(F)cc2)cc1,7.85,CHEMBL114783,IC50,1
CS(=O)(=O)c1ccc(-c2cnn(-c3ccccc3)c(=O)c2-c2ccccc2)cc1,6.215,CHEMBL350039,IC50,0
CS(=O)(=O)c1ccc(-c2cnn(C3CC3)c(=O)c2-c2ccc(F)cc2)cc1,6.96,CHEMBL347147,IC50,1
CS(=O)(=O)c1ccc(-c2cnn(CC(F)(F)F)c(=O)c2-c2ccccc2)cc1,5.63,CHEMBL346743,IC50,0
CS(=O)(=O)c1ccc(-c2cnn(CC3CC3)c(=O)c2-c2ccc(F)cc2)cc1,6.234999999999999,CHEMBL157016,IC50,0
CS(=O)(=O)c1ccc(-c2cnn(CC3CC3)c(=O)c2-c2ccccc2)cc1,6.525,CHEMBL153829,IC50,1
CS(=O)(=O)c1ccc(-c2cnn(CC3CCCCC3)c(=O)c2-c2ccc(F)cc2)cc1,6.895,CHEMBL158148,IC50,1
CS(=O)(=O)c1ccc(-c2cnn(CCC3CC3)c(=O)c2-c2ccc(F)cc2)cc1,6.12,CHEMBL155781,IC50,0
CS(=O)(=O)c1ccc(-c2cnn(Cc3ccccc3)c(=O)c2-c2ccccc2)cc1,6.785,CHEMBL155994,IC50,1
CS(=O)(=O)c1ccc(-c2cnn(Cc3ccccc3)c(=O)c2OCC2CC2)cc1,7.48,CHEMBL155898,IC50,1
CS(=O)(=O)c1ccc(-c2cnn(Cc3ccccc3)c(=O)c2Oc2ccc(Cl)cn2)cc1,6.3149999999999995,CHEMBL347842,IC50,0
CS(=O)(=O)c1ccc(-c2cnn(Cc3ccccc3)c(=O)c2Oc2ccc(F)cc2)cc1,7.375,CHEMBL157730,IC50,1
CS(=O)(=O)c1ccc(-c2cnn(Cc3ccccc3)c(=O)c2Sc2ccccc2)cc1,5.83,CHEMBL155206,IC50,0
CS(=O)(=O)c1ccc(-c2cnn(Cc3cccnc3)c(=O)c2-c2ccccc2)cc1,5.52,CHEMBL154422,IC50,0
CS(=O)(=O)c1ccc(-c2cnn(Cc3cccs3)c(=O)c2-c2ccc(F)cc2)cc1,7.3,CHEMBL349564,IC50,1
CS(=O)(=O)c1ccc(-c2cnn(Cc3nccs3)c(=O)c2-c2ccc(F)cc2)cc1,5.725,CHEMBL157720,IC50,0
CS(=O)(=O)c1ccc(-c2cnsc2-c2ccc(F)cc2)cc1,5.68,CHEMBL366807,IC50,0
CS(=O)(=O)c1ccc(-c2coc(=O)n2-c2ccc(C(F)(F)F)cc2)cc1,5.7,CHEMBL307233,IC50,0
CS(=O)(=O)c1ccc(-c2coc(=O)n2-c2ccc(Cl)cc2)cc1,6.5,CHEMBL69667,IC50,1
CS(=O)(=O)c1ccc(-c2coc(=O)n2-c2ccc(F)cc2)cc1,6.29,CHEMBL302771,IC50,0
CS(=O)(=O)c1ccc(-c2coc(=O)n2-c2ccc(F)cc2F)cc1,5.87,CHEMBL307766,IC50,0
CS(=O)(=O)c1ccc(-c2coc(=O)n2-c2ccccc2)cc1,5.8,CHEMBL71022,IC50,0
CS(=O)(=O)c1ccc(-c2coc(=O)n2-c2ccccc2F)cc1,6.18,CHEMBL70158,IC50,0
CS(=O)(=O)c1ccc(-c2csc(Br)c2-c2ccc(F)cc2)cc1,7.67,CHEMBL328837,IC50,1
CS(=O)(=O)c1ccc(-c2cscc2-c2ccc(F)cc2)cc1,6.176666666666667,CHEMBL319306,IC50,0
CS(=O)(=O)c1ccc(-c2cscc2-c2ccccc2)cc1,5.4,CHEMBL100156,IC50,0
CS(=O)(=O)c1ccc(-c2nc(-c3ccccc3)sc2-c2ccc(F)cc2)cc1,6.27,CHEMBL280496,IC50,0
CS(=O)(=O)c1ccc(-c2nc(=O)cc(NCc3ccccc3)[nH]2)cc1,7.31,CHEMBL269832,IC50,1
CS(=O)(=O)c1ccc(-c2nc(=O)cc(NCc3cccs3)[nH]2)cc1,7.1,CHEMBL272393,IC50,1
CS(=O)(=O)c1ccc(-c2nc(C(F)(F)F)cn2-c2ccc(F)cc2)cc1,5.23,CHEMBL417894,IC50,0
CS(=O)(=O)c1ccc(-c2nc(C(F)(F)F)cn2-c2ccc(S(C)(=O)=O)cc2)cc1,5.24,CHEMBL296515,IC50,0
CS(=O)(=O)c1ccc(-c2nc(C(F)(F)F)sc2-c2ccc(F)cc2)cc1,8.22,CHEMBL17047,IC50,1
CS(=O)(=O)c1ccc(-c2nc(Cl)cc(NCc3ccc(F)cc3)n2)cc1,7.47,CHEMBL257677,IC50,1
CS(=O)(=O)c1ccc(-c2nc(Cl)cc(NCc3ccccc3)n2)cc1,7.96,CHEMBL270305,IC50,1
CS(=O)(=O)c1ccc(-c2nc(Cl)cc(NCc3cccs3)n2)cc1,8.41,CHEMBL270078,IC50,1
CS(=O)(=O)c1ccc(-c2nc(NC3CCCC3)cc(C(F)(F)F)n2)cc1,6.52,CHEMBL257103,IC50,1
CS(=O)(=O)c1ccc(-c2nc(NC3CCCCC3)cc(C(F)(F)F)n2)cc1,6.609999999999999,CHEMBL257295,IC50,1
CS(=O)(=O)c1ccc(-c2nc(NCC3CC=CCC3)cc(C(F)(F)F)n2)cc1,7.425000000000001,CHEMBL257054,IC50,1
CS(=O)(=O)c1ccc(-c2nc(NCC3CCCCC3)cc(C(F)(F)F)n2)cc1,5.83,CHEMBL270111,IC50,0
CS(=O)(=O)c1ccc(-c2nc(NCCc3cccs3)cc(C(F)(F)F)n2)cc1,5.92,CHEMBL408442,IC50,0
CS(=O)(=O)c1ccc(-c2nc(NCc3cc(F)cc(F)c3)cc(C(F)(F)F)n2)cc1,6.52,CHEMBL259678,IC50,1
CS(=O)(=O)c1ccc(-c2nc(NCc3cc4ccccc4s3)cc(C(F)(F)F)n2)cc1,7.380000000000001,CHEMBL273118,IC50,1
CS(=O)(=O)c1ccc(-c2nc(NCc3ccc(C(F)(F)F)cc3)cc(C(F)(F)F)n2)cc1,5.72,CHEMBL259469,IC50,0
CS(=O)(=O)c1ccc(-c2nc(NCc3ccc(Cl)s3)cc(C(F)(F)F)n2)cc1,8.27,CHEMBL403957,IC50,1
CS(=O)(=O)c1ccc(-c2nc(NCc3ccc(F)cc3)cc(C(F)(F)F)n2)cc1,7.11,CHEMBL405841,IC50,1
CS(=O)(=O)c1ccc(-c2nc(NCc3ccc(N)cc3)cc(C(F)(F)F)n2)cc1,6.67,CHEMBL403827,IC50,1
CS(=O)(=O)c1ccc(-c2nc(NCc3ccc(O)cc3)cc(C(F)(F)F)n2)cc1,6.2,CHEMBL257300,IC50,0
CS(=O)(=O)c1ccc(-c2nc(NCc3ccccc3)cc(C(F)(F)F)n2)cc1,7.0,CHEMBL271339,IC50,1
CS(=O)(=O)c1ccc(-c2nc(NCc3ccco3)cc(C(F)(F)F)n2)cc1,6.775,CHEMBL271551,IC50,1
CS(=O)(=O)c1ccc(-c2nc(NCc3cccs3)cc(C(F)(F)F)n2)cc1,8.165,CHEMBL271338,IC50,1
CS(=O)(=O)c1ccc(-c2nc(NCc3cccs3)cc(OC3CCCC3)n2)cc1,8.12,CHEMBL271348,IC50,1
CS(=O)(=O)c1ccc(-c2nc(NCc3ccncc3)cc(C(F)(F)F)n2)cc1,6.03,CHEMBL271763,IC50,0
CS(=O)(=O)c1ccc(-c2nc(NCc3ccsc3)cc(C(F)(F)F)n2)cc1,7.54,CHEMBL272627,IC50,1
CS(=O)(=O)c1ccc(-c2nc(NCc3csc4ccccc34)cc(C(F)(F)F)n2)cc1,5.0,CHEMBL407951,IC50,0
CS(=O)(=O)c1ccc(-c2nc(NCc3nccs3)cc(C(F)(F)F)n2)cc1,6.71,CHEMBL405123,IC50,1
CS(=O)(=O)c1ccc(-c2nc(SCc3ccccc3)cc(C(F)(F)F)n2)cc1,6.28,CHEMBL270723,IC50,0
CS(=O)(=O)c1ccc(-c2nc(SCc3cccs3)cc(C(F)(F)F)n2)cc1,8.39,CHEMBL270294,IC50,1
CS(=O)(=O)c1ccc(-c2nc3sccn3c2-c2ccccc2)cc1,5.49,CHEMBL150006,IC50,0
CS(=O)(=O)c1ccc(-c2nccc(NCc3cccs3)n2)cc1,8.04,CHEMBL405564,IC50,1
CS(=O)(=O)c1ccc(-c2nn(CC(=O)Nc3ccccc3)c(C(F)(F)F)c2-c2ccc(F)cc2)cc1,6.32,CHEMBL67721,IC50,0
CS(=O)(=O)c1ccc(-c2nn(CCc3ccccc3)c(C(F)(F)F)c2-c2ccc(F)cc2)cc1,7.35,CHEMBL67659,IC50,1
CS(=O)(=O)c1ccc(-c2nn(CCc3ccccc3)cc2-c2ccc(F)cc2)cc1,6.28,CHEMBL67519,IC50,0
CS(=O)(=O)c1ccc(-c2nn3cccnc3c2-c2ccc(F)cc2)cc1,5.38,CHEMBL330976,IC50,0
CS(=O)(=O)c1ccc(-c2noc(C(F)(F)F)c2-c2ccccc2)cc1,6.0,CHEMBL97943,IC50,0
CS(=O)(=O)c1ccc(-c2oc3ccccc3c2-c2ccc(F)cc2)cc1,7.7,CHEMBL76376,IC50,1
CS(=O)(=O)c1ccc(-c2occ(Cl)c(=O)c2-c2ccc(-c3ccccc3)c(F)c2)cc1,4.06,CHEMBL308692,IC50,0
CS(=O)(=O)c1ccc(-c2sc(-c3ccc(Cl)cc3)nc2-c2ccc(F)cc2)cc1,7.3,CHEMBL277116,IC50,1
CS(=O)(=O)c1ccc(-c2sc(-c3ccccc3Cl)nc2-c2ccc(F)cc2)cc1,7.3,CHEMBL277115,IC50,1
CS(=O)(=O)c1ccc(-c2sc(-c3ccccc3Cl)nc2-c2ccc(F)cc2F)cc1,7.68,CHEMBL17043,IC50,1
CS(=O)(=O)c1ccc(-c2sc(-c3ccccc3Cl)nc2-c2cccc(F)c2)cc1,7.8,CHEMBL279752,IC50,1
CS(=O)(=O)c1ccc(-c2sc(-c3ccccc3Cl)nc2-c2ccccc2)cc1,8.0,CHEMBL443993,IC50,1
CS(=O)(=O)c1ccc(-c2sc(-c3ccccc3Cl)nc2-c2ccccc2F)cc1,8.0,CHEMBL279552,IC50,1
CS(=O)(=O)c1ccc(-c2sc(-c3ccccc3Cl)nc2-c2cccs2)cc1,7.24,CHEMBL17069,IC50,1
CS(=O)(=O)c1ccc(-c2sc(-c3ccccc3Cl)nc2-c2ccsc2)cc1,7.1,CHEMBL17179,IC50,1
CS(=O)(=O)c1ccc(-c2sc(-c3cccnc3)nc2-c2ccc(F)cc2)cc1,6.37,CHEMBL275843,IC50,0
CS(=O)(=O)c1ccc(-c2sc(-c3cccs3)nc2-c2ccc(F)cc2)cc1,7.68,CHEMBL16689,IC50,1
CS(=O)(=O)c1ccc(-c2sc(-c3ccncc3)nc2-c2ccc(F)cc2)cc1,5.8,CHEMBL16952,IC50,0
CS(=O)(=O)c1ccc(-c2sc(Br)cc2-c2ccc(F)cc2)cc1,7.7,CHEMBL65155,IC50,1
CS(=O)(=O)c1ccc(-c2sc(C(F)(F)F)nc2-c2ccc(F)cc2)cc1,7.64,CHEMBL265585,IC50,1
CS(=O)(=O)c1ccc(-c2sc(CC#N)nc2-c2ccc(F)cc2)cc1,6.46,CHEMBL417266,IC50,0
CS(=O)(=O)c1ccc(-c2sc(CCCc3ccc(Br)cc3)nc2-c2ccc(F)cc2)cc1,8.15,CHEMBL16516,IC50,1
CS(=O)(=O)c1ccc(-c2sc(CCCc3ccccc3)nc2-c2ccc(F)cc2)cc1,6.28,CHEMBL16797,IC50,0
CS(=O)(=O)c1ccc(-c2sc(CCc3ccccc3)nc2-c2ccc(F)cc2)cc1,7.5,CHEMBL277385,IC50,1
CS(=O)(=O)c1ccc(-c2sc(Cc3ccccc3)nc2-c2ccc(F)cc2)cc1,7.75,CHEMBL17276,IC50,1
CS(=O)(=O)c1ccc(-c2sc3nc(C(F)(F)F)nn3c2-c2cccc(F)c2)cc1,7.89,CHEMBL155927,IC50,1
CS(=O)(=O)c1ccc(-c2sc3nc(C(F)(F)F)nn3c2-c2ccccc2)cc1,8.52,CHEMBL156482,IC50,1
CS(=O)(=O)c1ccc(-c2sc3ncnn3c2-c2cc(F)cc(F)c2)cc1,7.1,CHEMBL155980,IC50,1
CS(=O)(=O)c1ccc(-c2sc3ncnn3c2-c2ccc(F)c(F)c2)cc1,7.32,CHEMBL348645,IC50,1
CS(=O)(=O)c1ccc(-c2sc3ncnn3c2-c2ccc(F)cc2)cc1,7.44,CHEMBL156493,IC50,1
CS(=O)(=O)c1ccc(-c2sc3ncnn3c2-c2cccc(F)c2)cc1,6.52,CHEMBL157820,IC50,1
CS(=O)(=O)c1ccc(-c2sc3ncnn3c2-c2ccccc2)cc1,6.82,CHEMBL158316,IC50,1
CS(=O)(=O)c1ccc(-c2sc3nncn3c2-c2ccccc2)cc1,6.35,CHEMBL346288,IC50,0
CS(=O)(=O)c1ccc(-c2sccc2-c2ccc(F)cc2)cc1,5.37,CHEMBL66445,IC50,0
CS(=O)(=O)c1ccc(-c2sncc2-c2ccc(F)cc2)cc1,5.29,CHEMBL171646,IC50,0
CS(=O)(=O)c1ccc(-c2snnc2-c2ccc(F)cc2)cc1,5.19,CHEMBL368409,IC50,0
CS(=O)(=O)c1ccc(-n2cc(-c3ccccc3)nc2-c2ccc(Cl)cc2)cc1,6.62,CHEMBL298296,IC50,1
CS(=O)(=O)c1ccc(-n2cc(C#N)nc2-c2ccc(Cl)cc2)cc1,6.64,CHEMBL415895,IC50,1
CS(=O)(=O)c1ccc(-n2cc(C#N)nc2-c2cccnc2)cc1,4.61,CHEMBL320318,IC50,0
CS(=O)(=O)c1ccc(-n2cc(C(F)(F)F)nc2-c2cc(Br)cs2)cc1,7.585,CHEMBL110382,IC50,1
CS(=O)(=O)c1ccc(-n2cc(C(F)(F)F)nc2-c2cc(Cl)cc(Cl)c2)cc1,6.77,CHEMBL45090,IC50,1
CS(=O)(=O)c1ccc(-n2cc(C(F)(F)F)nc2-c2cc3ccccc3cn2)cc1,5.92,CHEMBL108978,IC50,0
CS(=O)(=O)c1ccc(-n2cc(C(F)(F)F)nc2-c2ccc(Cl)cc2)cc1,6.96,CHEMBL44516,IC50,1
CS(=O)(=O)c1ccc(-n2cc(C(F)(F)F)nc2-c2ccc(F)c(F)c2)cc1,6.92,CHEMBL42595,IC50,1
CS(=O)(=O)c1ccc(-n2cc(C(F)(F)F)nc2-c2ccc(F)cc2)cc1,7.0,CHEMBL432112,IC50,1
CS(=O)(=O)c1ccc(-n2cc(C(F)(F)F)nc2-c2ccc3c(c2)OCO3)cc1,6.66,CHEMBL296447,IC50,1
CS(=O)(=O)c1ccc(-n2cc(C(F)(F)F)nc2-c2cccc(Br)c2)cc1,7.1,CHEMBL43616,IC50,1
CS(=O)(=O)c1ccc(-n2cc(C(F)(F)F)nc2-c2cccc(C(F)(F)F)c2)cc1,6.68,CHEMBL42094,IC50,1
CS(=O)(=O)c1ccc(-n2cc(C(F)(F)F)nc2-c2cccc(Cl)c2)cc1,7.22,CHEMBL42175,IC50,1
CS(=O)(=O)c1ccc(-n2cc(C(F)(F)F)nc2-c2cccc(F)c2)cc1,6.92,CHEMBL43282,IC50,1
CS(=O)(=O)c1ccc(-n2cc(C(F)(F)F)nc2-c2cccc(N)c2)cc1,5.23,CHEMBL44924,IC50,0
CS(=O)(=O)c1ccc(-n2cc(C(F)(F)F)nc2-c2cccc([N+](=O)[O-])c2)cc1,6.24,CHEMBL42549,IC50,0
CS(=O)(=O)c1ccc(-n2cc(C(F)(F)F)nc2-c2cccc3c2OCO3)cc1,6.33,CHEMBL320790,IC50,0
CS(=O)(=O)c1ccc(-n2cc(C(F)(F)F)nc2-c2ccccc2)cc1,6.91,CHEMBL42225,IC50,1
CS(=O)(=O)c1ccc(-n2cc(C(F)(F)F)nc2-c2ccccc2Cl)cc1,6.05,CHEMBL289169,IC50,0
CS(=O)(=O)c1ccc(-n2cc(C(F)(F)F)nc2-c2ccccc2F)cc1,6.4,CHEMBL43645,IC50,0
CS(=O)(=O)c1ccc(-n2cc(C(F)(F)F)nc2-c2ccccn2)cc1,5.82,CHEMBL107600,IC50,0
CS(=O)(=O)c1ccc(-n2cc(C(F)(F)F)nc2-c2cccnc2)cc1,5.77,CHEMBL325755,IC50,0
CS(=O)(=O)c1ccc(-n2cc(C(F)(F)F)nc2-c2cccs2)cc1,6.33,CHEMBL421417,IC50,0
CS(=O)(=O)c1ccc(-n2cc(C(F)(F)F)nc2-c2ccsc2)cc1,4.29,CHEMBL321898,IC50,0
CS(=O)(=O)c1ccc(-n2cc(C(F)(F)F)nc2-c2cnc3ccccc3c2)cc1,6.2,CHEMBL110446,IC50,0
CS(=O)(=O)c1ccc(-n2cc(C(F)(F)F)nc2-c2cncc(Br)c2)cc1,6.02,CHEMBL320330,IC50,0
CS(=O)(=O)c1ccc(-n2cc(C(F)(F)F)nc2-c2nccc3ccccc23)cc1,5.77,CHEMBL106192,IC50,0
CS(=O)(=O)c1ccc(-n2cc(C(F)F)nc2-c2ccc(Cl)cc2)cc1,6.21,CHEMBL46636,IC50,0
CS(=O)(=O)c1ccc(-n2cc(C(F)F)nc2-c2cccnc2)cc1,4.68,CHEMBL322720,IC50,0
CS(=O)(=O)c1ccc(-n2cc(C=O)nc2-c2ccc(Cl)cc2)cc1,5.8,CHEMBL414162,IC50,0
CS(=O)(=O)c1ccc(-n2cc(CC#N)nc2-c2ccc(Cl)cc2)cc1,5.81,CHEMBL43090,IC50,0
CS(=O)(=O)c1ccc(-n2cc(CF)nc2-c2ccc(Cl)cc2)cc1,6.39,CHEMBL43265,IC50,0
CS(=O)(=O)c1ccc(-n2cc(CO)nc2-c2ccc(Cl)cc2)cc1,5.08,CHEMBL45383,IC50,0
CS(=O)(=O)c1ccc(-n2cc(COc3ccc(Cl)cc3)nc2-c2ccc(Cl)cc2)cc1,7.52,CHEMBL441236,IC50,1
CS(=O)(=O)c1ccc(-n2cc(CSc3ccc(Cl)cc3)nc2-c2ccc(Cl)cc2)cc1,7.3,CHEMBL298084,IC50,1
CS(=O)(=O)c1ccc(-n2cccc2-c2ccc(F)cc2)cc1,6.29,CHEMBL43957,IC50,0
CS(=O)(=O)c1ccc(-n2cnc(Br)c2-c2ccc(F)cc2)cc1,7.44,CHEMBL326577,IC50,1
CS(=O)(=O)c1ccc(-n2cnc(Cl)c2-c2cc(F)cc(F)c2)cc1,7.12,CHEMBL324580,IC50,1
CS(=O)(=O)c1ccc(-n2cnc(Cl)c2-c2ccc(Cl)cc2)cc1,7.75,CHEMBL325437,IC50,1
CS(=O)(=O)c1ccc(-n2cnc(Cl)c2-c2ccc(F)cc2)cc1,7.85,CHEMBL418859,IC50,1
CS(=O)(=O)c1ccc(-n2cnc(Cl)c2-c2ccc(F)cc2F)cc1,8.15,CHEMBL115752,IC50,1
CS(=O)(=O)c1ccc(-n2cnc(Cl)c2-c2ccc(N)cc2)cc1,6.73,CHEMBL117708,IC50,1
CS(=O)(=O)c1ccc(-n2cnc(Cl)c2-c2ccc(OC(F)(F)F)cc2)cc1,5.0,CHEMBL324472,IC50,0
CS(=O)(=O)c1ccc(-n2cnc(Cl)c2-c2ccc(OCC(CO[N+](=O)[O-])O[N+](=O)[O-])c(F)c2)cc1,4.12,CHEMBL373867,IC50,0
CS(=O)(=O)c1ccc(-n2cnc(Cl)c2-c2ccc(OCCCO[N+](=O)[O-])c(F)c2)cc1,4.85,CHEMBL373819,IC50,0
CS(=O)(=O)c1ccc(-n2cnc(Cl)c2-c2ccc(OCCO)c(F)c2)cc1,4.25,CHEMBL219893,IC50,0
CS(=O)(=O)c1ccc(-n2cnc(Cl)c2-c2ccc(OCCO[N+](=O)[O-])c(F)c2)cc1,5.16,CHEMBL223619,IC50,0
CS(=O)(=O)c1ccc(-n2cnc(Cl)c2-c2ccc3c(c2)CCO3)cc1,8.05,CHEMBL325894,IC50,1
CS(=O)(=O)c1ccc(-n2cnc(Cl)c2-c2ccc3c(c2)OCO3)cc1,8.22,CHEMBL326335,IC50,1
CS(=O)(=O)c1ccc(-n2cnc(Cl)c2-c2cccc(Cl)c2Cl)cc1,8.22,CHEMBL324826,IC50,1
CS(=O)(=O)c1ccc(-n2cnc(Cl)c2-c2cccc(F)c2)cc1,7.19,CHEMBL119852,IC50,1
CS(=O)(=O)c1ccc(-n2cnc(Cl)c2-c2ccccc2)cc1,6.91,CHEMBL331135,IC50,1
CS(=O)(=O)c1ccc(-n2cnc(Cl)c2-c2ccccc2F)cc1,7.55,CHEMBL117650,IC50,1
CS(=O)(=O)c1ccc(-n2cnc(Cl)c2-c2ccncc2)cc1,5.0,CHEMBL116365,IC50,0
CS(=O)(=O)c1ccc(-n2cnc(Cl)c2-c2cnccc2Cl)cc1,7.37,CHEMBL116252,IC50,1
CS(=O)(=O)c1ccc(-n2nc(C(F)(F)F)cc2-c2ccc(F)cc2)cc1,6.912000000000001,CHEMBL274990,IC50,1
CS(=O)(=O)c1ccc(-n2nc(CO)cc2-c2ccccc2)cc1,5.0,CHEMBL166156,IC50,0
CS(=O)(=O)c1ccc(-n2nc(COc3cc(F)cc(C#N)c3)cc2-c2ccccc2)cc1,6.24,CHEMBL376711,IC50,0
CS(=O)(=O)c1ccc(-n2nc(COc3ccc4c(c3)OCO4)cc2-c2ccccc2)cc1,6.35,CHEMBL225463,IC50,0
CS(=O)(=O)c1ccc(-n2nc(COc3cccc(N4CCOCC4)c3)cc2-c2ccccc2)cc1,6.04,CHEMBL373514,IC50,0
CS(=O)(=O)c1ccc(-n2nc(COc3cccc([N+](=O)[O-])c3)cc2-c2ccccc2)cc1,6.13,CHEMBL222531,IC50,0
CS(=O)(=O)c1ccc(C2=C(C#Cc3ccccc3)C(=O)CC2)cc1,7.205,CHEMBL278336,IC50,1
CS(=O)(=O)c1ccc(C2=C(C=Cc3ccc(F)cc3)C(=O)CC2)cc1,6.529999999999999,CHEMBL23556,IC50,1
CS(=O)(=O)c1ccc(C2=C(Oc3cc(F)cc(F)c3)C(=O)CC2)cc1,6.865,CHEMBL23610,IC50,1
CS(=O)(=O)c1ccc(C2=C(Oc3ccccc3)C(=O)CC2)cc1,6.984999999999999,CHEMBL23649,IC50,1
CS(=O)(=O)c1ccc(C2=C(c3cc(Br)ccn3)C(=O)CC2)cc1,6.265000000000001,CHEMBL282242,IC50,0
CS(=O)(=O)c1ccc(C2=C(c3cc(Cl)c(Cl)c(Cl)c3)C(=O)CC2)cc1,7.125,CHEMBL278392,IC50,1
CS(=O)(=O)c1ccc(C2=C(c3cc(Cl)cc(Cl)c3)C(=O)CC2)cc1,7.199999999999999,CHEMBL282924,IC50,1
CS(=O)(=O)c1ccc(C2=C(c3cc(Cl)ccn3)C(=O)CC2)cc1,6.5,CHEMBL428710,IC50,1
CS(=O)(=O)c1ccc(C2=C(c3cc(F)cc(F)c3)C(=O)CC2)cc1,7.015000000000001,CHEMBL24009,IC50,1
CS(=O)(=O)c1ccc(C2=C(c3cc4ccccc4s3)C(=O)CC2)cc1,7.475,CHEMBL23378,IC50,1
CS(=O)(=O)c1ccc(C2=C(c3ccc(C#N)cc3)CCC2)cc1,4.11,CHEMBL338105,IC50,0
CS(=O)(=O)c1ccc(C2=C(c3ccc(C(F)(F)F)c(F)c3)CCC2)cc1,6.12,CHEMBL323732,IC50,0
CS(=O)(=O)c1ccc(C2=C(c3ccc(C(F)(F)F)cc3)CC3(CC3)C2)cc1,8.7,CHEMBL329999,IC50,1
CS(=O)(=O)c1ccc(C2=C(c3ccc(C(F)(F)F)cc3)CCC2)cc1,6.06,CHEMBL109030,IC50,0
CS(=O)(=O)c1ccc(C2=C(c3ccc(CO)cc3)CCC2)cc1,5.495,CHEMBL109578,IC50,0
CS(=O)(=O)c1ccc(C2=C(c3ccc(Cl)c(Cl)c3)CC3(CC3)C2)cc1,8.52,CHEMBL558340,IC50,1
CS(=O)(=O)c1ccc(C2=C(c3ccc(Cl)c(Cl)c3)CCC2)cc1,8.0,CHEMBL111597,IC50,1
CS(=O)(=O)c1ccc(C2=C(c3ccc(Cl)c(F)c3)C(=O)CC2)cc1,7.32,CHEMBL23175,IC50,1
CS(=O)(=O)c1ccc(C2=C(c3ccc(Cl)cc3)CC3(CC3)C2)cc1,9.0,CHEMBL327384,IC50,1
CS(=O)(=O)c1ccc(C2=C(c3ccc(Cl)cc3)CCC2)cc1,8.52,CHEMBL340573,IC50,1
CS(=O)(=O)c1ccc(C2=C(c3ccc(Cl)cc3Cl)CC3(CC3)C2)cc1,7.48,CHEMBL91258,IC50,1
CS(=O)(=O)c1ccc(C2=C(c3ccc(Cl)cc3Cl)CCC2)cc1,7.28,CHEMBL108975,IC50,1
CS(=O)(=O)c1ccc(C2=C(c3ccc(F)c(Cl)c3)C(=O)CC2)cc1,7.550000000000001,CHEMBL23808,IC50,1
CS(=O)(=O)c1ccc(C2=C(c3ccc(F)c(Cl)c3)CC3(CC3)C2)cc1,8.15,CHEMBL88286,IC50,1
CS(=O)(=O)c1ccc(C2=C(c3ccc(F)c(Cl)c3)CCC2)cc1,7.52,CHEMBL322949,IC50,1
CS(=O)(=O)c1ccc(C2=C(c3ccc(F)c(F)c3)C(=O)CC2)cc1,7.265,CHEMBL279249,IC50,1
CS(=O)(=O)c1ccc(C2=C(c3ccc(F)c(F)c3)C(=O)N(c3ccccc3)C2)cc1,6.0,CHEMBL299765,IC50,0
CS(=O)(=O)c1ccc(C2=C(c3ccc(F)c(F)c3)C(=O)OC2)cc1,6.516,CHEMBL18264,IC50,1
CS(=O)(=O)c1ccc(C2=C(c3ccc(F)c(F)c3)CC3(CC3)C2)cc1,8.48,CHEMBL92107,IC50,1
CS(=O)(=O)c1ccc(C2=C(c3ccc(F)c(F)c3)CCC2)cc1,7.29,CHEMBL111657,IC50,1
CS(=O)(=O)c1ccc(C2=C(c3ccc(F)cc3)C(=O)CC2)cc1,7.41,CHEMBL22812,IC50,1
CS(=O)(=O)c1ccc(C2=C(c3ccc(F)cc3)C(=O)N(c3ccc(C(F)(F)F)cc3)C2)cc1,6.02,CHEMBL49011,IC50,0
CS(=O)(=O)c1ccc(C2=C(c3ccc(F)cc3)C(=O)N(c3ccccc3)C2)cc1,6.51,CHEMBL298356,IC50,1
CS(=O)(=O)c1ccc(C2=C(c3ccc(F)cc3)C(=O)N(c3ccccc3F)C2)cc1,6.5,CHEMBL300047,IC50,1
CS(=O)(=O)c1ccc(C2=C(c3ccc(F)cc3)C(=O)OC2)cc1,7.109999999999999,CHEMBL51434,IC50,1
CS(=O)(=O)c1ccc(C2=C(c3ccc(F)cc3)C3CCC2C3)cc1,4.52,CHEMBL355771,IC50,0
CS(=O)(=O)c1ccc(C2=C(c3ccc(F)cc3)CC(C(F)(F)F)(C(F)(F)F)C2)cc1,7.17,CHEMBL111045,IC50,1
CS(=O)(=O)c1ccc(C2=C(c3ccc(F)cc3)CC(CF)(CF)C2)cc1,7.29,CHEMBL322045,IC50,1
CS(=O)(=O)c1ccc(C2=C(c3ccc(F)cc3)CC3(CC3)C2)cc1,8.32,CHEMBL92154,IC50,1
CS(=O)(=O)c1ccc(C2=C(c3ccc(F)cc3)CC3(CCC3)C2)cc1,8.4,CHEMBL90447,IC50,1
CS(=O)(=O)c1ccc(C2=C(c3ccc(F)cc3)CC3(CCCC3)C2)cc1,7.21,CHEMBL327900,IC50,1
CS(=O)(=O)c1ccc(C2=C(c3ccc(F)cc3)CCC2)cc1,7.62,CHEMBL274893,IC50,1
CS(=O)(=O)c1ccc(C2=C(c3ccc(F)cc3)c3ccccc3C2)cc1,7.96,CHEMBL80047,IC50,1
CS(=O)(=O)c1ccc(C2=C(c3ccc(F)cc3F)CC3(CC3)C2)cc1,7.66,CHEMBL314297,IC50,1
CS(=O)(=O)c1ccc(C2=C(c3ccc(O)cc3)C(=O)OC2)cc1,5.32,CHEMBL313527,IC50,0
CS(=O)(=O)c1ccc(C2=C(c3ccc(OC(F)(F)F)cc3)CC3(CC3)C2)cc1,6.87,CHEMBL89263,IC50,1
CS(=O)(=O)c1ccc(C2=C(c3ccc4c(c3)OCO4)CC3(CC3)C2)cc1,8.6,CHEMBL88549,IC50,1
CS(=O)(=O)c1ccc(C2=C(c3ccc4c(c3)OCO4)CCC2)cc1,7.68,CHEMBL405623,IC50,1
CS(=O)(=O)c1ccc(C2=C(c3cccc(F)c3)C(=O)CC2)cc1,7.16,CHEMBL23245,IC50,1
CS(=O)(=O)c1ccc(C2=C(c3cccc(F)c3)C(=O)OC2)cc1,6.446666666666666,CHEMBL52285,IC50,0
CS(=O)(=O)c1ccc(C2=C(c3cccc(O)c3)C(=O)OC2)cc1,5.4,CHEMBL91923,IC50,0
CS(=O)(=O)c1ccc(C2=C(c3ccccc3)C(=O)C2)cc1,6.96,CHEMBL328003,IC50,1
CS(=O)(=O)c1ccc(C2=C(c3ccccc3)C(=O)C23CCCC3)cc1,7.92,CHEMBL90988,IC50,1
CS(=O)(=O)c1ccc(C2=C(c3ccccc3)C(=O)CC2)cc1,7.34,CHEMBL23170,IC50,1
CS(=O)(=O)c1ccc(C2=C(c3ccccc3)C(=O)N(c3ccc(C(F)(F)F)cc3)C2)cc1,6.01,CHEMBL297177,IC50,0
CS(=O)(=O)c1ccc(C2=C(c3ccccc3)C(=O)N(c3ccc(F)cc3)C2)cc1,6.46,CHEMBL48332,IC50,0
CS(=O)(=O)c1ccc(C2=C(c3ccccc3)C(=O)N(c3cccc(Cl)c3)C2)cc1,6.0,CHEMBL49114,IC50,0
CS(=O)(=O)c1ccc(C2=C(c3ccccc3)C(=O)N(c3ccccc3)C2)cc1,6.55,CHEMBL49775,IC50,1
CS(=O)(=O)c1ccc(C2=C(c3ccccc3)C(=O)N(c3ccccc3F)C2)cc1,6.05,CHEMBL298762,IC50,0
CS(=O)(=O)c1ccc(C2=C(c3ccccc3)C(=O)OC2)cc1,6.709069767441861,CHEMBL122,IC50,1
CS(=O)(=O)c1ccc(C2=C(c3ccccc3)C(=O)OC2O)cc1,5.06,CHEMBL1084,IC50,0
CS(=O)(=O)c1ccc(C2=C(c3ccccc3)CCC2)cc1,5.65,CHEMBL340458,IC50,0
CS(=O)(=O)c1ccc(C2=C(c3ccccc3O)C(=O)OC2)cc1,5.74,CHEMBL421381,IC50,0
CS(=O)(=O)c1ccc(C2=C(c3ccccn3)C(=O)CC2)cc1,5.415,CHEMBL23128,IC50,0
CS(=O)(=O)c1ccc(C2=C(c3cccnc3)C(=O)CC2)cc1,6.48,CHEMBL24429,IC50,0
CS(=O)(=O)c1ccc(C2=C(c3cncc(Br)c3)C(=O)CC2)cc1,6.145,CHEMBL24381,IC50,0
CS(=O)(=O)c1ccc(C2=C(c3cncc(Cl)c3)C(=O)CC2)cc1,6.4399999999999995,CHEMBL286490,IC50,0
CS(=O)(=O)c1ccc(C2=C3c4ccccc4CCC3OC2=O)cc1,6.25,CHEMBL44141,IC50,0
CS(=O)(=O)c1ccc(C2=CC3(C=C2c2ccc(F)cc2)CC3)cc1,8.09,CHEMBL89429,IC50,1
CS(=O)(=O)c1ccc(C2SCC(=O)N2c2ccc(F)cc2)cc1,6.92,CHEMBL249995,IC50,1
CS(=O)(=O)c1ccc(C2SCC(=O)N2c2ccccc2)cc1,6.7,CHEMBL399878,IC50,1
CS(=O)(=O)c1ccc2c(Sc3ccc(F)cc3)c(C#N)[nH]c2c1,5.82,CHEMBL433585,IC50,0
CS(=O)(=O)c1ccc2c(Sc3ccc(F)cc3)c(C(N)=O)[nH]c2c1,5.92,CHEMBL366121,IC50,0
CS(=O)(=O)c1ccc2c(Sc3ccc(F)cc3)c(CO)[nH]c2c1,5.805,CHEMBL184022,IC50,0
CS(=O)(=O)c1ccc2c(Sc3ccc(F)cc3F)c(C#N)[nH]c2c1,5.965,CHEMBL184764,IC50,0
CS(=O)(=O)c1ccc2c(Sc3ccc(F)cc3F)c(C(N)=O)[nH]c2c1,5.65,CHEMBL363741,IC50,0
CS(=O)(=O)c1ccc2c(Sc3ccccc3Cl)c(C#N)[nH]c2c1,6.5649999999999995,CHEMBL183294,IC50,1
CS(=O)(=O)c1cnn(-c2ccc(S(N)(=O)=O)cc2)c1-c1ccc(Cl)cc1,4.7,CHEMBL281001,IC50,0
CSC1=NC(=O)C(=Cc2cc(C(C)(C)C)c(O)c(C(C)(C)C)c2)S1,5.75,CHEMBL280226,IC50,0
CSCc1cn(-c2ccc(S(C)(=O)=O)cc2)c(-c2ccc(Cl)cc2)n1,6.495,CHEMBL43933,IC50,0
CSc1cc(-c2ccc(F)cc2)c(-c2ccc(S(C)(=O)=O)cc2)[nH]1,4.46,CHEMBL341298,IC50,0
CSc1cc(N)ccc1N=Nc1ccc(S(N)(=O)=O)cc1,5.69,CHEMBL17161,IC50,0
CSc1ccc(-c2c(-c3ccccc3)nc3sccn23)cc1,6.38,CHEMBL359143,IC50,0
CSc1ccc(-c2c(Cl)ncn2-c2ccc(S(C)(=O)=O)cc2)cc1,7.96,CHEMBL115410,IC50,1
CSc1ccc(-c2cc(C(F)(F)F)nn2-c2ccc(S(N)(=O)=O)c(CO)c2)cc1,6.63,CHEMBL357002,IC50,1
CSc1ccc(-c2cc(C(F)(F)F)nn2-c2ccc(S(N)(=O)=O)cc2)cc1,8.05,CHEMBL283178,IC50,1
CSc1ccc(-c2cc(C(F)(F)F)nn2-c2ccc(S(N)(=O)=O)cc2)cc1C,8.43,CHEMBL28913,IC50,1
CSc1ccc(-c2cc(C(F)(F)F)nn2-c2ccc(S(N)(=O)=O)cc2F)cc1,7.47,CHEMBL339798,IC50,1
CSc1ccc(-c2cscc2-c2ccc(S(C)(=O)=O)cc2)cc1,5.22,CHEMBL98489,IC50,0
CSc1ccc(-c2nc(C(F)(F)F)cn2-c2ccc(S(C)(=O)=O)cc2)cc1,6.8,CHEMBL45197,IC50,1
CSc1ccc(-c2nc(C(F)(F)F)cn2-c2ccc(S(C)(=O)=O)cc2)cc1Cl,7.4,CHEMBL42277,IC50,1
CSc1ccc(-c2nc(C(F)(F)F)cn2-c2ccc(S(N)(=O)=O)cc2)cc1Cl,8.0,CHEMBL42674,IC50,1
CSc1ccc(-c2nc3sccn3c2-c2ccccc2)cc1,5.3,CHEMBL148666,IC50,0
CSc1ccc(C2=C(c3ccc(S(C)(=O)=O)cc3)C(C)(O)OC2=O)cc1,6.14,CHEMBL277118,IC50,0
CSc1ccc(C2=C(c3ccc(S(C)(=O)=O)cc3)CCC2)cc1,6.66,CHEMBL111039,IC50,1
CSc1ccc(C2=C3c4cc(C)ccc4CCC3(O)OC2=O)cc1,6.17,CHEMBL288423,IC50,0
CSc1ccc(C2=C3c4cc(C)ccc4CCC3OC2=O)cc1,6.01,CHEMBL44142,IC50,0
CSc1ccc(C2=C3c4ccccc4CCC3(O)OC2=O)cc1,6.07,CHEMBL295640,IC50,0
CSc1ccc(C2=C3c4ccccc4CCC3OC2=O)cc1,6.08,CHEMBL42011,IC50,0
CSc1ccc(Oc2cc3c(cc2NS(C)(=O)=O)CCC3=O)cc1,7.0,CHEMBL145710,IC50,1
CSc1cccc(-c2nc(C(F)(F)F)cn2-c2ccc(S(C)(=O)=O)cc2)c1,6.46,CHEMBL416989,IC50,0
CSc1csc(Sc2cc3c(cc2NS(C)(=O)=O)COC3=O)n1,5.75,CHEMBL434014,IC50,0
CSc1nnc(-c2cc(C(C)(C)C)c(O)c(C(C)(C)C)c2)o1,5.39,CHEMBL274457,IC50,0
CSc1nnc(-c2cc(C(C)(C)C)c(O)c(C(C)(C)C)c2)s1,6.82,CHEMBL12532,IC50,1
CSc1nnc(-c2nc(C(C)(C)C)c(O)c(C(C)(C)C)n2)s1,5.85,CHEMBL275188,IC50,0
C[C@@H]1CN(c2c(C#N)c(C(F)F)nn2-c2ccc(S(C)(=O)=O)cn2)C[C@H](C)O1,7.55,CHEMBL200812,IC50,1
C[C@@H]1C[C@@H]2OC(=O)[C@]3(C)[C@H]2[C@@H](OC3(C)O)[C@]2(C)C(=O)C=CC12,4.75,CHEMBL490324,IC50,0
C[C@@H]1C[C@H]1Cn1ncc(-c2ccc(S(C)(=O)=O)cc2)c(-c2ccc(F)cc2)c1=O,6.494999999999999,CHEMBL156401,IC50,0
C[C@@H]1C[C@H]2O[C@@H]2/C=C\C=C\C(=O)Cc2c(Cl)c(O)cc(O)c2C(=O)O1,7.57,CHEMBL414883,IC50,1
C[C@@]1(CO)C=Cc2cc(O)ccc2O1,6.2,CHEMBL232615,IC50,0
C[C@H](CO)Sc1ncc(C(F)(F)F)cc1-c1ccc(S(C)(=O)=O)cc1,6.85,CHEMBL296370,IC50,1
C[C@H](Oc1ncc(C(F)(F)F)cc1-c1ccc(S(C)(=O)=O)cc1)C(C)(C)O,6.34,CHEMBL47294,IC50,0
C[C@H]1C(Cn2ncc(-c3ccc(S(C)(=O)=O)cc3)c(-c3ccc(F)cc3)c2=O)[C@@H]1C,6.73,CHEMBL440001,IC50,1
C[C@H]1C[C@@H]1Cn1ncc(-c2ccc(S(C)(=O)=O)cc2)c(-c2ccc(F)cc2)c1=O,6.869999999999999,CHEMBL262744,IC50,1
C[C@H]1C[C@H]1Cn1ncc(-c2ccc(S(C)(=O)=O)cc2)c(-c2ccc(F)cc2)c1=O,6.46,CHEMBL347441,IC50,0
C[C@H]1[C@H](C)CC[C@]2(C(=O)O)CC[C@]3(C)C(=CC[C@@H]4[C@@]5(C)CC[C@H](O)C(C)(C)[C@@H]5CC[C@]43C)[C@H]12,4.07,CHEMBL169,IC50,0
C[C@]1(O)CCC[C@H]1Oc1ncc(C(F)(F)F)cc1-c1ccc(S(C)(=O)=O)cc1,5.85,CHEMBL47540,IC50,0
C[S+]([O-])c1ccc(C(Nc2cccnc2)C(=O)c2ccc(F)cc2)cc1,6.3,CHEMBL138191,IC50,0
C[S+]([O-])c1ccc(C(Nc2nccs2)C(=O)c2ccc(F)cc2)cc1,5.68,CHEMBL141113,IC50,0
C[S+]([O-])c1ccc(C2=C(c3ccccc3)C(=O)OC2)cc1,5.31,CHEMBL207594,IC50,0
C[S@+]([O-])c1ccc(C2=C(c3ccccc3)C(=O)OC2)cc1,5.68,CHEMBL3084325,IC50,0
C[S@@+]([O-])c1ccc(C2=C(c3ccccc3)C(=O)OC2)cc1,5.38,CHEMBL426856,IC50,0
C[Se](=O)(=O)c1ccc(-c2ccsc2-c2ccc(F)cc2)cc1,6.26,CHEMBL69053,IC50,0
Cc1[nH]c2cc(S(C)(=O)=O)ccc2c1C(=O)c1ccc(F)cc1,5.97,CHEMBL361055,IC50,0
Cc1[nH]c2cc(S(C)(=O)=O)ccc2c1Cc1ccc(Cl)cc1,5.915,CHEMBL185528,IC50,0
Cc1[nH]c2cc(S(C)(=O)=O)ccc2c1Cc1ccc(F)cc1,6.025,CHEMBL362138,IC50,0
Cc1[nH]c2cc(S(C)(=O)=O)ccc2c1Cc1ccc(F)cc1F,5.83,CHEMBL183970,IC50,0
Cc1[nH]c2cc(S(C)(=O)=O)ccc2c1Cc1ccccc1Cl,6.21,CHEMBL363756,IC50,0
Cc1[nH]c2cc(S(C)(=O)=O)ccc2c1Oc1ccc(Cl)cc1,5.97,CHEMBL184075,IC50,0
Cc1[nH]c2cc(S(C)(=O)=O)ccc2c1Oc1ccc(Cl)cc1Cl,6.175,CHEMBL360343,IC50,0
Cc1[nH]c2cc(S(C)(=O)=O)ccc2c1Oc1ccc(F)cc1,6.609999999999999,CHEMBL362093,IC50,1
Cc1[nH]c2cc(S(C)(=O)=O)ccc2c1Oc1ccc(F)cc1F,6.175,CHEMBL359563,IC50,0
Cc1[nH]c2cc(S(C)(=O)=O)ccc2c1Sc1ccc(F)cc1,6.68,CHEMBL362290,IC50,1
Cc1[nH]c2cc(S(C)(=O)=O)ccc2c1Sc1ccc(F)cc1F,6.11,CHEMBL363767,IC50,0
Cc1[nH]c2cc(S(C)(=O)=O)ccc2c1Sc1ccccn1,5.515000000000001,CHEMBL183653,IC50,0
Cc1c(Br)cc(-c2ccc(S(C)(=O)=O)cc2)n1-c1ccc(F)cc1,7.7,CHEMBL40245,IC50,1
Cc1c(C#N)cc(-c2ccc(S(C)(=O)=O)cc2)n1-c1ccc(F)cc1,6.12,CHEMBL43366,IC50,0
Cc1c(C(=O)C(F)(F)F)cc(-c2ccc(S(C)(=O)=O)cc2)n1-c1ccc(F)cc1,6.92,CHEMBL42409,IC50,1
Cc1c(C(=O)c2ccccc2)cc(-c2ccc(S(C)(=O)=O)cc2)n1-c1ccc(F)cc1,5.99,CHEMBL44313,IC50,0
Cc1c(C(F)(F)F)nn(-c2ccc(S(N)(=O)=O)cc2)c1-c1ccc(Cl)cc1,7.66,CHEMBL29133,IC50,1
Cc1c(C(O)C(F)(F)F)cc(-c2ccc(S(C)(=O)=O)cc2)n1-c1ccc(F)cc1,5.84,CHEMBL44362,IC50,0
Cc1c(C)c2c(c(C)c1O)CCC(C)(C(=O)O)O2,5.85,CHEMBL153,IC50,0
Cc1c(C=O)cc(-c2ccc(S(C)(=O)=O)cc2)n1-c1ccc(F)cc1,5.49,CHEMBL289813,IC50,0
Cc1c(CC(=O)NCCCO)c2cc(O)ccc2n1C(=O)c1ccc(Cl)cc1,5.52,CHEMBL237398,IC50,0
Cc1c(CC(=O)NCCCO[N+](=O)[O-])c2cc(O)ccc2n1C(=O)c1ccc(Cl)cc1,5.46,CHEMBL237204,IC50,0
Cc1c(CC(=O)NCCCO[N+](=O)[O-])c2cc(OS(N)(=O)=O)ccc2n1C(=O)c1ccc(Cl)cc1,4.58,CHEMBL237205,IC50,0
Cc1c(CC(=O)O)c2cc(O)ccc2n1C(=O)c1ccc(Cl)cc1,5.3,CHEMBL800,IC50,0
Cc1c(CC(F)(F)F)cc(-c2ccc(S(C)(=O)=O)cc2)n1-c1ccc(F)cc1,6.85,CHEMBL44038,IC50,1
Cc1c(CN(C)C)cc(-c2ccc(S(C)(=O)=O)cc2)n1-c1ccc(F)cc1,4.0,CHEMBL42801,IC50,0
Cc1c(CO)cc(-c2ccc(S(C)(=O)=O)cc2)n1-c1ccc(F)cc1,5.41,CHEMBL44101,IC50,0
Cc1c(COc2ccc(Cl)cc2)cc(-c2ccc(S(C)(=O)=O)cc2)n1-c1ccc(F)cc1,7.52,CHEMBL44152,IC50,1
Cc1c(COc2cccc(Cl)c2)cc(-c2ccc(S(C)(=O)=O)cc2)n1-c1ccc(F)cc1,7.1,CHEMBL43736,IC50,1
Cc1c(Cl)cc(-c2ccc(S(C)(=O)=O)cc2)n1-c1ccc(F)cc1,7.3,CHEMBL44283,IC50,1
Cc1c(Cl)nc(-c2ccc(S(C)(=O)=O)cc2)nc1NCc1ccc(F)cc1,7.16,CHEMBL256847,IC50,1
Cc1c(NCc2ccc(F)cc2)nc(-c2ccc(S(C)(=O)=O)cc2)nc1C(F)(F)F,7.65,CHEMBL257678,IC50,1
Cc1c(NCc2ccccc2)nc(-c2ccc(S(C)(=O)=O)cc2)nc1C(F)(F)F,7.75,CHEMBL272862,IC50,1
Cc1c(NCc2cccs2)nc(-c2ccc(S(C)(=O)=O)cc2)nc1C(F)(F)F,7.42,CHEMBL272678,IC50,1
Cc1c(S(=O)(=O)C(F)(F)F)cc(-c2ccc(S(C)(=O)=O)cc2)n1-c1ccc(F)cc1,7.22,CHEMBL44244,IC50,1
Cc1cc(-c2c(-c3ccc(S(C)(=O)=O)cc3)ccc(F)c2F)ccc1Cl,8.22,CHEMBL182695,IC50,1
Cc1cc(-c2c(-c3ccc(S(C)(=O)=O)cc3)ccc(F)c2F)ccc1F,8.3,CHEMBL188071,IC50,1
Cc1cc(-c2c(-c3ccc(S(N)(=O)=O)cc3)ccc(F)c2F)ccc1Cl,8.52,CHEMBL185196,IC50,1
Cc1cc(-c2c(-c3ccc(S(N)(=O)=O)cc3)ccc(F)c2F)ccc1F,8.7,CHEMBL365301,IC50,1
Cc1cc(-c2c(Cl)ncn2-c2ccc(S(C)(=O)=O)cc2)ccc1Cl,7.96,CHEMBL326291,IC50,1
Cc1cc(-c2cc(C(F)(F)F)nn2-c2ccc(S(N)(=O)=O)cc2)cc2c1OCO2,7.28,CHEMBL29403,IC50,1
Cc1cc(-c2cc(F)c(F)cc2-c2ccc(S(C)(=O)=O)cc2)ccc1Cl,8.22,CHEMBL57837,IC50,1
Cc1cc(-c2cc(F)c(F)cc2-c2ccc(S(C)(=O)=O)cc2)ccc1F,8.3,CHEMBL443791,IC50,1
Cc1cc(-c2cc(F)c(F)cc2-c2ccc(S(N)(=O)=O)cc2)ccc1Cl,8.52,CHEMBL55805,IC50,1
Cc1cc(-c2cc(F)c(F)cc2-c2ccc(S(N)(=O)=O)cc2)ccc1F,8.7,CHEMBL52020,IC50,1
Cc1cc(-c2ccc(NS(C)(=O)=O)cc2)n(-c2ccc(Br)cc2)n1,6.11,CHEMBL45331,IC50,0
Cc1cc(-c2ccc(NS(C)(=O)=O)cc2)n(-c2ccc(Cl)cc2)n1,6.58,CHEMBL45387,IC50,1
Cc1cc(-c2ccc(S(C)(=O)=O)cc2)c(-c2ccc(F)cc2)s1,5.0,CHEMBL99828,IC50,0
Cc1cc(-c2ccccc2)n(-c2ccc(S(N)(=O)=O)cc2)n1,4.2,CHEMBL29492,IC50,0
Cc1cc(-c2nc(C(F)(F)F)cn2-c2ccc(S(C)(=O)=O)cc2)ccc1Cl,7.05,CHEMBL290945,IC50,1
Cc1cc(-c2nc(C(F)(F)F)cn2-c2ccc(S(C)(=O)=O)cc2)ccc1F,6.77,CHEMBL297799,IC50,1
Cc1cc(-c2nc(C(F)(F)F)cn2-c2ccc(S(N)(=O)=O)cc2)no1,6.39,CHEMBL110660,IC50,0
Cc1cc(=O)c(-c2ccc(Br)cc2)c(-c2ccc(S(C)(=O)=O)cc2)o1,5.76,CHEMBL338927,IC50,0
Cc1cc(=O)c(-c2ccc(C(F)(F)F)cc2)c(-c2ccc(S(C)(=O)=O)cc2)o1,5.16,CHEMBL129613,IC50,0
Cc1cc(=O)c(-c2ccc(Cl)c(Cl)c2)c(-c2ccc(S(C)(=O)=O)cc2)o1,6.17,CHEMBL127190,IC50,0
Cc1cc(=O)c(-c2ccc(Cl)cc2)c(-c2ccc(S(C)(=O)=O)cc2)o1,5.67,CHEMBL126629,IC50,0
Cc1cc(=O)c(-c2ccc(Cl)cc2F)c(-c2ccc(S(C)(=O)=O)cc2)o1,5.69,CHEMBL126979,IC50,0
Cc1cc(=O)c(-c2ccc(F)cc2)c(-c2ccc(S(C)(=O)=O)cc2)o1,5.97,CHEMBL338705,IC50,0
Cc1cc(=O)c(-c2ccc(F)cc2F)c(-c2ccc(S(C)(=O)=O)cc2)o1,5.95,CHEMBL126810,IC50,0
Cc1cc(=O)c(-c2ccc(S(C)(=O)=O)cc2)c(-c2ccc(F)cc2)o1,5.01,CHEMBL127267,IC50,0
Cc1cc(=O)c(-c2ccc3ccccc3c2)c(-c2ccc(S(C)(=O)=O)cc2)o1,5.59,CHEMBL339817,IC50,0
Cc1cc(=O)c(-c2cccc(F)c2)c(-c2ccc(S(C)(=O)=O)cc2)o1,5.47,CHEMBL126244,IC50,0
Cc1cc(=O)c(-c2ccccc2)c(-c2ccc(S(C)(=O)=O)cc2)o1,5.74,CHEMBL127268,IC50,0
Cc1cc(=O)c(-c2ccccc2)c(-c2ccc(S(N)(=O)=O)cc2)o1,5.16,CHEMBL339150,IC50,0
Cc1cc(=O)c(-c2ccccc2F)c(-c2ccc(S(C)(=O)=O)cc2)o1,5.82,CHEMBL126392,IC50,0
Cc1cc(=O)c(C(C)C)c(-c2ccc(S(C)(=O)=O)cc2)o1,5.18,CHEMBL124188,IC50,0
Cc1cc(=O)c(C2CCCCC2)c(-c2ccc(S(C)(=O)=O)cc2)o1,5.83,CHEMBL265071,IC50,0
Cc1cc(=O)c(Cc2ccccc2)c(-c2ccc(S(C)(=O)=O)cc2)o1,5.19,CHEMBL126364,IC50,0
Cc1cc(=O)c(Oc2ccc(Br)cc2)c(-c2ccc(S(C)(=O)=O)cc2)o1,6.44,CHEMBL127514,IC50,0
Cc1cc(=O)c(Oc2ccc(Br)cc2Cl)c(-c2ccc(S(C)(=O)=O)cc2)o1,6.51,CHEMBL338457,IC50,1
Cc1cc(=O)c(Oc2ccc(Br)cc2F)c(-c2ccc(S(C)(=O)=O)cc2)o1,6.82,CHEMBL125460,IC50,1
Cc1cc(=O)c(Oc2ccc(Br)cc2F)c(-c2ccc([S+](C)[O-])cc2)o1,6.24,CHEMBL212463,IC50,0
Cc1cc(=O)c(Oc2ccc(Br)cc2F)c(-c2ccc([S@+](C)[O-])cc2)o1,6.7,CHEMBL209408,IC50,1
Cc1cc(=O)c(Oc2ccc(Br)cc2F)c(-c2ccc([S@@+](C)[O-])cc2)o1,5.8,CHEMBL2096835,IC50,0
Cc1cc(=O)c(Oc2ccc(C(=O)O)cc2)c(-c2ccc(S(C)(=O)=O)cc2)o1,5.0,CHEMBL129299,IC50,0
Cc1cc(=O)c(Oc2ccc(C(F)(F)F)cc2)c(-c2ccc(S(C)(=O)=O)cc2)o1,5.61,CHEMBL339258,IC50,0
Cc1cc(=O)c(Oc2ccc(Cl)c(Cl)c2)c(-c2ccc(S(C)(=O)=O)cc2)o1,5.47,CHEMBL125682,IC50,0
Cc1cc(=O)c(Oc2ccc(Cl)cc2)c(-c2ccc(S(C)(=O)=O)cc2)o1,6.5,CHEMBL420351,IC50,1
Cc1cc(=O)c(Oc2ccc(Cl)cc2C)c(-c2ccc(S(C)(=O)=O)cc2)o1,6.72,CHEMBL126991,IC50,1
Cc1cc(=O)c(Oc2ccc(Cl)cc2Cl)c(-c2ccc(S(C)(=O)=O)cc2)o1,5.47,CHEMBL362149,IC50,0
Cc1cc(=O)c(Oc2ccc(Cl)cc2F)c(-c2ccc(S(C)(=O)=O)cc2)o1,6.7,CHEMBL442767,IC50,1
Cc1cc(=O)c(Oc2ccc(Cl)cc2F)c(-c2ccc([S+](C)[O-])cc2)o1,6.17,CHEMBL210897,IC50,0
Cc1cc(=O)c(Oc2ccc(Cl)cc2F)c(-c2ccc([S@+](C)[O-])cc2)o1,6.6,CHEMBL208704,IC50,1
Cc1cc(=O)c(Oc2ccc(Cl)cc2F)c(-c2ccc([S@@+](C)[O-])cc2)o1,5.61,CHEMBL2096834,IC50,0
Cc1cc(=O)c(Oc2ccc(F)c(F)c2)c(-c2ccc(S(C)(=O)=O)cc2)o1,5.35,CHEMBL127210,IC50,0
Cc1cc(=O)c(Oc2ccc(F)cc2)c(-c2ccc(S(C)(=O)=O)cc2)o1,6.01,CHEMBL127084,IC50,0
Cc1cc(=O)c(Oc2ccc(F)cc2C)c(-c2ccc(S(C)(=O)=O)cc2)o1,6.75,CHEMBL129640,IC50,1
Cc1cc(=O)c(Oc2ccc(F)cc2F)c(-c2ccc(S(C)(=O)=O)cc2)o1,7.099999999999999,CHEMBL127211,IC50,1
Cc1cc(=O)c(Oc2ccc(F)cc2F)c(-c2ccc([S+](C)[O-])cc2)o1,6.04,CHEMBL209883,IC50,0
Cc1cc(=O)c(Oc2ccc(F)cc2F)c(-c2ccc([S@+](C)[O-])cc2)o1,6.57,CHEMBL2096836,IC50,1
Cc1cc(=O)c(Oc2ccc(F)cc2F)c(-c2ccc([S@@+](C)[O-])cc2)o1,5.68,CHEMBL212527,IC50,0
Cc1cc(=O)c(Oc2ccc(I)cc2)c(-c2ccc(S(C)(=O)=O)cc2)o1,6.39,CHEMBL126683,IC50,0
Cc1cc(=O)c(Oc2ccc(N)cc2)c(-c2ccc(S(C)(=O)=O)cc2)o1,5.83,CHEMBL338347,IC50,0
Cc1cc(=O)c(Oc2ccc(OC(F)(F)F)cc2)c(-c2ccc(S(C)(=O)=O)cc2)o1,5.725,CHEMBL127560,IC50,0
Cc1cc(=O)c(Oc2ccc([N+](=O)[O-])cc2)c(-c2ccc(S(C)(=O)=O)cc2)o1,5.4,CHEMBL129473,IC50,0
Cc1cc(=O)c(Oc2ccccc2)c(-c2ccc(S(C)(=O)=O)cc2)o1,6.0,CHEMBL127125,IC50,0
Cc1cc(=O)c(Oc2ccccc2C)c(-c2ccc(S(C)(=O)=O)cc2)o1,6.77,CHEMBL126303,IC50,1
Cc1cc(C)cc(-c2ccc(C(C)C(=O)O)cc2F)c1,4.72,CHEMBL104422,IC50,0
Cc1cc(C)n2nc(-c3ccc(S(C)(=O)=O)cc3)c(-c3ccc(F)cc3)c2n1,6.81,CHEMBL421259,IC50,1
Cc1cc(Cl)cc(-c2nc(C(F)(F)F)cn2-c2ccc(S(C)(=O)=O)cc2)c1,7.1,CHEMBL295032,IC50,1
Cc1cc(Cl)cc(-c2nc(C(F)(F)F)cn2-c2ccc(S(N)(=O)=O)cc2)c1,7.4,CHEMBL42709,IC50,1
Cc1cc(F)cc(-c2nc(C(F)(F)F)cn2-c2ccc(S(C)(=O)=O)cc2)c1,6.96,CHEMBL42884,IC50,1
Cc1cc(F)cc(-c2nc(C(F)(F)F)cn2-c2ccc(S(N)(=O)=O)cc2)c1,7.52,CHEMBL417170,IC50,1
Cc1cc(F)ccc1C1=C(c2ccc(S(C)(=O)=O)cc2)CCC1,7.12,CHEMBL321182,IC50,1
Cc1cc2c(cc1F)-c1c(c(C(F)(F)F)nn1-c1ccc(S(N)(=O)=O)cc1)SC2,7.8,CHEMBL94494,IC50,1
Cc1cc2cc(-c3ccc(C(C)C(=O)O)cc3)ccc2[nH]1,6.64,CHEMBL106445,IC50,1
Cc1ccc(-c2c(-c3ccc(S(C)(=O)=O)cc3)[nH]c3ccccc23)cc1,10.05,CHEMBL524543,IC50,1
Cc1ccc(-c2c(-c3ccc(S(C)(=O)=O)cc3)[nH]c3ccccc23)cc1C,9.77,CHEMBL525021,IC50,1
Cc1ccc(-c2c(-c3ccc(S(C)(=O)=O)cc3)ccc(F)c2F)cc1,8.16,CHEMBL365622,IC50,1
Cc1ccc(-c2c(-c3ccc(S(C)(=O)=O)cc3)ccc(F)c2F)cc1C,7.64,CHEMBL184389,IC50,1
Cc1ccc(-c2c(-c3ccc(S(C)(=O)=O)cc3)ccc(F)c2F)cc1Cl,7.89,CHEMBL362137,IC50,1
Cc1ccc(-c2c(-c3ccc(S(C)(=O)=O)cc3)cnn(Cc3ccccc3)c2=O)cc1,7.08,CHEMBL157629,IC50,1
Cc1ccc(-c2c(-c3ccc(S(C)(=O)=O)cc3)cnn(Cc3ccccc3)c2=O)cn1,5.9399999999999995,CHEMBL155587,IC50,0
Cc1ccc(-c2c(-c3ccc(S(C)(=O)=O)cc3)oc(C)cc2=O)cc1,5.66,CHEMBL126578,IC50,0
Cc1ccc(-c2c(-c3ccc(S(N)(=O)=O)cc3)[nH]c3ccccc23)cc1,10.155000000000001,CHEMBL502555,IC50,1
Cc1ccc(-c2c(-c3ccc(S(N)(=O)=O)cc3)[nH]c3ccccc23)cc1C,8.84,CHEMBL502556,IC50,1
Cc1ccc(-c2c(-c3ccc(S(N)(=O)=O)cc3)ccc(F)c2F)cc1,8.4,CHEMBL184076,IC50,1
Cc1ccc(-c2c(-c3ccc(S(N)(=O)=O)cc3)ccc(F)c2F)cc1C,8.3,CHEMBL184375,IC50,1
Cc1ccc(-c2c(-c3ccc(S(N)(=O)=O)cc3)ccc(F)c2F)cc1Cl,8.52,CHEMBL185547,IC50,1
Cc1ccc(-c2c(C#N)cnn2-c2ccc(S(N)(=O)=O)cc2)cc1,7.12,CHEMBL28528,IC50,1
Cc1ccc(-c2c(Cl)ncn2-c2ccc(S(C)(=O)=O)cc2)cc1,7.8,CHEMBL331148,IC50,1
Cc1ccc(-c2c(Cl)ncn2-c2ccc(S(C)(=O)=O)cc2)cc1F,8.22,CHEMBL325298,IC50,1
Cc1ccc(-c2c(Cl)ncn2-c2ccc(S(N)(=O)=O)cc2)cc1,8.52,CHEMBL332251,IC50,1
Cc1ccc(-c2cc(C(F)(F)F)n(-c3ccc(N=[N+]=[N-])cc3)n2)cc1,5.58,CHEMBL320433,IC50,0
Cc1ccc(-c2cc(C(F)(F)F)nn2-c2ccc(-c3nn[nH]n3)cc2)cc1,8.72,CHEMBL213338,IC50,1
Cc1ccc(-c2cc(C(F)(F)F)nn2-c2ccc(N=[N+]=[N-])cc2)cc1,5.81,CHEMBL104502,IC50,0
Cc1ccc(-c2cc(C(F)(F)F)nn2-c2ccc(S(N)(=O)=O)c(CO)c2)cc1,6.12,CHEMBL357543,IC50,0
Cc1ccc(-c2cc(C(F)(F)F)nn2-c2ccc(S(N)(=O)=O)cc2)c(C)c1,6.919999999999999,CHEMBL283038,IC50,1
Cc1ccc(-c2cc(C(F)(F)F)nn2-c2ccc(S(N)(=O)=O)cc2)cc1,7.0021818181818185,CHEMBL118,IC50,1
Cc1ccc(-c2cc(C(F)(F)F)nn2-c2ccc(S(N)(=O)=O)cc2)s1,5.48,CHEMBL441275,IC50,0
Cc1ccc(-c2cc(C(F)F)nn2-c2ccc(S(N)(=O)=O)cc2)cc1,7.89,CHEMBL281975,IC50,1
Cc1ccc(-c2cc(C(F)F)nn2-c2ccc(S(N)(=O)=O)cc2)o1,5.48,CHEMBL29847,IC50,0
Cc1ccc(-c2cc(F)c(F)cc2-c2ccc(S(C)(=O)=O)cc2)cc1,8.15,CHEMBL293771,IC50,1
Cc1ccc(-c2cc(F)c(F)cc2-c2ccc(S(C)(=O)=O)cc2)cc1C,7.64,CHEMBL300601,IC50,1
Cc1ccc(-c2cc(F)c(F)cc2-c2ccc(S(C)(=O)=O)cc2)cc1Cl,7.89,CHEMBL417748,IC50,1
Cc1ccc(-c2cc(F)c(F)cc2-c2ccc(S(C)(=O)=O)cc2)cn1,6.77,CHEMBL299251,IC50,1
Cc1ccc(-c2cc(F)c(F)cc2-c2ccc(S(C)(=O)=O)cc2)nc1,4.28,CHEMBL292607,IC50,0
Cc1ccc(-c2cc(F)c(F)cc2-c2ccc(S(N)(=O)=O)cc2)cc1,8.4,CHEMBL54370,IC50,1
Cc1ccc(-c2cc(F)c(F)cc2-c2ccc(S(N)(=O)=O)cc2)cc1C,8.3,CHEMBL54326,IC50,1
Cc1ccc(-c2cc(F)c(F)cc2-c2ccc(S(N)(=O)=O)cc2)cc1Cl,8.52,CHEMBL54327,IC50,1
Cc1ccc(-c2cc(F)c(F)cc2-c2ccc(S(N)(=O)=O)cc2)cn1,7.29,CHEMBL292413,IC50,1
Cc1ccc(-c2cc(F)c(F)cc2-c2ccc(S(N)(=O)=O)cc2)nc1,6.48,CHEMBL54619,IC50,0
Cc1ccc(-c2ccc(S(C)(=O)=O)cc2)n1-c1ccc(C(F)(F)F)cc1,7.1,CHEMBL42085,IC50,1
Cc1ccc(-c2ccc(S(C)(=O)=O)cc2)n1-c1ccc(F)c(F)c1,6.6,CHEMBL298208,IC50,1
Cc1ccc(-c2ccc(S(C)(=O)=O)cc2)n1-c1ccc(F)cc1,7.22,CHEMBL43002,IC50,1
Cc1ccc(-c2ccc(S(C)(=O)=O)cc2)n1-c1ccccc1,7.22,CHEMBL297008,IC50,1
Cc1ccc(-c2ccc(S(C)(=O)=O)cc2)n1C1CCC(F)CC1,6.28,CHEMBL320998,IC50,0
Cc1ccc(-c2ccc(S(C)(=O)=O)cc2)n1C1CCCCC1,6.28,CHEMBL43864,IC50,0
Cc1ccc(-c2cscc2-c2ccc(S(C)(=O)=O)cc2)cc1,5.4,CHEMBL99374,IC50,0
Cc1ccc(-c2nc(C(F)(F)F)cn2-c2ccc(S(C)(=O)=O)cc2)cc1,6.783333333333334,CHEMBL42561,IC50,1
Cc1ccc(-c2nc(C(F)(F)F)cn2-c2ccc(S(C)(=O)=O)cc2)cc1C,6.48,CHEMBL43493,IC50,0
Cc1ccc(-c2nc(C(F)(F)F)cn2-c2ccc(S(C)(=O)=O)cc2)cc1Cl,7.52,CHEMBL296673,IC50,1
Cc1ccc(-c2nc(C(F)(F)F)cn2-c2ccc(S(C)(=O)=O)cc2)cc1F,6.96,CHEMBL42180,IC50,1
Cc1ccc(-c2nc(C(F)(F)F)cn2-c2ccc(S(C)(=O)=O)cc2)cn1,5.745,CHEMBL325790,IC50,0
Cc1ccc(-c2nc(C(F)(F)F)cn2-c2ccc(S(C)(=O)=O)cc2)nc1,5.89,CHEMBL321881,IC50,0
Cc1ccc(-c2nc(C(F)(F)F)cn2-c2ccc(S(N)(=O)=O)cc2)cc1,7.4,CHEMBL297108,IC50,1
Cc1ccc(-c2nc(C(F)(F)F)cn2-c2ccc(S(N)(=O)=O)cc2)cc1Cl,8.52,CHEMBL298476,IC50,1
Cc1ccc(-c2nc(C(F)(F)F)cn2-c2ccc(S(N)(=O)=O)cc2)cn1,6.54,CHEMBL108936,IC50,1
Cc1ccc(-c2nc(C(F)(F)F)cn2-c2ccc(S(N)(=O)=O)cc2)nc1,6.14,CHEMBL327078,IC50,0
Cc1ccc(-c2ncc(Cl)cc2-c2ccc(S(C)(=O)=O)cc2)c[n+]1[O-],4.75,CHEMBL274841,IC50,0
Cc1ccc(-c2ncc(Cl)cc2-c2ccc(S(C)(=O)=O)cc2)cn1,6.18,CHEMBL416146,IC50,0
Cc1ccc(-c2ncc(Cl)cc2-c2ccc(S(N)(=O)=O)cc2)cn1,6.63,CHEMBL420628,IC50,1
Cc1ccc(-c2ncc(Cl)cc2-c2ccc([S+](C)[O-])cc2)cn1,5.43,CHEMBL383092,IC50,0
Cc1ccc(-c2ncc(Cl)cc2-c2ccc([S@+](C)[O-])cc2)cn1,5.46,CHEMBL2096829,IC50,0
Cc1ccc(-c2nn3ncccc3c2-c2ccc(S(C)(=O)=O)cc2)cc1,7.77,CHEMBL361472,IC50,1
Cc1ccc(-c2sccc2-c2ccc(S(C)(=O)=O)cc2)cc1,4.89,CHEMBL99517,IC50,0
Cc1ccc(-n2c(-c3ccc(Br)cc3)cs/c2=N\N=C/c2cn(-c3ccc(S(=O)(=O)/N=C/N(C)C)cc3)nc2-c2ccccc2)cc1,5.89,CHEMBL508588,IC50,0
Cc1ccc(-n2c(-c3ccc(S(C)(=O)=O)cc3)coc2=O)cc1,6.32,CHEMBL306232,IC50,0
Cc1ccc(-n2c(-c3ccc(S(N)(=O)=O)cc3)c(C)oc2=O)cc1,5.77,CHEMBL72294,IC50,0
Cc1ccc(-n2c(-c3ccc(S(N)(=O)=O)cc3)coc2=O)cc1,6.1,CHEMBL70588,IC50,0
Cc1ccc(-n2c(C)ccc2-c2ccc(S(C)(=O)=O)cc2)cc1,7.4,CHEMBL43737,IC50,1
Cc1ccc(-n2c(O)cs/c2=N\N=C/c2cn(-c3ccc(S(=O)(=O)/N=C/N(C)C)cc3)nc2-c2ccccc2)cc1,5.94,CHEMBL476870,IC50,0
Cc1ccc(-n2nc(-c3ccc(Cl)cc3)c3c2CCCCC3)cc1,6.19,CHEMBL157886,IC50,0
Cc1ccc(/C=C/S(N)(=O)=O)cc1C(=O)c1ccccc1,4.72,CHEMBL359202,IC50,0
Cc1ccc(/N=C/c2ccc(S(N)(=O)=O)cc2)cc1,5.33,CHEMBL271962,IC50,0
Cc1ccc(C2=C(c3ccc(S(C)(=O)=O)cc3)CC3(CC3)C2)cc1,8.82,CHEMBL92102,IC50,1
Cc1ccc(C2=C(c3ccc(S(C)(=O)=O)cc3)CCC2)cc1,8.52,CHEMBL127674,IC50,1
Cc1ccc(C=Nc2ccc(S(N)(=O)=O)cc2)cc1,5.31,CHEMBL429915,IC50,0
Cc1ccc(CNc2cc(C(F)(F)F)nc(-c3ccc(S(C)(=O)=O)cc3)n2)cc1,7.32,CHEMBL270510,IC50,1
Cc1ccc(CNc2cc(C(F)(F)F)nc(-c3ccc(S(C)(=O)=O)cc3)n2)s1,7.93,CHEMBL269818,IC50,1
Cc1ccc(CNc2cc(Cl)nc(-c3ccc(S(C)(=O)=O)cc3)n2)cc1,7.35,CHEMBL257299,IC50,1
Cc1ccc(CNc2nc(-c3ccc(S(C)(=O)=O)cc3)nc(Cl)c2C)cc1,7.43,CHEMBL257108,IC50,1
Cc1ccc(Cl)c(Nc2ccccc2C(=O)NC(C)C(=O)O)c1Cl,4.48,CHEMBL151929,IC50,0
Cc1ccc(Cl)c(Nc2ccccc2C(=O)NCC(=O)O)c1Cl,6.52,CHEMBL146703,IC50,1
Cc1ccc(Cl)c(Nc2ccccc2C(=O)NCCBr)c1Cl,5.7,CHEMBL356203,IC50,0
Cc1ccc(Cl)c(Nc2ccccc2C(=O)NCCCCl)c1Cl,5.62,CHEMBL149213,IC50,0
Cc1ccc(Cl)c(Nc2ccccc2C(=O)NCCO)c1Cl,6.0,CHEMBL146854,IC50,0
Cc1ccc(Cl)c(Nc2ccccc2C(=O)NCCOc2ccccc2)c1Cl,4.18,CHEMBL148545,IC50,0
Cc1ccc(Cl)c(Nc2ccccc2C(=O)NCCc2ccccc2)c1Cl,5.4,CHEMBL149134,IC50,0
Cc1ccc(Cl)c(Nc2ccccc2C(=O)NNCc2ccccc2)c1Cl,5.2,CHEMBL343865,IC50,0
Cc1ccc(Cl)c(Nc2ccccc2C(=O)NOC(C)(C)C)c1Cl,4.18,CHEMBL146920,IC50,0
Cc1ccc(Cl)c(Nc2ccccc2C(=O)NOCc2ccc([N+](=O)[O-])cc2)c1Cl,4.18,CHEMBL147016,IC50,0
Cc1ccc(Cl)c(Nc2ccccc2C(=O)NOCc2ccccc2)c1Cl,4.18,CHEMBL358222,IC50,0
Cc1ccc(Cl)c(Nc2ccccc2C(=O)O)c1Cl,7.4,CHEMBL509,IC50,1
Cc1ccc(N2C(=O)CSC2c2ccc(S(C)(=O)=O)cc2)cc1,6.82,CHEMBL399879,IC50,1
Cc1ccc(N2CC(c3ccc(S(C)(=O)=O)cc3)=C(c3ccc(F)cc3)C2=O)cc1,5.98,CHEMBL295068,IC50,0
Cc1ccc(N2CC(c3ccc(S(C)(=O)=O)cc3)=C(c3ccccc3)C2=O)cc1,6.0,CHEMBL48758,IC50,0
Cc1ccc(NNC(=O)c2ccc(Cl)cc2)cc1,8.0,CHEMBL154373,IC50,1
Cc1ccc(NNC(=O)c2ccccc2)cc1,6.48,CHEMBL157950,IC50,0
Cc1ccc(Nc2c(C)cccc2Cl)c(CC(=O)O)c1,7.22,CHEMBL407368,IC50,1
Cc1ccc(Nc2c(Cl)cc(Cl)cc2Cl)c(CC(=O)O)c1,7.55,CHEMBL407109,IC50,1
Cc1ccc(Nc2c(Cl)cccc2Cl)c(CC(=O)O)c1,6.859999999999999,CHEMBL259218,IC50,1
Cc1ccc(Nc2c(F)cccc2Cl)c(CC(=O)O)c1,7.072,CHEMBL404108,IC50,1
Cc1ccc(OC2=C(c3ccc(S(C)(=O)=O)cc3)C(C)(C)OC2=O)cc1,7.550000000000001,CHEMBL107088,IC50,1
Cc1ccc(OC2=C(c3ccc(S(C)(=O)=O)cc3)C(C)(C)OC2=O)nc1,6.62,CHEMBL320111,IC50,1
Cc1ccc(Oc2c(-c3ccc(S(C)(=O)=O)cc3)oc(C)cc2=O)c(Cl)c1,6.62,CHEMBL127153,IC50,1
Cc1ccc(Oc2c(-c3ccc(S(C)(=O)=O)cc3)oc(C)cc2=O)c(F)c1,7.22,CHEMBL341320,IC50,1
Cc1ccc(Oc2c(-c3ccc(S(C)(=O)=O)cc3)oc(C)cc2=O)cc1,6.68,CHEMBL127868,IC50,1
Cc1ccc(Sc2cc3c(cc2NS(C)(=O)=O)CCC3=O)cc1,7.3,CHEMBL144884,IC50,1
Cc1ccc(Sc2cc3c(cc2NS(C)(=O)=O)CCC3=O)nc1,6.095000000000001,CHEMBL37371,IC50,0
Cc1ccc2[nH]c(-c3ccc(S(C)(=O)=O)cc3)c(-c3ccccc3)c2c1,9.55,CHEMBL525250,IC50,1
Cc1ccc2[nH]c(-c3ccc(S(N)(=O)=O)cc3)c(-c3ccccc3)c2c1,10.7,CHEMBL525247,IC50,1
Cc1ccc2c(-c3ccc(S(C)(=O)=O)cc3)c(-c3ccc(F)cc3)nn2n1,7.62,CHEMBL185621,IC50,1
Cc1ccc2c(c1)=C1C(CC=2)OC(=O)C1c1ccc(S(C)(=O)=O)cc1,6.18,CHEMBL289447,IC50,0
Cc1ccc2c(c1)CSc1c(C(F)(F)F)nn(-c3ccc(S(N)(=O)=O)cc3)c1-2,7.66,CHEMBL328906,IC50,1
Cc1ccc2c(c1)c(-c1ccnc3c(C)cccc13)c(C)n2CC(=O)O,5.52,CHEMBL209689,IC50,0
Cc1ccc2c(c1F)CSc1c(C(F)(F)F)nn(-c3ccc(S(N)(=O)=O)cc3)c1-2,7.8,CHEMBL195825,IC50,1
Cc1cccc(-c2c(-c3ccc(S(C)(=O)=O)cc3)sc3nc(C(F)(F)F)nn23)c1,8.52,CHEMBL421826,IC50,1
Cc1cccc(-c2cc(C(F)(F)F)nn2-c2ccc(S(N)(=O)=O)c(CO)c2)c1,6.14,CHEMBL342770,IC50,0
Cc1cccc(-c2cc(C(F)(F)F)nn2-c2ccc(S(N)(=O)=O)cc2)c1,6.96,CHEMBL29923,IC50,1
Cc1cccc(-c2nc(C(F)(F)F)cn2-c2ccc(S(C)(=O)=O)cc2)c1,7.18,CHEMBL46712,IC50,1
Cc1cccc(-c2nc(C(F)(F)F)cn2-c2ccc(S(C)(=O)=O)cc2)n1,5.54,CHEMBL320961,IC50,0
Cc1cccc(-c2nc(C(F)(F)F)cn2-c2ccc(S(N)(=O)=O)cc2)c1,7.52,CHEMBL42398,IC50,1
Cc1cccc(-c2nc(C(F)(F)F)cn2-c2ccc(S(N)(=O)=O)cc2)n1,6.38,CHEMBL110331,IC50,0
Cc1cccc(-n2c(-c3ccc(S(N)(=O)=O)cc3)c(C)oc2=O)c1,6.03,CHEMBL303023,IC50,0
Cc1cccc(-n2c(-c3ccc(S(N)(=O)=O)cc3)coc2=O)c1,6.29,CHEMBL304054,IC50,0
Cc1cccc(C)c1Nc1ccccc1CC(=O)O,7.33,CHEMBL76154,IC50,1
Cc1cccc(CNc2cc(C(F)(F)F)nc(-c3ccc(S(C)(=O)=O)cc3)n2)c1,5.71,CHEMBL272587,IC50,0
Cc1cccc(Cl)c1Nc1ccccc1CC(=O)O,7.7,CHEMBL76084,IC50,1
Cc1cccc(OC2=C(c3ccc(S(C)(=O)=O)cc3)C(C)(C)OC2=O)c1,7.125,CHEMBL110392,IC50,1
Cc1cccc(Oc2c(-c3ccc(S(C)(=O)=O)cc3)oc(C)cc2=O)c1,5.87,CHEMBL126404,IC50,0
Cc1ccccc1-c1cc(C(F)(F)F)nn1-c1ccc(S(N)(=O)=O)cc1,7.16,CHEMBL28599,IC50,1
Cc1ccccc1-c1nc(C(F)(F)F)cn1-c1ccc(S(C)(=O)=O)cc1,6.1,CHEMBL44466,IC50,0
Cc1ccccc1-c1nc(C(F)(F)F)cn1-c1ccc(S(N)(=O)=O)cc1,6.7,CHEMBL294967,IC50,1
Cc1ccccc1-n1c(-c2ccc(S(N)(=O)=O)cc2)coc1=O,5.01,CHEMBL69261,IC50,0
Cc1ccccc1CNc1cc(C(F)(F)F)nc(-c2ccc(S(C)(=O)=O)cc2)n1,5.24,CHEMBL272605,IC50,0
Cc1ccccc1Cn1ncc(-c2ccc(S(C)(=O)=O)cc2)c(-c2ccccc2)c1=O,6.46,CHEMBL158236,IC50,0
Cc1ccccc1OC1=C(c2ccc(S(C)(=O)=O)cc2)C(C)(C)OC1=O,7.35,CHEMBL109047,IC50,1
Cc1ccccc1Sc1cc2c(cc1NS(C)(=O)=O)CCC2=O,7.0,CHEMBL144675,IC50,1
Cc1cccnc1-c1nc(C(F)(F)F)cn1-c1ccc(S(C)(=O)=O)cc1,5.24,CHEMBL323277,IC50,0
Cc1cccnc1-c1nc(C(F)(F)F)cn1-c1ccc(S(N)(=O)=O)cc1,5.805,CHEMBL321016,IC50,0
Cc1ccn2nc(-c3ccc(S(C)(=O)=O)cc3)c(-c3ccc(F)cc3)c2n1,6.3,CHEMBL123700,IC50,0
Cc1ccnc(-c2nc(C(F)(F)F)cn2-c2ccc(S(C)(=O)=O)cc2)c1,6.28,CHEMBL321216,IC50,0
Cc1ccnc(-c2nc(C(F)(F)F)cn2-c2ccc(S(N)(=O)=O)cc2)c1,6.36,CHEMBL108961,IC50,0
Cc1ccnc2c(-c3ccc(F)cc3)c(-c3ccc(S(C)(=O)=O)cc3)nn12,7.92,CHEMBL120608,IC50,1
Cc1ccncc1-c1c(Cl)ncn1-c1ccc(S(C)(=O)=O)cc1,6.55,CHEMBL116253,IC50,1
Cc1ccncc1-c1cc(F)c(F)cc1-c1ccc(S(C)(=O)=O)cc1,6.77,CHEMBL110612,IC50,1
Cc1ccncc1-c1nc(C(F)(F)F)cn1-c1ccc(S(C)(=O)=O)cc1,4.27,CHEMBL320986,IC50,0
Cc1ccncc1-c1nc(C(F)(F)F)cn1-c1ccc(S(N)(=O)=O)cc1,4.29,CHEMBL326005,IC50,0
Cc1ccncc1-c1ncc(Cl)cc1-c1ccc(S(C)(=O)=O)cc1,5.825,CHEMBL92233,IC50,0
Cc1ccncc1C1=C(c2ccc(S(C)(=O)=O)cc2)CCC1=O,6.355,CHEMBL276976,IC50,0
Cc1ccsc1-c1nc(C(F)(F)F)cn1-c1ccc(S(C)(=O)=O)cc1,5.96,CHEMBL110876,IC50,0
Cc1ccsc1CNc1cc(C(F)(F)F)nc(-c2ccc(S(C)(=O)=O)cc2)n1,6.28,CHEMBL403099,IC50,0
Cc1cn(-c2ccc(S(C)(=O)=O)cc2)c(-c2ccc(Cl)cc2)n1,6.62,CHEMBL46761,IC50,1
Cc1cn(-c2ccc(S(C)(=O)=O)cc2)c(-c2cccnc2)n1,4.1,CHEMBL110448,IC50,0
Cc1cn2c(-c3ccc(S(C)(=O)=O)cc3)c(-c3ccccc3)nc2s1,6.34,CHEMBL358609,IC50,0
Cc1cn2c(-c3ccccc3)c(-c3ccc(S(C)(=O)=O)cc3)nc2s1,6.85,CHEMBL149040,IC50,1
Cc1cn2nc(-c3ccc(S(C)(=O)=O)cc3)c(-c3ccc(F)cc3)c2nc1C,5.67,CHEMBL120467,IC50,0
Cc1cnc(-c2cccnc2)c(-c2ccc(S(C)(=O)=O)cc2)c1,6.07,CHEMBL329120,IC50,0
Cc1cnc(NC(=O)C2C(=O)c3ccccc3S(=O)(=O)N2C)s1,6.423333333333333,CHEMBL599,IC50,0
Cc1cnc(NC(=O)C2C(=O)c3sccc3S(=O)(=O)N2C)s1,6.29,CHEMBL367739,IC50,0
Cc1cnc(Sc2cc3c(cc2NS(C)(=O)=O)CCC3=O)s1,5.9399999999999995,CHEMBL43402,IC50,0
Cc1cnc2c(-c3ccc(F)cc3)c(-c3ccc(S(C)(=O)=O)cc3)nn2c1,6.57,CHEMBL122357,IC50,1
Cc1cnc2c(-c3ccc(F)cc3)c(-c3ccc(S(C)(=O)=O)cc3)nn2c1C,7.92,CHEMBL331921,IC50,1
Cc1cncc(-c2nc(C(F)(F)F)cn2-c2ccc(S(C)(=O)=O)cc2)c1,5.745,CHEMBL322136,IC50,0
Cc1cncc(-c2nc(C(F)(F)F)cn2-c2ccc(S(N)(=O)=O)cc2)c1,6.29,CHEMBL105766,IC50,0
Cc1cncc(-c2ncc(Cl)cc2-c2ccc(S(C)(=O)=O)cc2)c1,6.24,CHEMBL96947,IC50,0
Cc1cnn(-c2ccc(S(N)(=O)=O)cc2)c1-c1ccccc1,4.33,CHEMBL280573,IC50,0
Cc1csc(-c2nc(C(F)(F)F)cn2-c2ccc(S(N)(=O)=O)cc2)n1,6.96,CHEMBL109017,IC50,1
Cc1csc(NC(=O)C2C(=O)c3ccccc3S(=O)(=O)N2C)n1,6.08,CHEMBL367864,IC50,0
Cc1csc(Sc2cc3c(cc2NS(C)(=O)=O)CCC3=O)n1,6.97,CHEMBL37414,IC50,1
Cc1csc(Sc2cc3c(cc2NS(C)(=O)=O)COC3=O)n1,6.265000000000001,CHEMBL43520,IC50,0
Cc1csc2nc(-c3ccc(S(C)(=O)=O)cc3)c(-c3ccccc3)n12,6.0,CHEMBL149167,IC50,0
Cc1csc2nc(-c3ccccc3)c(-c3ccc(S(C)(=O)=O)cc3)n12,5.52,CHEMBL149076,IC50,0
Cc1nc(-c2ccc(C)s2)c(-c2ccc(S(C)(=O)=O)cc2)o1,7.4,CHEMBL348041,IC50,1
Cc1nc(-c2ccc(C)s2)c(-c2ccc(S(N)(=O)=O)c(F)c2)o1,7.58,CHEMBL284761,IC50,1
Cc1nc(-c2ccc(C)s2)c(-c2ccc(S(N)(=O)=O)cc2)o1,7.92,CHEMBL38368,IC50,1
Cc1nc(-c2ccc(Cl)cc2)c(-c2ccc(S(N)(=O)=O)cc2)s1,8.3,CHEMBL278492,IC50,1
Cc1nc(-c2ccc(Cl)s2)c(-c2ccc(S(C)(=O)=O)cc2)o1,7.52,CHEMBL158493,IC50,1
Cc1nc(-c2ccc(Cl)s2)c(-c2ccc(S(N)(=O)=O)cc2)o1,7.7,CHEMBL350422,IC50,1
Cc1nc(-c2ccc(F)cc2)c(-c2ccc(S(C)(=O)=O)cc2)o1,7.16,CHEMBL351914,IC50,1
Cc1nc(-c2ccc(F)cc2)c(-c2ccc(S(C)(=O)=O)cc2)s1,6.734999999999999,CHEMBL16850,IC50,1
Cc1nc(-c2ccc(F)cc2)c(-c2ccc(S(N)(=O)=O)c(F)c2)o1,7.4,CHEMBL289653,IC50,1
Cc1nc(-c2ccc(F)cc2)c(-c2ccc(S(N)(=O)=O)cc2)o1,7.66,CHEMBL290192,IC50,1
Cc1nc(-c2ccc(S(C)(=O)=O)cc2)c(-c2ccc(Cl)s2)o1,5.92,CHEMBL158509,IC50,0
Cc1nc(-c2ccc(S(C)(=O)=O)cc2)c(-c2ccc(F)cc2)o1,5.68,CHEMBL348348,IC50,0
Cc1nc(-c2ccc(S(C)(=O)=O)cc2)c(-c2ccc(F)cc2)s1,6.715,CHEMBL274473,IC50,1
Cc1nc(-c2ccc(S(N)(=O)=O)cc2)c(-c2ccc(Br)cc2)s1,7.62,CHEMBL280093,IC50,1
Cc1nc(-c2ccc(S(N)(=O)=O)cc2)c(-c2ccc(Cl)cc2)s1,7.75,CHEMBL17075,IC50,1
Cc1nc(-c2ccc(S(N)(=O)=O)cc2)c(-c2ccccc2)s1,7.54,CHEMBL17062,IC50,1
Cc1nc(-c2ccccc2)c(-c2ccc(S(C)(=O)=O)cc2)o1,7.05,CHEMBL350549,IC50,1
Cc1nc(-c2ccccc2)c(-c2ccc(S(N)(=O)=O)cc2)s1,7.42,CHEMBL17101,IC50,1
Cc1nc(-c2nc(C(F)(F)F)cn2-c2ccc(S(=O)(=O)N(C)C)cc2)co1,5.38,CHEMBL326024,IC50,0
Cc1nc(-c2nc(C(F)(F)F)cn2-c2ccc(S(C)(=O)=O)cc2)co1,5.38,CHEMBL419561,IC50,0
Cc1nc(-c2nc(C(F)(F)F)cn2-c2ccc(S(C)(=O)=O)cc2)cs1,6.03,CHEMBL326639,IC50,0
Cc1nc(-c2nc(C(F)(F)F)cn2-c2ccc(S(N)(=O)=O)cc2)cs1,6.28,CHEMBL109143,IC50,0
Cc1nc(C2CCCC2)c(-c2ccc(S(C)(=O)=O)cc2)o1,4.75,CHEMBL350815,IC50,0
Cc1nc(C2CCCCC2)c(-c2ccc(S(C)(=O)=O)cc2)o1,7.16,CHEMBL161677,IC50,1
Cc1nc(C2CCCCC2)c(-c2ccc(S(N)(=O)=O)c(C)c2)o1,5.7,CHEMBL35783,IC50,0
Cc1nc(C2CCCCC2)c(-c2ccc(S(N)(=O)=O)c(F)c2)o1,7.07,CHEMBL34913,IC50,1
Cc1nc(C2CCCCC2)c(-c2ccc(S(N)(=O)=O)c(N)c2)o1,6.03,CHEMBL416589,IC50,0
Cc1nc(C2CCCCC2)c(-c2ccc(S(N)(=O)=O)c(O)c2)o1,4.71,CHEMBL35685,IC50,0
Cc1nc(C2CCCCC2)c(-c2ccc(S(N)(=O)=O)cc2)o1,7.16,CHEMBL290031,IC50,1
Cc1nc(C2CCCCCC2)c(-c2ccc(S(C)(=O)=O)cc2)o1,6.55,CHEMBL161728,IC50,1
Cc1nc(Sc2cc3c(cc2NS(C)(=O)=O)CCC3=O)sc1C,5.77,CHEMBL39013,IC50,0
Cc1nc2c(-c3ccc(F)cc3)c(-c3ccc(S(C)(=O)=O)cc3)nn2c(C)c1C,6.72,CHEMBL332169,IC50,1
Cc1nc2sc(-c3ccc(S(C)(=O)=O)cc3)c(-c3cccc(F)c3)n2n1,5.835,CHEMBL348104,IC50,0
Cc1nc2sc(-c3ccc(S(C)(=O)=O)cc3)c(-c3ccccc3)n2n1,6.35,CHEMBL348087,IC50,0
Cc1ncc(-c2ccc(S(C)(=O)=O)cc2)n1-c1ccc(F)cc1,7.29,CHEMBL116343,IC50,1
Cc1ncc(-c2nc(C(F)(F)F)cn2-c2ccc(S(N)(=O)=O)cc2)s1,6.37,CHEMBL320926,IC50,0
Cc1ncccc1-c1nc(C(F)(F)F)cn1-c1ccc(S(C)(=O)=O)cc1,5.02,CHEMBL110574,IC50,0
Cc1ncccc1-c1nc(C(F)(F)F)cn1-c1ccc(S(N)(=O)=O)cc1,5.55,CHEMBL110145,IC50,0
Cc1ncccc1-c1ncc(Cl)cc1-c1ccc(S(C)(=O)=O)cc1,5.73,CHEMBL96950,IC50,0
Cc1ncn(-c2ccc(S(C)(=O)=O)cc2)c1-c1ccc(F)cc1,6.84,CHEMBL324957,IC50,1
Cc1nn(-c2ccc(S(N)(=O)=O)cc2)c(-c2ccccc2)c1Cl,7.55,CHEMBL283086,IC50,1
Cc1nn(-c2ccc(S(N)(=O)=O)cc2)c2c1c(=O)[nH]c1ccc([N+](=O)[O-])cc12,6.62,CHEMBL414437,IC50,1
Cc1nn(-c2ccccc2)c2c1c(=O)[nH]c1ccc([N+](=O)[O-])cc12,6.26,CHEMBL345108,IC50,0
Cc1oc(=O)n(-c2ccc(Cl)c(Cl)c2)c1-c1ccc(S(N)(=O)=O)cc1,6.64,CHEMBL419268,IC50,1
Cc1oc(=O)n(-c2ccc(F)cc2)c1-c1ccc(S(N)(=O)=O)cc1,6.29,CHEMBL71372,IC50,0
Cc1oc(=O)n(-c2ccccc2)c1-c1ccc(S(N)(=O)=O)cc1,5.75,CHEMBL72859,IC50,0
Cc1onc(-c2ccccc2)c1-c1ccc(S(=O)(=O)NO)cc1,5.96,CHEMBL254418,IC50,0
Cc1onc(-c2ccccc2)c1-c1ccc(S(N)(=O)=O)cc1,7.735,CHEMBL865,IC50,1
Cc1onc(-c2ccccc2)c1-c1ccccc1,5.6,CHEMBL365033,IC50,0
Cc1sc2nc(-c3ccccc3)c(-c3ccc(S(C)(=O)=O)cc3)n2c1C,5.3,CHEMBL358482,IC50,0
Clc1ccc(-c2nn(-c3ccc(Cl)cc3)c3c2CCCCC3)cc1,5.0,CHEMBL154589,IC50,0
Clc1ccc(-c2nn(-c3ccccc3)c3c2CCC3)cc1,5.59,CHEMBL157616,IC50,0
Clc1ccc(-c2nn(-c3ccccc3)c3c2CCCC3)cc1,6.21,CHEMBL156256,IC50,0
Clc1ccc(-c2nn(-c3ccccc3)c3c2CCCCC3)cc1,6.85,CHEMBL155658,IC50,1
Cn1c(Br)c(Br)c(-c2ccc(F)cc2)c1-c1ccc(S(C)(=O)=O)cc1,4.25,CHEMBL127203,IC50,0
Cn1c(Br)cc(-c2ccc(F)cc2)c1-c1ccc(S(C)(=O)=O)cc1,4.45,CHEMBL129861,IC50,0
Cn1c(Cl)c(Cl)c(-c2ccc(F)cc2)c1-c1ccc(S(C)(=O)=O)cc1,4.6,CHEMBL127494,IC50,0
Cn1c(O)c(C(=O)Nc2ccc(Cl)cc2)c2ccccc2c1=O,7.34,CHEMBL174990,IC50,1
Cn1c(O)c(C(=O)Nc2ccc(Cl)cc2Cl)c2cc(Cl)ccc2c1=O,6.7,CHEMBL177808,IC50,1
Cn1c(O)c(C(=O)Nc2ccccc2)c2ccccc2c1=O,6.77,CHEMBL368468,IC50,1
Cn1cc(-c2nc(C(F)(F)F)cn2-c2ccc(S(C)(=O)=O)cc2)c2ccccc21,5.96,CHEMBL323954,IC50,0
Cn1ccc(-c2ccc(F)cc2)c1-c1ccc(S(C)(=O)=O)cc1,4.7,CHEMBL129308,IC50,0
Cn1cccc1C(=O)c1cc(C(C)(C)C)c2c(c1)C(C)(C)CO2,7.35,CHEMBL119720,IC50,1
Cn1cccc1CCNc1cc(C(F)(F)F)nc(-c2ccc(S(C)(=O)=O)cc2)n1,5.4,CHEMBL271572,IC50,0
Cn1cccc1CNc1cc(C(F)(F)F)nc(-c2ccc(S(C)(=O)=O)cc2)n1,7.145,CHEMBL270730,IC50,1
Cn1ncc(-c2ccc(S(C)(=O)=O)cc2)c(-c2ccccc2)c1=O,5.6,CHEMBL154907,IC50,0
FC(F)(F)c1cc(-c2ccc(Cl)cc2)n(-c2ccc(Cl)cc2)n1,5.32,CHEMBL284914,IC50,0
Fc1ccc(-c2[nH]c(-c3ccc(F)cc3)c3c2C2CCC3C2)cc1,10.1,CHEMBL143776,IC50,1
Fc1ccc(-c2[nH]c(-c3ccc(F)cc3)c3c2C2CCC3CC2)cc1,9.92,CHEMBL140167,IC50,1
N#CCc1cc(-c2ccc(Cl)cc2)n(-c2ccc(S(N)(=O)=O)cc2)n1,6.92,CHEMBL286756,IC50,1
N#Cc1cc(-c2ccc(F)cc2)n(-c2ccc(S(N)(=O)=O)cc2)n1,6.47,CHEMBL29136,IC50,0
N#Cc1cc(/C=C/S(N)(=O)=O)cc(C(=O)c2ccccc2)c1,5.25,CHEMBL151710,IC50,0
N#Cc1ccc(-c2cc(C(F)F)nn2-c2ccc(S(N)(=O)=O)cc2)cc1,4.53,CHEMBL281504,IC50,0
N#Cc1nn(-c2ccc(S(N)(=O)=O)cc2)c(-c2ccc(Cl)cc2)c1Cl,8.0,CHEMBL29840,IC50,1
N#Cc1nn(-c2ccc(S(N)(=O)=O)cc2)c2c1SCc1cc(F)ccc1-2,6.85,CHEMBL95022,IC50,1
NC(=O)c1nn(-c2ccc(S(N)(=O)=O)cc2)c(-c2ccc(Cl)cc2)c1Cl,5.96,CHEMBL287170,IC50,0
NS(=O)(=O)/C=C/c1cc(CO)cc(C(=O)c2ccccc2)c1,5.01,CHEMBL151535,IC50,0
NS(=O)(=O)/C=C/c1ccc(C(=O)c2ccccc2)cc1CO,5.08,CHEMBL151590,IC50,0
NS(=O)(=O)c1ccc(-c2[nH]c3ccc(Br)cc3c2-c2ccccc2)cc1,8.3,CHEMBL502286,IC50,1
NS(=O)(=O)c1ccc(-c2[nH]c3ccc(Cl)cc3c2-c2ccc(Cl)cc2)cc1,9.27,CHEMBL500674,IC50,1
NS(=O)(=O)c1ccc(-c2[nH]c3ccc(Cl)cc3c2-c2cccc(Cl)c2)cc1,8.5,CHEMBL524542,IC50,1
NS(=O)(=O)c1ccc(-c2[nH]c3ccc(Cl)cc3c2-c2ccccc2)cc1,9.85,CHEMBL499349,IC50,1
NS(=O)(=O)c1ccc(-c2[nH]c3ccc(Cl)cc3c2-c2ccccc2Cl)cc1,7.0,CHEMBL500935,IC50,1
NS(=O)(=O)c1ccc(-c2[nH]c3ccc(F)cc3c2-c2ccccc2)cc1,8.7,CHEMBL499348,IC50,1
NS(=O)(=O)c1ccc(-c2[nH]c3ccccc3c2-c2ccc(Br)cc2)cc1,8.08,CHEMBL499041,IC50,1
NS(=O)(=O)c1ccc(-c2[nH]c3ccccc3c2-c2ccc(Cl)cc2)cc1,7.47,CHEMBL524662,IC50,1
NS(=O)(=O)c1ccc(-c2[nH]c3ccccc3c2-c2ccc(F)cc2)cc1,8.29,CHEMBL499347,IC50,1
NS(=O)(=O)c1ccc(-c2[nH]c3ccccc3c2-c2ccc(O)cc2)cc1,8.19,CHEMBL526370,IC50,1
NS(=O)(=O)c1ccc(-c2[nH]c3ccccc3c2-c2ccccc2)cc1,10.05,CHEMBL500936,IC50,1
NS(=O)(=O)c1ccc(-c2c(-c3ccc(OC(F)(F)F)cc3)nn3ncccc23)cc1,6.41,CHEMBL360182,IC50,0
NS(=O)(=O)c1ccc(-c2c(-c3ccccc3)noc2CCF)cc1,8.1,CHEMBL196041,IC50,1
NS(=O)(=O)c1ccc(-c2c(-c3ccccc3)noc2CF)cc1,8.7,CHEMBL371477,IC50,1
NS(=O)(=O)c1ccc(-c2c(-c3ccccc3)noc2CO)cc1,6.746666666666667,CHEMBL1147,IC50,1
NS(=O)(=O)c1ccc(-c2cc(C(F)(F)F)nn2-c2ccc(F)cc2)cc1,8.0,CHEMBL29257,IC50,1
NS(=O)(=O)c1ccc(-c2cc(F)c(F)cc2-c2ccc(F)c(Cl)c2)cc1,8.7,CHEMBL52820,IC50,1
NS(=O)(=O)c1ccc(-c2cc(F)c(F)cc2-c2ccc(F)cc2)cc1,8.4,CHEMBL296384,IC50,1
NS(=O)(=O)c1ccc(-c2cc(F)c(F)cc2-c2ccc3c(c2)OCCO3)cc1,7.495,CHEMBL55395,IC50,1
NS(=O)(=O)c1ccc(-c2cc(F)c(F)cc2-c2ccc3c(c2)OCO3)cc1,8.4,CHEMBL300600,IC50,1
NS(=O)(=O)c1ccc(-c2cc3c(cc2Cc2ccccc2)OCO3)cc1,7.3,CHEMBL151042,IC50,1
NS(=O)(=O)c1ccc(-c2ccc(F)c(F)c2-c2ccc(F)c(Cl)c2)cc1,8.7,CHEMBL362779,IC50,1
NS(=O)(=O)c1ccc(-c2ccc(F)c(F)c2-c2ccc(F)cc2)cc1,8.4,CHEMBL185163,IC50,1
NS(=O)(=O)c1ccc(-c2ccc(F)c(F)c2-c2ccc3c(c2)OCCO3)cc1,7.49,CHEMBL186634,IC50,1
NS(=O)(=O)c1ccc(-c2ccc(F)c(F)c2-c2ccc3c(c2)OCO3)cc1,8.4,CHEMBL365883,IC50,1
NS(=O)(=O)c1ccc(-c2ccccc2-c2ccc(Cl)cc2)cc1,8.22,CHEMBL52402,IC50,1
NS(=O)(=O)c1ccc(-c2ccccc2-c2ccc(F)c(Cl)c2)cc1,7.77,CHEMBL54412,IC50,1
NS(=O)(=O)c1ccc(-c2ccccc2-c2ccc(F)cc2)cc1,7.21,CHEMBL294715,IC50,1
NS(=O)(=O)c1ccc(-c2ccsc2-c2ccc(F)cc2)cc1,7.52,CHEMBL303688,IC50,1
NS(=O)(=O)c1ccc(-c2coc(=O)n2-c2ccc(C(=O)O)cc2)cc1,4.23,CHEMBL307606,IC50,0
NS(=O)(=O)c1ccc(-c2coc(=O)n2-c2ccc(C(F)(F)F)cc2)cc1,5.7,CHEMBL304810,IC50,0
NS(=O)(=O)c1ccc(-c2coc(=O)n2-c2ccc(Cl)c(Cl)c2)cc1,6.4,CHEMBL304560,IC50,0
NS(=O)(=O)c1ccc(-c2coc(=O)n2-c2ccc(Cl)cc2)cc1,5.92,CHEMBL70858,IC50,0
NS(=O)(=O)c1ccc(-c2coc(=O)n2-c2ccc(F)cc2)cc1,5.82,CHEMBL70921,IC50,0
NS(=O)(=O)c1ccc(-c2coc(=O)n2-c2ccc(F)cc2F)cc1,5.64,CHEMBL69557,IC50,0
NS(=O)(=O)c1ccc(-c2coc(=O)n2-c2cccc(Cl)c2)cc1,5.82,CHEMBL307197,IC50,0
NS(=O)(=O)c1ccc(-c2coc(=O)n2-c2cccc3ccccc23)cc1,5.33,CHEMBL305505,IC50,0
NS(=O)(=O)c1ccc(-c2coc(=O)n2-c2ccccc2)cc1,5.62,CHEMBL71052,IC50,0
NS(=O)(=O)c1ccc(-c2coc(=O)n2-c2ccccc2Cl)cc1,5.19,CHEMBL71010,IC50,0
NS(=O)(=O)c1ccc(-c2coc(=O)n2-c2ccccc2F)cc1,5.66,CHEMBL430783,IC50,0
NS(=O)(=O)c1ccc(-c2coc(=O)n2C2CCCCC2)cc1,4.72,CHEMBL432335,IC50,0
NS(=O)(=O)c1ccc(-c2cscc2-c2ccc(F)cc2)cc1,8.1,CHEMBL316823,IC50,1
NS(=O)(=O)c1ccc(-c2nc(NCC3CCCCC3)cc(C(F)(F)F)n2)cc1,6.12,CHEMBL408897,IC50,0
NS(=O)(=O)c1ccc(-c2nc(NCc3cc4ccccc4s3)cc(C(F)(F)F)n2)cc1,7.335,CHEMBL442706,IC50,1
NS(=O)(=O)c1ccc(-c2nc(NCc3ccccc3)cc(C(F)(F)F)n2)cc1,5.4,CHEMBL410524,IC50,0
NS(=O)(=O)c1ccc(-c2nc(NCc3ccccn3)cc(C(F)(F)F)n2)cc1,5.52,CHEMBL407712,IC50,0
NS(=O)(=O)c1ccc(-c2nc(NCc3ccco3)cc(C(F)(F)F)n2)cc1,6.695,CHEMBL409468,IC50,1
NS(=O)(=O)c1ccc(-c2nc(NCc3cccs3)cc(C(F)(F)F)n2)cc1,7.225,CHEMBL271337,IC50,1
NS(=O)(=O)c1ccc(-c2nc(NCc3ccncc3)cc(C(F)(F)F)n2)cc1,5.6,CHEMBL406528,IC50,0
NS(=O)(=O)c1ccc(-c2nc(NCc3ccsc3)cc(C(F)(F)F)n2)cc1,7.215,CHEMBL408215,IC50,1
NS(=O)(=O)c1ccc(-c2nc(NCc3csc4ccccc34)cc(C(F)(F)F)n2)cc1,5.0,CHEMBL270351,IC50,0
NS(=O)(=O)c1ccc(-c2nc3ccccc3n2-c2ccc(Cl)cc2)cc1,6.7,CHEMBL436116,IC50,1
NS(=O)(=O)c1ccc(-c2oc3ccccc3c2-c2ccc(F)cc2)cc1,8.15,CHEMBL77714,IC50,1
NS(=O)(=O)c1ccc(-c2sc(-c3ccccc3Cl)nc2-c2ccc(F)cc2)cc1,7.89,CHEMBL17739,IC50,1
NS(=O)(=O)c1ccc(-c2sc(COc3cc(Cl)cc(Cl)c3)nc2-c2ccc(F)cc2)cc1,8.05,CHEMBL276324,IC50,1
NS(=O)(=O)c1ccc(-c2sccc2-c2ccc(F)cc2)cc1,6.17,CHEMBL67447,IC50,0
NS(=O)(=O)c1ccc(-n2cc(C(F)(F)F)nc2-c2ccc(Cl)cc2)cc1,8.0,CHEMBL45192,IC50,1
NS(=O)(=O)c1ccc(-n2cc(C(F)(F)F)nc2-c2ccc(F)c(F)c2)cc1,7.52,CHEMBL296571,IC50,1
NS(=O)(=O)c1ccc(-n2cc(C(F)(F)F)nc2-c2ccc(F)cc2)cc1,8.0,CHEMBL46623,IC50,1
NS(=O)(=O)c1ccc(-n2cc(C(F)(F)F)nc2-c2cccc(Br)c2)cc1,8.15,CHEMBL46584,IC50,1
NS(=O)(=O)c1ccc(-n2cc(C(F)(F)F)nc2-c2cccc(Cl)c2)cc1,8.1,CHEMBL298269,IC50,1
NS(=O)(=O)c1ccc(-n2cc(C(F)(F)F)nc2-c2cccc(F)c2)cc1,7.52,CHEMBL43672,IC50,1
NS(=O)(=O)c1ccc(-n2cc(C(F)(F)F)nc2-c2ccccc2)cc1,7.4,CHEMBL296984,IC50,1
NS(=O)(=O)c1ccc(-n2cc(C(F)(F)F)nc2-c2ccccc2F)cc1,7.0,CHEMBL44926,IC50,1
NS(=O)(=O)c1ccc(-n2cc(C(F)(F)F)nc2-c2cccnc2)cc1,6.36,CHEMBL108452,IC50,0
NS(=O)(=O)c1ccc(-n2cc(C(F)(F)F)nc2-c2cccs2)cc1,7.155,CHEMBL321156,IC50,1
NS(=O)(=O)c1ccc(-n2cc(C(F)(F)F)nc2-c2cncc(Br)c2)cc1,6.47,CHEMBL106023,IC50,0
NS(=O)(=O)c1ccc(-n2cc(C(F)F)nc2-c2cccnc2)cc1,5.74,CHEMBL321407,IC50,0
NS(=O)(=O)c1ccc(-n2cccc2-c2ccc(F)cc2)cc1,7.85,CHEMBL43511,IC50,1
NS(=O)(=O)c1ccc(-n2cnc(Cl)c2-c2cc(Cl)cc(Cl)c2)cc1,8.7,CHEMBL419407,IC50,1
NS(=O)(=O)c1ccc(-n2cnc(Cl)c2-c2ccc(Cl)nc2)cc1,7.38,CHEMBL117306,IC50,1
NS(=O)(=O)c1ccc(-n2cnc(Cl)c2-c2ccc(F)cc2)cc1,7.75,CHEMBL326270,IC50,1
NS(=O)(=O)c1ccc(-n2cnc(Cl)c2-c2ccc(OCCCO[N+](=O)[O-])c(F)c2)cc1,4.8,CHEMBL376246,IC50,0
NS(=O)(=O)c1ccc(-n2cnc(Cl)c2-c2ccc(OCCO)c(F)c2)cc1,4.7,CHEMBL220113,IC50,0
NS(=O)(=O)c1ccc(-n2cnc(Cl)c2-c2ccc(OCCO[N+](=O)[O-])c(F)c2)cc1,4.54,CHEMBL223529,IC50,0
NS(=O)(=O)c1ccc(-n2cnc(Cl)c2-c2ccccc2)cc1,8.05,CHEMBL118064,IC50,1
NS(=O)(=O)c1ccc(-n2nc(-c3ccc(Cl)s3)cc2-c2ccc(Cl)cc2)cc1,7.28,CHEMBL283633,IC50,1
NS(=O)(=O)c1ccc(-n2nc(C(=O)Nc3cccc(Cl)c3)cc2-c2ccc(F)cc2)cc1,7.25,CHEMBL283497,IC50,1
NS(=O)(=O)c1ccc(-n2nc(C(=O)O)c(Cl)c2-c2ccc(Cl)cc2)cc1,4.16,CHEMBL28545,IC50,0
NS(=O)(=O)c1ccc(-n2nc(C(F)(F)F)c(Cl)c2-c2ccc(Cl)cc2)cc1,8.28,CHEMBL280636,IC50,1
NS(=O)(=O)c1ccc(-n2nc(C(F)(F)F)c(F)c2-c2ccccc2)cc1,8.77,CHEMBL29766,IC50,1
NS(=O)(=O)c1ccc(-n2nc(C(F)(F)F)c(O)c2-c2ccccc2)cc1,5.45,CHEMBL282752,IC50,0
NS(=O)(=O)c1ccc(-n2nc(C(F)(F)F)c3c2-c2cc(F)c(F)cc2CS3)cc1,8.22,CHEMBL97059,IC50,1
NS(=O)(=O)c1ccc(-n2nc(C(F)(F)F)c3c2-c2cc(F)ccc2CS3)cc1,7.68,CHEMBL411894,IC50,1
NS(=O)(=O)c1ccc(-n2nc(C(F)(F)F)c3c2-c2ccc(F)c(F)c2CS3)cc1,8.22,CHEMBL363574,IC50,1
NS(=O)(=O)c1ccc(-n2nc(C(F)(F)F)c3c2-c2ccc(F)cc2CS3)cc1,7.4,CHEMBL316455,IC50,1
NS(=O)(=O)c1ccc(-n2nc(C(F)(F)F)c3c2-c2cccc(F)c2CS3)cc1,7.68,CHEMBL365778,IC50,1
NS(=O)(=O)c1ccc(-n2nc(C(F)(F)F)c3c2-c2ccccc2CC3)cc1,5.96,CHEMBL94935,IC50,0
NS(=O)(=O)c1ccc(-n2nc(C(F)(F)F)c3c2-c2ccccc2CS3)cc1,7.7,CHEMBL329919,IC50,1
NS(=O)(=O)c1ccc(-n2nc(C(F)(F)F)c3c2-c2ccccc2OC3)cc1,5.88,CHEMBL95021,IC50,0
NS(=O)(=O)c1ccc(-n2nc(C(F)(F)F)c3c2-c2ccccc2SC3)cc1,6.34,CHEMBL273420,IC50,0
NS(=O)(=O)c1ccc(-n2nc(C(F)(F)F)cc2-c2cc3ccccc3o2)cc1,6.05,CHEMBL29562,IC50,0
NS(=O)(=O)c1ccc(-n2nc(C(F)(F)F)cc2-c2ccc(Br)cc2)cc1CO,6.23,CHEMBL147607,IC50,0
NS(=O)(=O)c1ccc(-n2nc(C(F)(F)F)cc2-c2ccc(Br)s2)cc1,7.92,CHEMBL29472,IC50,1
NS(=O)(=O)c1ccc(-n2nc(C(F)(F)F)cc2-c2ccc(C(=O)O)cc2)cc1,4.95,CHEMBL743,IC50,0
NS(=O)(=O)c1ccc(-n2nc(C(F)(F)F)cc2-c2ccc(C(F)(F)F)cc2)cc1,5.08,CHEMBL285831,IC50,0
NS(=O)(=O)c1ccc(-n2nc(C(F)(F)F)cc2-c2ccc(CO)cc2)cc1,4.03,CHEMBL745,IC50,0
NS(=O)(=O)c1ccc(-n2nc(C(F)(F)F)cc2-c2ccc(Cl)c(Cl)c2)cc1,7.82,CHEMBL29717,IC50,1
NS(=O)(=O)c1ccc(-n2nc(C(F)(F)F)cc2-c2ccc(Cl)cc2)cc1,8.0,CHEMBL282093,IC50,1
NS(=O)(=O)c1ccc(-n2nc(C(F)(F)F)cc2-c2ccc(Cl)cc2)cc1CO,6.15,CHEMBL148428,IC50,0
NS(=O)(=O)c1ccc(-n2nc(C(F)(F)F)cc2-c2ccc(Cl)cc2Cl)cc1,7.25,CHEMBL281978,IC50,1
NS(=O)(=O)c1ccc(-n2nc(C(F)(F)F)cc2-c2ccc(Cl)s2)cc1,7.585,CHEMBL283177,IC50,1
NS(=O)(=O)c1ccc(-n2nc(C(F)(F)F)cc2-c2ccc(F)cc2)cc1,7.39,CHEMBL28527,IC50,1
NS(=O)(=O)c1ccc(-n2nc(C(F)(F)F)cc2-c2ccc(F)cc2)cc1CO,5.7,CHEMBL356283,IC50,0
NS(=O)(=O)c1ccc(-n2nc(C(F)(F)F)cc2-c2ccc([N+](=O)[O-])cc2)cc1,5.580000000000001,CHEMBL28664,IC50,0
NS(=O)(=O)c1ccc(-n2nc(C(F)(F)F)cc2-c2ccc3c(c2)CCC3)cc1,7.51,CHEMBL29500,IC50,1
NS(=O)(=O)c1ccc(-n2nc(C(F)(F)F)cc2-c2ccc3c(c2)CCCS3)cc1,6.64,CHEMBL29469,IC50,1
NS(=O)(=O)c1ccc(-n2nc(C(F)(F)F)cc2-c2ccc3c(c2)CCO3)cc1,7.68,CHEMBL282839,IC50,1
NS(=O)(=O)c1ccc(-n2nc(C(F)(F)F)cc2-c2ccc3c(c2)OCO3)cc1,7.62,CHEMBL111518,IC50,1
NS(=O)(=O)c1ccc(-n2nc(C(F)(F)F)cc2-c2cccc(Cl)c2)cc1CO,5.71,CHEMBL359269,IC50,0
NS(=O)(=O)c1ccc(-n2nc(C(F)(F)F)cc2-c2cccc(F)c2)cc1,5.11,CHEMBL29620,IC50,0
NS(=O)(=O)c1ccc(-n2nc(C(F)(F)F)cc2-c2cccc(F)c2)cc1CO,5.15,CHEMBL147704,IC50,0
NS(=O)(=O)c1ccc(-n2nc(C(F)(F)F)cc2-c2ccccc2)cc1,7.496666666666667,CHEMBL29920,IC50,1
NS(=O)(=O)c1ccc(-n2nc(C(F)(F)F)cc2-c2ccccc2)cc1CO,5.46,CHEMBL358372,IC50,0
NS(=O)(=O)c1ccc(-n2nc(C(F)(F)F)cc2-c2ccccc2Cl)cc1,7.25,CHEMBL29533,IC50,1
NS(=O)(=O)c1ccc(-n2nc(C(F)(F)F)cc2-c2ccccc2Cl)cc1CO,5.2,CHEMBL343912,IC50,0
NS(=O)(=O)c1ccc(-n2nc(C(F)(F)F)cc2-c2ccccc2F)cc1,7.239999999999999,CHEMBL418574,IC50,1
NS(=O)(=O)c1ccc(-n2nc(C(F)(F)F)cc2-c2ccccc2F)cc1CO,5.48,CHEMBL356980,IC50,0
NS(=O)(=O)c1ccc(-n2nc(C(F)(F)F)cc2-c2ccccn2)cc1,4.34,CHEMBL29075,IC50,0
NS(=O)(=O)c1ccc(-n2nc(C(F)(F)F)cc2-c2cccnc2)cc1,4.35,CHEMBL406140,IC50,0
NS(=O)(=O)c1ccc(-n2nc(C(F)(F)F)cc2-c2ccncc2)cc1,4.19,CHEMBL283425,IC50,0
NS(=O)(=O)c1ccc(-n2nc(C(F)(F)F)cc2-c2csc3ccccc23)cc1,6.46,CHEMBL29397,IC50,0
NS(=O)(=O)c1ccc(-n2nc(C(F)(F)F)cc2C2=CCCCC2)cc1,7.08,CHEMBL30091,IC50,1
NS(=O)(=O)c1ccc(-n2nc(C(F)F)cc2-c2ccc(C(=O)O)cc2)cc1,4.33,CHEMBL440798,IC50,0
NS(=O)(=O)c1ccc(-n2nc(C(F)F)cc2-c2ccc(Cl)cc2)cc1,8.0,CHEMBL433428,IC50,1
NS(=O)(=O)c1ccc(-n2nc(C(F)F)cc2-c2ccc3c(c2)OCO3)cc1,7.62,CHEMBL281694,IC50,1
NS(=O)(=O)c1ccc(-n2nc(C(F)F)cc2-c2ccccc2)cc1,6.89,CHEMBL29445,IC50,1
NS(=O)(=O)c1ccc(-n2nc(CF)cc2-c2ccccc2)cc1,6.7,CHEMBL285335,IC50,1
NS(=O)(=O)c1ccc(-n2nc(CO)c(Cl)c2-c2ccc(Cl)cc2)cc1,6.47,CHEMBL287447,IC50,0
NS(=O)(=O)c1ccc(-n2nc(CO)cc2-c2ccc(Cl)cc2)cc1,6.080000000000001,CHEMBL282838,IC50,0
NS(=O)(=O)c1ccc(-n2nc(COCc3ccccc3)cc2-c2ccc(Cl)cc2)cc1,7.54,CHEMBL29424,IC50,1
NS(=O)(=O)c1ccc(-n2ncc(Br)c2-c2ccc(Cl)cc2)cc1,7.510000000000001,CHEMBL27975,IC50,1
NS(=O)(=O)c1ccc(-n2ncc(Cl)c2-c2ccccc2)cc1,7.31,CHEMBL282301,IC50,1
NS(=O)(=O)c1ccc(-n2ncc(F)c2-c2ccccc2)cc1,5.33,CHEMBL286277,IC50,0
NS(=O)(=O)c1ccc(-n2ncc([N+](=O)[O-])c2-c2ccccc2)cc1,6.54,CHEMBL280601,IC50,1
NS(=O)(=O)c1ccc(/C=N/c2ccc(C(F)(F)F)cc2)cc1,5.18,CHEMBL271754,IC50,0
NS(=O)(=O)c1ccc(/C=N/c2ccc(F)cc2)cc1,5.36,CHEMBL272622,IC50,0
NS(=O)(=O)c1ccc(/C=N/c2ccc(O)cc2)cc1,5.29,CHEMBL404476,IC50,0
NS(=O)(=O)c1ccc(/C=N/c2ccccc2)cc1,5.51,CHEMBL407019,IC50,0
NS(=O)(=O)c1ccc(/N=C/c2ccc(C(F)(F)F)cc2)cc1,5.34,CHEMBL270246,IC50,0
NS(=O)(=O)c1ccc(/N=C/c2ccc(F)cc2)cc1,5.65,CHEMBL427835,IC50,0
NS(=O)(=O)c1ccc(/N=C/c2ccc([N+](=O)[O-])cc2)cc1,5.52,CHEMBL255175,IC50,0
NS(=O)(=O)c1ccc(/N=C/c2cccc(O)c2)cc1,5.56,CHEMBL270243,IC50,0
NS(=O)(=O)c1ccc(/N=C/c2cccc([N+](=O)[O-])c2)cc1,5.17,CHEMBL404921,IC50,0
NS(=O)(=O)c1ccc(/N=C/c2ccccc2)cc1,5.54,CHEMBL408619,IC50,0
NS(=O)(=O)c1ccc(/N=N/c2ccc(OC(=O)Nc3ccccc3)c(OC(=O)Nc3ccccc3)c2)cc1,4.96,CHEMBL212918,IC50,0
NS(=O)(=O)c1ccc(C2=C(c3cc(F)c(F)c(F)c3)CCC2)cc1,5.54,CHEMBL336011,IC50,0
NS(=O)(=O)c1ccc(C2=C(c3ccc(C(F)(F)F)c(F)c3)CCC2)cc1,6.77,CHEMBL110846,IC50,1
NS(=O)(=O)c1ccc(C2=C(c3ccc(C(F)(F)F)cc3)CC3(CC3)C2)cc1,9.0,CHEMBL330314,IC50,1
NS(=O)(=O)c1ccc(C2=C(c3ccc(C(F)(F)F)cc3)CCC2)cc1,6.82,CHEMBL111057,IC50,1
NS(=O)(=O)c1ccc(C2=C(c3ccc(Cl)c(Cl)c3)CC3(CC3)C2)cc1,9.0,CHEMBL313387,IC50,1
NS(=O)(=O)c1ccc(C2=C(c3ccc(Cl)c(Cl)c3)CCC2)cc1,8.7,CHEMBL111321,IC50,1
NS(=O)(=O)c1ccc(C2=C(c3ccc(Cl)cc3)CC3(CC3)C2)cc1,9.0,CHEMBL88717,IC50,1
NS(=O)(=O)c1ccc(C2=C(c3ccc(Cl)cc3)CCC2)cc1,8.52,CHEMBL111590,IC50,1
NS(=O)(=O)c1ccc(C2=C(c3ccc(F)c(Cl)c3)CC3(CC3)C2)cc1,8.82,CHEMBL312822,IC50,1
NS(=O)(=O)c1ccc(C2=C(c3ccc(F)c(Cl)c3)CCC2)cc1,8.0,CHEMBL111786,IC50,1
NS(=O)(=O)c1ccc(C2=C(c3ccc(F)c(F)c3)CC3(CC3)C2)cc1,8.52,CHEMBL314225,IC50,1
NS(=O)(=O)c1ccc(C2=C(c3ccc(F)c(F)c3)CCC2)cc1,7.745,CHEMBL111787,IC50,1
NS(=O)(=O)c1ccc(C2=C(c3ccc(F)cc3)C(=O)OC2)cc1,6.1,CHEMBL431546,IC50,0
NS(=O)(=O)c1ccc(C2=C(c3ccc(F)cc3)CC3(CC3)C2)cc1,8.52,CHEMBL17184,IC50,1
NS(=O)(=O)c1ccc(C2=C(c3ccc(F)cc3)CC3(CCC3)C2)cc1,8.7,CHEMBL171335,IC50,1
NS(=O)(=O)c1ccc(C2=C(c3ccc(F)cc3)CCC2)cc1,8.15,CHEMBL265562,IC50,1
NS(=O)(=O)c1ccc(C2=C(c3ccc(F)cc3)c3ccccc3C2)cc1,8.3,CHEMBL80405,IC50,1
NS(=O)(=O)c1ccc(C2=C(c3ccc(OC(F)(F)F)cc3)CC3(CC3)C2)cc1,6.89,CHEMBL88649,IC50,1
NS(=O)(=O)c1ccc(C2=C(c3ccc4c(c3)OCO4)CCC2)cc1,8.7,CHEMBL424063,IC50,1
NS(=O)(=O)c1ccc(N=Cc2ccc(O)c(C(=O)O)c2)cc1,6.13,CHEMBL405744,IC50,0
NS(=O)(=O)c1ccc(N=Cc2ccc(O)c(O)c2)cc1,5.54,CHEMBL270263,IC50,0
NS(=O)(=O)c1ccc(N=Cc2ccc(O)cc2)cc1,5.47,CHEMBL270670,IC50,0
NS(=O)(=O)c1ccc(N=Nc2ccc(O)c(C(=O)O)c2)cc1,5.05,CHEMBL377353,IC50,0
NS(=O)(=O)c1ccc(N=Nc2ccc(O)c(Cl)c2)cc1,4.95,CHEMBL215872,IC50,0
NS(=O)(=O)c1ccc(N=Nc2ccc(O)c(O)c2)cc1,4.91,CHEMBL386992,IC50,0
Nc1ccc(-c2cc(C(F)(F)F)nn2-c2ccc(S(N)(=O)=O)cc2)cc1,6.47,CHEMBL282084,IC50,0
Nc1cnn(-c2ccc(S(N)(=O)=O)cc2)c1-c1ccccc1,4.53,CHEMBL28487,IC50,0
O=C(C=Cc1ccc(O)c(O)c1)OCCc1ccccc1,4.09,CHEMBL319244,IC50,0
O=C(C=Cc1ccc(O)cc1)CC(=O)C=Cc1ccc(O)cc1,4.44,CHEMBL105350,IC50,0
O=C(NNc1ccc(Cl)cc1)c1ccc(Cl)cc1,6.47,CHEMBL422530,IC50,0
O=C(NNc1ccc(Cl)cc1)c1ccccc1,6.28,CHEMBL347267,IC50,0
O=C(NNc1ccccc1)c1ccc(Cl)cc1,6.48,CHEMBL346470,IC50,0
O=C(NNc1ccccc1)c1ccccc1,5.0,CHEMBL444539,IC50,0
O=C(O)C1O[C@@H](Oc2c(-c3cc(O)c(O)c(O)c3)oc3cc(O)cc(O)c3c2=O)[C@H](O)[C@@H](O)[C@@H]1O,5.1,CHEMBL458470,IC50,0
O=C(O)Cc1ccccc1Nc1c(Cl)cccc1C(F)(F)F,6.78,CHEMBL258738,IC50,1
O=C(O)Cc1ccccc1Nc1c(Cl)cccc1Cl,7.598333333333334,CHEMBL139,IC50,1
O=C(O)Cc1ccccc1Nc1c(F)cccc1C(F)(F)F,6.2,CHEMBL408156,IC50,0
O=C(O)Cc1cccn1-c1ccc2c(c1)OCCO2,5.66,CHEMBL396182,IC50,0
O=C(O)Cc1cccn1-c1ccccc1F,5.21,CHEMBL236238,IC50,0
O=C(O)Cc1ccn(-c2ccccc2F)c1,5.62,CHEMBL398087,IC50,0
O=C1CCc2cc(NS(=O)(=O)C(F)(F)F)c(Sc3ccc(F)cc3F)cc21,7.4,CHEMBL144013,IC50,1
O=C1OCC(c2ccc(-c3nn[nH]n3)cc2)=C1c1ccccc1,8.74,CHEMBL214101,IC50,1
O=C1O[C@H](c2ccc(O)c(O)c2)[C@H]2CO[C@H](c3ccc(O)c(O)c3)C12,4.04,CHEMBL227135,IC50,0
O=C1c2ccccc2-n2c1nc1ccccc1c2=O,7.19,CHEMBL306946,IC50,1
O=S(=O)(Nc1ccncc1Nc1ccccc1)C(F)(F)F,7.05,CHEMBL224400,IC50,1
O=S(=O)(Nc1ccncc1Oc1ccc(Br)cc1)C(F)(F)F,4.86,CHEMBL374168,IC50,0
O=S(=O)(Nc1ccncc1Oc1ccc(Cl)cc1)C(F)(F)F,5.82,CHEMBL225113,IC50,0
O=S(=O)(Nc1ccncc1Oc1ccc(Cl)cc1Cl)C(F)(F)F,5.59,CHEMBL387879,IC50,0
O=S(=O)(Nc1ccncc1Oc1ccccc1)C(F)(F)F,6.305,CHEMBL147165,IC50,0
O=S(=O)(Nc1ccncc1Oc1ccccc1Cl)C(F)(F)F,6.82,CHEMBL224640,IC50,1
O=S(=O)(Nc1ccncc1Sc1ccccc1)C(F)(F)F,6.28,CHEMBL224612,IC50,0
O=c1c(O)c(-c2ccc(O)c(O)c2)oc2cc(O)cc(O)c12,4.54,CHEMBL50,IC50,0
O=c1c(S(=O)(=O)c2ccccc2)c2ccccc2c(O)n1Cc1ccccc1,6.85,CHEMBL276052,IC50,1
O=c1c2ccccc2nc2n1CCc1c-2[nH]c2ccccc12,6.52,CHEMBL85139,IC50,1
O=c1c2ccccc2oc2c(O)c(O)ccc12,5.72,CHEMBL446323,IC50,0
O=c1cc(-c2ccc(O)cc2)oc2cc(O)cc(O)c12,5.1,CHEMBL28,IC50,0
OC[C@@H]1[C@@H]([C@H](O)c2ccc(O)c(O)c2)CO[C@@H]1c1ccc(O)c(O)c1,4.13,CHEMBL436990,IC50,0
OC[C@H]1O[C@@H](Oc2cc(O)cc(C3c4cc(/C=C/c5cc(O)cc(O)c5)ccc4O[C@@H]3c3ccc(O)cc3)c2)[C@H](O)[C@@H](O)[C@@H]1O,5.12,CHEMBL503412,IC50,0
Oc1ccc(-c2nc(-c3ccc(O)cc3Cl)cn2-c2ccc(O)cc2)cc1,4.94,CHEMBL195887,IC50,0
Oc1ccc(-n2cc(-c3ccc(O)cc3Cl)nc2-c2ccc(O)cc2Cl)cc1,5.03,CHEMBL196263,IC50,0
Oc1ccc(C2c3c(O)cc(O)cc3C3C(c4ccc(O)cc4)c4c(O)cc(O)cc4C23)cc1,4.1,CHEMBL480462,IC50,0
Oc1ccc(C=Cc2cc(C=Cc3ccc(O)cc3)[nH]n2)cc1,4.49,CHEMBL178383,IC50,0
Oc1ccc(C=Cc2cc(O)cc(O)c2)cc1,4.86,CHEMBL165,IC50,0
Oc1ccc([C@H]2Oc3ccc(/C=C/c4cc(O)cc(O)c4)cc3C2c2cc(O)cc(O)c2)cc1,5.43,CHEMBL518935,IC50,0
[N-]=[N+]=Nc1ccc(C2=C(c3ccccc3)C(=O)OC2)cc1,6.71,CHEMBL102223,IC50,1
c1ccc(-c2nn(-c3ccccc3)c3c2CCC3)cc1,5.21,CHEMBL349310,IC50,0
c1ccc(-c2nn(-c3ccccc3)c3c2CCCC3)cc1,6.24,CHEMBL433892,IC50,0
c1ccc(-c2nn(-c3ccccc3)c3c2CCCCC3)cc1,6.77,CHEMBL348390,IC50,1
c1ccc(Nc2c(-c3ccccn3)nc3ccccn23)cc1,4.73,CHEMBL466188,IC50,0
