molecule_chembl_id,smiles,standard_type,standard_value,standard_units,standard_relation,assay_chembl_id,target_chembl_id,pchembl_value
CHEMBL297008,Cc1ccc(-c2ccc(S(C)(=O)=O)cc2)n1-c1ccccc1,IC50,60.0,nM,=,CHEMBL762912,CHEMBL230,7.22
CHEMBL289813,Cc1c(C=O)cc(-c2ccc(S(C)(=O)=O)cc2)n1-c1ccc(F)cc1,IC50,3230.0,nM,=,CHEMBL762912,CHEMBL230,5.49
CHEMBL43736,Cc1c(COc2cccc(Cl)c2)cc(-c2ccc(S(C)(=O)=O)cc2)n1-c1ccc(F)cc1,IC50,80.0,nM,=,CHEMBL762912,CHEMBL230,7.10
CHEMBL140167,Fc1ccc(-c2[nH]c(-c3ccc(F)cc3)c3c2C2CCC3CC2)cc1,IC50,0.12,nM,=,CHEMBL769655,CHEMBL230,9.92
CHEMBL44194,CCc1ccc(-c2ccc(S(C)(=O)=O)cc2)n1-c1ccc(F)cc1,IC50,100000.0,nM,>,CHEMBL762912,CHEMBL230,
CHEMBL44290,CC(=O)c1cc(-c2ccc(S(C)(=O)=O)cc2)n(-c2ccc(F)cc2)c1C,IC50,1610.0,nM,=,CHEMBL762912,CHEMBL230,5.79
CHEMBL44464,COC(=O)c1ccc(-n2c(C)ccc2-c2ccc(F)cc2)cc1,IC50,,nM,,CHEMBL762916,CHEMBL230,
CHEMBL288773,Cc1ccc(-c2ccc(S(C)(=O)=O)cc2)n1Cc1ccc(F)cc1,IC50,100000.0,nM,>,CHEMBL762912,CHEMBL230,
CHEMBL44068,Cc1ccc(-c2ccc(S(C)(=O)=O)cc2)[nH]1,IC50,100000.0,nM,>,CHEMBL762912,CHEMBL230,
CHEMBL44367,CS(=O)(=O)c1ccc(-n2cccc2-c2ccc(F)cc2)cc1Cl,IC50,100000.0,nM,>,CHEMBL762912,CHEMBL230,
CHEMBL297409,CCCCn1c(C)ccc1-c1ccc(S(C)(=O)=O)cc1,IC50,100000.0,nM,>,CHEMBL762912,CHEMBL230,
CHEMBL43737,Cc1ccc(-n2c(C)ccc2-c2ccc(S(C)(=O)=O)cc2)cc1,IC50,40.0,nM,=,CHEMBL762912,CHEMBL230,7.40
CHEMBL43511,NS(=O)(=O)c1ccc(-n2cccc2-c2ccc(F)cc2)cc1,IC50,14.0,nM,=,CHEMBL762912,CHEMBL230,7.85
CHEMBL290608,CCN(CC)OC(=O)c1ccc(-n2c(C)ccc2-c2ccc(F)cc2)cc1,IC50,,nM,,CHEMBL762915,CHEMBL230,
CHEMBL42801,Cc1c(CN(C)C)cc(-c2ccc(S(C)(=O)=O)cc2)n1-c1ccc(F)cc1,IC50,100000.0,nM,=,CHEMBL762912,CHEMBL230,4.00
CHEMBL1316,CC(C(=O)O)c1ccc2c(c1)[nH]c1ccc(Cl)cc12,IC50,102.0,nM,=,CHEMBL822751,CHEMBL230,6.99
CHEMBL40245,Cc1c(Br)cc(-c2ccc(S(C)(=O)=O)cc2)n1-c1ccc(F)cc1,IC50,20.0,nM,=,CHEMBL762912,CHEMBL230,7.70
CHEMBL43210,CS(=O)(=O)c1ccc(-c2cccn2-c2ccc(F)cc2)cc1,IC50,10200.0,nM,=,CHEMBL762912,CHEMBL230,4.99
CHEMBL298231,CS(=O)(=O)c1ccc(-c2ccc(CCC(=O)O)n2-c2ccc(F)cc2)cc1,IC50,100000.0,nM,>,CHEMBL762912,CHEMBL230,
CHEMBL44101,Cc1c(CO)cc(-c2ccc(S(C)(=O)=O)cc2)n1-c1ccc(F)cc1,IC50,3880.0,nM,=,CHEMBL762912,CHEMBL230,5.41
CHEMBL44152,Cc1c(COc2ccc(Cl)cc2)cc(-c2ccc(S(C)(=O)=O)cc2)n1-c1ccc(F)cc1,IC50,30.0,nM,=,CHEMBL762912,CHEMBL230,7.52
CHEMBL43664,COc1ccc(-c2ccc(CCC(=O)O)n2-c2ccc(C(C)=O)cc2)cc1,IC50,4600.0,nM,=,CHEMBL762912,CHEMBL230,5.34
CHEMBL43664,COc1ccc(-c2ccc(CCC(=O)O)n2-c2ccc(C(C)=O)cc2)cc1,IC50,2400.0,nM,=,CHEMBL762910,CHEMBL230,5.62
CHEMBL40891,Cc1ccc(-c2ccc(F)cc2)n1-c1ccc([S+](C)[O-])cc1,IC50,,nM,,CHEMBL762916,CHEMBL230,
CHEMBL298208,Cc1ccc(-c2ccc(S(C)(=O)=O)cc2)n1-c1ccc(F)c(F)c1,IC50,250.0,nM,=,CHEMBL762912,CHEMBL230,6.60
CHEMBL43002,Cc1ccc(-c2ccc(S(C)(=O)=O)cc2)n1-c1ccc(F)cc1,IC50,60.0,nM,=,CHEMBL762912,CHEMBL230,7.22
CHEMBL42121,CCS(=O)(=O)c1ccc(-n2cccc2-c2ccc(F)cc2)cc1,IC50,100000.0,nM,>,CHEMBL762912,CHEMBL230,
CHEMBL42409,Cc1c(C(=O)C(F)(F)F)cc(-c2ccc(S(C)(=O)=O)cc2)n1-c1ccc(F)cc1,IC50,120.0,nM,=,CHEMBL762912,CHEMBL230,6.92
CHEMBL43957,CS(=O)(=O)c1ccc(-n2cccc2-c2ccc(F)cc2)cc1,IC50,510.0,nM,=,CHEMBL762912,CHEMBL230,6.29
CHEMBL43366,Cc1c(C#N)cc(-c2ccc(S(C)(=O)=O)cc2)n1-c1ccc(F)cc1,IC50,750.0,nM,=,CHEMBL762912,CHEMBL230,6.12
CHEMBL296307,Cc1ccc(-c2ccc(F)cc2)n1-c1ccc(S(C)(=O)=O)cc1,IC50,100000.0,nM,>,CHEMBL762912,CHEMBL230,
CHEMBL43864,Cc1ccc(-c2ccc(S(C)(=O)=O)cc2)n1C1CCCCC1,IC50,520.0,nM,=,CHEMBL762912,CHEMBL230,6.28
CHEMBL44244,Cc1c(S(=O)(=O)C(F)(F)F)cc(-c2ccc(S(C)(=O)=O)cc2)n1-c1ccc(F)cc1,IC50,60.0,nM,=,CHEMBL762912,CHEMBL230,7.22
CHEMBL442349,CC(=O)c1ccc(-n2c(C)ccc2-c2ccc(F)cc2)cc1,IC50,,nM,,CHEMBL762916,CHEMBL230,
CHEMBL44313,Cc1c(C(=O)c2ccccc2)cc(-c2ccc(S(C)(=O)=O)cc2)n1-c1ccc(F)cc1,IC50,1020.0,nM,=,CHEMBL762912,CHEMBL230,5.99
CHEMBL44362,Cc1c(C(O)C(F)(F)F)cc(-c2ccc(S(C)(=O)=O)cc2)n1-c1ccc(F)cc1,IC50,1440.0,nM,=,CHEMBL762912,CHEMBL230,5.84
CHEMBL42085,Cc1ccc(-c2ccc(S(C)(=O)=O)cc2)n1-c1ccc(C(F)(F)F)cc1,IC50,80.0,nM,=,CHEMBL762912,CHEMBL230,7.10
CHEMBL43647,Cc1c(C(Oc2cccc(Cl)c2)C(F)(F)F)cc(-c2ccc(S(C)(=O)=O)cc2)n1-c1ccc(F)cc1,IC50,100000.0,nM,>,CHEMBL762912,CHEMBL230,
CHEMBL143776,Fc1ccc(-c2[nH]c(-c3ccc(F)cc3)c3c2C2CCC3C2)cc1,IC50,0.08,nM,=,CHEMBL769655,CHEMBL230,10.10
CHEMBL297820,CC(=O)c1ccc(-n2c(C)ccc2-c2ccc(S(C)(=O)=O)cc2)cc1,IC50,2870.0,nM,=,CHEMBL762912,CHEMBL230,5.54
CHEMBL42120,O=S(=O)(c1ccccc1)c1ccc(-n2cccc2-c2ccc(F)cc2)cc1,IC50,100000.0,nM,>,CHEMBL762912,CHEMBL230,
CHEMBL298079,COc1ccc(-c2ccc(C)n2-c2ccc(C(C)=O)cc2)cc1,IC50,,nM,,CHEMBL762916,CHEMBL230,
CHEMBL44283,Cc1c(Cl)cc(-c2ccc(S(C)(=O)=O)cc2)n1-c1ccc(F)cc1,IC50,50.0,nM,=,CHEMBL762912,CHEMBL230,7.30
CHEMBL44038,Cc1c(CC(F)(F)F)cc(-c2ccc(S(C)(=O)=O)cc2)n1-c1ccc(F)cc1,IC50,140.0,nM,=,CHEMBL762912,CHEMBL230,6.85
CHEMBL298281,CNS(=O)(=O)c1ccc(-n2cccc2-c2ccc(F)cc2)cc1,IC50,100000.0,nM,>,CHEMBL762912,CHEMBL230,
CHEMBL43863,Cc1ccc(-c2ccc(S(C)(=O)=O)cc2)n1C(C)C,IC50,100000.0,nM,>,CHEMBL762912,CHEMBL230,
CHEMBL294971,CC(=O)OCc1cc(-c2ccc(S(C)(=O)=O)cc2)n(-c2ccc(F)cc2)c1C,IC50,470.0,nM,=,CHEMBL762912,CHEMBL230,6.33
CHEMBL44447,CS(=O)(=O)c1ccc(-c2ccc(C(F)(F)F)n2-c2ccc(F)cc2)cc1,IC50,100000.0,nM,>,CHEMBL762912,CHEMBL230,
CHEMBL288570,CS(=O)(=O)c1cccc(-n2cccc2-c2ccc(F)cc2)c1,IC50,100000.0,nM,>,CHEMBL762912,CHEMBL230,
CHEMBL44421,CN(C)S(=O)(=O)c1ccc(-n2cccc2-c2ccc(F)cc2)cc1,IC50,100000.0,nM,>,CHEMBL762912,CHEMBL230,
CHEMBL43755,CN(C)S(=O)(=O)c1ccc(-n2c(CCC(=O)O)ccc2-c2ccc(F)cc2)cc1,IC50,7500.0,nM,=,CHEMBL762912,CHEMBL230,5.12
CHEMBL91832,CC1(C)C(=O)C(c2ccc(F)cc2)=C1c1ccc(S(C)(=O)=O)cc1,IC50,5.0,nM,=,CHEMBL763346,CHEMBL230,8.30
CHEMBL91118,C=C1CC(c2ccc(S(C)(=O)=O)cc2)=C1c1ccccc1,IC50,1.2,nM,=,CHEMBL763346,CHEMBL230,8.92
CHEMBL92443,C=C1C(c2ccccc2)=C(c2ccc(S(C)(=O)=O)cc2)C1(C)C,IC50,2.2,nM,=,CHEMBL763346,CHEMBL230,8.66
CHEMBL282185,COC(=O)c1cc2cc(S(C)(=O)=O)ccc2n1C(=O)c1ccc(Cl)cc1,IC50,730.0,nM,=,CHEMBL766725,CHEMBL230,6.14
CHEMBL282185,COC(=O)c1cc2cc(S(C)(=O)=O)ccc2n1C(=O)c1ccc(Cl)cc1,Inhibition,25.0,%,<,CHEMBL763861,CHEMBL230,
CHEMBL144658,CCCCSc1ccccc1OC(C)=O,IC50,34000.0,nM,=,CHEMBL760085,CHEMBL230,4.47
CHEMBL145283,CCCCC#CCSc1ccccc1OC(=O)CC,IC50,40000.0,nM,>,CHEMBL760085,CHEMBL230,
CHEMBL19286,C[C@H](C(=O)O)c1ccc(C[C@@H]2CCC[C@H]2O)cc1,IC50,100000.0,nM,>,CHEMBL768962,CHEMBL230,
CHEMBL19286,C[C@H](C(=O)O)c1ccc(C[C@@H]2CCC[C@H]2O)cc1,Inhibition,30.0,%,=,CHEMBL763166,CHEMBL230,
CHEMBL19286,C[C@H](C(=O)O)c1ccc(C[C@@H]2CCC[C@H]2O)cc1,IC50,2000.0,nM,=,CHEMBL769652,CHEMBL230,5.70
CHEMBL342799,CCCCCCC[Se]c1ccccc1OC(C)=O,IC50,12000.0,nM,=,CHEMBL760085,CHEMBL230,4.92
CHEMBL145354,CC(=O)Oc1ccccc1SCCCc1ccccc1,IC50,1000000.0,nM,>,CHEMBL760085,CHEMBL230,
CHEMBL145493,CCCCCCC[S+]([O-])c1ccccc1OC(C)=O,IC50,40000.0,nM,>,CHEMBL760085,CHEMBL230,
CHEMBL344960,CC(=O)Oc1ccccc1SCCCCC(=O)O,IC50,50000.0,nM,>,CHEMBL760085,CHEMBL230,
CHEMBL144414,CC(=O)Oc1ccccc1SCCCCC#N,IC50,50000.0,nM,>,CHEMBL760085,CHEMBL230,
CHEMBL144547,CCCCC#CCSc1ccccc1OC(=O)CBr,IC50,26000.0,nM,=,CHEMBL760085,CHEMBL230,4.58
CHEMBL144944,CC(=O)Oc1ccccc1SC1CCCCCC1,IC50,40000.0,nM,>,CHEMBL760085,CHEMBL230,
CHEMBL143339,CCCCCCCSc1ccccc1OC(C)=O,IC50,2000.0,nM,=,CHEMBL760085,CHEMBL230,5.70
CHEMBL328003,CS(=O)(=O)c1ccc(C2=C(c3ccccc3)C(=O)C2)cc1,IC50,110.0,nM,=,CHEMBL763346,CHEMBL230,6.96
CHEMBL420987,CC1(C)C(=O)C(c2ccccc2)=C1c1ccc(S(C)(=O)=O)cc1,IC50,2.8,nM,=,CHEMBL763346,CHEMBL230,8.55
CHEMBL145598,CCCCCCCCc1ccccc1OC(C)=O,IC50,40000.0,nM,>,CHEMBL760085,CHEMBL230,
CHEMBL416542,CC(C(=O)O)c1ccc(CC2CCCC2O)cc1,IC50,25000.0,nM,>,CHEMBL768962,CHEMBL230,
CHEMBL416542,CC(C(=O)O)c1ccc(CC2CCCC2O)cc1,Inhibition,50.0,%,=,CHEMBL763167,CHEMBL230,
CHEMBL416542,CC(C(=O)O)c1ccc(CC2CCCC2O)cc1,IC50,22000.0,nM,=,CHEMBL769652,CHEMBL230,4.66
CHEMBL122,CS(=O)(=O)c1ccc(C2=C(c3ccccc3)C(=O)OC2)cc1,IC50,530.0,nM,=,CHEMBL769652,CHEMBL230,6.28
CHEMBL330516,CC1(C)C(c2ccc(S(C)(=O)=O)cc2)=C(c2ccccc2)/C1=N/O,IC50,61.0,nM,=,CHEMBL763346,CHEMBL230,7.21
CHEMBL42485,CS(=O)(=O)c1ccc(-c2cc(Br)sc2-c2ccc(F)cc2)cc1,IC50,2.1,nM,=,CHEMBL763346,CHEMBL230,8.68
CHEMBL345018,CCCCC#CCSc1ccccc1OC(C)=O,IC50,800.0,nM,=,CHEMBL760085,CHEMBL230,6.10
CHEMBL6,COc1ccc2c(c1)c(CC(=O)O)c(C)n2C(=O)c1ccc(Cl)cc1,IC50,5.9,nM,=,CHEMBL766726,CHEMBL230,8.23
CHEMBL6,COc1ccc2c(c1)c(CC(=O)O)c(C)n2C(=O)c1ccc(Cl)cc1,IC50,630.0,nM,=,CHEMBL769651,CHEMBL230,6.20
CHEMBL342317,CCSc1ccccc1OC(C)=O,IC50,200000.0,nM,=,CHEMBL760085,CHEMBL230,
CHEMBL357380,CCCCCC#CCSc1ccccc1OC(C)=O,IC50,7000.0,nM,=,CHEMBL760085,CHEMBL230,5.16
CHEMBL92154,CS(=O)(=O)c1ccc(C2=C(c3ccc(F)cc3)CC3(CC3)C2)cc1,IC50,1.1,nM,=,CHEMBL763346,CHEMBL230,8.96
CHEMBL145029,CC(=O)Oc1ccccc1SCCc1ccccc1,IC50,100000.0,nM,=,CHEMBL760085,CHEMBL230,4.00
CHEMBL358309,CC(=O)Oc1ccccc1SCCCCCBr,IC50,9500.0,nM,=,CHEMBL760085,CHEMBL230,5.02
CHEMBL328521,CC1(C)C(c2ccc(S(C)(=O)=O)cc2)=C(c2ccccc2)C1O,IC50,530.0,nM,=,CHEMBL763346,CHEMBL230,6.28
CHEMBL118,Cc1ccc(-c2cc(C(F)(F)F)nn2-c2ccc(S(N)(=O)=O)cc2)cc1,IC50,120.0,nM,=,CHEMBL766726,CHEMBL230,6.92
CHEMBL118,Cc1ccc(-c2cc(C(F)(F)F)nn2-c2ccc(S(N)(=O)=O)cc2)cc1,IC50,3600.0,nM,=,CHEMBL769651,CHEMBL230,5.44
CHEMBL144806,CCCCCSc1ccccc1OC(C)=O,IC50,5000.0,nM,=,CHEMBL760085,CHEMBL230,5.30
CHEMBL144533,CC(=O)Oc1ccccc1SCCCCCCBr,IC50,12000.0,nM,=,CHEMBL760085,CHEMBL230,4.92
CHEMBL6,COc1ccc2c(c1)c(CC(=O)O)c(C)n2C(=O)c1ccc(Cl)cc1,IC50,49.0,nM,=,CHEMBL763346,CHEMBL230,7.31
CHEMBL145364,CSc1ccccc1OC(C)=O,IC50,250000.0,nM,=,CHEMBL760085,CHEMBL230,
CHEMBL146441,CSc1ccccc1OC(=O)CBr,IC50,510000.0,nM,=,CHEMBL760085,CHEMBL230,
CHEMBL358097,CCCSc1ccccc1OC(C)=O,IC50,66000.0,nM,=,CHEMBL760085,CHEMBL230,4.18
CHEMBL144850,CCCCCCCCSc1ccccc1OC(C)=O,IC50,40000.0,nM,>,CHEMBL760085,CHEMBL230,
CHEMBL143962,CCCCCCCCCSc1ccccc1OC(C)=O,IC50,40000.0,nM,>,CHEMBL760085,CHEMBL230,
CHEMBL356794,CCCC/C=C/CSc1ccccc1OC(C)=O,IC50,11000.0,nM,=,CHEMBL760085,CHEMBL230,4.96
CHEMBL144920,CCCC#CCSc1ccccc1OC(C)=O,IC50,3000.0,nM,=,CHEMBL760085,CHEMBL230,5.52
CHEMBL93803,CS(=O)(=O)c1ccc(C2=C(c3ccccc3)CC2)cc1,IC50,5000.0,nM,>,CHEMBL763346,CHEMBL230,
CHEMBL144218,CCCCCCSc1ccccc1OC(C)=O,IC50,3500.0,nM,=,CHEMBL760085,CHEMBL230,5.46
CHEMBL145180,CC(=O)Oc1ccccc1SCCCCCCI,IC50,10000.0,nM,=,CHEMBL760085,CHEMBL230,5.00
CHEMBL145138,CCCCCCCN(C)c1ccccc1OC(C)=O,IC50,40000.0,nM,>,CHEMBL760085,CHEMBL230,
CHEMBL25,CC(=O)Oc1ccccc1C(=O)O,IC50,62500.0,nM,=,CHEMBL760085,CHEMBL230,4.20
CHEMBL144281,CSc1ccccc1OC(=O)CCl,IC50,360000.0,nM,=,CHEMBL760085,CHEMBL230,
CHEMBL19299,CC(C(=O)O)c1ccc(CC2CCCC2=O)cc1,IC50,100000.0,nM,>,CHEMBL768962,CHEMBL230,
CHEMBL19299,CC(C(=O)O)c1ccc(CC2CCCC2=O)cc1,IC50,13500.0,nM,=,CHEMBL769652,CHEMBL230,4.87
CHEMBL441414,C[C@H](C(=O)O)c1ccc(C[C@H]2CCC[C@@H]2O)cc1,IC50,390.0,nM,=,CHEMBL768962,CHEMBL230,6.41
CHEMBL441414,C[C@H](C(=O)O)c1ccc(C[C@H]2CCC[C@@H]2O)cc1,IC50,300.0,nM,=,CHEMBL769652,CHEMBL230,6.52
CHEMBL281910,COC(=O)c1cc2cc(S(C)(=O)=O)ccc2n1C(=O)c1ccc(Br)cc1,IC50,20000.0,nM,>,CHEMBL766726,CHEMBL230,
CHEMBL144913,CSc1ccccc1OC(=O)C(F)(F)F,IC50,260000.0,nM,=,CHEMBL760085,CHEMBL230,
CHEMBL358783,CCCCCCCS(=O)(=O)c1ccccc1OC(C)=O,IC50,40000.0,nM,>,CHEMBL760085,CHEMBL230,
CHEMBL145220,CC(=O)Oc1ccccc1SCc1ccccc1,IC50,250000.0,nM,=,CHEMBL760085,CHEMBL230,
CHEMBL282096,CS(=O)(=O)c1ccc2c(c1)cc(C(=O)O)n2Cc1ccc(Cl)cc1,IC50,20000.0,nM,>,CHEMBL766726,CHEMBL230,
CHEMBL145647,CCCOCCCSc1ccccc1OC(C)=O,IC50,50000.0,nM,>,CHEMBL760085,CHEMBL230,
CHEMBL344089,CCCCC#CCSc1ccccc1OC(=O)CN,IC50,40000.0,nM,>,CHEMBL760085,CHEMBL230,
CHEMBL122,CS(=O)(=O)c1ccc(C2=C(c3ccccc3)C(=O)OC2)cc1,IC50,210.0,nM,=,CHEMBL766726,CHEMBL230,6.68
CHEMBL122,CS(=O)(=O)c1ccc(C2=C(c3ccccc3)C(=O)OC2)cc1,IC50,3400.0,nM,=,CHEMBL769651,CHEMBL230,5.47
CHEMBL144840,CCC(=O)Oc1ccccc1SC,IC50,1000000.0,nM,>,CHEMBL760085,CHEMBL230,
CHEMBL145626,CC(=O)Oc1ccccc1SCCCOc1ccccc1,IC50,1000000.0,nM,>,CHEMBL760085,CHEMBL230,
CHEMBL145412,CCCC#CCCSc1ccccc1OC(C)=O,IC50,6500.0,nM,=,CHEMBL760085,CHEMBL230,5.19
CHEMBL417452,C[C@@H](C(=O)O)c1ccc(C[C@H]2CCC[C@@H]2O)cc1,IC50,100000.0,nM,>,CHEMBL768962,CHEMBL230,
CHEMBL417452,C[C@@H](C(=O)O)c1ccc(C[C@H]2CCC[C@@H]2O)cc1,Inhibition,49.0,%,=,CHEMBL763165,CHEMBL230,
CHEMBL356093,CC(=O)Oc1ccccc1SC1CCCCC1,IC50,40000.0,nM,>,CHEMBL760085,CHEMBL230,
CHEMBL92485,CC1(C)C(=O)C(c2ccc(S(C)(=O)=O)cc2)=C1c1ccccc1,IC50,96.0,nM,=,CHEMBL763346,CHEMBL230,7.02
CHEMBL285975,COC(=O)c1cc2cc(S(C)(=O)=O)ccc2n1Cc1ccc(Cl)cc1,IC50,650.0,nM,=,CHEMBL766726,CHEMBL230,6.19
CHEMBL285975,COC(=O)c1cc2cc(S(C)(=O)=O)ccc2n1Cc1ccc(Cl)cc1,IC50,4300.0,nM,=,CHEMBL769651,CHEMBL230,5.37
CHEMBL145646,CCCCCCCOc1ccccc1OC(C)=O,IC50,40000.0,nM,>,CHEMBL760085,CHEMBL230,
CHEMBL145071,CC(=O)Oc1ccccc1SCCCCCC(=O)O,IC50,50000.0,nM,=,CHEMBL760085,CHEMBL230,4.30
CHEMBL144232,CC#CCSc1ccccc1OC(C)=O,IC50,20000.0,nM,=,CHEMBL760085,CHEMBL230,4.70
CHEMBL282177,COC(=O)c1cc2cc(S(C)(=O)=O)ccc2n1C(=O)c1ccc([N+](=O)[O-])cc1,IC50,20000.0,nM,>,CHEMBL766726,CHEMBL230,
CHEMBL145727,CCC#CCSc1ccccc1OC(C)=O,IC50,5000.0,nM,=,CHEMBL760085,CHEMBL230,5.30
CHEMBL90988,CS(=O)(=O)c1ccc(C2=C(c3ccccc3)C(=O)C23CCCC3)cc1,IC50,12.0,nM,=,CHEMBL763346,CHEMBL230,7.92
CHEMBL18264,CS(=O)(=O)c1ccc(C2=C(c3ccc(F)c(F)c3)C(=O)OC2)cc1,IC50,230.0,nM,=,CHEMBL768962,CHEMBL230,6.64
CHEMBL18264,CS(=O)(=O)c1ccc(C2=C(c3ccc(F)c(F)c3)C(=O)OC2)cc1,IC50,480.0,nM,=,CHEMBL769652,CHEMBL230,6.32
CHEMBL6,COc1ccc2c(c1)c(CC(=O)O)c(C)n2C(=O)c1ccc(Cl)cc1,IC50,730.0,nM,=,CHEMBL768962,CHEMBL230,6.14
CHEMBL6,COc1ccc2c(c1)c(CC(=O)O)c(C)n2C(=O)c1ccc(Cl)cc1,IC50,440.0,nM,=,CHEMBL769652,CHEMBL230,6.36
CHEMBL146005,CC(=O)OCCCCCSc1ccccc1OC(C)=O,IC50,50000.0,nM,=,CHEMBL760085,CHEMBL230,4.30
CHEMBL143113,C#CCSc1ccccc1OC(C)=O,IC50,25000.0,nM,=,CHEMBL760085,CHEMBL230,4.60
CHEMBL18883,C[C@@H](C(=O)O)c1ccc(C[C@@H]2CCC[C@H]2O)cc1,IC50,100000.0,nM,>,CHEMBL768962,CHEMBL230,
CHEMBL18883,C[C@@H](C(=O)O)c1ccc(C[C@@H]2CCC[C@H]2O)cc1,IC50,33000.0,nM,>,CHEMBL769652,CHEMBL230,
CHEMBL145247,CCCCOCCSc1ccccc1OC(C)=O,IC50,7000.0,nM,=,CHEMBL760085,CHEMBL230,5.16
CHEMBL144515,CCCCC#CC(C)Sc1ccccc1OC(C)=O,IC50,7000.0,nM,=,CHEMBL760085,CHEMBL230,5.16
CHEMBL143340,CCCCC#CCOc1ccccc1OC(C)=O,IC50,40000.0,nM,>,CHEMBL760085,CHEMBL230,
CHEMBL282643,COC(=O)c1cc2cc(S(C)(=O)=O)ccc2n1Cc1ccc(Br)cc1,IC50,3720.0,nM,=,CHEMBL766726,CHEMBL230,5.43
CHEMBL281014,COC(=O)c1cc2cc(S(C)(=O)=O)ccc2n1Cc1ccc([N+](=O)[O-])cc1,IC50,20000.0,nM,>,CHEMBL766726,CHEMBL230,
CHEMBL31060,COC(=O)c1cc2cc(S(C)(=O)=O)ccc2n1Cc1ccc(OC)cc1,IC50,780.0,nM,=,CHEMBL766726,CHEMBL230,6.11
CHEMBL31060,COC(=O)c1cc2cc(S(C)(=O)=O)ccc2n1Cc1ccc(OC)cc1,IC50,51300.0,nM,=,CHEMBL769651,CHEMBL230,4.29
CHEMBL145358,CC(=O)Oc1ccccc1SCCCCCO,IC50,50000.0,nM,>,CHEMBL760085,CHEMBL230,
CHEMBL347187,COc1ccc(NNC(=O)c2ccc(Cl)cc2)cc1,IC50,130.0,nM,=,CHEMBL768959,CHEMBL230,6.89
CHEMBL154839,COc1ccc(C(=O)NNc2ccc(Cl)cc2)cc1,IC50,470.0,nM,=,CHEMBL768959,CHEMBL230,6.33
CHEMBL110331,Cc1cccc(-c2nc(C(F)(F)F)cn2-c2ccc(S(N)(=O)=O)cc2)n1,IC50,416.87,nM,=,CHEMBL763870,CHEMBL230,6.38
CHEMBL323954,Cn1cc(-c2nc(C(F)(F)F)cn2-c2ccc(S(C)(=O)=O)cc2)c2ccccc21,IC50,1096.48,nM,=,CHEMBL763870,CHEMBL230,5.96
CHEMBL421417,CS(=O)(=O)c1ccc(-n2cc(C(F)(F)F)nc2-c2cccs2)cc1,IC50,467.74,nM,=,CHEMBL763870,CHEMBL230,6.33
CHEMBL110660,Cc1cc(-c2nc(C(F)(F)F)cn2-c2ccc(S(N)(=O)=O)cc2)no1,IC50,407.38,nM,=,CHEMBL763870,CHEMBL230,6.39
CHEMBL274893,CS(=O)(=O)c1ccc(C2=C(c3ccc(F)cc3)CCC2)cc1,IC50,25.7,nM,=,CHEMBL763870,CHEMBL230,7.59
CHEMBL109486,COCc1ccc(C2=C(c3ccc(S(C)(=O)=O)cc3)CCC2)cc1,IC50,6606.93,nM,=,CHEMBL763870,CHEMBL230,5.18
CHEMBL54649,COc1ccc(-c2cc(F)c(F)cc2-c2ccc(S(C)(=O)=O)cc2)cc1F,IC50,20.89,nM,=,CHEMBL763870,CHEMBL230,7.68
CHEMBL52872,CN(C)c1ccc(-c2cc(F)c(F)cc2-c2ccc(S(N)(=O)=O)cc2)cc1Cl,IC50,6.026,nM,=,CHEMBL763870,CHEMBL230,8.22
CHEMBL29136,N#Cc1cc(-c2ccc(F)cc2)n(-c2ccc(S(N)(=O)=O)cc2)n1,IC50,338.84,nM,=,CHEMBL763870,CHEMBL230,6.47
CHEMBL29472,NS(=O)(=O)c1ccc(-n2nc(C(F)(F)F)cc2-c2ccc(Br)s2)cc1,IC50,12.02,nM,=,CHEMBL763870,CHEMBL230,7.92
CHEMBL88649,NS(=O)(=O)c1ccc(C2=C(c3ccc(OC(F)(F)F)cc3)CC3(CC3)C2)cc1,IC50,128.82,nM,=,CHEMBL763870,CHEMBL230,6.89
CHEMBL119001,CS(=O)(=O)c1ccc(-c2cnc(CF)n2-c2ccc(F)cc2)cc1,IC50,10000.0,nM,>,CHEMBL762914,CHEMBL230,
CHEMBL119001,CS(=O)(=O)c1ccc(-c2cnc(CF)n2-c2ccc(F)cc2)cc1,Inhibition,16.8,%,=,CHEMBL764999,CHEMBL230,
CHEMBL324509,CCOc1ccc(-c2c(Cl)ncn2-c2ccc(S(C)(=O)=O)cc2)cc1,IC50,4.0,nM,=,CHEMBL762914,CHEMBL230,8.40
CHEMBL324509,CCOc1ccc(-c2c(Cl)ncn2-c2ccc(S(C)(=O)=O)cc2)cc1,Inhibition,100.0,%,=,CHEMBL764999,CHEMBL230,
CHEMBL324509,CCOc1ccc(-c2c(Cl)ncn2-c2ccc(S(C)(=O)=O)cc2)cc1,Inhibition,100.0,%,=,CHEMBL768142,CHEMBL230,
CHEMBL422530,O=C(NNc1ccc(Cl)cc1)c1ccc(Cl)cc1,IC50,340.0,nM,=,CHEMBL768959,CHEMBL230,6.47
CHEMBL347267,O=C(NNc1ccc(Cl)cc1)c1ccccc1,IC50,530.0,nM,=,CHEMBL768959,CHEMBL230,6.28
CHEMBL297008,Cc1ccc(-c2ccc(S(C)(=O)=O)cc2)n1-c1ccccc1,IC50,60.26,nM,=,CHEMBL763870,CHEMBL230,7.22
CHEMBL44283,Cc1c(Cl)cc(-c2ccc(S(C)(=O)=O)cc2)n1-c1ccc(F)cc1,IC50,50.12,nM,=,CHEMBL763870,CHEMBL230,7.30
CHEMBL44977,CN(C)c1ccc(-c2nc(C(F)(F)F)cn2-c2ccc(S(C)(=O)=O)cc2)cc1F,IC50,331.13,nM,=,CHEMBL763870,CHEMBL230,6.48
CHEMBL43089,COc1cc(F)cc(-c2nc(C(F)(F)F)cn2-c2ccc(S(N)(=O)=O)cc2)c1,IC50,457.09,nM,=,CHEMBL763870,CHEMBL230,6.34
CHEMBL43553,CN(C)c1c(Cl)cc(-c2nc(C(F)(F)F)cn2-c2ccc(S(C)(=O)=O)cc2)cc1Cl,IC50,141.25,nM,=,CHEMBL763870,CHEMBL230,6.85
CHEMBL322136,Cc1cncc(-c2nc(C(F)(F)F)cn2-c2ccc(S(C)(=O)=O)cc2)c1,IC50,1819.7,nM,=,CHEMBL763870,CHEMBL230,5.74
CHEMBL327078,Cc1ccc(-c2nc(C(F)(F)F)cn2-c2ccc(S(N)(=O)=O)cc2)nc1,IC50,724.44,nM,=,CHEMBL763870,CHEMBL230,6.14
CHEMBL54945,CS(=O)(=O)c1ccc(-c2cc(Cl)c(Cl)cc2-c2ccc(F)cc2)cc1,IC50,239.88,nM,=,CHEMBL763870,CHEMBL230,6.62
CHEMBL110612,Cc1ccncc1-c1cc(F)c(F)cc1-c1ccc(S(C)(=O)=O)cc1,IC50,169.82,nM,=,CHEMBL763870,CHEMBL230,6.77
CHEMBL29839,COc1ccc(-c2cc(C(F)(F)F)nn2-c2ccc(S(N)(=O)=O)cc2)cc1,IC50,7.943,nM,=,CHEMBL763870,CHEMBL230,8.10
CHEMBL28881,CN(C)c1ccc(-c2cc(C(F)(F)F)nn2-c2ccc(S(N)(=O)=O)cc2)cc1,IC50,4.677,nM,=,CHEMBL763870,CHEMBL230,8.33
CHEMBL29133,Cc1c(C(F)(F)F)nn(-c2ccc(S(N)(=O)=O)cc2)c1-c1ccc(Cl)cc1,IC50,21.88,nM,=,CHEMBL763870,CHEMBL230,7.66
CHEMBL274990,CS(=O)(=O)c1ccc(-n2nc(C(F)(F)F)cc2-c2ccc(F)cc2)cc1,IC50,100.0,nM,=,CHEMBL763870,CHEMBL230,7.00
CHEMBL119002,CS(=O)(=O)c1ccc(-c2cnc(CO)n2-c2ccc(F)cc2)cc1,IC50,10000.0,nM,>,CHEMBL762914,CHEMBL230,
CHEMBL119002,CS(=O)(=O)c1ccc(-c2cnc(CO)n2-c2ccc(F)cc2)cc1,Inhibition,8.1,%,=,CHEMBL764999,CHEMBL230,
CHEMBL331148,Cc1ccc(-c2c(Cl)ncn2-c2ccc(S(C)(=O)=O)cc2)cc1,IC50,16.0,nM,=,CHEMBL762914,CHEMBL230,7.80
CHEMBL331148,Cc1ccc(-c2c(Cl)ncn2-c2ccc(S(C)(=O)=O)cc2)cc1,Inhibition,100.0,%,=,CHEMBL764999,CHEMBL230,
CHEMBL331148,Cc1ccc(-c2c(Cl)ncn2-c2ccc(S(C)(=O)=O)cc2)cc1,Inhibition,90.5,%,=,CHEMBL768142,CHEMBL230,
CHEMBL333084,CC(C)Oc1ccc(-c2c(Cl)ncn2-c2ccc(S(C)(=O)=O)cc2)cc1,IC50,10000.0,nM,>,CHEMBL762914,CHEMBL230,
CHEMBL333084,CC(C)Oc1ccc(-c2c(Cl)ncn2-c2ccc(S(C)(=O)=O)cc2)cc1,NT,,,,CHEMBL763859,CHEMBL230,
CHEMBL333084,CC(C)Oc1ccc(-c2c(Cl)ncn2-c2ccc(S(C)(=O)=O)cc2)cc1,NT,,,,CHEMBL763860,CHEMBL230,
CHEMBL324700,CCS(=O)(=O)c1ccc(-c2c(Cl)ncn2-c2ccc(S(C)(=O)=O)cc2)cc1,IC50,10000.0,nM,>,CHEMBL762914,CHEMBL230,
CHEMBL324700,CCS(=O)(=O)c1ccc(-c2c(Cl)ncn2-c2ccc(S(C)(=O)=O)cc2)cc1,NT,,,,CHEMBL763859,CHEMBL230,
CHEMBL324700,CCS(=O)(=O)c1ccc(-c2c(Cl)ncn2-c2ccc(S(C)(=O)=O)cc2)cc1,NT,,,,CHEMBL763858,CHEMBL230,
CHEMBL117708,CS(=O)(=O)c1ccc(-n2cnc(Cl)c2-c2ccc(N)cc2)cc1,IC50,187.0,nM,=,CHEMBL762914,CHEMBL230,6.73
CHEMBL117708,CS(=O)(=O)c1ccc(-n2cnc(Cl)c2-c2ccc(N)cc2)cc1,Inhibition,71.6,%,=,CHEMBL764999,CHEMBL230,
CHEMBL117708,CS(=O)(=O)c1ccc(-n2cnc(Cl)c2-c2ccc(N)cc2)cc1,NT,,,,CHEMBL763858,CHEMBL230,
CHEMBL156533,CS(=O)(=O)c1ccc(-n2nc(-c3ccc(Cl)cc3)c3c2CCCC3)cc1,IC50,10000.0,nM,>,CHEMBL768959,CHEMBL230,
CHEMBL111562,COc1ccc(C2=C(c3ccc(S(N)(=O)=O)cc3)CCC2)cc1,IC50,1.995,nM,=,CHEMBL763870,CHEMBL230,8.70
CHEMBL43002,Cc1ccc(-c2ccc(S(C)(=O)=O)cc2)n1-c1ccc(F)cc1,IC50,60.26,nM,=,CHEMBL763870,CHEMBL230,7.22
CHEMBL298208,Cc1ccc(-c2ccc(S(C)(=O)=O)cc2)n1-c1ccc(F)c(F)c1,IC50,251.19,nM,=,CHEMBL763870,CHEMBL230,6.60
CHEMBL42561,Cc1ccc(-c2nc(C(F)(F)F)cn2-c2ccc(S(C)(=O)=O)cc2)cc1,IC50,158.49,nM,=,CHEMBL763870,CHEMBL230,6.80
CHEMBL415895,CS(=O)(=O)c1ccc(-n2cc(C#N)nc2-c2ccc(Cl)cc2)cc1,IC50,229.09,nM,=,CHEMBL763870,CHEMBL230,6.64
CHEMBL320790,CS(=O)(=O)c1ccc(-n2cc(C(F)(F)F)nc2-c2cccc3c2OCO3)cc1,IC50,467.74,nM,=,CHEMBL763870,CHEMBL230,6.33
CHEMBL320784,CC1(C)CC(c2ccc(Cl)cc2)=C(c2ccc(S(C)(=O)=O)cc2)C1,IC50,7.079,nM,=,CHEMBL763870,CHEMBL230,8.15
CHEMBL322949,CS(=O)(=O)c1ccc(C2=C(c3ccc(F)c(Cl)c3)CCC2)cc1,IC50,30.2,nM,=,CHEMBL763870,CHEMBL230,7.52
CHEMBL28528,Cc1ccc(-c2c(C#N)cnn2-c2ccc(S(N)(=O)=O)cc2)cc1,IC50,75.86,nM,=,CHEMBL763870,CHEMBL230,7.12
CHEMBL29403,Cc1cc(-c2cc(C(F)(F)F)nn2-c2ccc(S(N)(=O)=O)cc2)cc2c1OCO2,IC50,52.48,nM,=,CHEMBL763870,CHEMBL230,7.28
CHEMBL314225,NS(=O)(=O)c1ccc(C2=C(c3ccc(F)c(F)c3)CC3(CC3)C2)cc1,IC50,3.02,nM,=,CHEMBL763870,CHEMBL230,8.52
CHEMBL333170,CCc1ncn(-c2ccc(S(C)(=O)=O)cc2)c1-c1ccc(F)cc1,IC50,10000.0,nM,>,CHEMBL762914,CHEMBL230,
CHEMBL333170,CCc1ncn(-c2ccc(S(C)(=O)=O)cc2)c1-c1ccc(F)cc1,Inhibition,3.8,%,=,CHEMBL764999,CHEMBL230,
CHEMBL116343,Cc1ncc(-c2ccc(S(C)(=O)=O)cc2)n1-c1ccc(F)cc1,IC50,51.0,nM,=,CHEMBL762914,CHEMBL230,7.29
CHEMBL116343,Cc1ncc(-c2ccc(S(C)(=O)=O)cc2)n1-c1ccc(F)cc1,Inhibition,68.0,%,=,CHEMBL764999,CHEMBL230,
CHEMBL156256,Clc1ccc(-c2nn(-c3ccccc3)c3c2CCCC3)cc1,IC50,620.0,nM,=,CHEMBL768959,CHEMBL230,6.21
CHEMBL155887,COc1ccc(-c2nn(-c3ccccc3)c3c2CCCCC3)cc1,IC50,1240.0,nM,=,CHEMBL768959,CHEMBL230,5.91
CHEMBL46712,Cc1cccc(-c2nc(C(F)(F)F)cn2-c2ccc(S(C)(=O)=O)cc2)c1,IC50,60.26,nM,=,CHEMBL763870,CHEMBL230,7.22
CHEMBL42094,CS(=O)(=O)c1ccc(-n2cc(C(F)(F)F)nc2-c2cccc(C(F)(F)F)c2)cc1,IC50,208.93,nM,=,CHEMBL763870,CHEMBL230,6.68
CHEMBL42398,Cc1cccc(-c2nc(C(F)(F)F)cn2-c2ccc(S(N)(=O)=O)cc2)c1,IC50,30.2,nM,=,CHEMBL763870,CHEMBL230,7.52
CHEMBL43331,COc1c(C)cc(-c2nc(C(F)(F)F)cn2-c2ccc(S(C)(=O)=O)cc2)cc1C,IC50,724.44,nM,=,CHEMBL763870,CHEMBL230,6.14
CHEMBL54370,Cc1ccc(-c2cc(F)c(F)cc2-c2ccc(S(N)(=O)=O)cc2)cc1,IC50,3.981,nM,=,CHEMBL763870,CHEMBL230,8.40
CHEMBL29717,NS(=O)(=O)c1ccc(-n2nc(C(F)(F)F)cc2-c2ccc(Cl)c(Cl)c2)cc1,IC50,15.14,nM,=,CHEMBL763870,CHEMBL230,7.82
CHEMBL281978,NS(=O)(=O)c1ccc(-n2nc(C(F)(F)F)cc2-c2ccc(Cl)cc2Cl)cc1,IC50,56.23,nM,=,CHEMBL763870,CHEMBL230,7.25
CHEMBL282301,NS(=O)(=O)c1ccc(-n2ncc(Cl)c2-c2ccccc2)cc1,IC50,48.98,nM,=,CHEMBL763870,CHEMBL230,7.31
CHEMBL285335,NS(=O)(=O)c1ccc(-n2nc(CF)cc2-c2ccccc2)cc1,IC50,199.53,nM,=,CHEMBL763870,CHEMBL230,6.70
CHEMBL29500,NS(=O)(=O)c1ccc(-n2nc(C(F)(F)F)cc2-c2ccc3c(c2)CCC3)cc1,IC50,30.9,nM,=,CHEMBL763870,CHEMBL230,7.51
CHEMBL88550,COc1ccc(C2=C(c3ccc(S(C)(=O)=O)cc3)CC3(CC3)C2)cc1F,IC50,10.0,nM,=,CHEMBL763870,CHEMBL230,8.00
CHEMBL326577,CS(=O)(=O)c1ccc(-n2cnc(Br)c2-c2ccc(F)cc2)cc1,IC50,36.0,nM,=,CHEMBL762914,CHEMBL230,7.44
CHEMBL326577,CS(=O)(=O)c1ccc(-n2cnc(Br)c2-c2ccc(F)cc2)cc1,Inhibition,100.0,%,=,CHEMBL764999,CHEMBL230,
CHEMBL326577,CS(=O)(=O)c1ccc(-n2cnc(Br)c2-c2ccc(F)cc2)cc1,Inhibition,85.2,%,=,CHEMBL768142,CHEMBL230,
CHEMBL324957,Cc1ncn(-c2ccc(S(C)(=O)=O)cc2)c1-c1ccc(F)cc1,IC50,144.0,nM,=,CHEMBL762914,CHEMBL230,6.84
CHEMBL324957,Cc1ncn(-c2ccc(S(C)(=O)=O)cc2)c1-c1ccc(F)cc1,Inhibition,86.5,%,=,CHEMBL764999,CHEMBL230,
CHEMBL324957,Cc1ncn(-c2ccc(S(C)(=O)=O)cc2)c1-c1ccc(F)cc1,Inhibition,34.5,%,=,CHEMBL768142,CHEMBL230,
CHEMBL117528,COc1ccc(-c2c(Cl)ncn2-c2ccc(S(C)(=O)=O)cc2)c(F)c1,IC50,15.0,nM,=,CHEMBL762914,CHEMBL230,7.82
CHEMBL117528,COc1ccc(-c2c(Cl)ncn2-c2ccc(S(C)(=O)=O)cc2)c(F)c1,Inhibition,100.0,%,=,CHEMBL764999,CHEMBL230,
CHEMBL117528,COc1ccc(-c2c(Cl)ncn2-c2ccc(S(C)(=O)=O)cc2)c(F)c1,Inhibition,100.0,%,=,CHEMBL768142,CHEMBL230,
CHEMBL110846,NS(=O)(=O)c1ccc(C2=C(c3ccc(C(F)(F)F)c(F)c3)CCC2)cc1,IC50,169.82,nM,=,CHEMBL763870,CHEMBL230,6.77
CHEMBL42225,CS(=O)(=O)c1ccc(-n2cc(C(F)(F)F)nc2-c2ccccc2)cc1,IC50,120.23,nM,=,CHEMBL763870,CHEMBL230,6.92
CHEMBL42996,CN(C)c1ccc(-c2nc(C(F)(F)F)cn2-c2ccc(S(C)(=O)=O)cc2)cc1,IC50,707.95,nM,=,CHEMBL763870,CHEMBL230,6.15
CHEMBL296515,CS(=O)(=O)c1ccc(-c2nc(C(F)(F)F)cn2-c2ccc(S(C)(=O)=O)cc2)cc1,IC50,5754.4,nM,=,CHEMBL763870,CHEMBL230,5.24
CHEMBL296984,NS(=O)(=O)c1ccc(-n2cc(C(F)(F)F)nc2-c2ccccc2)cc1,IC50,39.81,nM,=,CHEMBL763870,CHEMBL230,7.40
CHEMBL42709,Cc1cc(Cl)cc(-c2nc(C(F)(F)F)cn2-c2ccc(S(N)(=O)=O)cc2)c1,IC50,39.81,nM,=,CHEMBL763870,CHEMBL230,7.40
CHEMBL326639,Cc1nc(-c2nc(C(F)(F)F)cn2-c2ccc(S(C)(=O)=O)cc2)cs1,IC50,933.25,nM,=,CHEMBL763870,CHEMBL230,6.03
CHEMBL109030,CS(=O)(=O)c1ccc(C2=C(c3ccc(C(F)(F)F)cc3)CCC2)cc1,IC50,870.96,nM,=,CHEMBL763870,CHEMBL230,6.06
CHEMBL29445,NS(=O)(=O)c1ccc(-n2nc(C(F)F)cc2-c2ccccc2)cc1,IC50,128.82,nM,=,CHEMBL763870,CHEMBL230,6.89
CHEMBL29842,COc1c(C(F)(F)F)nn(-c2ccc(S(N)(=O)=O)cc2)c1-c1ccccc1,IC50,79.43,nM,=,CHEMBL763870,CHEMBL230,7.10
CHEMBL29469,NS(=O)(=O)c1ccc(-n2nc(C(F)(F)F)cc2-c2ccc3c(c2)CCCS3)cc1,IC50,229.09,nM,=,CHEMBL763870,CHEMBL230,6.64
CHEMBL324312,CCOc1ccc(-c2c(Cl)ncn2-c2ccc(S(N)(=O)=O)cc2)cc1,IC50,2.0,nM,=,CHEMBL762914,CHEMBL230,8.70
CHEMBL324312,CCOc1ccc(-c2c(Cl)ncn2-c2ccc(S(N)(=O)=O)cc2)cc1,Inhibition,100.0,%,=,CHEMBL764999,CHEMBL230,
CHEMBL324312,CCOc1ccc(-c2c(Cl)ncn2-c2ccc(S(N)(=O)=O)cc2)cc1,Inhibition,100.0,%,=,CHEMBL768142,CHEMBL230,
CHEMBL324312,CCOc1ccc(-c2c(Cl)ncn2-c2ccc(S(N)(=O)=O)cc2)cc1,IC50,27.0,nM,=,CHEMBL766721,CHEMBL230,7.57
CHEMBL44101,Cc1c(CO)cc(-c2ccc(S(C)(=O)=O)cc2)n1-c1ccc(F)cc1,IC50,3890.45,nM,=,CHEMBL763870,CHEMBL230,5.41
CHEMBL42175,CS(=O)(=O)c1ccc(-n2cc(C(F)(F)F)nc2-c2cccc(Cl)c2)cc1,IC50,60.26,nM,=,CHEMBL763870,CHEMBL230,7.22
CHEMBL44468,COc1cccc(-c2nc(C(F)(F)F)cn2-c2ccc(S(C)(=O)=O)cc2)c1,IC50,346.74,nM,=,CHEMBL763870,CHEMBL230,6.46
CHEMBL43645,CS(=O)(=O)c1ccc(-n2cc(C(F)(F)F)nc2-c2ccccc2F)cc1,IC50,398.11,nM,=,CHEMBL763870,CHEMBL230,6.40
CHEMBL44926,NS(=O)(=O)c1ccc(-n2cc(C(F)(F)F)nc2-c2ccccc2F)cc1,IC50,100.0,nM,=,CHEMBL763870,CHEMBL230,7.00
CHEMBL42223,COc1cc(-c2nc(C(F)(F)F)cn2-c2ccc(S(C)(=O)=O)cc2)ccc1Cl,IC50,251.19,nM,=,CHEMBL763870,CHEMBL230,6.60
CHEMBL43493,Cc1ccc(-c2nc(C(F)(F)F)cn2-c2ccc(S(C)(=O)=O)cc2)cc1C,IC50,331.13,nM,=,CHEMBL763870,CHEMBL230,6.48
CHEMBL110574,Cc1ncccc1-c1nc(C(F)(F)F)cn1-c1ccc(S(C)(=O)=O)cc1,IC50,9549.93,nM,=,CHEMBL763870,CHEMBL230,5.02
CHEMBL110382,CS(=O)(=O)c1ccc(-n2cc(C(F)(F)F)nc2-c2cc(Br)cs2)cc1,IC50,25.7,nM,=,CHEMBL763870,CHEMBL230,7.59
CHEMBL89578,CC1(C)CC(c2ccc(F)cc2)=C(c2ccc(S(C)(=O)=O)cc2)C1,IC50,15.14,nM,=,CHEMBL763870,CHEMBL230,7.82
CHEMBL52889,COc1ccc(-c2cc(F)c(F)cc2-c2ccc(S(C)(=O)=O)cc2)cc1OC,IC50,338.84,nM,=,CHEMBL763870,CHEMBL230,6.47
CHEMBL29920,NS(=O)(=O)c1ccc(-n2nc(C(F)(F)F)cc2-c2ccccc2)cc1,IC50,32.36,nM,=,CHEMBL763870,CHEMBL230,7.49
CHEMBL29844,COc1c(C)cc(-c2cc(C(F)(F)F)nn2-c2ccc(S(N)(=O)=O)cc2)cc1Cl,IC50,66.07,nM,=,CHEMBL763870,CHEMBL230,7.18
CHEMBL418859,CS(=O)(=O)c1ccc(-n2cnc(Cl)c2-c2ccc(F)cc2)cc1,IC50,14.0,nM,=,CHEMBL762914,CHEMBL230,7.85
CHEMBL418859,CS(=O)(=O)c1ccc(-n2cnc(Cl)c2-c2ccc(F)cc2)cc1,Inhibition,100.0,%,=,CHEMBL764999,CHEMBL230,
CHEMBL418859,CS(=O)(=O)c1ccc(-n2cnc(Cl)c2-c2ccc(F)cc2)cc1,Inhibition,89.0,%,=,CHEMBL768142,CHEMBL230,
CHEMBL115864,CS(=O)(=O)c1ccc(-n2c(CO)nc(Cl)c2-c2ccc(F)cc2)cc1,IC50,10000.0,nM,>,CHEMBL762914,CHEMBL230,
CHEMBL115864,CS(=O)(=O)c1ccc(-n2c(CO)nc(Cl)c2-c2ccc(F)cc2)cc1,Inhibition,2.4,%,=,CHEMBL764999,CHEMBL230,
CHEMBL44516,CS(=O)(=O)c1ccc(-n2cc(C(F)(F)F)nc2-c2ccc(Cl)cc2)cc1,IC50,109.65,nM,=,CHEMBL763870,CHEMBL230,6.96
CHEMBL45197,CSc1ccc(-c2nc(C(F)(F)F)cn2-c2ccc(S(C)(=O)=O)cc2)cc1,IC50,158.49,nM,=,CHEMBL763870,CHEMBL230,6.80
CHEMBL44829,CN(C)c1cccc(-c2nc(C(F)(F)F)cn2-c2ccc(S(C)(=O)=O)cc2)c1,IC50,3235.94,nM,=,CHEMBL763870,CHEMBL230,5.49
CHEMBL296447,CS(=O)(=O)c1ccc(-n2cc(C(F)(F)F)nc2-c2ccc3c(c2)OCO3)cc1,IC50,169.82,nM,=,CHEMBL763870,CHEMBL230,6.77
CHEMBL298476,Cc1ccc(-c2nc(C(F)(F)F)cn2-c2ccc(S(N)(=O)=O)cc2)cc1Cl,IC50,3.02,nM,=,CHEMBL763870,CHEMBL230,8.52
CHEMBL42408,COc1c(Cl)cc(-c2nc(C(F)(F)F)cn2-c2ccc(S(C)(=O)=O)cc2)cc1Cl,IC50,141.25,nM,=,CHEMBL763870,CHEMBL230,6.85
CHEMBL43317,COc1c(F)cc(-c2nc(C(F)(F)F)cn2-c2ccc(S(N)(=O)=O)cc2)cc1F,IC50,30.2,nM,=,CHEMBL763870,CHEMBL230,7.52
CHEMBL111057,NS(=O)(=O)c1ccc(C2=C(c3ccc(C(F)(F)F)cc3)CCC2)cc1,IC50,151.36,nM,=,CHEMBL763870,CHEMBL230,6.82
CHEMBL54746,CS(=O)(=O)c1ccc(-c2cc(F)c(F)cc2-c2ccc3c(c2)OCCO3)cc1,IC50,338.84,nM,=,CHEMBL763870,CHEMBL230,6.47
CHEMBL55348,COc1ccc(-c2cc(F)c(F)cc2-c2ccc(S(N)(=O)=O)cc2)cc1Cl,IC50,12.88,nM,=,CHEMBL763870,CHEMBL230,7.89
CHEMBL54327,Cc1ccc(-c2cc(F)c(F)cc2-c2ccc(S(N)(=O)=O)cc2)cc1Cl,IC50,3.02,nM,=,CHEMBL763870,CHEMBL230,8.52
CHEMBL28491,COC(=O)c1nn(-c2ccc(S(N)(=O)=O)cc2)c(-c2ccc(Cl)cc2)c1Cl,IC50,158.49,nM,=,CHEMBL763870,CHEMBL230,6.80
CHEMBL42485,CS(=O)(=O)c1ccc(-c2cc(Br)sc2-c2ccc(F)cc2)cc1,IC50,10.0,nM,=,CHEMBL763870,CHEMBL230,8.00
CHEMBL325437,CS(=O)(=O)c1ccc(-n2cnc(Cl)c2-c2ccc(Cl)cc2)cc1,IC50,18.0,nM,=,CHEMBL762914,CHEMBL230,7.75
CHEMBL325437,CS(=O)(=O)c1ccc(-n2cnc(Cl)c2-c2ccc(Cl)cc2)cc1,Inhibition,100.0,%,=,CHEMBL764999,CHEMBL230,
CHEMBL325437,CS(=O)(=O)c1ccc(-n2cnc(Cl)c2-c2ccc(Cl)cc2)cc1,Inhibition,88.4,%,=,CHEMBL768142,CHEMBL230,
CHEMBL116252,CS(=O)(=O)c1ccc(-n2cnc(Cl)c2-c2cnccc2Cl)cc1,IC50,43.0,nM,=,CHEMBL762914,CHEMBL230,7.37
CHEMBL116252,CS(=O)(=O)c1ccc(-n2cnc(Cl)c2-c2cnccc2Cl)cc1,Inhibition,100.0,%,=,CHEMBL764999,CHEMBL230,
CHEMBL116252,CS(=O)(=O)c1ccc(-n2cnc(Cl)c2-c2cnccc2Cl)cc1,Inhibition,76.6,%,=,CHEMBL768142,CHEMBL230,
CHEMBL154373,Cc1ccc(NNC(=O)c2ccc(Cl)cc2)cc1,IC50,10.0,nM,=,CHEMBL768959,CHEMBL230,8.00
CHEMBL42549,CS(=O)(=O)c1ccc(-n2cc(C(F)(F)F)nc2-c2cccc([N+](=O)[O-])c2)cc1,IC50,575.44,nM,=,CHEMBL763870,CHEMBL230,6.24
CHEMBL296078,CN(C)c1ccc(-c2nc(C(F)(F)F)cn2-c2ccc(S(C)(=O)=O)cc2)cc1Cl,IC50,323.59,nM,=,CHEMBL763870,CHEMBL230,6.49
CHEMBL107600,CS(=O)(=O)c1ccc(-n2cc(C(F)(F)F)nc2-c2ccccn2)cc1,IC50,1513.56,nM,=,CHEMBL763870,CHEMBL230,5.82
CHEMBL296447,CS(=O)(=O)c1ccc(-n2cc(C(F)(F)F)nc2-c2ccc3c(c2)OCO3)cc1,IC50,281.84,nM,=,CHEMBL763870,CHEMBL230,6.55
CHEMBL322045,CS(=O)(=O)c1ccc(C2=C(c3ccc(F)cc3)CC(CF)(CF)C2)cc1,IC50,51.29,nM,=,CHEMBL763870,CHEMBL230,7.29
CHEMBL323732,CS(=O)(=O)c1ccc(C2=C(c3ccc(C(F)(F)F)c(F)c3)CCC2)cc1,IC50,758.58,nM,=,CHEMBL763870,CHEMBL230,6.12
CHEMBL433428,NS(=O)(=O)c1ccc(-n2nc(C(F)F)cc2-c2ccc(Cl)cc2)cc1,IC50,10.0,nM,=,CHEMBL763870,CHEMBL230,8.00
CHEMBL282839,NS(=O)(=O)c1ccc(-n2nc(C(F)(F)F)cc2-c2ccc3c(c2)CCO3)cc1,IC50,20.89,nM,=,CHEMBL763870,CHEMBL230,7.68
CHEMBL44362,Cc1c(C(O)C(F)(F)F)cc(-c2ccc(S(C)(=O)=O)cc2)n1-c1ccc(F)cc1,IC50,1445.44,nM,=,CHEMBL763870,CHEMBL230,5.84
CHEMBL43282,CS(=O)(=O)c1ccc(-n2cc(C(F)(F)F)nc2-c2cccc(F)c2)cc1,IC50,120.23,nM,=,CHEMBL763870,CHEMBL230,6.92
CHEMBL321216,Cc1ccnc(-c2nc(C(F)(F)F)cn2-c2ccc(S(C)(=O)=O)cc2)c1,IC50,524.81,nM,=,CHEMBL763870,CHEMBL230,6.28
CHEMBL321182,Cc1cc(F)ccc1C1=C(c2ccc(S(C)(=O)=O)cc2)CCC1,IC50,75.86,nM,=,CHEMBL763870,CHEMBL230,7.12
CHEMBL111045,CS(=O)(=O)c1ccc(C2=C(c3ccc(F)cc3)CC(C(F)(F)F)(C(F)(F)F)C2)cc1,IC50,67.61,nM,=,CHEMBL763870,CHEMBL230,7.17
CHEMBL321643,COc1c(Cl)cc(C2=C(c3ccc(S(N)(=O)=O)cc3)CCC2)cc1Cl,IC50,8.913,nM,=,CHEMBL763870,CHEMBL230,8.05
CHEMBL29533,NS(=O)(=O)c1ccc(-n2nc(C(F)(F)F)cc2-c2ccccc2Cl)cc1,IC50,56.23,nM,=,CHEMBL763870,CHEMBL230,7.25
CHEMBL282360,COc1ccc(-c2cc(C(F)(F)F)nn2-c2ccc(S(N)(=O)=O)cc2)cc1OC,IC50,602.56,nM,=,CHEMBL763870,CHEMBL230,6.22
CHEMBL283038,Cc1ccc(-c2cc(C(F)(F)F)nn2-c2ccc(S(N)(=O)=O)cc2)c(C)c1,IC50,120.23,nM,=,CHEMBL763870,CHEMBL230,6.92
CHEMBL347945,Clc1ccc(-c2nn(-c3ccc(Cl)cc3)c3c2CCC3)cc1,IC50,10000.0,nM,>,CHEMBL768959,CHEMBL230,
CHEMBL43737,Cc1ccc(-n2c(C)ccc2-c2ccc(S(C)(=O)=O)cc2)cc1,IC50,39.81,nM,=,CHEMBL763870,CHEMBL230,7.40
CHEMBL289169,CS(=O)(=O)c1ccc(-n2cc(C(F)(F)F)nc2-c2ccccc2Cl)cc1,IC50,891.25,nM,=,CHEMBL763870,CHEMBL230,6.05
CHEMBL416250,CNc1ccc(-c2nc(C(F)(F)F)cn2-c2ccc(S(C)(=O)=O)cc2)cc1Cl,IC50,660.69,nM,=,CHEMBL763870,CHEMBL230,6.18
CHEMBL295752,COc1cc(F)cc(-c2nc(C(F)(F)F)cn2-c2ccc(S(C)(=O)=O)cc2)c1,IC50,954.99,nM,=,CHEMBL763870,CHEMBL230,6.02
CHEMBL47147,COc1ccc(-c2nc(C(F)(F)F)cn2-c2ccc(S(N)(=O)=O)cc2)cc1Br,IC50,30.2,nM,=,CHEMBL763870,CHEMBL230,7.52
CHEMBL42940,COc1c(Br)cc(-c2nc(C(F)(F)F)cn2-c2ccc(S(C)(=O)=O)cc2)cc1Br,IC50,89.13,nM,=,CHEMBL763870,CHEMBL230,7.05
CHEMBL414162,CS(=O)(=O)c1ccc(-n2cc(C=O)nc2-c2ccc(Cl)cc2)cc1,IC50,1584.89,nM,=,CHEMBL763870,CHEMBL230,5.80
CHEMBL108936,Cc1ccc(-c2nc(C(F)(F)F)cn2-c2ccc(S(N)(=O)=O)cc2)cn1,IC50,288.4,nM,=,CHEMBL763870,CHEMBL230,6.54
CHEMBL443791,Cc1cc(-c2cc(F)c(F)cc2-c2ccc(S(C)(=O)=O)cc2)ccc1F,IC50,5.012,nM,=,CHEMBL763870,CHEMBL230,8.30
CHEMBL29942,COc1ccccc1-c1cc(C(F)(F)F)nn1-c1ccc(S(N)(=O)=O)cc1,IC50,288.4,nM,=,CHEMBL763870,CHEMBL230,6.54
CHEMBL29083,CCc1c(C(F)(F)F)nn(-c2ccc(S(N)(=O)=O)cc2)c1-c1ccc(Cl)cc1,IC50,28.18,nM,=,CHEMBL763870,CHEMBL230,7.55
CHEMBL29583,COc1ccc(-n2nc(C(F)(F)F)cc2-c2ccc(S(N)(=O)=O)cc2)cc1,IC50,6.761,nM,=,CHEMBL763870,CHEMBL230,8.17
CHEMBL441275,Cc1ccc(-c2cc(C(F)(F)F)nn2-c2ccc(S(N)(=O)=O)cc2)s1,IC50,3311.31,nM,=,CHEMBL763870,CHEMBL230,5.48
CHEMBL17184,NS(=O)(=O)c1ccc(C2=C(c3ccc(F)cc3)CC3(CC3)C2)cc1,IC50,3.02,nM,=,CHEMBL763870,CHEMBL230,8.52
CHEMBL327384,CS(=O)(=O)c1ccc(C2=C(c3ccc(Cl)cc3)CC3(CC3)C2)cc1,IC50,1.0,nM,=,CHEMBL763870,CHEMBL230,9.00
CHEMBL88717,NS(=O)(=O)c1ccc(C2=C(c3ccc(Cl)cc3)CC3(CC3)C2)cc1,IC50,1.0,nM,=,CHEMBL763870,CHEMBL230,9.00
CHEMBL89263,CS(=O)(=O)c1ccc(C2=C(c3ccc(OC(F)(F)F)cc3)CC3(CC3)C2)cc1,IC50,134.9,nM,=,CHEMBL763870,CHEMBL230,6.87
CHEMBL312822,NS(=O)(=O)c1ccc(C2=C(c3ccc(F)c(Cl)c3)CC3(CC3)C2)cc1,IC50,1.514,nM,=,CHEMBL763870,CHEMBL230,8.82
CHEMBL116365,CS(=O)(=O)c1ccc(-n2cnc(Cl)c2-c2ccncc2)cc1,IC50,10000.0,nM,=,CHEMBL762914,CHEMBL230,5.00
CHEMBL116365,CS(=O)(=O)c1ccc(-n2cnc(Cl)c2-c2ccncc2)cc1,Inhibition,82.4,%,=,CHEMBL764999,CHEMBL230,
CHEMBL116365,CS(=O)(=O)c1ccc(-n2cnc(Cl)c2-c2ccncc2)cc1,Inhibition,54.5,%,=,CHEMBL768142,CHEMBL230,
CHEMBL325894,CS(=O)(=O)c1ccc(-n2cnc(Cl)c2-c2ccc3c(c2)CCO3)cc1,IC50,9.0,nM,=,CHEMBL762914,CHEMBL230,8.05
CHEMBL325894,CS(=O)(=O)c1ccc(-n2cnc(Cl)c2-c2ccc3c(c2)CCO3)cc1,Inhibition,65.5,%,=,CHEMBL764999,CHEMBL230,
CHEMBL325894,CS(=O)(=O)c1ccc(-n2cnc(Cl)c2-c2ccc3c(c2)CCO3)cc1,Inhibition,69.9,%,=,CHEMBL768142,CHEMBL230,
CHEMBL346470,O=C(NNc1ccccc1)c1ccc(Cl)cc1,IC50,330.0,nM,=,CHEMBL768959,CHEMBL230,6.48
CHEMBL416989,CSc1cccc(-c2nc(C(F)(F)F)cn2-c2ccc(S(C)(=O)=O)cc2)c1,IC50,346.74,nM,=,CHEMBL763870,CHEMBL230,6.46
CHEMBL42180,Cc1ccc(-c2nc(C(F)(F)F)cn2-c2ccc(S(C)(=O)=O)cc2)cc1F,IC50,109.65,nM,=,CHEMBL763870,CHEMBL230,6.96
CHEMBL109143,Cc1nc(-c2nc(C(F)(F)F)cn2-c2ccc(S(N)(=O)=O)cc2)cs1,IC50,524.81,nM,=,CHEMBL763870,CHEMBL230,6.28
CHEMBL265562,NS(=O)(=O)c1ccc(C2=C(c3ccc(F)cc3)CCC2)cc1,IC50,7.079,nM,=,CHEMBL763870,CHEMBL230,8.15
CHEMBL52019,COc1ccc(-c2cc(F)c(F)cc2-c2ccc(S(C)(=O)=O)cc2)cc1Cl,IC50,19.05,nM,=,CHEMBL763870,CHEMBL230,7.72
CHEMBL54326,Cc1ccc(-c2cc(F)c(F)cc2-c2ccc(S(N)(=O)=O)cc2)cc1C,IC50,5.012,nM,=,CHEMBL763870,CHEMBL230,8.30
CHEMBL284914,FC(F)(F)c1cc(-c2ccc(Cl)cc2)n(-c2ccc(Cl)cc2)n1,IC50,4786.3,nM,=,CHEMBL763870,CHEMBL230,5.32
CHEMBL111518,NS(=O)(=O)c1ccc(-n2nc(C(F)(F)F)cc2-c2ccc3c(c2)OCO3)cc1,IC50,23.99,nM,=,CHEMBL763870,CHEMBL230,7.62
CHEMBL327150,CCOc1ccc(-c2c(Cl)ncn2-c2ccc(S(C)(=O)=O)cc2)cc1Cl,IC50,7.0,nM,=,CHEMBL762914,CHEMBL230,8.15
CHEMBL327150,CCOc1ccc(-c2c(Cl)ncn2-c2ccc(S(C)(=O)=O)cc2)cc1Cl,Inhibition,100.0,%,=,CHEMBL764999,CHEMBL230,
CHEMBL327150,CCOc1ccc(-c2c(Cl)ncn2-c2ccc(S(C)(=O)=O)cc2)cc1Cl,Inhibition,47.7,%,=,CHEMBL768142,CHEMBL230,
CHEMBL42119,COc1c(F)cc(-c2nc(C(F)(F)F)cn2-c2ccc(S(C)(=O)=O)cc2)cc1F,IC50,169.82,nM,=,CHEMBL763870,CHEMBL230,6.77
CHEMBL325790,Cc1ccc(-c2nc(C(F)(F)F)cn2-c2ccc(S(C)(=O)=O)cc2)cn1,IC50,1819.7,nM,=,CHEMBL763870,CHEMBL230,5.74
CHEMBL321881,Cc1ccc(-c2nc(C(F)(F)F)cn2-c2ccc(S(C)(=O)=O)cc2)nc1,IC50,1288.25,nM,=,CHEMBL763870,CHEMBL230,5.89
CHEMBL110446,CS(=O)(=O)c1ccc(-n2cc(C(F)(F)F)nc2-c2cnc3ccccc3c2)cc1,IC50,630.96,nM,=,CHEMBL763870,CHEMBL230,6.20
CHEMBL418574,NS(=O)(=O)c1ccc(-n2nc(C(F)(F)F)cc2-c2ccccc2F)cc1,IC50,57.54,nM,=,CHEMBL763870,CHEMBL230,7.24
CHEMBL420869,CCN(CC)c1ccc(-c2c(Cl)ncn2-c2ccc(S(C)(=O)=O)cc2)cc1,IC50,80.0,nM,=,CHEMBL762914,CHEMBL230,7.10
CHEMBL420869,CCN(CC)c1ccc(-c2c(Cl)ncn2-c2ccc(S(C)(=O)=O)cc2)cc1,Inhibition,100.0,%,=,CHEMBL764999,CHEMBL230,
CHEMBL420869,CCN(CC)c1ccc(-c2c(Cl)ncn2-c2ccc(S(C)(=O)=O)cc2)cc1,Inhibition,9.7,%,=,CHEMBL768142,CHEMBL230,
CHEMBL324841,CS(=O)(=O)c1ccc(-n2cnc(Cl)c2-c2cc3ccccc3o2)cc1,IC50,1000.0,nM,>,CHEMBL762914,CHEMBL230,
CHEMBL324841,CS(=O)(=O)c1ccc(-n2cnc(Cl)c2-c2cc3ccccc3o2)cc1,NT,,,,CHEMBL763859,CHEMBL230,
CHEMBL324841,CS(=O)(=O)c1ccc(-n2cnc(Cl)c2-c2cc3ccccc3o2)cc1,NT,,,,CHEMBL763858,CHEMBL230,
CHEMBL419407,NS(=O)(=O)c1ccc(-n2cnc(Cl)c2-c2cc(Cl)cc(Cl)c2)cc1,IC50,2.0,nM,=,CHEMBL762914,CHEMBL230,8.70
CHEMBL419407,NS(=O)(=O)c1ccc(-n2cnc(Cl)c2-c2cc(Cl)cc(Cl)c2)cc1,Inhibition,100.0,%,=,CHEMBL764999,CHEMBL230,
CHEMBL419407,NS(=O)(=O)c1ccc(-n2cnc(Cl)c2-c2cc(Cl)cc(Cl)c2)cc1,Inhibition,93.5,%,=,CHEMBL768142,CHEMBL230,
CHEMBL116683,COc1cc(-c2c(Cl)ncn2-c2ccc(S(N)(=O)=O)cc2)ccc1F,IC50,8.0,nM,=,CHEMBL762914,CHEMBL230,8.10
CHEMBL116683,COc1cc(-c2c(Cl)ncn2-c2ccc(S(N)(=O)=O)cc2)ccc1F,Inhibition,79.3,%,=,CHEMBL764999,CHEMBL230,
CHEMBL116683,COc1cc(-c2c(Cl)ncn2-c2ccc(S(N)(=O)=O)cc2)ccc1F,NT,,,,CHEMBL763858,CHEMBL230,
CHEMBL155806,COc1ccc(-n2nc(-c3ccc(Cl)cc3)c3c2CCC(NOC(C)=O)C3)cc1,IC50,10000.0,nM,>,CHEMBL768959,CHEMBL230,
CHEMBL346258,COc1ccc(C(=O)NNc2ccccc2)cc1,IC50,10000.0,nM,>,CHEMBL768959,CHEMBL230,
CHEMBL43366,Cc1c(C#N)cc(-c2ccc(S(C)(=O)=O)cc2)n1-c1ccc(F)cc1,IC50,758.58,nM,=,CHEMBL763870,CHEMBL230,6.12
CHEMBL45139,COc1ccccc1-c1nc(C(F)(F)F)cn1-c1ccc(S(C)(=O)=O)cc1,IC50,794.33,nM,=,CHEMBL763870,CHEMBL230,6.10
CHEMBL43149,COc1ccc(-c2nc(C(F)(F)F)cn2-c2ccc(S(C)(=O)=O)cc2)cc1Cl,IC50,128.82,nM,=,CHEMBL763870,CHEMBL230,6.89
CHEMBL43090,CS(=O)(=O)c1ccc(-n2cc(CC#N)nc2-c2ccc(Cl)cc2)cc1,IC50,1548.82,nM,=,CHEMBL763870,CHEMBL230,5.81
CHEMBL55072,COc1ccc(-c2cc(F)c(F)cc2-c2ccc(S(N)(=O)=O)cc2)cc1F,IC50,12.88,nM,=,CHEMBL763870,CHEMBL230,7.89
CHEMBL286953,COc1ccc(-c2cc(C(F)F)nn2-c2ccc(S(N)(=O)=O)cc2)cc1Cl,IC50,26.92,nM,=,CHEMBL763870,CHEMBL230,7.57
CHEMBL287447,NS(=O)(=O)c1ccc(-n2nc(CO)c(Cl)c2-c2ccc(Cl)cc2)cc1,IC50,338.84,nM,=,CHEMBL763870,CHEMBL230,6.47
CHEMBL92102,Cc1ccc(C2=C(c3ccc(S(C)(=O)=O)cc3)CC3(CC3)C2)cc1,IC50,1.514,nM,=,CHEMBL763870,CHEMBL230,8.82
CHEMBL122,CS(=O)(=O)c1ccc(C2=C(c3ccccc3)C(=O)OC2)cc1,IC50,12.0,nM,=,CHEMBL762914,CHEMBL230,7.92
CHEMBL122,CS(=O)(=O)c1ccc(C2=C(c3ccccc3)C(=O)OC2)cc1,Inhibition,100.0,%,=,CHEMBL764999,CHEMBL230,
CHEMBL122,CS(=O)(=O)c1ccc(C2=C(c3ccccc3)C(=O)OC2)cc1,Inhibition,84.1,%,=,CHEMBL768142,CHEMBL230,
CHEMBL122,CS(=O)(=O)c1ccc(C2=C(c3ccccc3)C(=O)OC2)cc1,IC50,280.0,nM,=,CHEMBL766721,CHEMBL230,6.55
CHEMBL331278,CS(=O)(=O)c1ccc(-c2cnc(C(=O)c3ccccc3)n2-c2ccc(F)cc2)cc1,IC50,30.0,nM,=,CHEMBL762914,CHEMBL230,7.52
CHEMBL331278,CS(=O)(=O)c1ccc(-c2cnc(C(=O)c3ccccc3)n2-c2ccc(F)cc2)cc1,Inhibition,95.0,%,=,CHEMBL764999,CHEMBL230,
CHEMBL331278,CS(=O)(=O)c1ccc(-c2cnc(C(=O)c3ccccc3)n2-c2ccc(F)cc2)cc1,Inhibition,59.1,%,=,CHEMBL764998,CHEMBL230,
CHEMBL117650,CS(=O)(=O)c1ccc(-n2cnc(Cl)c2-c2ccccc2F)cc1,IC50,28.0,nM,=,CHEMBL762914,CHEMBL230,7.55
CHEMBL117650,CS(=O)(=O)c1ccc(-n2cnc(Cl)c2-c2ccccc2F)cc1,Inhibition,100.0,%,=,CHEMBL764999,CHEMBL230,
CHEMBL117650,CS(=O)(=O)c1ccc(-n2cnc(Cl)c2-c2ccccc2F)cc1,Inhibition,66.2,%,=,CHEMBL768142,CHEMBL230,
CHEMBL117852,CCCc1ccc(-c2c(Cl)ncn2-c2ccc(S(C)(=O)=O)cc2)cc1,IC50,100.0,nM,=,CHEMBL762914,CHEMBL230,7.00
CHEMBL117852,CCCc1ccc(-c2c(Cl)ncn2-c2ccc(S(C)(=O)=O)cc2)cc1,Inhibition,91.9,%,=,CHEMBL764999,CHEMBL230,
CHEMBL117852,CCCc1ccc(-c2c(Cl)ncn2-c2ccc(S(C)(=O)=O)cc2)cc1,Inhibition,60.0,%,=,CHEMBL768142,CHEMBL230,
CHEMBL155675,COc1ccc(-n2nc(-c3ccc(Cl)cc3)c3c2CCCCC3)cc1,IC50,1560.0,nM,=,CHEMBL768959,CHEMBL230,5.81
CHEMBL294715,NS(=O)(=O)c1ccc(-c2ccccc2-c2ccc(F)cc2)cc1,IC50,61.66,nM,=,CHEMBL763870,CHEMBL230,7.21
CHEMBL42085,Cc1ccc(-c2ccc(S(C)(=O)=O)cc2)n1-c1ccc(C(F)(F)F)cc1,IC50,79.43,nM,=,CHEMBL763870,CHEMBL230,7.10
CHEMBL297820,CC(=O)c1ccc(-n2c(C)ccc2-c2ccc(S(C)(=O)=O)cc2)cc1,IC50,2884.03,nM,=,CHEMBL763870,CHEMBL230,5.54
CHEMBL294971,CC(=O)OCc1cc(-c2ccc(S(C)(=O)=O)cc2)n(-c2ccc(F)cc2)c1C,IC50,467.74,nM,=,CHEMBL763870,CHEMBL230,6.33
CHEMBL45090,CS(=O)(=O)c1ccc(-n2cc(C(F)(F)F)nc2-c2cc(Cl)cc(Cl)c2)cc1,IC50,169.82,nM,=,CHEMBL763870,CHEMBL230,6.77
CHEMBL296571,NS(=O)(=O)c1ccc(-n2cc(C(F)(F)F)nc2-c2ccc(F)c(F)c2)cc1,IC50,30.2,nM,=,CHEMBL763870,CHEMBL230,7.52
CHEMBL106151,COc1ccc(-c2nc(C(F)(F)F)cn2-c2ccc(S(C)(=O)=O)cc2)cn1,IC50,1202.26,nM,=,CHEMBL763870,CHEMBL230,5.92
CHEMBL52760,CS(=O)(=O)c1ccc(-c2cc(F)c(F)cc2-c2ccc(F)c(Cl)c2)cc1,IC50,10.0,nM,=,CHEMBL763870,CHEMBL230,8.00
CHEMBL29257,NS(=O)(=O)c1ccc(-c2cc(C(F)(F)F)nn2-c2ccc(F)cc2)cc1,IC50,10.0,nM,=,CHEMBL763870,CHEMBL230,8.00
CHEMBL88286,CS(=O)(=O)c1ccc(C2=C(c3ccc(F)c(Cl)c3)CC3(CC3)C2)cc1,IC50,7.079,nM,=,CHEMBL763870,CHEMBL230,8.15
CHEMBL116199,Cc1nc(Cl)c(-c2ccc(F)cc2)n1-c1ccc(S(C)(=O)=O)cc1,IC50,10000.0,nM,>,CHEMBL762914,CHEMBL230,
CHEMBL116199,Cc1nc(Cl)c(-c2ccc(F)cc2)n1-c1ccc(S(C)(=O)=O)cc1,Inhibition,27.5,%,=,CHEMBL764999,CHEMBL230,
CHEMBL115410,CSc1ccc(-c2c(Cl)ncn2-c2ccc(S(C)(=O)=O)cc2)cc1,IC50,11.0,nM,=,CHEMBL762914,CHEMBL230,7.96
CHEMBL115410,CSc1ccc(-c2c(Cl)ncn2-c2ccc(S(C)(=O)=O)cc2)cc1,Inhibition,88.5,%,=,CHEMBL764999,CHEMBL230,
CHEMBL115410,CSc1ccc(-c2c(Cl)ncn2-c2ccc(S(C)(=O)=O)cc2)cc1,Inhibition,49.0,%,=,CHEMBL768142,CHEMBL230,
CHEMBL118962,CCOc1ccncc1-c1c(Cl)ncn1-c1ccc(S(C)(=O)=O)cc1,IC50,274.0,nM,=,CHEMBL762914,CHEMBL230,6.56
CHEMBL118962,CCOc1ccncc1-c1c(Cl)ncn1-c1ccc(S(C)(=O)=O)cc1,Inhibition,97.5,%,=,CHEMBL764999,CHEMBL230,
CHEMBL118962,CCOc1ccncc1-c1c(Cl)ncn1-c1ccc(S(C)(=O)=O)cc1,Inhibition,74.2,%,=,CHEMBL768142,CHEMBL230,
CHEMBL347688,COc1ccc(-n2nc(-c3ccc(Cl)cc3)c3c2CCC(F)C3)cc1,IC50,2100.0,nM,=,CHEMBL768959,CHEMBL230,5.68
CHEMBL44924,CS(=O)(=O)c1ccc(-n2cc(C(F)(F)F)nc2-c2cccc(N)c2)cc1,IC50,5888.44,nM,=,CHEMBL763870,CHEMBL230,5.23
CHEMBL109578,CS(=O)(=O)c1ccc(C2=C(c3ccc(CO)cc3)CCC2)cc1,IC50,3235.94,nM,=,CHEMBL763870,CHEMBL230,5.49
CHEMBL283177,NS(=O)(=O)c1ccc(-n2nc(C(F)(F)F)cc2-c2ccc(Cl)s2)cc1,IC50,25.7,nM,=,CHEMBL763870,CHEMBL230,7.59
CHEMBL86363,COc1ccc(C2=C(c3ccc(S(C)(=O)=O)cc3)CC3(CC3)C2)cc1Br,IC50,1.288,nM,=,CHEMBL763870,CHEMBL230,8.89
CHEMBL313313,COc1ccc(C2=C(c3ccc(S(N)(=O)=O)cc3)CC3(CC3)C2)cc1Br,IC50,1.995,nM,=,CHEMBL763870,CHEMBL230,8.70
CHEMBL315520,COc1c(Cl)cc(C2=C(c3ccc(S(C)(=O)=O)cc3)CC3(CC3)C2)cc1Cl,IC50,6.026,nM,=,CHEMBL763870,CHEMBL230,8.22
CHEMBL442018,CCCOc1ccc(-c2c(Cl)ncn2-c2ccc(S(C)(=O)=O)cc2)cc1,IC50,10000.0,nM,=,CHEMBL762914,CHEMBL230,5.00
CHEMBL442018,CCCOc1ccc(-c2c(Cl)ncn2-c2ccc(S(C)(=O)=O)cc2)cc1,NT,,,,CHEMBL763859,CHEMBL230,
CHEMBL442018,CCCOc1ccc(-c2c(Cl)ncn2-c2ccc(S(C)(=O)=O)cc2)cc1,Inhibition,0.0,%,=,CHEMBL768142,CHEMBL230,
CHEMBL118081,COc1ccc(-c2c(Cl)ncn2-c2ccc(S(C)(=O)=O)cc2)cc1C,IC50,13.0,nM,=,CHEMBL762914,CHEMBL230,7.89
CHEMBL118081,COc1ccc(-c2c(Cl)ncn2-c2ccc(S(C)(=O)=O)cc2)cc1C,Inhibition,100.0,%,=,CHEMBL764999,CHEMBL230,
CHEMBL118081,COc1ccc(-c2c(Cl)ncn2-c2ccc(S(C)(=O)=O)cc2)cc1C,Inhibition,100.0,%,=,CHEMBL768142,CHEMBL230,
CHEMBL324580,CS(=O)(=O)c1ccc(-n2cnc(Cl)c2-c2cc(F)cc(F)c2)cc1,IC50,75.0,nM,=,CHEMBL762914,CHEMBL230,7.12
CHEMBL324580,CS(=O)(=O)c1ccc(-n2cnc(Cl)c2-c2cc(F)cc(F)c2)cc1,Inhibition,61.6,%,=,CHEMBL764999,CHEMBL230,
CHEMBL324580,CS(=O)(=O)c1ccc(-n2cnc(Cl)c2-c2cc(F)cc(F)c2)cc1,NT,,,,CHEMBL763858,CHEMBL230,
CHEMBL346697,COc1ccc(-n2nc(-c3ccc(Cl)cc3)c3c2CCC(N(O)C(C)=O)C3)cc1,IC50,2400.0,nM,=,CHEMBL768959,CHEMBL230,5.62
CHEMBL347198,COc1ccc(NNC(=O)c2ccccc2)cc1,IC50,180.0,nM,=,CHEMBL768959,CHEMBL230,6.75
CHEMBL111095,COc1ccc(C2=C(c3ccc(S(N)(=O)=O)cc3)CCC2)cc1Cl,IC50,8.913,nM,=,CHEMBL763870,CHEMBL230,8.05
CHEMBL44313,Cc1c(C(=O)c2ccccc2)cc(-c2ccc(S(C)(=O)=O)cc2)n1-c1ccc(F)cc1,IC50,1023.29,nM,=,CHEMBL763870,CHEMBL230,5.99
CHEMBL45383,CS(=O)(=O)c1ccc(-n2cc(CO)nc2-c2ccc(Cl)cc2)cc1,IC50,8317.64,nM,=,CHEMBL763870,CHEMBL230,5.08
CHEMBL111427,COc1ccc(C2=C(c3ccc(S(N)(=O)=O)cc3)CCC2)cc1F,IC50,15.85,nM,=,CHEMBL763870,CHEMBL230,7.80
CHEMBL52402,NS(=O)(=O)c1ccc(-c2ccccc2-c2ccc(Cl)cc2)cc1,IC50,6.026,nM,=,CHEMBL763870,CHEMBL230,8.22
CHEMBL442164,CS(=O)(=O)c1ccc(-c2cc(F)c(F)cc2-c2ccc(F)cc2)cc1,IC50,14.13,nM,=,CHEMBL763870,CHEMBL230,7.85
CHEMBL296384,NS(=O)(=O)c1ccc(-c2cc(F)c(F)cc2-c2ccc(F)cc2)cc1,IC50,3.981,nM,=,CHEMBL763870,CHEMBL230,8.40
CHEMBL282093,NS(=O)(=O)c1ccc(-n2nc(C(F)(F)F)cc2-c2ccc(Cl)cc2)cc1,IC50,10.0,nM,=,CHEMBL763870,CHEMBL230,8.00
CHEMBL28636,COc1ccc(-c2cc(C(F)F)nn2-c2ccc(S(N)(=O)=O)cc2)cc1F,IC50,50.12,nM,=,CHEMBL763870,CHEMBL230,7.30
CHEMBL432945,COc1ccc(C2=C(c3ccc(S(N)(=O)=O)cc3)CC3(CC3)C2)cc1,IC50,1.0,nM,=,CHEMBL763870,CHEMBL230,9.00
CHEMBL88549,CS(=O)(=O)c1ccc(C2=C(c3ccc4c(c3)OCO4)CC3(CC3)C2)cc1,IC50,2.512,nM,=,CHEMBL763870,CHEMBL230,8.60
CHEMBL91258,CS(=O)(=O)c1ccc(C2=C(c3ccc(Cl)cc3Cl)CC3(CC3)C2)cc1,IC50,33.11,nM,=,CHEMBL763870,CHEMBL230,7.48
CHEMBL117491,CS(=O)(=O)c1ccc(-n2cnc(Cl)c2-c2cccnc2)cc1,IC50,10000.0,nM,>,CHEMBL762914,CHEMBL230,
CHEMBL117491,CS(=O)(=O)c1ccc(-n2cnc(Cl)c2-c2cccnc2)cc1,Inhibition,100.0,%,=,CHEMBL764999,CHEMBL230,
CHEMBL117491,CS(=O)(=O)c1ccc(-n2cnc(Cl)c2-c2cccnc2)cc1,Inhibition,74.9,%,=,CHEMBL768142,CHEMBL230,
CHEMBL118064,NS(=O)(=O)c1ccc(-n2cnc(Cl)c2-c2ccccc2)cc1,IC50,9.0,nM,=,CHEMBL762914,CHEMBL230,8.05
CHEMBL118064,NS(=O)(=O)c1ccc(-n2cnc(Cl)c2-c2ccccc2)cc1,Inhibition,59.5,%,=,CHEMBL764999,CHEMBL230,
CHEMBL118064,NS(=O)(=O)c1ccc(-n2cnc(Cl)c2-c2ccccc2)cc1,NT,,,,CHEMBL763858,CHEMBL230,
CHEMBL46584,NS(=O)(=O)c1ccc(-n2cc(C(F)(F)F)nc2-c2cccc(Br)c2)cc1,IC50,7.079,nM,=,CHEMBL763870,CHEMBL230,8.15
CHEMBL42884,Cc1cc(F)cc(-c2nc(C(F)(F)F)cn2-c2ccc(S(C)(=O)=O)cc2)c1,IC50,109.65,nM,=,CHEMBL763870,CHEMBL230,6.96
CHEMBL46636,CS(=O)(=O)c1ccc(-n2cc(C(F)F)nc2-c2ccc(Cl)cc2)cc1,IC50,616.6,nM,=,CHEMBL763870,CHEMBL230,6.21
CHEMBL325755,CS(=O)(=O)c1ccc(-n2cc(C(F)(F)F)nc2-c2cccnc2)cc1,IC50,1698.24,nM,=,CHEMBL763870,CHEMBL230,5.77
CHEMBL108201,COc1ccc(C2=C(c3ccc(S(C)(=O)=O)cc3)CCC2)cc1,IC50,5.012,nM,=,CHEMBL763870,CHEMBL230,8.30
CHEMBL287646,COc1c(Cl)cc(-c2cc(C(F)F)nn2-c2ccc(S(N)(=O)=O)cc2)cc1Cl,IC50,20.89,nM,=,CHEMBL763870,CHEMBL230,7.68
CHEMBL117146,CS(=O)(=O)c1ccc(-c2cnc(C#N)n2-c2ccc(F)cc2)cc1,IC50,51.0,nM,=,CHEMBL762914,CHEMBL230,7.29
CHEMBL117146,CS(=O)(=O)c1ccc(-c2cnc(C#N)n2-c2ccc(F)cc2)cc1,Inhibition,100.0,%,=,CHEMBL764999,CHEMBL230,
CHEMBL117146,CS(=O)(=O)c1ccc(-c2cnc(C#N)n2-c2ccc(F)cc2)cc1,Inhibition,74.0,%,=,CHEMBL765000,CHEMBL230,
CHEMBL348390,c1ccc(-c2nn(-c3ccccc3)c3c2CCCCC3)cc1,IC50,170.0,nM,=,CHEMBL768959,CHEMBL230,6.77
CHEMBL157129,COc1ccc(-n2nc(-c3ccc(Cl)cc3)c3c2CCC(O)C3)cc1,IC50,460.0,nM,=,CHEMBL768959,CHEMBL230,6.34
CHEMBL424063,NS(=O)(=O)c1ccc(C2=C(c3ccc4c(c3)OCO4)CCC2)cc1,IC50,1.995,nM,=,CHEMBL763870,CHEMBL230,8.70
CHEMBL43511,NS(=O)(=O)c1ccc(-n2cccc2-c2ccc(F)cc2)cc1,IC50,14.13,nM,=,CHEMBL763870,CHEMBL230,7.85
CHEMBL43265,CS(=O)(=O)c1ccc(-n2cc(CF)nc2-c2ccc(Cl)cc2)cc1,IC50,407.38,nM,=,CHEMBL763870,CHEMBL230,6.39
CHEMBL289484,CCOC(=O)c1cn(-c2ccc(S(C)(=O)=O)cc2)c(-c2ccc(Cl)cc2)n1,IC50,5754.4,nM,=,CHEMBL763870,CHEMBL230,5.24
CHEMBL321016,Cc1cccnc1-c1nc(C(F)(F)F)cn1-c1ccc(S(N)(=O)=O)cc1,IC50,1584.89,nM,=,CHEMBL763870,CHEMBL230,5.80
CHEMBL52888,COc1ccc(-c2cc(F)c(F)cc2-c2ccc(S(N)(=O)=O)cc2)cc1OC,IC50,64.57,nM,=,CHEMBL763870,CHEMBL230,7.19
CHEMBL29439,CNc1ccc(-c2cc(C(F)(F)F)nn2-c2ccc(S(N)(=O)=O)cc2)cc1,IC50,15.85,nM,=,CHEMBL763870,CHEMBL230,7.80
CHEMBL326097,COc1cc(-c2c(Cl)ncn2-c2ccc(S(C)(=O)=O)cc2)ccc1C,IC50,15.0,nM,=,CHEMBL762914,CHEMBL230,7.82
CHEMBL326097,COc1cc(-c2c(Cl)ncn2-c2ccc(S(C)(=O)=O)cc2)ccc1C,Inhibition,100.0,%,=,CHEMBL764999,CHEMBL230,
CHEMBL326097,COc1cc(-c2c(Cl)ncn2-c2ccc(S(C)(=O)=O)cc2)ccc1C,Inhibition,77.1,%,=,CHEMBL768142,CHEMBL230,
CHEMBL324275,CC1Cc2cc(-c3c(Cl)ncn3-c3ccc(S(C)(=O)=O)cc3)ccc2O1,IC50,74.0,nM,=,CHEMBL762914,CHEMBL230,7.13
CHEMBL324275,CC1Cc2cc(-c3c(Cl)ncn3-c3ccc(S(C)(=O)=O)cc3)ccc2O1,Inhibition,59.9,%,=,CHEMBL764999,CHEMBL230,
CHEMBL324275,CC1Cc2cc(-c3c(Cl)ncn3-c3ccc(S(C)(=O)=O)cc3)ccc2O1,NT,,,,CHEMBL763858,CHEMBL230,
CHEMBL157616,Clc1ccc(-c2nn(-c3ccccc3)c3c2CCC3)cc1,IC50,2590.0,nM,=,CHEMBL768959,CHEMBL230,5.59
CHEMBL43957,CS(=O)(=O)c1ccc(-n2cccc2-c2ccc(F)cc2)cc1,IC50,512.86,nM,=,CHEMBL763870,CHEMBL230,6.29
CHEMBL320961,Cc1cccc(-c2nc(C(F)(F)F)cn2-c2ccc(S(C)(=O)=O)cc2)n1,IC50,2884.03,nM,=,CHEMBL763870,CHEMBL230,5.54
CHEMBL110876,Cc1ccsc1-c1nc(C(F)(F)F)cn1-c1ccc(S(C)(=O)=O)cc1,IC50,1096.48,nM,=,CHEMBL763870,CHEMBL230,5.96
CHEMBL320926,Cc1ncc(-c2nc(C(F)(F)F)cn2-c2ccc(S(N)(=O)=O)cc2)s1,IC50,426.58,nM,=,CHEMBL763870,CHEMBL230,6.37
CHEMBL324863,COc1ccc(C2=C(c3ccc(S(C)(=O)=O)cc3)CCC2)cc1Cl,IC50,141.25,nM,=,CHEMBL763870,CHEMBL230,6.85
CHEMBL405623,CS(=O)(=O)c1ccc(C2=C(c3ccc4c(c3)OCO4)CCC2)cc1,IC50,20.89,nM,=,CHEMBL763870,CHEMBL230,7.68
CHEMBL111787,NS(=O)(=O)c1ccc(C2=C(c3ccc(F)c(F)c3)CCC2)cc1,IC50,18.2,nM,=,CHEMBL763870,CHEMBL230,7.74
CHEMBL291912,CS(=O)(=O)c1ccc(-c2ccccc2-c2ccc(F)cc2)cc1,IC50,257.04,nM,=,CHEMBL763870,CHEMBL230,6.59
CHEMBL282085,COc1ccc(-c2cc(C(F)F)nn2-c2ccc(S(N)(=O)=O)cc2)cc1,IC50,15.14,nM,=,CHEMBL763870,CHEMBL230,7.82
CHEMBL88532,COc1ccc(C2=C(c3ccc(S(N)(=O)=O)cc3)CC3(CC3)C2)cc1F,IC50,1.995,nM,=,CHEMBL763870,CHEMBL230,8.70
CHEMBL324093,CS(=O)(=O)c1ccc(-c2cnc(Br)n2-c2ccc(F)cc2)cc1,IC50,48.0,nM,=,CHEMBL762914,CHEMBL230,7.32
CHEMBL324093,CS(=O)(=O)c1ccc(-c2cnc(Br)n2-c2ccc(F)cc2)cc1,Inhibition,92.8,%,=,CHEMBL764999,CHEMBL230,
CHEMBL324093,CS(=O)(=O)c1ccc(-c2cnc(Br)n2-c2ccc(F)cc2)cc1,Inhibition,56.2,%,=,CHEMBL768142,CHEMBL230,
CHEMBL115458,COC(=O)c1ncc(-c2ccc(S(C)(=O)=O)cc2)n1-c1ccc(F)cc1,IC50,10000.0,nM,>,CHEMBL762914,CHEMBL230,
CHEMBL115458,COC(=O)c1ncc(-c2ccc(S(C)(=O)=O)cc2)n1-c1ccc(F)cc1,Inhibition,39.1,%,=,CHEMBL764999,CHEMBL230,
CHEMBL325298,Cc1ccc(-c2c(Cl)ncn2-c2ccc(S(C)(=O)=O)cc2)cc1F,IC50,6.0,nM,=,CHEMBL762914,CHEMBL230,8.22
CHEMBL325298,Cc1ccc(-c2c(Cl)ncn2-c2ccc(S(C)(=O)=O)cc2)cc1F,Inhibition,100.0,%,=,CHEMBL764999,CHEMBL230,
CHEMBL325298,Cc1ccc(-c2c(Cl)ncn2-c2ccc(S(C)(=O)=O)cc2)cc1F,Inhibition,75.1,%,=,CHEMBL768142,CHEMBL230,
CHEMBL289813,Cc1c(C=O)cc(-c2ccc(S(C)(=O)=O)cc2)n1-c1ccc(F)cc1,IC50,3235.94,nM,=,CHEMBL763870,CHEMBL230,5.49
CHEMBL296662,COc1ccc(-c2nc(C(F)(F)F)cn2-c2ccc(S(N)(=O)=O)cc2)cc1F,IC50,30.2,nM,=,CHEMBL763870,CHEMBL230,7.52
CHEMBL298296,CS(=O)(=O)c1ccc(-n2cc(-c3ccccc3)nc2-c2ccc(Cl)cc2)cc1,IC50,239.88,nM,=,CHEMBL763870,CHEMBL230,6.62
CHEMBL320330,CS(=O)(=O)c1ccc(-n2cc(C(F)(F)F)nc2-c2cncc(Br)c2)cc1,IC50,954.99,nM,=,CHEMBL763870,CHEMBL230,6.02
CHEMBL108452,NS(=O)(=O)c1ccc(-n2cc(C(F)(F)F)nc2-c2cccnc2)cc1,IC50,436.52,nM,=,CHEMBL763870,CHEMBL230,6.36
CHEMBL110145,Cc1ncccc1-c1nc(C(F)(F)F)cn1-c1ccc(S(N)(=O)=O)cc1,IC50,2818.38,nM,=,CHEMBL763870,CHEMBL230,5.55
CHEMBL299806,CN(C)c1ccc(-c2cc(F)c(F)cc2-c2ccc(S(C)(=O)=O)cc2)cc1Cl,IC50,7.943,nM,=,CHEMBL763870,CHEMBL230,8.10
CHEMBL27975,NS(=O)(=O)c1ccc(-n2ncc(Br)c2-c2ccc(Cl)cc2)cc1,IC50,30.9,nM,=,CHEMBL763870,CHEMBL230,7.51
CHEMBL30091,NS(=O)(=O)c1ccc(-n2nc(C(F)(F)F)cc2C2=CCCCC2)cc1,IC50,83.18,nM,=,CHEMBL763870,CHEMBL230,7.08
CHEMBL114162,CS(=O)(=O)c1ccc(-c2cncn2-c2ccc(F)cc2)cc1,IC50,10000.0,nM,>,CHEMBL762914,CHEMBL230,
CHEMBL114162,CS(=O)(=O)c1ccc(-c2cncn2-c2ccc(F)cc2)cc1,Inhibition,63.4,%,=,CHEMBL764999,CHEMBL230,
CHEMBL117295,COc1ccc(-c2c(Cl)ncn2-c2ccc(S(C)(=O)=O)cc2)cc1Cl,IC50,8.0,nM,=,CHEMBL762914,CHEMBL230,8.10
CHEMBL117295,COc1ccc(-c2c(Cl)ncn2-c2ccc(S(C)(=O)=O)cc2)cc1Cl,Inhibition,100.0,%,=,CHEMBL764999,CHEMBL230,
CHEMBL117295,COc1ccc(-c2c(Cl)ncn2-c2ccc(S(C)(=O)=O)cc2)cc1Cl,Inhibition,84.1,%,=,CHEMBL768142,CHEMBL230,
CHEMBL155185,CS(=O)(=O)c1ccc(-n2nc(-c3ccc(F)cc3)c3c2CCCC3)cc1,IC50,10000.0,nM,>,CHEMBL768959,CHEMBL230,
CHEMBL44290,CC(=O)c1cc(-c2ccc(S(C)(=O)=O)cc2)n(-c2ccc(F)cc2)c1C,IC50,1621.81,nM,=,CHEMBL763870,CHEMBL230,5.79
CHEMBL42595,CS(=O)(=O)c1ccc(-n2cc(C(F)(F)F)nc2-c2ccc(F)c(F)c2)cc1,IC50,120.23,nM,=,CHEMBL763870,CHEMBL230,6.92
CHEMBL298313,COc1ccc(-c2nc(C(F)(F)F)cn2-c2ccc(S(N)(=O)=O)cc2)cc1Cl,IC50,19.95,nM,=,CHEMBL763870,CHEMBL230,7.70
CHEMBL43933,CSCc1cn(-c2ccc(S(C)(=O)=O)cc2)c(-c2ccc(Cl)cc2)n1,IC50,323.59,nM,=,CHEMBL763870,CHEMBL230,6.49
CHEMBL326024,Cc1nc(-c2nc(C(F)(F)F)cn2-c2ccc(S(=O)(=O)N(C)C)cc2)co1,IC50,4168.69,nM,=,CHEMBL763870,CHEMBL230,5.38
CHEMBL111657,CS(=O)(=O)c1ccc(C2=C(c3ccc(F)c(F)c3)CCC2)cc1,IC50,51.29,nM,=,CHEMBL763870,CHEMBL230,7.29
CHEMBL55188,CS(=O)(=O)c1ccc(-c2ccccc2-c2ccc(Cl)cc2)cc1,IC50,141.25,nM,=,CHEMBL763870,CHEMBL230,6.85
CHEMBL89089,COc1ccc(C2=C(c3ccc(S(C)(=O)=O)cc3)CC3(CC3)C2)cc1,IC50,5.012,nM,=,CHEMBL763870,CHEMBL230,8.30
CHEMBL313387,NS(=O)(=O)c1ccc(C2=C(c3ccc(Cl)c(Cl)c3)CC3(CC3)C2)cc1,IC50,1.0,nM,=,CHEMBL763870,CHEMBL230,9.00
CHEMBL325297,CS(=O)(=O)c1ccc(-n2c(-c3ccc(F)cc3)cnc2C(=O)c2ccccc2)cc1,IC50,10000.0,nM,>,CHEMBL762914,CHEMBL230,
CHEMBL325297,CS(=O)(=O)c1ccc(-n2c(-c3ccc(F)cc3)cnc2C(=O)c2ccccc2)cc1,Inhibition,0.0,%,=,CHEMBL764999,CHEMBL230,
CHEMBL117618,CS(=O)(=O)c1ccc(-n2c(-c3ccc(F)cc3)cnc2CO)cc1,IC50,10000.0,nM,>,CHEMBL762914,CHEMBL230,
CHEMBL117618,CS(=O)(=O)c1ccc(-n2c(-c3ccc(F)cc3)cnc2CO)cc1,Inhibition,27.4,%,=,CHEMBL764999,CHEMBL230,
CHEMBL119852,CS(=O)(=O)c1ccc(-n2cnc(Cl)c2-c2cccc(F)c2)cc1,IC50,65.0,nM,=,CHEMBL762914,CHEMBL230,7.19
CHEMBL119852,CS(=O)(=O)c1ccc(-n2cnc(Cl)c2-c2cccc(F)c2)cc1,Inhibition,100.0,%,=,CHEMBL764999,CHEMBL230,
CHEMBL119852,CS(=O)(=O)c1ccc(-n2cnc(Cl)c2-c2cccc(F)c2)cc1,Inhibition,51.9,%,=,CHEMBL768142,CHEMBL230,
CHEMBL332725,CCOc1ccc(-c2c(Cl)ncn2-c2ccc(S(C)(=O)=O)cc2)cc1F,IC50,25.0,nM,=,CHEMBL762914,CHEMBL230,7.60
CHEMBL332725,CCOc1ccc(-c2c(Cl)ncn2-c2ccc(S(C)(=O)=O)cc2)cc1F,Inhibition,95.2,%,=,CHEMBL764999,CHEMBL230,
CHEMBL332725,CCOc1ccc(-c2c(Cl)ncn2-c2ccc(S(C)(=O)=O)cc2)cc1F,Inhibition,96.5,%,=,CHEMBL768142,CHEMBL230,
CHEMBL324823,CS(=O)(=O)c1ccc(-n2cnc(Cl)c2-c2cnccc2O)cc1,IC50,1000.0,nM,>,CHEMBL762914,CHEMBL230,
CHEMBL324823,CS(=O)(=O)c1ccc(-n2cnc(Cl)c2-c2cnccc2O)cc1,Inhibition,66.4,%,=,CHEMBL764999,CHEMBL230,
CHEMBL157950,Cc1ccc(NNC(=O)c2ccccc2)cc1,IC50,330.0,nM,=,CHEMBL768959,CHEMBL230,6.48
CHEMBL111590,NS(=O)(=O)c1ccc(C2=C(c3ccc(Cl)cc3)CCC2)cc1,IC50,3.02,nM,=,CHEMBL763870,CHEMBL230,8.52
CHEMBL40245,Cc1c(Br)cc(-c2ccc(S(C)(=O)=O)cc2)n1-c1ccc(F)cc1,IC50,19.95,nM,=,CHEMBL763870,CHEMBL230,7.70
CHEMBL42674,CSc1ccc(-c2nc(C(F)(F)F)cn2-c2ccc(S(N)(=O)=O)cc2)cc1Cl,IC50,10.0,nM,=,CHEMBL763870,CHEMBL230,8.00
CHEMBL289561,COc1cc(-c2nc(C(F)(F)F)cn2-c2ccc(S(N)(=O)=O)cc2)ccc1Cl,IC50,19.95,nM,=,CHEMBL763870,CHEMBL230,7.70
CHEMBL46761,Cc1cn(-c2ccc(S(C)(=O)=O)cc2)c(-c2ccc(Cl)cc2)n1,IC50,239.88,nM,=,CHEMBL763870,CHEMBL230,6.62
CHEMBL46576,COCc1cn(-c2ccc(S(C)(=O)=O)cc2)c(-c2ccc(Cl)cc2)n1,IC50,3715.35,nM,=,CHEMBL763870,CHEMBL230,5.43
CHEMBL323277,Cc1cccnc1-c1nc(C(F)(F)F)cn1-c1ccc(S(C)(=O)=O)cc1,IC50,5754.4,nM,=,CHEMBL763870,CHEMBL230,5.24
CHEMBL54412,NS(=O)(=O)c1ccc(-c2ccccc2-c2ccc(F)c(Cl)c2)cc1,IC50,16.98,nM,=,CHEMBL763870,CHEMBL230,7.77
CHEMBL52020,Cc1cc(-c2cc(F)c(F)cc2-c2ccc(S(N)(=O)=O)cc2)ccc1F,IC50,1.995,nM,=,CHEMBL763870,CHEMBL230,8.70
CHEMBL51860,COc1ccc(-c2cc(F)c(F)cc2-c2ccc(S(N)(=O)=O)cc2)cc1C,IC50,5.012,nM,=,CHEMBL763870,CHEMBL230,8.30
CHEMBL29887,COc1ccc(-c2cc(C(F)(F)F)nn2-c2ccc(S(N)(=O)=O)cc2)cc1C,IC50,9.333,nM,=,CHEMBL763870,CHEMBL230,8.03
CHEMBL116933,CS(=O)(=O)c1ccc(-n2c(Cl)nc(Cl)c2-c2ccc(F)cc2)cc1,IC50,10000.0,nM,>,CHEMBL762914,CHEMBL230,
CHEMBL116933,CS(=O)(=O)c1ccc(-n2c(Cl)nc(Cl)c2-c2ccc(F)cc2)cc1,Inhibition,0.0,%,=,CHEMBL764999,CHEMBL230,
CHEMBL6,COc1ccc2c(c1)c(CC(=O)O)c(C)n2C(=O)c1ccc(Cl)cc1,IC50,9.0,nM,=,CHEMBL762914,CHEMBL230,8.05
CHEMBL6,COc1ccc2c(c1)c(CC(=O)O)c(C)n2C(=O)c1ccc(Cl)cc1,Inhibition,100.0,%,=,CHEMBL764999,CHEMBL230,
CHEMBL6,COc1ccc2c(c1)c(CC(=O)O)c(C)n2C(=O)c1ccc(Cl)cc1,Inhibition,67.9,%,=,CHEMBL768142,CHEMBL230,
CHEMBL6,COc1ccc2c(c1)c(CC(=O)O)c(C)n2C(=O)c1ccc(Cl)cc1,IC50,640.0,nM,=,CHEMBL766721,CHEMBL230,6.19
CHEMBL114783,CS(=O)(=O)c1ccc(-c2cnc(Cl)n2-c2ccc(F)cc2)cc1,IC50,14.0,nM,=,CHEMBL762914,CHEMBL230,7.85
CHEMBL114783,CS(=O)(=O)c1ccc(-c2cnc(Cl)n2-c2ccc(F)cc2)cc1,Inhibition,100.0,%,=,CHEMBL764999,CHEMBL230,
CHEMBL114783,CS(=O)(=O)c1ccc(-c2cnc(Cl)n2-c2ccc(F)cc2)cc1,Inhibition,85.6,%,=,CHEMBL768142,CHEMBL230,
CHEMBL324472,CS(=O)(=O)c1ccc(-n2cnc(Cl)c2-c2ccc(OC(F)(F)F)cc2)cc1,IC50,10000.0,nM,=,CHEMBL762914,CHEMBL230,5.00
CHEMBL324472,CS(=O)(=O)c1ccc(-n2cnc(Cl)c2-c2ccc(OC(F)(F)F)cc2)cc1,NT,,,,CHEMBL763859,CHEMBL230,
CHEMBL324472,CS(=O)(=O)c1ccc(-n2cnc(Cl)c2-c2ccc(OC(F)(F)F)cc2)cc1,NT,,,,CHEMBL763858,CHEMBL230,
CHEMBL433892,c1ccc(-c2nn(-c3ccccc3)c3c2CCCC3)cc1,IC50,570.0,nM,=,CHEMBL768959,CHEMBL230,6.24
CHEMBL155658,Clc1ccc(-c2nn(-c3ccccc3)c3c2CCCCC3)cc1,IC50,140.0,nM,=,CHEMBL768959,CHEMBL230,6.85
CHEMBL154589,Clc1ccc(-c2nn(-c3ccc(Cl)cc3)c3c2CCCCC3)cc1,IC50,10000.0,nM,=,CHEMBL768959,CHEMBL230,5.00
CHEMBL294967,Cc1ccccc1-c1nc(C(F)(F)F)cn1-c1ccc(S(N)(=O)=O)cc1,IC50,199.53,nM,=,CHEMBL763870,CHEMBL230,6.70
CHEMBL108961,Cc1ccnc(-c2nc(C(F)(F)F)cn2-c2ccc(S(N)(=O)=O)cc2)c1,IC50,436.52,nM,=,CHEMBL763870,CHEMBL230,6.36
CHEMBL106192,CS(=O)(=O)c1ccc(-n2cc(C(F)(F)F)nc2-c2nccc3ccccc23)cc1,IC50,1698.24,nM,=,CHEMBL763870,CHEMBL230,5.77
CHEMBL282084,Nc1ccc(-c2cc(C(F)(F)F)nn2-c2ccc(S(N)(=O)=O)cc2)cc1,IC50,338.84,nM,=,CHEMBL763870,CHEMBL230,6.47
CHEMBL282838,NS(=O)(=O)c1ccc(-n2nc(CO)cc2-c2ccc(Cl)cc2)cc1,IC50,831.76,nM,=,CHEMBL763870,CHEMBL230,6.08
CHEMBL30011,COc1ccc(-c2cc(C(F)(F)F)nn2-c2ccc(Cl)cc2)cc1,IC50,758.58,nM,=,CHEMBL763870,CHEMBL230,6.12
CHEMBL327900,CS(=O)(=O)c1ccc(C2=C(c3ccc(F)cc3)CC3(CCCC3)C2)cc1,IC50,61.66,nM,=,CHEMBL763870,CHEMBL230,7.21
CHEMBL119076,CCCCCc1ncn(-c2ccc(S(C)(=O)=O)cc2)c1-c1ccc(F)cc1,IC50,10000.0,nM,>,CHEMBL762914,CHEMBL230,
CHEMBL119076,CCCCCc1ncn(-c2ccc(S(C)(=O)=O)cc2)c1-c1ccc(F)cc1,Inhibition,64.4,%,=,CHEMBL764999,CHEMBL230,
CHEMBL118,Cc1ccc(-c2cc(C(F)(F)F)nn2-c2ccc(S(N)(=O)=O)cc2)cc1,IC50,79.0,nM,=,CHEMBL762914,CHEMBL230,7.10
CHEMBL118,Cc1ccc(-c2cc(C(F)(F)F)nn2-c2ccc(S(N)(=O)=O)cc2)cc1,Inhibition,96.4,%,=,CHEMBL764999,CHEMBL230,
CHEMBL118,Cc1ccc(-c2cc(C(F)(F)F)nn2-c2ccc(S(N)(=O)=O)cc2)cc1,Inhibition,67.0,%,=,CHEMBL768142,CHEMBL230,
CHEMBL118,Cc1ccc(-c2cc(C(F)(F)F)nn2-c2ccc(S(N)(=O)=O)cc2)cc1,IC50,600.0,nM,=,CHEMBL766721,CHEMBL230,6.22
CHEMBL118936,CS(=O)(=O)c1ccc(-c2cnc(C=O)n2-c2ccc(F)cc2)cc1,IC50,1000.0,nM,>,CHEMBL762914,CHEMBL230,
CHEMBL118936,CS(=O)(=O)c1ccc(-c2cnc(C=O)n2-c2ccc(F)cc2)cc1,Inhibition,70.9,%,=,CHEMBL764999,CHEMBL230,
CHEMBL324042,Cc1nc(Cl)n(-c2ccc(F)cc2)c1-c1ccc(S(C)(=O)=O)cc1,IC50,10000.0,nM,>,CHEMBL762914,CHEMBL230,
CHEMBL324042,Cc1nc(Cl)n(-c2ccc(F)cc2)c1-c1ccc(S(C)(=O)=O)cc1,Inhibition,42.6,%,=,CHEMBL764999,CHEMBL230,
CHEMBL155436,CS(=O)(=O)c1ccc(NNC(=O)c2ccccc2)cc1,IC50,10000.0,nM,>,CHEMBL768959,CHEMBL230,
CHEMBL295032,Cc1cc(Cl)cc(-c2nc(C(F)(F)F)cn2-c2ccc(S(C)(=O)=O)cc2)c1,IC50,79.43,nM,=,CHEMBL763870,CHEMBL230,7.10
CHEMBL109017,Cc1csc(-c2nc(C(F)(F)F)cn2-c2ccc(S(N)(=O)=O)cc2)n1,IC50,109.65,nM,=,CHEMBL763870,CHEMBL230,6.96
CHEMBL300597,COc1c(Cl)cc(-c2cc(F)c(F)cc2-c2ccc(S(N)(=O)=O)cc2)cc1Cl,IC50,20.89,nM,=,CHEMBL763870,CHEMBL230,7.68
CHEMBL287170,NC(=O)c1nn(-c2ccc(S(N)(=O)=O)cc2)c(-c2ccc(Cl)cc2)c1Cl,IC50,1096.48,nM,=,CHEMBL763870,CHEMBL230,5.96
CHEMBL286756,N#CCc1cc(-c2ccc(Cl)cc2)n(-c2ccc(S(N)(=O)=O)cc2)n1,IC50,120.23,nM,=,CHEMBL763870,CHEMBL230,6.92
CHEMBL29204,COc1ccc(-c2cc(C(F)(F)F)nn2-c2ccc(OC)cc2)cc1,IC50,758.58,nM,=,CHEMBL763870,CHEMBL230,6.12
CHEMBL558340,CS(=O)(=O)c1ccc(C2=C(c3ccc(Cl)c(Cl)c3)CC3(CC3)C2)cc1,IC50,3.02,nM,=,CHEMBL763870,CHEMBL230,8.52
CHEMBL118067,CCOc1cc(OCC)cc(-c2c(Cl)ncn2-c2ccc(S(C)(=O)=O)cc2)c1,IC50,10000.0,nM,>,CHEMBL762914,CHEMBL230,
CHEMBL118067,CCOc1cc(OCC)cc(-c2c(Cl)ncn2-c2ccc(S(C)(=O)=O)cc2)c1,Inhibition,0.0,%,=,CHEMBL764999,CHEMBL230,
CHEMBL118067,CCOc1cc(OCC)cc(-c2c(Cl)ncn2-c2ccc(S(C)(=O)=O)cc2)c1,NT,,,,CHEMBL763858,CHEMBL230,
CHEMBL115905,CS(=O)(=O)c1ccc(-n2cnc(Cl)c2-c2cc(Br)co2)cc1,IC50,1000.0,nM,>,CHEMBL762914,CHEMBL230,
CHEMBL115905,CS(=O)(=O)c1ccc(-n2cnc(Cl)c2-c2cc(Br)co2)cc1,NT,,,,CHEMBL763859,CHEMBL230,
CHEMBL115905,CS(=O)(=O)c1ccc(-n2cnc(Cl)c2-c2cc(Br)co2)cc1,NT,,,,CHEMBL763858,CHEMBL230,
CHEMBL117306,NS(=O)(=O)c1ccc(-n2cnc(Cl)c2-c2ccc(Cl)nc2)cc1,IC50,42.0,nM,=,CHEMBL762914,CHEMBL230,7.38
CHEMBL117306,NS(=O)(=O)c1ccc(-n2cnc(Cl)c2-c2ccc(Cl)nc2)cc1,Inhibition,97.6,%,=,CHEMBL764999,CHEMBL230,
CHEMBL117306,NS(=O)(=O)c1ccc(-n2cnc(Cl)c2-c2ccc(Cl)nc2)cc1,Inhibition,19.6,%,=,CHEMBL768142,CHEMBL230,
CHEMBL52454,CS(=O)(=O)c1ccc(-c2ccccc2-c2ccc(F)c(Cl)c2)cc1,IC50,363.08,nM,=,CHEMBL763870,CHEMBL230,6.44
CHEMBL298269,NS(=O)(=O)c1ccc(-n2cc(C(F)(F)F)nc2-c2cccc(Cl)c2)cc1,IC50,7.943,nM,=,CHEMBL763870,CHEMBL230,8.10
CHEMBL42651,COc1ccc(-c2nc(C(F)(F)F)cn2-c2ccc(S(C)(=O)=O)cc2)cc1F,IC50,151.36,nM,=,CHEMBL763870,CHEMBL230,6.82
CHEMBL108978,CS(=O)(=O)c1ccc(-n2cc(C(F)(F)F)nc2-c2cc3ccccc3cn2)cc1,IC50,1202.26,nM,=,CHEMBL763870,CHEMBL230,5.92
CHEMBL416126,CS(=O)(=O)c1ccc(-c2cc(F)c(F)cc2-c2ccc3c(c2)OCO3)cc1,IC50,12.02,nM,=,CHEMBL763870,CHEMBL230,7.92
CHEMBL300601,Cc1ccc(-c2cc(F)c(F)cc2-c2ccc(S(C)(=O)=O)cc2)cc1C,IC50,22.91,nM,=,CHEMBL763870,CHEMBL230,7.64
CHEMBL28527,NS(=O)(=O)c1ccc(-n2nc(C(F)(F)F)cc2-c2ccc(F)cc2)cc1,IC50,40.74,nM,=,CHEMBL763870,CHEMBL230,7.39
CHEMBL29923,Cc1cccc(-c2cc(C(F)(F)F)nn2-c2ccc(S(N)(=O)=O)cc2)c1,IC50,109.65,nM,=,CHEMBL763870,CHEMBL230,6.96
CHEMBL28664,NS(=O)(=O)c1ccc(-n2nc(C(F)(F)F)cc2-c2ccc([N+](=O)[O-])cc2)cc1,IC50,2630.27,nM,=,CHEMBL763870,CHEMBL230,5.58
CHEMBL314297,CS(=O)(=O)c1ccc(C2=C(c3ccc(F)cc3F)CC3(CC3)C2)cc1,IC50,21.88,nM,=,CHEMBL763870,CHEMBL230,7.66
CHEMBL1147,NS(=O)(=O)c1ccc(-c2c(-c3ccccc3)noc2CO)cc1,IC50,181.97,nM,=,CHEMBL763870,CHEMBL230,6.74
CHEMBL333755,CS(=O)(=O)c1ccc(-c2c(Cl)nc(Cl)n2-c2ccc(F)cc2)cc1,IC50,10000.0,nM,>,CHEMBL762914,CHEMBL230,
CHEMBL333755,CS(=O)(=O)c1ccc(-c2c(Cl)nc(Cl)n2-c2ccc(F)cc2)cc1,Inhibition,51.6,%,=,CHEMBL764999,CHEMBL230,
CHEMBL435381,COc1ccc(-c2c(Cl)ncn2-c2ccc(S(N)(=O)=O)cc2)cc1F,IC50,5.0,nM,=,CHEMBL762914,CHEMBL230,8.30
CHEMBL435381,COc1ccc(-c2c(Cl)ncn2-c2ccc(S(N)(=O)=O)cc2)cc1F,Inhibition,100.0,%,=,CHEMBL764999,CHEMBL230,
CHEMBL435381,COc1ccc(-c2c(Cl)ncn2-c2ccc(S(N)(=O)=O)cc2)cc1F,Inhibition,100.0,%,=,CHEMBL768142,CHEMBL230,
CHEMBL435381,COc1ccc(-c2c(Cl)ncn2-c2ccc(S(N)(=O)=O)cc2)cc1F,IC50,66.0,nM,=,CHEMBL766721,CHEMBL230,7.18
CHEMBL115979,COc1ccc(-c2c(Cl)ncn2-c2ccc(S(N)(=O)=O)cc2)cc1Cl,IC50,5.0,nM,=,CHEMBL762914,CHEMBL230,8.30
CHEMBL115979,COc1ccc(-c2c(Cl)ncn2-c2ccc(S(N)(=O)=O)cc2)cc1Cl,Inhibition,99.9,%,=,CHEMBL764999,CHEMBL230,
CHEMBL349310,c1ccc(-c2nn(-c3ccccc3)c3c2CCC3)cc1,IC50,6200.0,nM,=,CHEMBL768959,CHEMBL230,5.21
CHEMBL45192,NS(=O)(=O)c1ccc(-n2cc(C(F)(F)F)nc2-c2ccc(Cl)cc2)cc1,IC50,10.0,nM,=,CHEMBL763870,CHEMBL230,8.00
CHEMBL417170,Cc1cc(F)cc(-c2nc(C(F)(F)F)cn2-c2ccc(S(N)(=O)=O)cc2)c1,IC50,30.2,nM,=,CHEMBL763870,CHEMBL230,7.52
CHEMBL293771,Cc1ccc(-c2cc(F)c(F)cc2-c2ccc(S(C)(=O)=O)cc2)cc1,IC50,7.079,nM,=,CHEMBL763870,CHEMBL230,8.15
CHEMBL30236,CCc1cc(-c2cc(C(F)(F)F)nn2-c2ccc(S(N)(=O)=O)cc2)ccc1OC,IC50,426.58,nM,=,CHEMBL763870,CHEMBL230,6.37
CHEMBL29562,NS(=O)(=O)c1ccc(-n2nc(C(F)(F)F)cc2-c2cc3ccccc3o2)cc1,IC50,891.25,nM,=,CHEMBL763870,CHEMBL230,6.05
CHEMBL324825,C=CCc1ncn(-c2ccc(S(C)(=O)=O)cc2)c1-c1ccc(F)cc1,IC50,10000.0,nM,>,CHEMBL762914,CHEMBL230,
CHEMBL324825,C=CCc1ncn(-c2ccc(S(C)(=O)=O)cc2)c1-c1ccc(F)cc1,Inhibition,3.4,%,=,CHEMBL764999,CHEMBL230,
CHEMBL117862,COc1ccc(-c2c(Cl)ncn2-c2ccc(S(C)(=O)=O)cc2)cc1F,IC50,4.0,nM,=,CHEMBL762914,CHEMBL230,8.40
CHEMBL117862,COc1ccc(-c2c(Cl)ncn2-c2ccc(S(C)(=O)=O)cc2)cc1F,Inhibition,100.0,%,=,CHEMBL764999,CHEMBL230,
CHEMBL117862,COc1ccc(-c2c(Cl)ncn2-c2ccc(S(C)(=O)=O)cc2)cc1F,Inhibition,79.0,%,=,CHEMBL768142,CHEMBL230,
CHEMBL117862,COc1ccc(-c2c(Cl)ncn2-c2ccc(S(C)(=O)=O)cc2)cc1F,IC50,156.0,nM,=,CHEMBL766721,CHEMBL230,6.81
CHEMBL42409,Cc1c(C(=O)C(F)(F)F)cc(-c2ccc(S(C)(=O)=O)cc2)n1-c1ccc(F)cc1,IC50,120.23,nM,=,CHEMBL763870,CHEMBL230,6.92
CHEMBL290945,Cc1cc(-c2nc(C(F)(F)F)cn2-c2ccc(S(C)(=O)=O)cc2)ccc1Cl,IC50,89.13,nM,=,CHEMBL763870,CHEMBL230,7.05
CHEMBL42174,CN(C)c1cc(-c2nc(C(F)(F)F)cn2-c2ccc(S(C)(=O)=O)cc2)ccc1Cl,IC50,1047.13,nM,=,CHEMBL763870,CHEMBL230,5.98
CHEMBL105766,Cc1cncc(-c2nc(C(F)(F)F)cn2-c2ccc(S(N)(=O)=O)cc2)c1,IC50,512.86,nM,=,CHEMBL763870,CHEMBL230,6.29
CHEMBL111039,CSc1ccc(C2=C(c3ccc(S(C)(=O)=O)cc3)CCC2)cc1,IC50,218.78,nM,=,CHEMBL763870,CHEMBL230,6.66
CHEMBL111786,NS(=O)(=O)c1ccc(C2=C(c3ccc(F)c(Cl)c3)CCC2)cc1,IC50,10.0,nM,=,CHEMBL763870,CHEMBL230,8.00
CHEMBL57837,Cc1cc(-c2cc(F)c(F)cc2-c2ccc(S(C)(=O)=O)cc2)ccc1Cl,IC50,6.026,nM,=,CHEMBL763870,CHEMBL230,8.22
CHEMBL300600,NS(=O)(=O)c1ccc(-c2cc(F)c(F)cc2-c2ccc3c(c2)OCO3)cc1,IC50,3.981,nM,=,CHEMBL763870,CHEMBL230,8.40
CHEMBL88899,COc1ccc(C2=C(c3ccc(S(C)(=O)=O)cc3)CC3(CC3)C2)cc1Cl,IC50,16.98,nM,=,CHEMBL763870,CHEMBL230,7.77
CHEMBL115752,CS(=O)(=O)c1ccc(-n2cnc(Cl)c2-c2ccc(F)cc2F)cc1,IC50,7.0,nM,=,CHEMBL762914,CHEMBL230,8.15
CHEMBL115752,CS(=O)(=O)c1ccc(-n2cnc(Cl)c2-c2ccc(F)cc2F)cc1,Inhibition,100.0,%,=,CHEMBL764999,CHEMBL230,
CHEMBL115752,CS(=O)(=O)c1ccc(-n2cnc(Cl)c2-c2ccc(F)cc2F)cc1,Inhibition,79.6,%,=,CHEMBL768142,CHEMBL230,
CHEMBL324923,COc1cc(-c2c(Cl)ncn2-c2ccc(S(C)(=O)=O)cc2)ccc1F,IC50,16.0,nM,=,CHEMBL762914,CHEMBL230,7.80
CHEMBL324923,COc1cc(-c2c(Cl)ncn2-c2ccc(S(C)(=O)=O)cc2)ccc1F,Inhibition,92.6,%,=,CHEMBL764999,CHEMBL230,
CHEMBL324923,COc1cc(-c2c(Cl)ncn2-c2ccc(S(C)(=O)=O)cc2)ccc1F,Inhibition,97.4,%,=,CHEMBL768142,CHEMBL230,
CHEMBL117947,CCOc1ccc(-c2c(Cl)ncn2-c2ccc(S(N)(=O)=O)cc2)cc1F,IC50,20.0,nM,=,CHEMBL762914,CHEMBL230,7.70
CHEMBL117947,CCOc1ccc(-c2c(Cl)ncn2-c2ccc(S(N)(=O)=O)cc2)cc1F,Inhibition,100.0,%,=,CHEMBL764999,CHEMBL230,
CHEMBL117947,CCOc1ccc(-c2c(Cl)ncn2-c2ccc(S(N)(=O)=O)cc2)cc1F,Inhibition,57.0,%,=,CHEMBL768142,CHEMBL230,
CHEMBL297799,Cc1cc(-c2nc(C(F)(F)F)cn2-c2ccc(S(C)(=O)=O)cc2)ccc1F,IC50,169.82,nM,=,CHEMBL763870,CHEMBL230,6.77
CHEMBL106023,NS(=O)(=O)c1ccc(-n2cc(C(F)(F)F)nc2-c2cncc(Br)c2)cc1,IC50,338.84,nM,=,CHEMBL763870,CHEMBL230,6.47
CHEMBL109623,CN(C)c1ccc(C2=C(c3ccc(S(C)(=O)=O)cc3)CCC2)cc1Cl,IC50,5.012,nM,=,CHEMBL763870,CHEMBL230,8.30
CHEMBL111356,CN(C)c1ccc(C2=C(c3ccc(S(N)(=O)=O)cc3)CCC2)cc1Cl,IC50,1.995,nM,=,CHEMBL763870,CHEMBL230,8.70
CHEMBL417748,Cc1ccc(-c2cc(F)c(F)cc2-c2ccc(S(C)(=O)=O)cc2)cc1Cl,IC50,12.88,nM,=,CHEMBL763870,CHEMBL230,7.89
CHEMBL52820,NS(=O)(=O)c1ccc(-c2cc(F)c(F)cc2-c2ccc(F)c(Cl)c2)cc1,IC50,1.995,nM,=,CHEMBL763870,CHEMBL230,8.70
CHEMBL55395,NS(=O)(=O)c1ccc(-c2cc(F)c(F)cc2-c2ccc3c(c2)OCCO3)cc1,IC50,32.36,nM,=,CHEMBL763870,CHEMBL230,7.49
CHEMBL283388,CCOc1ccc(-c2cc(C(F)(F)F)nn2-c2ccc(S(N)(=O)=O)cc2)cc1,IC50,645.65,nM,=,CHEMBL763870,CHEMBL230,6.19
CHEMBL281975,Cc1ccc(-c2cc(C(F)F)nn2-c2ccc(S(N)(=O)=O)cc2)cc1,IC50,12.88,nM,=,CHEMBL763870,CHEMBL230,7.89
CHEMBL283086,Cc1nn(-c2ccc(S(N)(=O)=O)cc2)c(-c2ccccc2)c1Cl,IC50,28.18,nM,=,CHEMBL763870,CHEMBL230,7.55
CHEMBL118,Cc1ccc(-c2cc(C(F)(F)F)nn2-c2ccc(S(N)(=O)=O)cc2)cc1,IC50,39.81,nM,=,CHEMBL763870,CHEMBL230,7.40
CHEMBL315585,COc1ccc(C2=C(c3ccc(S(N)(=O)=O)cc3)CC3(CC3)C2)cc1Cl,IC50,1.995,nM,=,CHEMBL763870,CHEMBL230,8.70
CHEMBL92107,CS(=O)(=O)c1ccc(C2=C(c3ccc(F)c(F)c3)CC3(CC3)C2)cc1,IC50,3.311,nM,=,CHEMBL763870,CHEMBL230,8.48
CHEMBL90447,CS(=O)(=O)c1ccc(C2=C(c3ccc(F)cc3)CC3(CCC3)C2)cc1,IC50,3.981,nM,=,CHEMBL763870,CHEMBL230,8.40
CHEMBL119853,CS(=O)(=O)c1ccc(-c2c(Br)ncn2-c2ccc(F)cc2)cc1,IC50,10000.0,nM,>,CHEMBL762914,CHEMBL230,
CHEMBL119853,CS(=O)(=O)c1ccc(-c2c(Br)ncn2-c2ccc(F)cc2)cc1,Inhibition,36.0,%,=,CHEMBL764999,CHEMBL230,
CHEMBL117547,CCSc1ccc(-c2c(Cl)ncn2-c2ccc(S(C)(=O)=O)cc2)cc1,IC50,53.0,nM,=,CHEMBL762914,CHEMBL230,7.28
CHEMBL117547,CCSc1ccc(-c2c(Cl)ncn2-c2ccc(S(C)(=O)=O)cc2)cc1,Inhibition,97.3,%,=,CHEMBL764999,CHEMBL230,
CHEMBL117547,CCSc1ccc(-c2c(Cl)ncn2-c2ccc(S(C)(=O)=O)cc2)cc1,Inhibition,76.7,%,=,CHEMBL768142,CHEMBL230,
CHEMBL116016,COc1c(Cl)cc(-c2c(Cl)ncn2-c2ccc(S(C)(=O)=O)cc2)cc1Cl,IC50,7.0,nM,=,CHEMBL762914,CHEMBL230,8.15
CHEMBL116016,COc1c(Cl)cc(-c2c(Cl)ncn2-c2ccc(S(C)(=O)=O)cc2)cc1Cl,Inhibition,99.8,%,=,CHEMBL764999,CHEMBL230,
CHEMBL116016,COc1c(Cl)cc(-c2c(Cl)ncn2-c2ccc(S(C)(=O)=O)cc2)cc1Cl,Inhibition,37.3,%,=,CHEMBL768142,CHEMBL230,
CHEMBL350662,CS(=O)(=O)c1ccc(-n2nc(-c3ccc(Cl)cc3)c3c2CCCCC3)cc1,IC50,10000.0,nM,>,CHEMBL768959,CHEMBL230,
CHEMBL297108,Cc1ccc(-c2nc(C(F)(F)F)cn2-c2ccc(S(N)(=O)=O)cc2)cc1,IC50,39.81,nM,=,CHEMBL763870,CHEMBL230,7.40
CHEMBL296673,Cc1ccc(-c2nc(C(F)(F)F)cn2-c2ccc(S(C)(=O)=O)cc2)cc1Cl,IC50,30.2,nM,=,CHEMBL763870,CHEMBL230,7.52
CHEMBL418448,COc1ccc(-c2cc(F)c(F)cc2-c2ccc(S(C)(=O)=O)cc2)cc1C,IC50,12.88,nM,=,CHEMBL763870,CHEMBL230,7.89
CHEMBL55805,Cc1cc(-c2cc(F)c(F)cc2-c2ccc(S(N)(=O)=O)cc2)ccc1Cl,IC50,3.02,nM,=,CHEMBL763870,CHEMBL230,8.52
CHEMBL28599,Cc1ccccc1-c1cc(C(F)(F)F)nn1-c1ccc(S(N)(=O)=O)cc1,IC50,69.18,nM,=,CHEMBL763870,CHEMBL230,7.16
CHEMBL89625,COc1ccc(C2=CC3(C=C2c2ccc(S(C)(=O)=O)cc2)CC3)cc1Cl,IC50,26.92,nM,=,CHEMBL763870,CHEMBL230,7.57
CHEMBL116253,Cc1ccncc1-c1c(Cl)ncn1-c1ccc(S(C)(=O)=O)cc1,IC50,284.0,nM,=,CHEMBL762914,CHEMBL230,6.55
CHEMBL116253,Cc1ccncc1-c1c(Cl)ncn1-c1ccc(S(C)(=O)=O)cc1,Inhibition,100.0,%,=,CHEMBL764999,CHEMBL230,
CHEMBL116253,Cc1ccncc1-c1c(Cl)ncn1-c1ccc(S(C)(=O)=O)cc1,Inhibition,58.4,%,=,CHEMBL768142,CHEMBL230,
CHEMBL157886,Cc1ccc(-n2nc(-c3ccc(Cl)cc3)c3c2CCCCC3)cc1,IC50,640.0,nM,=,CHEMBL768959,CHEMBL230,6.19
CHEMBL43616,CS(=O)(=O)c1ccc(-n2cc(C(F)(F)F)nc2-c2cccc(Br)c2)cc1,IC50,79.43,nM,=,CHEMBL763870,CHEMBL230,7.10
CHEMBL321156,NS(=O)(=O)c1ccc(-n2cc(C(F)(F)F)nc2-c2cccs2)cc1,IC50,70.79,nM,=,CHEMBL763870,CHEMBL230,7.15
CHEMBL442166,COc1ccc(-c2ccccc2-c2ccc(S(N)(=O)=O)cc2)cc1F,IC50,33.11,nM,=,CHEMBL763870,CHEMBL230,7.48
CHEMBL29456,COc1c(F)cc(-c2cc(C(F)F)nn2-c2ccc(S(N)(=O)=O)cc2)cc1F,IC50,346.74,nM,=,CHEMBL763870,CHEMBL230,6.46
CHEMBL331135,CS(=O)(=O)c1ccc(-n2cnc(Cl)c2-c2ccccc2)cc1,IC50,123.0,nM,=,CHEMBL762914,CHEMBL230,6.91
CHEMBL331135,CS(=O)(=O)c1ccc(-n2cnc(Cl)c2-c2ccccc2)cc1,Inhibition,96.0,%,=,CHEMBL764999,CHEMBL230,
CHEMBL331135,CS(=O)(=O)c1ccc(-n2cnc(Cl)c2-c2ccccc2)cc1,Inhibition,82.6,%,=,CHEMBL768142,CHEMBL230,
CHEMBL333651,COc1ccc(-c2c(Cl)ncn2-c2ccc(S(C)(=O)=O)cc2)cc1,IC50,11.0,nM,=,CHEMBL762914,CHEMBL230,7.96
CHEMBL333651,COc1ccc(-c2c(Cl)ncn2-c2ccc(S(C)(=O)=O)cc2)cc1,Inhibition,100.0,%,=,CHEMBL764999,CHEMBL230,
CHEMBL333651,COc1ccc(-c2c(Cl)ncn2-c2ccc(S(C)(=O)=O)cc2)cc1,Inhibition,100.0,%,=,CHEMBL768142,CHEMBL230,
CHEMBL116498,CC(=O)Nc1ccc(-c2c(Cl)ncn2-c2ccc(S(C)(=O)=O)cc2)cc1,IC50,10000.0,nM,>,CHEMBL762914,CHEMBL230,
CHEMBL116498,CC(=O)Nc1ccc(-c2c(Cl)ncn2-c2ccc(S(C)(=O)=O)cc2)cc1,NT,,,,CHEMBL763859,CHEMBL230,
CHEMBL116498,CC(=O)Nc1ccc(-c2c(Cl)ncn2-c2ccc(S(C)(=O)=O)cc2)cc1,NT,,,,CHEMBL763858,CHEMBL230,
CHEMBL324826,CS(=O)(=O)c1ccc(-n2cnc(Cl)c2-c2cccc(Cl)c2Cl)cc1,IC50,6.0,nM,=,CHEMBL762914,CHEMBL230,8.22
CHEMBL324826,CS(=O)(=O)c1ccc(-n2cnc(Cl)c2-c2cccc(Cl)c2Cl)cc1,Inhibition,100.0,%,=,CHEMBL764999,CHEMBL230,
CHEMBL324826,CS(=O)(=O)c1ccc(-n2cnc(Cl)c2-c2cccc(Cl)c2Cl)cc1,Inhibition,93.8,%,=,CHEMBL768142,CHEMBL230,
CHEMBL326291,Cc1cc(-c2c(Cl)ncn2-c2ccc(S(C)(=O)=O)cc2)ccc1Cl,IC50,11.0,nM,=,CHEMBL762914,CHEMBL230,7.96
CHEMBL326291,Cc1cc(-c2c(Cl)ncn2-c2ccc(S(C)(=O)=O)cc2)ccc1Cl,Inhibition,100.0,%,=,CHEMBL764999,CHEMBL230,
CHEMBL324048,CN(C)c1ccc(-c2c(Cl)ncn2-c2ccc(S(C)(=O)=O)cc2)cc1Cl,IC50,27.0,nM,=,CHEMBL762914,CHEMBL230,7.57
CHEMBL324048,CN(C)c1ccc(-c2c(Cl)ncn2-c2ccc(S(C)(=O)=O)cc2)cc1Cl,Inhibition,98.9,%,=,CHEMBL764999,CHEMBL230,
CHEMBL324048,CN(C)c1ccc(-c2c(Cl)ncn2-c2ccc(S(C)(=O)=O)cc2)cc1Cl,Inhibition,64.6,%,=,CHEMBL768142,CHEMBL230,
CHEMBL326270,NS(=O)(=O)c1ccc(-n2cnc(Cl)c2-c2ccc(F)cc2)cc1,IC50,18.0,nM,=,CHEMBL762914,CHEMBL230,7.75
CHEMBL326270,NS(=O)(=O)c1ccc(-n2cnc(Cl)c2-c2ccc(F)cc2)cc1,Inhibition,61.4,%,=,CHEMBL764999,CHEMBL230,
CHEMBL326270,NS(=O)(=O)c1ccc(-n2cnc(Cl)c2-c2ccc(F)cc2)cc1,NT,,,,CHEMBL763858,CHEMBL230,
CHEMBL332251,Cc1ccc(-c2c(Cl)ncn2-c2ccc(S(N)(=O)=O)cc2)cc1,IC50,3.0,nM,=,CHEMBL762914,CHEMBL230,8.52
CHEMBL332251,Cc1ccc(-c2c(Cl)ncn2-c2ccc(S(N)(=O)=O)cc2)cc1,Inhibition,100.0,%,=,CHEMBL764999,CHEMBL230,
CHEMBL332251,Cc1ccc(-c2c(Cl)ncn2-c2ccc(S(N)(=O)=O)cc2)cc1,Inhibition,76.1,%,=,CHEMBL768142,CHEMBL230,
CHEMBL320998,Cc1ccc(-c2ccc(S(C)(=O)=O)cc2)n1C1CCC(F)CC1,IC50,524.81,nM,=,CHEMBL763870,CHEMBL230,6.28
CHEMBL46623,NS(=O)(=O)c1ccc(-n2cc(C(F)(F)F)nc2-c2ccc(F)cc2)cc1,IC50,10.0,nM,=,CHEMBL763870,CHEMBL230,8.00
CHEMBL321407,NS(=O)(=O)c1ccc(-n2cc(C(F)F)nc2-c2cccnc2)cc1,IC50,1819.7,nM,=,CHEMBL763870,CHEMBL230,5.74
CHEMBL111314,COc1ccc(C2=C(c3ccc(S(C)(=O)=O)cc3)CCC2)cc1F,IC50,120.23,nM,=,CHEMBL763870,CHEMBL230,6.92
CHEMBL111321,NS(=O)(=O)c1ccc(C2=C(c3ccc(Cl)c(Cl)c3)CCC2)cc1,IC50,1.995,nM,=,CHEMBL763870,CHEMBL230,8.70
CHEMBL110418,CS(=O)(=O)c1ccc(-c2cc3c(cc2-c2ccc(F)cc2)COC3)cc1,IC50,83.18,nM,=,CHEMBL763870,CHEMBL230,7.08
CHEMBL280636,NS(=O)(=O)c1ccc(-n2nc(C(F)(F)F)c(Cl)c2-c2ccc(Cl)cc2)cc1,IC50,5.248,nM,=,CHEMBL763870,CHEMBL230,8.28
CHEMBL280601,NS(=O)(=O)c1ccc(-n2ncc([N+](=O)[O-])c2-c2ccccc2)cc1,IC50,288.4,nM,=,CHEMBL763870,CHEMBL230,6.54
CHEMBL88493,COc1c(Cl)cc(C2=C(c3ccc(S(N)(=O)=O)cc3)CC3(CC3)C2)cc1Cl,IC50,3.981,nM,=,CHEMBL763870,CHEMBL230,8.40
CHEMBL89429,CS(=O)(=O)c1ccc(C2=CC3(C=C2c2ccc(F)cc2)CC3)cc1,IC50,25.7,nM,=,CHEMBL763870,CHEMBL230,7.59
CHEMBL865,Cc1onc(-c2ccccc2)c1-c1ccc(S(N)(=O)=O)cc1,IC50,5.012,nM,=,CHEMBL763870,CHEMBL230,8.30
CHEMBL117946,CS(=O)(=O)c1ccc(-n2c(-c3ccc(F)cc3)cnc2Cl)cc1,IC50,10000.0,nM,>,CHEMBL762914,CHEMBL230,
CHEMBL119089,CS(=O)(=O)c1ccc(-c2c(Cl)ncn2-c2ccc(F)cc2)cc1,IC50,10000.0,nM,>,CHEMBL762914,CHEMBL230,
CHEMBL119089,CS(=O)(=O)c1ccc(-c2c(Cl)ncn2-c2ccc(F)cc2)cc1,Inhibition,15.3,%,=,CHEMBL764999,CHEMBL230,
CHEMBL117855,CC(C)c1ccc(-c2c(Cl)ncn2-c2ccc(S(C)(=O)=O)cc2)cc1,IC50,39.0,nM,=,CHEMBL762914,CHEMBL230,7.41
CHEMBL117855,CC(C)c1ccc(-c2c(Cl)ncn2-c2ccc(S(C)(=O)=O)cc2)cc1,Inhibition,100.0,%,=,CHEMBL764999,CHEMBL230,
CHEMBL117855,CC(C)c1ccc(-c2c(Cl)ncn2-c2ccc(S(C)(=O)=O)cc2)cc1,Inhibition,70.0,%,=,CHEMBL768142,CHEMBL230,
CHEMBL444539,O=C(NNc1ccccc1)c1ccccc1,IC50,10000.0,nM,=,CHEMBL768959,CHEMBL230,5.00
CHEMBL154594,CS(=O)(=O)c1ccc(NNC(=O)c2ccc(Cl)cc2)cc1,IC50,10000.0,nM,>,CHEMBL768959,CHEMBL230,
CHEMBL44038,Cc1c(CC(F)(F)F)cc(-c2ccc(S(C)(=O)=O)cc2)n1-c1ccc(F)cc1,IC50,141.25,nM,=,CHEMBL763870,CHEMBL230,6.85
CHEMBL432112,CS(=O)(=O)c1ccc(-n2cc(C(F)(F)F)nc2-c2ccc(F)cc2)cc1,IC50,100.0,nM,=,CHEMBL763870,CHEMBL230,7.00
CHEMBL264300,COc1ccc(-c2nc(C(F)(F)F)cn2-c2ccc(S(C)(=O)=O)cc2)cc1,IC50,575.44,nM,=,CHEMBL763870,CHEMBL230,6.24
CHEMBL46667,CNc1cccc(-c2nc(C(F)(F)F)cn2-c2ccc(S(C)(=O)=O)cc2)c1,IC50,912.01,nM,=,CHEMBL763870,CHEMBL230,6.04
CHEMBL43672,NS(=O)(=O)c1ccc(-n2cc(C(F)(F)F)nc2-c2cccc(F)c2)cc1,IC50,30.2,nM,=,CHEMBL763870,CHEMBL230,7.52
CHEMBL108975,CS(=O)(=O)c1ccc(C2=C(c3ccc(Cl)cc3Cl)CCC2)cc1,IC50,52.48,nM,=,CHEMBL763870,CHEMBL230,7.28
CHEMBL111597,CS(=O)(=O)c1ccc(C2=C(c3ccc(Cl)c(Cl)c3)CCC2)cc1,IC50,10.0,nM,=,CHEMBL763870,CHEMBL230,8.00
CHEMBL321160,COc1c(Cl)cc(C2=C(c3ccc(S(C)(=O)=O)cc3)CCC2)cc1Cl,IC50,16.98,nM,=,CHEMBL763870,CHEMBL230,7.77
CHEMBL54039,COc1ccc(-c2ccccc2-c2ccc(S(N)(=O)=O)cc2)cc1Cl,IC50,19.05,nM,=,CHEMBL763870,CHEMBL230,7.72
CHEMBL30084,CNc1ccc(-c2cc(C(F)(F)F)nn2-c2ccc(S(N)(=O)=O)cc2)cc1Cl,IC50,26.92,nM,=,CHEMBL763870,CHEMBL230,7.57
CHEMBL29397,NS(=O)(=O)c1ccc(-n2nc(C(F)(F)F)cc2-c2csc3ccccc23)cc1,IC50,346.74,nM,=,CHEMBL763870,CHEMBL230,6.46
CHEMBL92154,CS(=O)(=O)c1ccc(C2=C(c3ccc(F)cc3)CC3(CC3)C2)cc1,IC50,7.586,nM,=,CHEMBL763870,CHEMBL230,8.12
CHEMBL325492,CS(=O)(=O)c1ccc(-n2cncc2-c2ccc(F)cc2)cc1,IC50,10000.0,nM,>,CHEMBL762914,CHEMBL230,
CHEMBL325492,CS(=O)(=O)c1ccc(-n2cncc2-c2ccc(F)cc2)cc1,Inhibition,56.9,%,=,CHEMBL764999,CHEMBL230,
CHEMBL116848,CS(=O)(=O)c1ccc(-n2cnc(Cc3ccccc3)c2-c2ccc(F)cc2)cc1,IC50,10000.0,nM,>,CHEMBL762914,CHEMBL230,
CHEMBL116848,CS(=O)(=O)c1ccc(-n2cnc(Cc3ccccc3)c2-c2ccc(F)cc2)cc1,Inhibition,60.5,%,=,CHEMBL764999,CHEMBL230,
CHEMBL333505,CCN(CC)c1ccncc1-c1c(Cl)ncn1-c1ccc(S(C)(=O)=O)cc1,IC50,1000.0,nM,>,CHEMBL762914,CHEMBL230,
CHEMBL333505,CCN(CC)c1ccncc1-c1c(Cl)ncn1-c1ccc(S(C)(=O)=O)cc1,Inhibition,90.9,%,=,CHEMBL764999,CHEMBL230,
CHEMBL326335,CS(=O)(=O)c1ccc(-n2cnc(Cl)c2-c2ccc3c(c2)OCO3)cc1,IC50,6.0,nM,=,CHEMBL762914,CHEMBL230,8.22
CHEMBL326335,CS(=O)(=O)c1ccc(-n2cnc(Cl)c2-c2ccc3c(c2)OCO3)cc1,Inhibition,100.0,%,=,CHEMBL764999,CHEMBL230,
CHEMBL326335,CS(=O)(=O)c1ccc(-n2cnc(Cl)c2-c2ccc3c(c2)OCO3)cc1,Inhibition,60.5,%,=,CHEMBL768142,CHEMBL230,
CHEMBL117917,CCOc1ccc(-c2c(Cl)ncn2-c2ccc(S(N)(=O)=O)cc2)cc1Cl,IC50,7.0,nM,=,CHEMBL762914,CHEMBL230,8.15
CHEMBL117917,CCOc1ccc(-c2c(Cl)ncn2-c2ccc(S(N)(=O)=O)cc2)cc1Cl,Inhibition,99.9,%,=,CHEMBL764999,CHEMBL230,
CHEMBL117917,CCOc1ccc(-c2c(Cl)ncn2-c2ccc(S(N)(=O)=O)cc2)cc1Cl,Inhibition,26.8,%,=,CHEMBL768142,CHEMBL230,
CHEMBL320961,Cc1cccc(-c2nc(C(F)(F)F)cn2-c2ccc(S(C)(=O)=O)cc2)n1,IC50,2900.0,nM,=,CHEMBL655565,CHEMBL230,5.54
CHEMBL110574,Cc1ncccc1-c1nc(C(F)(F)F)cn1-c1ccc(S(C)(=O)=O)cc1,IC50,9600.0,nM,=,CHEMBL655565,CHEMBL230,5.02
CHEMBL320926,Cc1ncc(-c2nc(C(F)(F)F)cn2-c2ccc(S(N)(=O)=O)cc2)s1,IC50,430.0,nM,=,CHEMBL655565,CHEMBL230,6.37
CHEMBL110660,Cc1cc(-c2nc(C(F)(F)F)cn2-c2ccc(S(N)(=O)=O)cc2)no1,IC50,410.0,nM,=,CHEMBL655565,CHEMBL230,6.39
CHEMBL151658,CC(O)CN1c2ccccc2Sc2ccccc21,IC50,5000.0,nM,=,CHEMBL769644,CHEMBL230,5.30
CHEMBL161677,Cc1nc(C2CCCCC2)c(-c2ccc(S(C)(=O)=O)cc2)o1,IC50,70.0,nM,=,CHEMBL763088,CHEMBL230,7.16
CHEMBL320118,COc1cncc(-c2nc(C(F)(F)F)cn2-c2ccc(S(C)(=O)=O)cc2)c1,IC50,37600.0,nM,=,CHEMBL655565,CHEMBL230,4.42
CHEMBL296447,CS(=O)(=O)c1ccc(-n2cc(C(F)(F)F)nc2-c2ccc3c(c2)OCO3)cc1,IC50,280.0,nM,=,CHEMBL655565,CHEMBL230,6.55
CHEMBL421417,CS(=O)(=O)c1ccc(-n2cc(C(F)(F)F)nc2-c2cccs2)cc1,IC50,470.0,nM,=,CHEMBL655565,CHEMBL230,6.33
CHEMBL321156,NS(=O)(=O)c1ccc(-n2cc(C(F)(F)F)nc2-c2cccs2)cc1,IC50,70.0,nM,=,CHEMBL655565,CHEMBL230,7.16
CHEMBL110876,Cc1ccsc1-c1nc(C(F)(F)F)cn1-c1ccc(S(C)(=O)=O)cc1,IC50,1100.0,nM,=,CHEMBL655565,CHEMBL230,5.96
CHEMBL322720,CS(=O)(=O)c1ccc(-n2cc(C(F)F)nc2-c2cccnc2)cc1,IC50,20700.0,nM,=,CHEMBL655565,CHEMBL230,4.68
CHEMBL108978,CS(=O)(=O)c1ccc(-n2cc(C(F)(F)F)nc2-c2cc3ccccc3cn2)cc1,IC50,1200.0,nM,=,CHEMBL655565,CHEMBL230,5.92
CHEMBL355975,O=C(CCC1CCCCC1)NCCCN1c2ccccc2Sc2ccccc21,Inhibition,15.0,%,=,CHEMBL763203,CHEMBL230,
CHEMBL350549,Cc1nc(-c2ccccc2)c(-c2ccc(S(C)(=O)=O)cc2)o1,IC50,90.0,nM,=,CHEMBL763088,CHEMBL230,7.05
CHEMBL290192,Cc1nc(-c2ccc(F)cc2)c(-c2ccc(S(N)(=O)=O)cc2)o1,IC50,24.0,nM,=,CHEMBL763088,CHEMBL230,7.62
CHEMBL290031,Cc1nc(C2CCCCC2)c(-c2ccc(S(N)(=O)=O)cc2)o1,IC50,70.0,nM,=,CHEMBL763088,CHEMBL230,7.16
CHEMBL6,COc1ccc2c(c1)c(CC(=O)O)c(C)n2C(=O)c1ccc(Cl)cc1,IC50,2400.0,nM,=,CHEMBL763088,CHEMBL230,5.62
CHEMBL106023,NS(=O)(=O)c1ccc(-n2cc(C(F)(F)F)nc2-c2cncc(Br)c2)cc1,IC50,340.0,nM,=,CHEMBL655565,CHEMBL230,6.47
CHEMBL109143,Cc1nc(-c2nc(C(F)(F)F)cn2-c2ccc(S(N)(=O)=O)cc2)cs1,IC50,520.0,nM,=,CHEMBL655565,CHEMBL230,6.28
CHEMBL350940,CS(=O)(=O)c1ccc(-c2oc(-c3ccccc3)nc2C2CCCCC2)cc1,IC50,100000.0,nM,>,CHEMBL763088,CHEMBL230,
CHEMBL321016,Cc1cccnc1-c1nc(C(F)(F)F)cn1-c1ccc(S(N)(=O)=O)cc1,IC50,1540.0,nM,=,CHEMBL655565,CHEMBL230,5.81
CHEMBL359113,CC(C)(Oc1ccc(Cl)cc1)C(=O)NCCCN1c2ccccc2Sc2ccccc21,Inhibition,44.0,%,=,CHEMBL763203,CHEMBL230,
CHEMBL359113,CC(C)(Oc1ccc(Cl)cc1)C(=O)NCCCN1c2ccccc2Sc2ccccc21,IC50,1300.0,nM,=,CHEMBL769644,CHEMBL230,5.89
CHEMBL108452,NS(=O)(=O)c1ccc(-n2cc(C(F)(F)F)nc2-c2cccnc2)cc1,IC50,440.0,nM,=,CHEMBL655565,CHEMBL230,6.36
CHEMBL42225,CS(=O)(=O)c1ccc(-n2cc(C(F)(F)F)nc2-c2ccccc2)cc1,IC50,130.0,nM,=,CHEMBL655565,CHEMBL230,6.89
CHEMBL158493,Cc1nc(-c2ccc(Cl)s2)c(-c2ccc(S(C)(=O)=O)cc2)o1,IC50,30.0,nM,=,CHEMBL763088,CHEMBL230,7.52
CHEMBL350815,Cc1nc(C2CCCC2)c(-c2ccc(S(C)(=O)=O)cc2)o1,IC50,18000.0,nM,=,CHEMBL763088,CHEMBL230,4.75
CHEMBL158509,Cc1nc(-c2ccc(S(C)(=O)=O)cc2)c(-c2ccc(Cl)s2)o1,IC50,1200.0,nM,=,CHEMBL763088,CHEMBL230,5.92
CHEMBL350422,Cc1nc(-c2ccc(Cl)s2)c(-c2ccc(S(N)(=O)=O)cc2)o1,IC50,20.0,nM,=,CHEMBL763088,CHEMBL230,7.70
CHEMBL161793,CNS(=O)(=O)c1ccc(-c2oc(C)nc2C2CCCCC2)cc1,IC50,3100.0,nM,=,CHEMBL763088,CHEMBL230,5.51
CHEMBL322305,COc1cncc(-c2nc(C(F)(F)F)cn2-c2ccc(S(N)(=O)=O)cc2)c1,IC50,100000.0,nM,>,CHEMBL655565,CHEMBL230,
CHEMBL44466,Cc1ccccc1-c1nc(C(F)(F)F)cn1-c1ccc(S(C)(=O)=O)cc1,IC50,790.0,nM,=,CHEMBL655565,CHEMBL230,6.10
CHEMBL161590,CCc1nc(C2CCCCC2)c(-c2ccc(S(C)(=O)=O)cc2)o1,IC50,270.0,nM,=,CHEMBL763088,CHEMBL230,6.57
CHEMBL321216,Cc1ccnc(-c2nc(C(F)(F)F)cn2-c2ccc(S(C)(=O)=O)cc2)c1,IC50,530.0,nM,=,CHEMBL655565,CHEMBL230,6.28
CHEMBL420479,CS(=O)(=O)c1ccc(-n2cc(C(F)(F)F)nc2-c2ccncc2)cc1,IC50,100000.0,nM,>,CHEMBL655565,CHEMBL230,
CHEMBL147074,CC(C)(COc1ccc(Br)cc1)C(=O)NCCCN1c2ccccc2Sc2ccccc21,Inhibition,34.0,%,=,CHEMBL763203,CHEMBL230,
CHEMBL147074,CC(C)(COc1ccc(Br)cc1)C(=O)NCCCN1c2ccccc2Sc2ccccc21,IC50,21000.0,nM,=,CHEMBL769644,CHEMBL230,4.68
CHEMBL149032,CC(S)CN1c2ccccc2Sc2ccccc21,IC50,4000.0,nM,=,CHEMBL769644,CHEMBL230,5.40
CHEMBL109017,Cc1csc(-c2nc(C(F)(F)F)cn2-c2ccc(S(N)(=O)=O)cc2)n1,IC50,110.0,nM,=,CHEMBL655565,CHEMBL230,6.96
CHEMBL108936,Cc1ccc(-c2nc(C(F)(F)F)cn2-c2ccc(S(N)(=O)=O)cc2)cn1,IC50,290.0,nM,=,CHEMBL655565,CHEMBL230,6.54
CHEMBL322136,Cc1cncc(-c2nc(C(F)(F)F)cn2-c2ccc(S(C)(=O)=O)cc2)c1,IC50,1800.0,nM,=,CHEMBL655565,CHEMBL230,5.75
CHEMBL106192,CS(=O)(=O)c1ccc(-n2cc(C(F)(F)F)nc2-c2nccc3ccccc23)cc1,IC50,1700.0,nM,=,CHEMBL655565,CHEMBL230,5.77
CHEMBL110382,CS(=O)(=O)c1ccc(-n2cc(C(F)(F)F)nc2-c2cc(Br)cs2)cc1,IC50,26.0,nM,=,CHEMBL655565,CHEMBL230,7.58
CHEMBL421958,O=C(COc1ccc(Br)cc1)NCCCN1c2ccccc2Sc2ccccc21,Inhibition,15.0,%,=,CHEMBL763203,CHEMBL230,
CHEMBL348041,Cc1nc(-c2ccc(C)s2)c(-c2ccc(S(C)(=O)=O)cc2)o1,IC50,40.0,nM,=,CHEMBL763088,CHEMBL230,7.40
CHEMBL110446,CS(=O)(=O)c1ccc(-n2cc(C(F)(F)F)nc2-c2cnc3ccccc3c2)cc1,IC50,630.0,nM,=,CHEMBL655565,CHEMBL230,6.20
CHEMBL325755,CS(=O)(=O)c1ccc(-n2cc(C(F)(F)F)nc2-c2cccnc2)cc1,IC50,1690.0,nM,=,CHEMBL655565,CHEMBL230,5.77
CHEMBL326639,Cc1nc(-c2nc(C(F)(F)F)cn2-c2ccc(S(C)(=O)=O)cc2)cs1,IC50,940.0,nM,=,CHEMBL655565,CHEMBL230,6.03
CHEMBL345620,CCc1ccc(-c2nc(C)oc2-c2ccc(S(C)(=O)=O)cc2)s1,IC50,140.0,nM,=,CHEMBL763088,CHEMBL230,6.85
CHEMBL327078,Cc1ccc(-c2nc(C(F)(F)F)cn2-c2ccc(S(N)(=O)=O)cc2)nc1,IC50,730.0,nM,=,CHEMBL655565,CHEMBL230,6.14
CHEMBL149272,O=C(O)CCN1c2ccccc2Sc2ccccc21,Inhibition,14.0,%,=,CHEMBL763204,CHEMBL230,
CHEMBL148636,CCC(=O)NCCCN1c2ccccc2Sc2ccccc21,Inhibition,18.0,%,=,CHEMBL763203,CHEMBL230,
CHEMBL161377,CCS(=O)(=O)c1ccc(-c2oc(C)nc2-c2ccc(F)cc2)cc1,IC50,38000.0,nM,=,CHEMBL763088,CHEMBL230,4.42
CHEMBL6,COc1ccc2c(c1)c(CC(=O)O)c(C)n2C(=O)c1ccc(Cl)cc1,IC50,900.0,nM,=,CHEMBL856204,CHEMBL230,6.05
CHEMBL110462,CS(=O)(=O)c1ccc(-n2cc(CO)nc2-c2cccnc2)cc1,IC50,934000.0,nM,=,CHEMBL655565,CHEMBL230,
CHEMBL323954,Cn1cc(-c2nc(C(F)(F)F)cn2-c2ccc(S(C)(=O)=O)cc2)c2ccccc21,IC50,1100.0,nM,=,CHEMBL655565,CHEMBL230,5.96
CHEMBL107600,CS(=O)(=O)c1ccc(-n2cc(C(F)(F)F)nc2-c2ccccn2)cc1,IC50,1500.0,nM,=,CHEMBL655565,CHEMBL230,5.82
CHEMBL351914,Cc1nc(-c2ccc(F)cc2)c(-c2ccc(S(C)(=O)=O)cc2)o1,IC50,70.0,nM,=,CHEMBL763088,CHEMBL230,7.16
CHEMBL320986,Cc1ccncc1-c1nc(C(F)(F)F)cn1-c1ccc(S(C)(=O)=O)cc1,IC50,54000.0,nM,=,CHEMBL655565,CHEMBL230,4.27
CHEMBL46712,Cc1cccc(-c2nc(C(F)(F)F)cn2-c2ccc(S(C)(=O)=O)cc2)c1,IC50,80.0,nM,=,CHEMBL655565,CHEMBL230,7.10
CHEMBL161728,Cc1nc(C2CCCCCC2)c(-c2ccc(S(C)(=O)=O)cc2)o1,IC50,280.0,nM,=,CHEMBL763088,CHEMBL230,6.55
CHEMBL108961,Cc1ccnc(-c2nc(C(F)(F)F)cn2-c2ccc(S(N)(=O)=O)cc2)c1,IC50,440.0,nM,=,CHEMBL655565,CHEMBL230,6.36
CHEMBL419561,Cc1nc(-c2nc(C(F)(F)F)cn2-c2ccc(S(C)(=O)=O)cc2)co1,IC50,4150.0,nM,=,CHEMBL655565,CHEMBL230,5.38
CHEMBL348348,Cc1nc(-c2ccc(S(C)(=O)=O)cc2)c(-c2ccc(F)cc2)o1,IC50,2100.0,nM,=,CHEMBL763088,CHEMBL230,5.68
CHEMBL320330,CS(=O)(=O)c1ccc(-n2cc(C(F)(F)F)nc2-c2cncc(Br)c2)cc1,IC50,950.0,nM,=,CHEMBL655565,CHEMBL230,6.02
CHEMBL110145,Cc1ncccc1-c1nc(C(F)(F)F)cn1-c1ccc(S(N)(=O)=O)cc1,IC50,2800.0,nM,=,CHEMBL655565,CHEMBL230,5.55
CHEMBL106151,COc1ccc(-c2nc(C(F)(F)F)cn2-c2ccc(S(C)(=O)=O)cc2)cn1,IC50,1200.0,nM,=,CHEMBL655565,CHEMBL230,5.92
CHEMBL320790,CS(=O)(=O)c1ccc(-n2cc(C(F)(F)F)nc2-c2cccc3c2OCO3)cc1,IC50,470.0,nM,=,CHEMBL655565,CHEMBL230,6.33
CHEMBL341612,OCCN1c2ccccc2Sc2ccccc21,Inhibition,14.0,%,=,CHEMBL763204,CHEMBL230,
CHEMBL42561,Cc1ccc(-c2nc(C(F)(F)F)cn2-c2ccc(S(C)(=O)=O)cc2)cc1,IC50,180.0,nM,=,CHEMBL655565,CHEMBL230,6.75
CHEMBL56367,CS(=O)(=O)Nc1ccc([N+](=O)[O-])cc1Oc1ccccc1,IC50,15.0,nM,=,CHEMBL769644,CHEMBL230,7.82
CHEMBL105766,Cc1cncc(-c2nc(C(F)(F)F)cn2-c2ccc(S(N)(=O)=O)cc2)c1,IC50,510.0,nM,=,CHEMBL655565,CHEMBL230,6.29
CHEMBL326005,Cc1ccncc1-c1nc(C(F)(F)F)cn1-c1ccc(S(N)(=O)=O)cc1,IC50,51000.0,nM,=,CHEMBL655565,CHEMBL230,4.29
CHEMBL321881,Cc1ccc(-c2nc(C(F)(F)F)cn2-c2ccc(S(C)(=O)=O)cc2)nc1,IC50,1300.0,nM,=,CHEMBL655565,CHEMBL230,5.89
CHEMBL110331,Cc1cccc(-c2nc(C(F)(F)F)cn2-c2ccc(S(N)(=O)=O)cc2)n1,IC50,420.0,nM,=,CHEMBL655565,CHEMBL230,6.38
CHEMBL320318,CS(=O)(=O)c1ccc(-n2cc(C#N)nc2-c2cccnc2)cc1,IC50,24400.0,nM,=,CHEMBL655565,CHEMBL230,4.61
CHEMBL110448,Cc1cn(-c2ccc(S(C)(=O)=O)cc2)c(-c2cccnc2)n1,IC50,79000.0,nM,=,CHEMBL655565,CHEMBL230,4.10
CHEMBL325790,Cc1ccc(-c2nc(C(F)(F)F)cn2-c2ccc(S(C)(=O)=O)cc2)cn1,IC50,1800.0,nM,=,CHEMBL655565,CHEMBL230,5.75
CHEMBL321407,NS(=O)(=O)c1ccc(-n2cc(C(F)F)nc2-c2cccnc2)cc1,IC50,1830.0,nM,=,CHEMBL655565,CHEMBL230,5.74
CHEMBL321898,CS(=O)(=O)c1ccc(-n2cc(C(F)(F)F)nc2-c2ccsc2)cc1,IC50,51000.0,nM,=,CHEMBL655565,CHEMBL230,4.29
CHEMBL323277,Cc1cccnc1-c1nc(C(F)(F)F)cn1-c1ccc(S(C)(=O)=O)cc1,IC50,5800.0,nM,=,CHEMBL655565,CHEMBL230,5.24
CHEMBL110396,CCOC(=O)c1cn(-c2ccc(S(C)(=O)=O)cc2)c(-c2cccnc2)n1,IC50,100000.0,nM,>,CHEMBL655565,CHEMBL230,
CHEMBL326343,CS(=O)(=O)c1ccc(-c2[nH]c(C(F)(F)F)nc2-c2ccc(F)cc2)cc1,Inhibition,0.19,uM,=,CHEMBL761117,CHEMBL230,
CHEMBL117423,CS(=O)(=O)c1ccc(-c2[nH]c(C(F)(F)F)nc2-c2cccs2)cc1,Inhibition,1.4,uM,=,CHEMBL761117,CHEMBL230,
CHEMBL16913,O=C(/C=C/c1cc2ccccc2nc1Cl)c1ccc(F)cc1,Inhibition,36.3,%,=,CHEMBL664084,CHEMBL230,
CHEMBL274990,CS(=O)(=O)c1ccc(-n2nc(C(F)(F)F)cc2-c2ccc(F)cc2)cc1,IC50,100.0,nM,=,CHEMBL665714,CHEMBL230,7.00
CHEMBL280496,CS(=O)(=O)c1ccc(-c2nc(-c3ccccc3)sc2-c2ccc(F)cc2)cc1,IC50,540.0,nM,=,CHEMBL665714,CHEMBL230,6.27
CHEMBL265585,CS(=O)(=O)c1ccc(-c2sc(C(F)(F)F)nc2-c2ccc(F)cc2)cc1,IC50,23.0,nM,=,CHEMBL665714,CHEMBL230,7.64
CHEMBL277115,CS(=O)(=O)c1ccc(-c2sc(-c3ccccc3Cl)nc2-c2ccc(F)cc2)cc1,IC50,50.0,nM,=,CHEMBL665714,CHEMBL230,7.30
CHEMBL17179,CS(=O)(=O)c1ccc(-c2sc(-c3ccccc3Cl)nc2-c2ccsc2)cc1,IC50,79.0,nM,=,CHEMBL665714,CHEMBL230,7.10
CHEMBL113756,CS(=O)(=O)c1ccc(-c2[nH]c(C(F)(F)F)nc2-c2cccc(Cl)c2)cc1,Inhibition,0.08,uM,=,CHEMBL761117,CHEMBL230,
CHEMBL116749,CS(=O)(=O)c1ccc(-c2[nH]c(C(F)(F)F)nc2-c2ccc(F)cc2F)cc1,Inhibition,0.55,uM,=,CHEMBL761117,CHEMBL230,
CHEMBL450630,CS(=O)(=O)c1ccc(-c2[nH]c(C(F)(F)F)nc2-c2ccc(Cl)cc2)cc1,Inhibition,0.37,uM,=,CHEMBL761117,CHEMBL230,
CHEMBL16869,COc1ccc(C(=O)/C=C/c2cc3ccccc3nc2Cl)c(OC)c1,Inhibition,41.8,%,=,CHEMBL664084,CHEMBL230,
CHEMBL17442,COc1cc(/C=C/C(=O)c2cc(OC)c(OC)c(OC)c2)cc(OC)c1OC,Inhibition,0.0,%,=,CHEMBL664084,CHEMBL230,
CHEMBL333376,Cc1ccc(-c2[nH]c(C(F)(F)F)nc2-c2ccc(S(C)(=O)=O)cc2)cc1Cl,Inhibition,0.23,uM,=,CHEMBL761117,CHEMBL230,
CHEMBL420141,Cc1c(F)cccc1-c1[nH]c(C(F)(F)F)nc1-c1ccc(S(C)(=O)=O)cc1,Inhibition,1.7,uM,=,CHEMBL761117,CHEMBL230,
CHEMBL275843,CS(=O)(=O)c1ccc(-c2sc(-c3cccnc3)nc2-c2ccc(F)cc2)cc1,IC50,430.0,nM,=,CHEMBL665714,CHEMBL230,6.37
CHEMBL115126,Cc1ccccc1-c1[nH]c(C(F)(F)F)nc1-c1ccc(S(C)(=O)=O)cc1,Inhibition,1.8,uM,=,CHEMBL761117,CHEMBL230,
CHEMBL16689,CS(=O)(=O)c1ccc(-c2sc(-c3cccs3)nc2-c2ccc(F)cc2)cc1,IC50,21.0,nM,=,CHEMBL665714,CHEMBL230,7.68
CHEMBL17043,CS(=O)(=O)c1ccc(-c2sc(-c3ccccc3Cl)nc2-c2ccc(F)cc2F)cc1,IC50,21.0,nM,=,CHEMBL665714,CHEMBL230,7.68
CHEMBL75435,C[C@H](C(=O)O)c1cccc(C(=O)c2ccccc2)c1,IC50,27.0,nM,=,CHEMBL658504,CHEMBL230,7.57
CHEMBL279133,CCOC(=O)c1nc(-c2ccc(F)cc2)c(-c2ccc(S(C)(=O)=O)cc2)s1,IC50,610.0,nM,=,CHEMBL665714,CHEMBL230,6.21
CHEMBL16797,CS(=O)(=O)c1ccc(-c2sc(CCCc3ccccc3)nc2-c2ccc(F)cc2)cc1,IC50,520.0,nM,=,CHEMBL665714,CHEMBL230,6.28
CHEMBL326826,CS(=O)(=O)c1ccc(-c2[nH]c(C(F)(F)F)nc2-c2ccccc2)cc1,Inhibition,0.69,uM,=,CHEMBL761117,CHEMBL230,
CHEMBL432413,CS(=O)(=O)c1ccc(-c2[nH]c(C(F)(F)F)nc2-c2cccc(F)c2)cc1,Inhibition,0.24,uM,=,CHEMBL761117,CHEMBL230,
CHEMBL324924,CS(=O)(=O)c1ccc(-c2[nH]c(C(F)(F)F)nc2-c2cccnc2)cc1,Inhibition,2.4,uM,=,CHEMBL761117,CHEMBL230,
CHEMBL17047,CS(=O)(=O)c1ccc(-c2nc(C(F)(F)F)sc2-c2ccc(F)cc2)cc1,IC50,6.0,nM,=,CHEMBL665714,CHEMBL230,8.22
CHEMBL16603,O=C(/C=C/c1ccco1)c1ccc(Cl)c(Cl)c1,Inhibition,0.0,%,=,CHEMBL664084,CHEMBL230,
CHEMBL279552,CS(=O)(=O)c1ccc(-c2sc(-c3ccccc3Cl)nc2-c2ccccc2F)cc1,IC50,10.0,nM,=,CHEMBL665714,CHEMBL230,8.00
CHEMBL16904,COc1cc2cc(/C=C/C(=O)c3ccc(C)cc3)c(Cl)nc2cc1OC,Inhibition,0.0,%,=,CHEMBL664084,CHEMBL230,
CHEMBL114007,Cc1cccc(S(=O)(=O)Nc2[nH]c(C(F)(F)F)nc2-c2ccc(S(C)(=O)=O)cc2)c1,Inhibition,0.15,uM,=,CHEMBL761117,CHEMBL230,
CHEMBL117933,Cc1cccc(-c2[nH]c(C(F)(F)F)nc2-c2ccc(S(C)(=O)=O)cc2)c1,Inhibition,0.61,uM,=,CHEMBL761117,CHEMBL230,
CHEMBL118,Cc1ccc(-c2cc(C(F)(F)F)nn2-c2ccc(S(N)(=O)=O)cc2)cc1,Inhibition,0.028,uM,=,CHEMBL761117,CHEMBL230,
CHEMBL16850,Cc1nc(-c2ccc(F)cc2)c(-c2ccc(S(C)(=O)=O)cc2)s1,IC50,110.0,nM,=,CHEMBL665714,CHEMBL230,6.96
CHEMBL17535,O=C(/C=C/c1cc2ccccc2nc1Cl)c1cccnc1,Inhibition,46.6,%,=,CHEMBL664084,CHEMBL230,
CHEMBL274474,Cc1coc(C)c1C(=O)/C=C/c1cc2ccccc2nc1Cl,Inhibition,0.0,%,=,CHEMBL664084,CHEMBL230,
CHEMBL279386,COc1ccc(C(=O)/C=C/c2ccc(C(F)(F)F)cc2)c(OC)c1,Inhibition,0.0,%,=,CHEMBL664084,CHEMBL230,
CHEMBL277385,CS(=O)(=O)c1ccc(-c2sc(CCc3ccccc3)nc2-c2ccc(F)cc2)cc1,IC50,32.0,nM,=,CHEMBL665714,CHEMBL230,7.50
CHEMBL17069,CS(=O)(=O)c1ccc(-c2sc(-c3ccccc3Cl)nc2-c2cccs2)cc1,IC50,57.0,nM,=,CHEMBL665714,CHEMBL230,7.24
CHEMBL274587,CC(C(=O)O)c1cc(C(=O)c2ccccc2)ccc1O,IC50,300.0,nM,=,CHEMBL658504,CHEMBL230,6.52
CHEMBL113751,Cc1ccc(-c2[nH]c(C(F)(F)F)nc2-c2ccc(S(C)(=O)=O)cc2)cc1,Inhibition,0.65,uM,=,CHEMBL761117,CHEMBL230,
CHEMBL277116,CS(=O)(=O)c1ccc(-c2sc(-c3ccc(Cl)cc3)nc2-c2ccc(F)cc2)cc1,IC50,50.0,nM,=,CHEMBL665714,CHEMBL230,7.30
CHEMBL17536,COc1cc2cc(/C=C/C(=O)c3ccccc3)c(Cl)nc2cc1OC,Inhibition,0.0,%,=,CHEMBL664084,CHEMBL230,
CHEMBL324727,CS(=O)(=O)c1ccc(-c2[nH]c(C(F)(F)F)nc2-c2ccccc2Cl)cc1,Inhibition,1.3,uM,=,CHEMBL761117,CHEMBL230,
CHEMBL276352,COc1ccc(C(=O)/C=C/c2cc3ccccc3nc2Cl)cc1,Inhibition,30.0,%,=,CHEMBL664084,CHEMBL230,
CHEMBL327067,CS(=O)(=O)c1ccc(-c2[nH]c(C(F)(F)F)nc2-c2ccc(F)c(F)c2)cc1,Inhibition,0.16,uM,=,CHEMBL761117,CHEMBL230,
CHEMBL17443,COc1cccc(/C=C/C(=O)c2ccc(Br)cc2)c1OC,Inhibition,0.0,%,=,CHEMBL664084,CHEMBL230,
CHEMBL16952,CS(=O)(=O)c1ccc(-c2sc(-c3ccncc3)nc2-c2ccc(F)cc2)cc1,IC50,1600.0,nM,=,CHEMBL665714,CHEMBL230,5.80
CHEMBL326575,COc1ccc(-c2[nH]c(C(F)(F)F)nc2-c2ccc(S(C)(=O)=O)cc2)cc1,Inhibition,2.9,uM,=,CHEMBL761117,CHEMBL230,
CHEMBL274473,Cc1nc(-c2ccc(S(C)(=O)=O)cc2)c(-c2ccc(F)cc2)s1,IC50,120.0,nM,=,CHEMBL665714,CHEMBL230,6.92
CHEMBL115063,CS(=O)(=O)c1ccc(-c2[nH]c(C(F)(F)F)nc2NS(=O)(=O)c2ccc(F)cc2)cc1,Inhibition,0.1,uM,=,CHEMBL761117,CHEMBL230,
CHEMBL7162,CS(=O)(=O)Nc1ccc([N+](=O)[O-])cc1OC1CCCCC1,IC50,3200.0,nM,=,CHEMBL664078,CHEMBL230,5.50
CHEMBL279752,CS(=O)(=O)c1ccc(-c2sc(-c3ccccc3Cl)nc2-c2cccc(F)c2)cc1,IC50,16.0,nM,=,CHEMBL665714,CHEMBL230,7.80
CHEMBL74276,COc1ccc(C(=O)c2ccccc2)cc1C(C)C(=O)O,IC50,2800.0,nM,=,CHEMBL658504,CHEMBL230,5.55
CHEMBL445114,COc1cccc(-c2[nH]c(C(F)(F)F)nc2-c2ccc(S(C)(=O)=O)cc2)c1,Inhibition,2.4,uM,=,CHEMBL761117,CHEMBL230,
CHEMBL17064,CC(C)(C)c1nc(-c2ccc(F)cc2)c(-c2ccc(S(C)(=O)=O)cc2)s1,IC50,110.0,nM,=,CHEMBL665714,CHEMBL230,6.96
CHEMBL417266,CS(=O)(=O)c1ccc(-c2sc(CC#N)nc2-c2ccc(F)cc2)cc1,IC50,350.0,nM,=,CHEMBL665714,CHEMBL230,6.46
CHEMBL443993,CS(=O)(=O)c1ccc(-c2sc(-c3ccccc3Cl)nc2-c2ccccc2)cc1,IC50,10.0,nM,=,CHEMBL665714,CHEMBL230,8.00
CHEMBL275601,CCc1nc(-c2ccc(F)cc2)c(-c2ccc(S(C)(=O)=O)cc2)s1,IC50,23.0,nM,=,CHEMBL665714,CHEMBL230,7.64
CHEMBL16516,CS(=O)(=O)c1ccc(-c2sc(CCCc3ccc(Br)cc3)nc2-c2ccc(F)cc2)cc1,IC50,7.0,nM,=,CHEMBL665714,CHEMBL230,8.15
CHEMBL17111,CC(C)(C)c1ccc(-c2nc(-c3ccc(F)cc3)c(-c3ccc(S(C)(=O)=O)cc3)s2)cc1,IC50,100000.0,nM,>,CHEMBL665714,CHEMBL230,
CHEMBL17126,CS(=O)(=O)c1ccc(-c2sc(-c3ccccc3Cl)nc2-c2cc(F)ccc2F)cc1,IC50,100000.0,nM,>,CHEMBL665714,CHEMBL230,
CHEMBL432418,CS(=O)(=O)c1ccc(-c2[nH]c(C(F)(F)F)nc2C2CCCCC2)cc1,Inhibition,4.0,uM,=,CHEMBL761117,CHEMBL230,
CHEMBL17276,CS(=O)(=O)c1ccc(-c2sc(Cc3ccccc3)nc2-c2ccc(F)cc2)cc1,IC50,18.0,nM,=,CHEMBL665714,CHEMBL230,7.75
CHEMBL16903,O=C(/C=C/c1cc2ccccc2nc1Cl)c1ccc(C(F)(F)F)cc1,Inhibition,35.6,%,=,CHEMBL664084,CHEMBL230,
CHEMBL116672,CS(=O)(=O)c1ccc(-c2[nH]c(C(F)(F)F)nc2-c2ccsc2)cc1,Inhibition,2.0,uM,=,CHEMBL761117,CHEMBL230,
CHEMBL442063,CS(=O)(=O)c1ccc(-c2sc(-c3ccccc3)nc2-c2ccc(F)cc2)cc1,IC50,30000.0,nM,>,CHEMBL665714,CHEMBL230,
CHEMBL114515,CS(=O)(=O)c1ccc(-c2[nH]c(C(F)(F)F)nc2-c2ccccc2F)cc1,Inhibition,3.0,uM,=,CHEMBL761117,CHEMBL230,
CHEMBL327011,CS(=O)(=O)c1ccc(-c2[nH]c(C(F)(F)F)nc2-c2ccc(Cl)c(Cl)c2)cc1,Inhibition,0.04,uM,=,CHEMBL761117,CHEMBL230,
CHEMBL277300,COc1ccc(C(=O)/C=C/c2ccc(N(C)C)cc2)cc1OC,Inhibition,0.0,%,=,CHEMBL664084,CHEMBL230,
CHEMBL277813,COc1ccc(-c2nc(-c3ccc(F)cc3)c(-c3ccc(S(C)(=O)=O)cc3)s2)cc1,IC50,270.0,nM,=,CHEMBL665714,CHEMBL230,6.57
CHEMBL97059,NS(=O)(=O)c1ccc(-n2nc(C(F)(F)F)c3c2-c2cc(F)c(F)cc2CS3)cc1,IC50,6.0,nM,=,CHEMBL767759,CHEMBL230,8.22
CHEMBL97059,NS(=O)(=O)c1ccc(-n2nc(C(F)(F)F)c3c2-c2cc(F)c(F)cc2CS3)cc1,Inhibition,80.0,%,=,CHEMBL767762,CHEMBL230,
CHEMBL153829,CS(=O)(=O)c1ccc(-c2cnn(CC3CC3)c(=O)c2-c2ccccc2)cc1,IC50,70.0,nM,=,CHEMBL763938,CHEMBL230,7.16
CHEMBL153829,CS(=O)(=O)c1ccc(-c2cnn(CC3CC3)c(=O)c2-c2ccccc2)cc1,IC50,1300.0,nM,=,CHEMBL762902,CHEMBL230,5.89
CHEMBL95022,N#Cc1nn(-c2ccc(S(N)(=O)=O)cc2)c2c1SCc1cc(F)ccc1-2,IC50,140.0,nM,=,CHEMBL767759,CHEMBL230,6.85
CHEMBL155781,CS(=O)(=O)c1ccc(-c2cnn(CCC3CC3)c(=O)c2-c2ccc(F)cc2)cc1,IC50,200.0,nM,=,CHEMBL763938,CHEMBL230,6.70
CHEMBL155781,CS(=O)(=O)c1ccc(-c2cnn(CCC3CC3)c(=O)c2-c2ccc(F)cc2)cc1,IC50,2900.0,nM,=,CHEMBL762902,CHEMBL230,5.54
CHEMBL154253,CC1(Cn2ncc(-c3ccc(S(C)(=O)=O)cc3)c(-c3ccc(F)cc3)c2=O)CC1,IC50,200.0,nM,=,CHEMBL763938,CHEMBL230,6.70
CHEMBL154253,CC1(Cn2ncc(-c3ccc(S(C)(=O)=O)cc3)c(-c3ccc(F)cc3)c2=O)CC1,IC50,700.0,nM,=,CHEMBL762902,CHEMBL230,6.16
CHEMBL278505,CC(C)S(=O)(=O)c1c(O)n(Cc2ccc(F)c(F)c2)c(=O)c2ccc(Cl)cc12,Inhibition,100.0,%,=,CHEMBL763345,CHEMBL230,
CHEMBL278505,CC(C)S(=O)(=O)c1c(O)n(Cc2ccc(F)c(F)c2)c(=O)c2ccc(Cl)cc12,Inhibition,100.0,%,=,CHEMBL763344,CHEMBL230,
CHEMBL278505,CC(C)S(=O)(=O)c1c(O)n(Cc2ccc(F)c(F)c2)c(=O)c2ccc(Cl)cc12,Inhibition,-3.0,%,=,CHEMBL763343,CHEMBL230,
CHEMBL278505,CC(C)S(=O)(=O)c1c(O)n(Cc2ccc(F)c(F)c2)c(=O)c2ccc(Cl)cc12,Inhibition,92.0,%,=,CHEMBL761747,CHEMBL230,
CHEMBL278505,CC(C)S(=O)(=O)c1c(O)n(Cc2ccc(F)c(F)c2)c(=O)c2ccc(Cl)cc12,Inhibition,71.0,%,=,CHEMBL760075,CHEMBL230,
CHEMBL278505,CC(C)S(=O)(=O)c1c(O)n(Cc2ccc(F)c(F)c2)c(=O)c2ccc(Cl)cc12,Inhibition,64.0,%,=,CHEMBL764018,CHEMBL230,
CHEMBL278505,CC(C)S(=O)(=O)c1c(O)n(Cc2ccc(F)c(F)c2)c(=O)c2ccc(Cl)cc12,IC50,100.0,nM,=,CHEMBL763341,CHEMBL230,7.00
CHEMBL347842,CS(=O)(=O)c1ccc(-c2cnn(Cc3ccccc3)c(=O)c2Oc2ccc(Cl)cn2)cc1,IC50,260.0,nM,=,CHEMBL763938,CHEMBL230,6.58
CHEMBL347842,CS(=O)(=O)c1ccc(-c2cnn(Cc3ccccc3)c(=O)c2Oc2ccc(Cl)cn2)cc1,IC50,900.0,nM,=,CHEMBL762902,CHEMBL230,6.05
CHEMBL155206,CS(=O)(=O)c1ccc(-c2cnn(Cc3ccccc3)c(=O)c2Sc2ccccc2)cc1,IC50,370.0,nM,=,CHEMBL763938,CHEMBL230,6.43
CHEMBL155206,CS(=O)(=O)c1ccc(-c2cnn(Cc3ccccc3)c(=O)c2Sc2ccccc2)cc1,IC50,5900.0,nM,=,CHEMBL762902,CHEMBL230,5.23
CHEMBL17927,CO/C(O)=C1\C(=O)N(C)C(=O)c2ccc(Cl)cc21,Inhibition,10.0,%,=,CHEMBL763345,CHEMBL230,
CHEMBL17927,CO/C(O)=C1\C(=O)N(C)C(=O)c2ccc(Cl)cc21,Inhibition,3.0,%,=,CHEMBL763344,CHEMBL230,
CHEMBL17927,CO/C(O)=C1\C(=O)N(C)C(=O)c2ccc(Cl)cc21,Inhibition,7.0,%,=,CHEMBL763343,CHEMBL230,
CHEMBL18022,CCCCS(=O)(=O)c1c(O)n(Cc2ccccc2)c(=O)c2ccccc12,Inhibition,20.0,%,=,CHEMBL763345,CHEMBL230,
CHEMBL18022,CCCCS(=O)(=O)c1c(O)n(Cc2ccccc2)c(=O)c2ccccc12,Inhibition,30.0,%,=,CHEMBL763344,CHEMBL230,
CHEMBL18022,CCCCS(=O)(=O)c1c(O)n(Cc2ccccc2)c(=O)c2ccccc12,Inhibition,0.0,%,=,CHEMBL763343,CHEMBL230,
CHEMBL158236,Cc1ccccc1Cn1ncc(-c2ccc(S(C)(=O)=O)cc2)c(-c2ccccc2)c1=O,IC50,350.0,nM,=,CHEMBL763938,CHEMBL230,6.46
CHEMBL158236,Cc1ccccc1Cn1ncc(-c2ccc(S(C)(=O)=O)cc2)c(-c2ccccc2)c1=O,IC50,33000.0,nM,>,CHEMBL762902,CHEMBL230,
CHEMBL154480,CC1(C)CC1Cn1ncc(-c2ccc(S(C)(=O)=O)cc2)c(-c2ccc(F)cc2)c1=O,IC50,30.0,nM,=,CHEMBL763938,CHEMBL230,7.52
CHEMBL154480,CC1(C)CC1Cn1ncc(-c2ccc(S(C)(=O)=O)cc2)c(-c2ccc(F)cc2)c1=O,IC50,700.0,nM,=,CHEMBL762902,CHEMBL230,6.16
CHEMBL329919,NS(=O)(=O)c1ccc(-n2nc(C(F)(F)F)c3c2-c2ccccc2CS3)cc1,IC50,20.0,nM,=,CHEMBL767759,CHEMBL230,7.70
CHEMBL329919,NS(=O)(=O)c1ccc(-n2nc(C(F)(F)F)c3c2-c2ccccc2CS3)cc1,Inhibition,99.0,%,=,CHEMBL767762,CHEMBL230,
CHEMBL17956,Cc1cnc(N/C(O)=C2\C(=O)N(Cc3ccccc3)C(=O)c3ccc(Cl)cc32)s1,Inhibition,75.0,%,=,CHEMBL763345,CHEMBL230,
CHEMBL17956,Cc1cnc(N/C(O)=C2\C(=O)N(Cc3ccccc3)C(=O)c3ccc(Cl)cc32)s1,Inhibition,61.0,%,=,CHEMBL763344,CHEMBL230,
CHEMBL17956,Cc1cnc(N/C(O)=C2\C(=O)N(Cc3ccccc3)C(=O)c3ccc(Cl)cc32)s1,Inhibition,7.0,%,=,CHEMBL763343,CHEMBL230,
CHEMBL349564,CS(=O)(=O)c1ccc(-c2cnn(Cc3cccs3)c(=O)c2-c2ccc(F)cc2)cc1,IC50,50.0,nM,=,CHEMBL763938,CHEMBL230,7.30
CHEMBL349564,CS(=O)(=O)c1ccc(-c2cnn(Cc3cccs3)c(=O)c2-c2ccc(F)cc2)cc1,IC50,410.0,nM,<,CHEMBL762902,CHEMBL230,
CHEMBL155898,CS(=O)(=O)c1ccc(-c2cnn(Cc3ccccc3)c(=O)c2OCC2CC2)cc1,IC50,3.0,nM,=,CHEMBL763938,CHEMBL230,8.52
CHEMBL155898,CS(=O)(=O)c1ccc(-c2cnn(Cc3ccccc3)c(=O)c2OCC2CC2)cc1,IC50,360.0,nM,=,CHEMBL762902,CHEMBL230,6.44
CHEMBL275376,CC(C)S(=O)(=O)c1c(O)n(Cc2ccc(F)c(F)c2)c(=O)c2ccccc12,Inhibition,80.0,%,=,CHEMBL763345,CHEMBL230,
CHEMBL275376,CC(C)S(=O)(=O)c1c(O)n(Cc2ccc(F)c(F)c2)c(=O)c2ccccc12,Inhibition,75.0,%,=,CHEMBL763344,CHEMBL230,
CHEMBL275376,CC(C)S(=O)(=O)c1c(O)n(Cc2ccc(F)c(F)c2)c(=O)c2ccccc12,Inhibition,8.0,%,=,CHEMBL763343,CHEMBL230,
CHEMBL275376,CC(C)S(=O)(=O)c1c(O)n(Cc2ccc(F)c(F)c2)c(=O)c2ccccc12,Inhibition,76.0,%,=,CHEMBL761747,CHEMBL230,
CHEMBL275376,CC(C)S(=O)(=O)c1c(O)n(Cc2ccc(F)c(F)c2)c(=O)c2ccccc12,Inhibition,54.0,%,=,CHEMBL760075,CHEMBL230,
CHEMBL275376,CC(C)S(=O)(=O)c1c(O)n(Cc2ccc(F)c(F)c2)c(=O)c2ccccc12,Inhibition,37.0,%,=,CHEMBL764018,CHEMBL230,
CHEMBL275376,CC(C)S(=O)(=O)c1c(O)n(Cc2ccc(F)c(F)c2)c(=O)c2ccccc12,IC50,200.0,nM,=,CHEMBL763342,CHEMBL230,6.70
CHEMBL157720,CS(=O)(=O)c1ccc(-c2cnn(Cc3nccs3)c(=O)c2-c2ccc(F)cc2)cc1,IC50,600.0,nM,=,CHEMBL763938,CHEMBL230,6.22
CHEMBL157720,CS(=O)(=O)c1ccc(-c2cnn(Cc3nccs3)c(=O)c2-c2ccc(F)cc2)cc1,IC50,5900.0,nM,=,CHEMBL762902,CHEMBL230,5.23
CHEMBL262744,C[C@H]1C[C@@H]1Cn1ncc(-c2ccc(S(C)(=O)=O)cc2)c(-c2ccc(F)cc2)c1=O,IC50,60.0,nM,=,CHEMBL763938,CHEMBL230,7.22
CHEMBL262744,C[C@H]1C[C@@H]1Cn1ncc(-c2ccc(S(C)(=O)=O)cc2)c(-c2ccc(F)cc2)c1=O,IC50,300.0,nM,=,CHEMBL762902,CHEMBL230,6.52
CHEMBL94274,COc1cc2c(cc1F)-c1c(c(C(F)(F)F)nn1-c1ccc(S(N)(=O)=O)cc1)[S+]([O-])C2,IC50,1500.0,nM,=,CHEMBL767759,CHEMBL230,5.82
CHEMBL94274,COc1cc2c(cc1F)-c1c(c(C(F)(F)F)nn1-c1ccc(S(N)(=O)=O)cc1)[S+]([O-])C2,Inhibition,0.0,%,=,CHEMBL767762,CHEMBL230,
CHEMBL18148,CC(C)S(=O)(=O)c1c(O)n(Cc2ccc(F)cc2)c(=O)c2ccccc12,Inhibition,86.0,%,=,CHEMBL763345,CHEMBL230,
CHEMBL18148,CC(C)S(=O)(=O)c1c(O)n(Cc2ccc(F)cc2)c(=O)c2ccccc12,Inhibition,68.0,%,=,CHEMBL763344,CHEMBL230,
CHEMBL18148,CC(C)S(=O)(=O)c1c(O)n(Cc2ccc(F)cc2)c(=O)c2ccccc12,Inhibition,-1.0,%,=,CHEMBL763343,CHEMBL230,
CHEMBL18148,CC(C)S(=O)(=O)c1c(O)n(Cc2ccc(F)cc2)c(=O)c2ccccc12,Inhibition,82.0,%,=,CHEMBL761747,CHEMBL230,
CHEMBL18148,CC(C)S(=O)(=O)c1c(O)n(Cc2ccc(F)cc2)c(=O)c2ccccc12,Inhibition,72.0,%,=,CHEMBL760075,CHEMBL230,
CHEMBL18148,CC(C)S(=O)(=O)c1c(O)n(Cc2ccc(F)cc2)c(=O)c2ccccc12,Inhibition,50.0,%,=,CHEMBL764018,CHEMBL230,
CHEMBL18148,CC(C)S(=O)(=O)c1c(O)n(Cc2ccc(F)cc2)c(=O)c2ccccc12,IC50,90.0,nM,=,CHEMBL763342,CHEMBL230,7.05
CHEMBL94494,Cc1cc2c(cc1F)-c1c(c(C(F)(F)F)nn1-c1ccc(S(N)(=O)=O)cc1)SC2,IC50,16.0,nM,=,CHEMBL767759,CHEMBL230,7.80
CHEMBL94494,Cc1cc2c(cc1F)-c1c(c(C(F)(F)F)nn1-c1ccc(S(N)(=O)=O)cc1)SC2,Inhibition,63.0,%,=,CHEMBL767762,CHEMBL230,
CHEMBL18020,CC(C)S(=O)(=O)c1c(O)n(Cc2ccccc2)c(=O)c2ccc(Cl)cc12,Inhibition,97.0,%,=,CHEMBL763345,CHEMBL230,
CHEMBL18020,CC(C)S(=O)(=O)c1c(O)n(Cc2ccccc2)c(=O)c2ccc(Cl)cc12,Inhibition,87.0,%,=,CHEMBL763344,CHEMBL230,
CHEMBL18020,CC(C)S(=O)(=O)c1c(O)n(Cc2ccccc2)c(=O)c2ccc(Cl)cc12,Inhibition,34.0,%,=,CHEMBL763343,CHEMBL230,
CHEMBL18020,CC(C)S(=O)(=O)c1c(O)n(Cc2ccccc2)c(=O)c2ccc(Cl)cc12,Inhibition,96.0,%,=,CHEMBL761747,CHEMBL230,
CHEMBL18020,CC(C)S(=O)(=O)c1c(O)n(Cc2ccccc2)c(=O)c2ccc(Cl)cc12,Inhibition,80.0,%,=,CHEMBL760075,CHEMBL230,
CHEMBL18020,CC(C)S(=O)(=O)c1c(O)n(Cc2ccccc2)c(=O)c2ccc(Cl)cc12,Inhibition,62.0,%,=,CHEMBL764018,CHEMBL230,
CHEMBL18020,CC(C)S(=O)(=O)c1c(O)n(Cc2ccccc2)c(=O)c2ccc(Cl)cc12,IC50,60.0,nM,=,CHEMBL763341,CHEMBL230,7.22
CHEMBL273420,NS(=O)(=O)c1ccc(-n2nc(C(F)(F)F)c3c2-c2ccccc2SC3)cc1,IC50,460.0,nM,=,CHEMBL767759,CHEMBL230,6.34
CHEMBL328009,COc1cc2c(cc1F)-c1c(c(C(F)(F)F)nn1-c1ccc(S(N)(=O)=O)cc1)SC2,IC50,9.0,nM,=,CHEMBL767759,CHEMBL230,8.05
CHEMBL328009,COc1cc2c(cc1F)-c1c(c(C(F)(F)F)nn1-c1ccc(S(N)(=O)=O)cc1)SC2,Inhibition,74.0,%,=,CHEMBL767762,CHEMBL230,
CHEMBL158310,CC(C)=CCn1ncc(-c2ccc(S(C)(=O)=O)cc2)c(-c2ccc(F)cc2)c1=O,IC50,100.0,nM,=,CHEMBL763938,CHEMBL230,7.00
CHEMBL158310,CC(C)=CCn1ncc(-c2ccc(S(C)(=O)=O)cc2)c(-c2ccc(F)cc2)c1=O,IC50,300.0,nM,=,CHEMBL762902,CHEMBL230,6.52
CHEMBL157730,CS(=O)(=O)c1ccc(-c2cnn(Cc3ccccc3)c(=O)c2Oc2ccc(F)cc2)cc1,IC50,20.0,nM,=,CHEMBL763938,CHEMBL230,7.70
CHEMBL157730,CS(=O)(=O)c1ccc(-c2cnn(Cc3ccccc3)c(=O)c2Oc2ccc(F)cc2)cc1,IC50,90.0,nM,=,CHEMBL762902,CHEMBL230,7.05
CHEMBL157016,CS(=O)(=O)c1ccc(-c2cnn(CC3CC3)c(=O)c2-c2ccc(F)cc2)cc1,IC50,200.0,nM,=,CHEMBL763938,CHEMBL230,6.70
CHEMBL157016,CS(=O)(=O)c1ccc(-c2cnn(CC3CC3)c(=O)c2-c2ccc(F)cc2)cc1,IC50,1700.0,nM,=,CHEMBL762902,CHEMBL230,5.77
CHEMBL155247,CC(C1CC1)n1ncc(-c2ccc(S(C)(=O)=O)cc2)c(-c2ccc(F)cc2)c1=O,IC50,200.0,nM,=,CHEMBL763938,CHEMBL230,6.70
CHEMBL155247,CC(C1CC1)n1ncc(-c2ccc(S(C)(=O)=O)cc2)c(-c2ccc(F)cc2)c1=O,IC50,700.0,nM,=,CHEMBL762902,CHEMBL230,6.16
CHEMBL346743,CS(=O)(=O)c1ccc(-c2cnn(CC(F)(F)F)c(=O)c2-c2ccccc2)cc1,IC50,500.0,nM,=,CHEMBL763938,CHEMBL230,6.30
CHEMBL346743,CS(=O)(=O)c1ccc(-c2cnn(CC(F)(F)F)c(=O)c2-c2ccccc2)cc1,IC50,11000.0,nM,=,CHEMBL762902,CHEMBL230,4.96
CHEMBL157629,Cc1ccc(-c2c(-c3ccc(S(C)(=O)=O)cc3)cnn(Cc3ccccc3)c2=O)cc1,IC50,20.0,nM,=,CHEMBL763938,CHEMBL230,7.70
CHEMBL157629,Cc1ccc(-c2c(-c3ccc(S(C)(=O)=O)cc3)cnn(Cc3ccccc3)c2=O)cc1,IC50,350.0,nM,=,CHEMBL762902,CHEMBL230,6.46
CHEMBL156401,C[C@@H]1C[C@H]1Cn1ncc(-c2ccc(S(C)(=O)=O)cc2)c(-c2ccc(F)cc2)c1=O,IC50,60.0,nM,=,CHEMBL763938,CHEMBL230,7.22
CHEMBL156401,C[C@@H]1C[C@H]1Cn1ncc(-c2ccc(S(C)(=O)=O)cc2)c(-c2ccc(F)cc2)c1=O,IC50,1700.0,nM,=,CHEMBL762902,CHEMBL230,5.77
CHEMBL155676,CS(=O)(=O)c1ccc(-c2cnnc(O)c2-c2ccccc2)cc1,IC50,5000.0,nM,>,CHEMBL763938,CHEMBL230,
CHEMBL155676,CS(=O)(=O)c1ccc(-c2cnnc(O)c2-c2ccccc2)cc1,IC50,33000.0,nM,>,CHEMBL762902,CHEMBL230,
CHEMBL319512,COc1ccc2c(c1)CSc1c(C(F)(F)F)nn(-c3ccc(S(N)(=O)=O)cc3)c1-2,IC50,13.0,nM,=,CHEMBL767759,CHEMBL230,7.89
CHEMBL94935,NS(=O)(=O)c1ccc(-n2nc(C(F)(F)F)c3c2-c2ccccc2CC3)cc1,IC50,1100.0,nM,=,CHEMBL767759,CHEMBL230,5.96
CHEMBL316455,NS(=O)(=O)c1ccc(-n2nc(C(F)(F)F)c3c2-c2ccc(F)cc2CS3)cc1,IC50,40.0,nM,=,CHEMBL767759,CHEMBL230,7.40
CHEMBL599,Cc1cnc(NC(=O)C2=C(O)c3ccccc3S(=O)(=O)N2C)s1,Inhibition,77.0,%,=,CHEMBL763345,CHEMBL230,
CHEMBL599,Cc1cnc(NC(=O)C2=C(O)c3ccccc3S(=O)(=O)N2C)s1,Inhibition,72.0,%,=,CHEMBL763344,CHEMBL230,
CHEMBL599,Cc1cnc(NC(=O)C2=C(O)c3ccccc3S(=O)(=O)N2C)s1,Inhibition,24.0,%,=,CHEMBL763343,CHEMBL230,
CHEMBL599,Cc1cnc(NC(=O)C2=C(O)c3ccccc3S(=O)(=O)N2C)s1,IC50,160.0,nM,=,CHEMBL763341,CHEMBL230,6.80
CHEMBL276052,O=c1c2ccccc2c(S(=O)(=O)c2ccccc2)c(O)n1Cc1ccccc1,Inhibition,72.0,%,=,CHEMBL763345,CHEMBL230,
CHEMBL276052,O=c1c2ccccc2c(S(=O)(=O)c2ccccc2)c(O)n1Cc1ccccc1,Inhibition,58.0,%,=,CHEMBL763344,CHEMBL230,
CHEMBL276052,O=c1c2ccccc2c(S(=O)(=O)c2ccccc2)c(O)n1Cc1ccccc1,Inhibition,22.0,%,=,CHEMBL763343,CHEMBL230,
CHEMBL276052,O=c1c2ccccc2c(S(=O)(=O)c2ccccc2)c(O)n1Cc1ccccc1,Inhibition,69.0,%,=,CHEMBL761747,CHEMBL230,
CHEMBL276052,O=c1c2ccccc2c(S(=O)(=O)c2ccccc2)c(O)n1Cc1ccccc1,Inhibition,46.0,%,=,CHEMBL760075,CHEMBL230,
CHEMBL276052,O=c1c2ccccc2c(S(=O)(=O)c2ccccc2)c(O)n1Cc1ccccc1,Inhibition,36.0,%,=,CHEMBL764018,CHEMBL230,
CHEMBL276052,O=c1c2ccccc2c(S(=O)(=O)c2ccccc2)c(O)n1Cc1ccccc1,IC50,140.0,nM,=,CHEMBL763341,CHEMBL230,6.85
CHEMBL278641,CS(=O)(=O)c1c(O)n(Cc2ccccc2)c(=O)c2ccccc12,Inhibition,-9.0,%,=,CHEMBL763345,CHEMBL230,
CHEMBL278641,CS(=O)(=O)c1c(O)n(Cc2ccccc2)c(=O)c2ccccc12,Inhibition,1.0,%,=,CHEMBL763344,CHEMBL230,
CHEMBL278641,CS(=O)(=O)c1c(O)n(Cc2ccccc2)c(=O)c2ccccc12,Inhibition,5.0,%,=,CHEMBL763343,CHEMBL230,
CHEMBL95021,NS(=O)(=O)c1ccc(-n2nc(C(F)(F)F)c3c2-c2ccccc2OC3)cc1,IC50,1330.0,nM,=,CHEMBL767759,CHEMBL230,5.88
CHEMBL328906,Cc1ccc2c(c1)CSc1c(C(F)(F)F)nn(-c3ccc(S(N)(=O)=O)cc3)c1-2,IC50,22.0,nM,=,CHEMBL767759,CHEMBL230,7.66
CHEMBL328906,Cc1ccc2c(c1)CSc1c(C(F)(F)F)nn(-c3ccc(S(N)(=O)=O)cc3)c1-2,Inhibition,75.0,%,=,CHEMBL767762,CHEMBL230,
CHEMBL158148,CS(=O)(=O)c1ccc(-c2cnn(CC3CCCCC3)c(=O)c2-c2ccc(F)cc2)cc1,IC50,40.0,nM,=,CHEMBL763938,CHEMBL230,7.40
CHEMBL158148,CS(=O)(=O)c1ccc(-c2cnn(CC3CCCCC3)c(=O)c2-c2ccc(F)cc2)cc1,IC50,410.0,nM,=,CHEMBL762902,CHEMBL230,6.39
CHEMBL347147,CS(=O)(=O)c1ccc(-c2cnn(C3CC3)c(=O)c2-c2ccc(F)cc2)cc1,IC50,110.0,nM,=,CHEMBL763938,CHEMBL230,6.96
CHEMBL347147,CS(=O)(=O)c1ccc(-c2cnn(C3CC3)c(=O)c2-c2ccc(F)cc2)cc1,IC50,33000.0,nM,>,CHEMBL762902,CHEMBL230,
CHEMBL411894,NS(=O)(=O)c1ccc(-n2nc(C(F)(F)F)c3c2-c2cc(F)ccc2CS3)cc1,IC50,21.0,nM,=,CHEMBL767759,CHEMBL230,7.68
CHEMBL96110,COc1cc2c(cc1F)-c1c(c(C(F)(F)F)nn1-c1ccc(S(C)(=O)=O)cc1)SC2,IC50,75.0,nM,=,CHEMBL767759,CHEMBL230,7.12
CHEMBL96110,COc1cc2c(cc1F)-c1c(c(C(F)(F)F)nn1-c1ccc(S(C)(=O)=O)cc1)SC2,Inhibition,37.0,%,=,CHEMBL767762,CHEMBL230,
CHEMBL154422,CS(=O)(=O)c1ccc(-c2cnn(Cc3cccnc3)c(=O)c2-c2ccccc2)cc1,IC50,1300.0,nM,=,CHEMBL763938,CHEMBL230,5.89
CHEMBL154422,CS(=O)(=O)c1ccc(-c2cnn(Cc3cccnc3)c(=O)c2-c2ccccc2)cc1,IC50,7100.0,nM,=,CHEMBL762902,CHEMBL230,5.15
CHEMBL154907,Cn1ncc(-c2ccc(S(C)(=O)=O)cc2)c(-c2ccccc2)c1=O,IC50,300.0,nM,=,CHEMBL763938,CHEMBL230,6.52
CHEMBL154907,Cn1ncc(-c2ccc(S(C)(=O)=O)cc2)c(-c2ccccc2)c1=O,IC50,21000.0,nM,=,CHEMBL762902,CHEMBL230,4.68
CHEMBL277094,CO/C(O)=C1\C(=O)N(Cc2ccccc2)C(=O)c2ccc(Cl)cc21,Inhibition,85.0,%,=,CHEMBL763345,CHEMBL230,
CHEMBL277094,CO/C(O)=C1\C(=O)N(Cc2ccccc2)C(=O)c2ccc(Cl)cc21,Inhibition,73.0,%,=,CHEMBL763344,CHEMBL230,
CHEMBL277094,CO/C(O)=C1\C(=O)N(Cc2ccccc2)C(=O)c2ccc(Cl)cc21,Inhibition,16.0,%,=,CHEMBL763343,CHEMBL230,
CHEMBL18007,O=C1/C(=C(/O)c2ccccc2)c2ccccc2C(=O)N1Cc1ccccc1,Inhibition,-3.0,%,=,CHEMBL763345,CHEMBL230,
CHEMBL18007,O=C1/C(=C(/O)c2ccccc2)c2ccccc2C(=O)N1Cc1ccccc1,Inhibition,-2.0,%,=,CHEMBL763344,CHEMBL230,
CHEMBL18007,O=C1/C(=C(/O)c2ccccc2)c2ccccc2C(=O)N1Cc1ccccc1,Inhibition,-2.0,%,=,CHEMBL763343,CHEMBL230,
CHEMBL18073,O=c1c2ccccc2c(S(=O)(=O)c2ccc(Br)cc2)c(O)n1Cc1ccccc1,Inhibition,100.0,%,=,CHEMBL763345,CHEMBL230,
CHEMBL18073,O=c1c2ccccc2c(S(=O)(=O)c2ccc(Br)cc2)c(O)n1Cc1ccccc1,Inhibition,92.0,%,=,CHEMBL763344,CHEMBL230,
CHEMBL18073,O=c1c2ccccc2c(S(=O)(=O)c2ccc(Br)cc2)c(O)n1Cc1ccccc1,Inhibition,28.0,%,=,CHEMBL763343,CHEMBL230,
CHEMBL440001,C[C@H]1C(Cn2ncc(-c3ccc(S(C)(=O)=O)cc3)c(-c3ccc(F)cc3)c2=O)[C@@H]1C,IC50,50.0,nM,=,CHEMBL763938,CHEMBL230,7.30
CHEMBL440001,C[C@H]1C(Cn2ncc(-c3ccc(S(C)(=O)=O)cc3)c(-c3ccc(F)cc3)c2=O)[C@@H]1C,IC50,700.0,nM,=,CHEMBL762902,CHEMBL230,6.16
CHEMBL155587,Cc1ccc(-c2c(-c3ccc(S(C)(=O)=O)cc3)cnn(Cc3ccccc3)c2=O)cn1,IC50,1200.0,nM,=,CHEMBL763938,CHEMBL230,5.92
CHEMBL155587,Cc1ccc(-c2c(-c3ccc(S(C)(=O)=O)cc3)cnn(Cc3ccccc3)c2=O)cn1,IC50,1100.0,nM,=,CHEMBL762902,CHEMBL230,5.96
CHEMBL434673,CC(C)Oc1c(-c2ccc(S(C)(=O)=O)cc2)cnn(Cc2ccccc2)c1=O,IC50,20.0,nM,=,CHEMBL763938,CHEMBL230,7.70
CHEMBL434673,CC(C)Oc1c(-c2ccc(S(C)(=O)=O)cc2)cnn(Cc2ccccc2)c1=O,IC50,1700.0,nM,=,CHEMBL762902,CHEMBL230,5.77
CHEMBL262016,CCCS(=O)(=O)c1c(O)n(Cc2ccccc2)c(=O)c2ccccc12,Inhibition,27.0,%,=,CHEMBL763345,CHEMBL230,
CHEMBL262016,CCCS(=O)(=O)c1c(O)n(Cc2ccccc2)c(=O)c2ccccc12,Inhibition,15.0,%,=,CHEMBL763344,CHEMBL230,
CHEMBL262016,CCCS(=O)(=O)c1c(O)n(Cc2ccccc2)c(=O)c2ccccc12,Inhibition,-6.0,%,=,CHEMBL763343,CHEMBL230,
CHEMBL275194,COc1ccc(S(=O)(=O)c2c(O)n(Cc3ccccc3)c(=O)c3ccccc23)cc1,Inhibition,97.0,%,=,CHEMBL763345,CHEMBL230,
CHEMBL275194,COc1ccc(S(=O)(=O)c2c(O)n(Cc3ccccc3)c(=O)c3ccccc23)cc1,Inhibition,74.0,%,=,CHEMBL763344,CHEMBL230,
CHEMBL275194,COc1ccc(S(=O)(=O)c2c(O)n(Cc3ccccc3)c(=O)c3ccccc23)cc1,Inhibition,21.0,%,=,CHEMBL763343,CHEMBL230,
CHEMBL18080,CC(C)S(=O)(=O)c1c(O)n(Cc2ccc(Cl)cc2)c(=O)c2ccccc12,Inhibition,67.0,%,=,CHEMBL763345,CHEMBL230,
CHEMBL18080,CC(C)S(=O)(=O)c1c(O)n(Cc2ccc(Cl)cc2)c(=O)c2ccccc12,Inhibition,62.0,%,=,CHEMBL763344,CHEMBL230,
CHEMBL18080,CC(C)S(=O)(=O)c1c(O)n(Cc2ccc(Cl)cc2)c(=O)c2ccccc12,Inhibition,3.0,%,=,CHEMBL763343,CHEMBL230,
CHEMBL18080,CC(C)S(=O)(=O)c1c(O)n(Cc2ccc(Cl)cc2)c(=O)c2ccccc12,Inhibition,64.0,%,=,CHEMBL761747,CHEMBL230,
CHEMBL18080,CC(C)S(=O)(=O)c1c(O)n(Cc2ccc(Cl)cc2)c(=O)c2ccccc12,Inhibition,51.0,%,=,CHEMBL760075,CHEMBL230,
CHEMBL18080,CC(C)S(=O)(=O)c1c(O)n(Cc2ccc(Cl)cc2)c(=O)c2ccccc12,Inhibition,9.0,%,=,CHEMBL764018,CHEMBL230,
CHEMBL350039,CS(=O)(=O)c1ccc(-c2cnn(-c3ccccc3)c(=O)c2-c2ccccc2)cc1,IC50,80.0,nM,=,CHEMBL763938,CHEMBL230,7.10
CHEMBL350039,CS(=O)(=O)c1ccc(-c2cnn(-c3ccccc3)c(=O)c2-c2ccccc2)cc1,IC50,4700.0,nM,=,CHEMBL762902,CHEMBL230,5.33
CHEMBL156053,CC(C)(C)n1ncc(-c2ccc(S(C)(=O)=O)cc2)c(-c2ccccc2)c1=O,IC50,5000.0,nM,>,CHEMBL763938,CHEMBL230,
CHEMBL156053,CC(C)(C)n1ncc(-c2ccc(S(C)(=O)=O)cc2)c(-c2ccccc2)c1=O,IC50,33000.0,nM,>,CHEMBL762902,CHEMBL230,
CHEMBL318464,COc1cc2c(cc1F)-c1c(c(C(F)F)nn1-c1ccc(S(N)(=O)=O)cc1)SC2,IC50,32.0,nM,=,CHEMBL767759,CHEMBL230,7.50
CHEMBL318464,COc1cc2c(cc1F)-c1c(c(C(F)F)nn1-c1ccc(S(N)(=O)=O)cc1)SC2,Inhibition,21.0,%,=,CHEMBL767762,CHEMBL230,
CHEMBL155994,CS(=O)(=O)c1ccc(-c2cnn(Cc3ccccc3)c(=O)c2-c2ccccc2)cc1,IC50,30.0,nM,=,CHEMBL763938,CHEMBL230,7.52
CHEMBL155994,CS(=O)(=O)c1ccc(-c2cnn(Cc3ccccc3)c(=O)c2-c2ccccc2)cc1,IC50,900.0,nM,=,CHEMBL762902,CHEMBL230,6.05
CHEMBL347441,C[C@H]1C[C@H]1Cn1ncc(-c2ccc(S(C)(=O)=O)cc2)c(-c2ccc(F)cc2)c1=O,IC50,50.0,nM,=,CHEMBL763938,CHEMBL230,7.30
CHEMBL347441,C[C@H]1C[C@H]1Cn1ncc(-c2ccc(S(C)(=O)=O)cc2)c(-c2ccc(F)cc2)c1=O,IC50,2400.0,nM,=,CHEMBL762902,CHEMBL230,5.62
CHEMBL18373,CC(C)S(=O)(=O)c1c(O)n(Cc2ccccc2)c(=O)c2ccccc12,Inhibition,58.0,%,=,CHEMBL763345,CHEMBL230,
CHEMBL18373,CC(C)S(=O)(=O)c1c(O)n(Cc2ccccc2)c(=O)c2ccccc12,Inhibition,56.0,%,=,CHEMBL763344,CHEMBL230,
CHEMBL18373,CC(C)S(=O)(=O)c1c(O)n(Cc2ccccc2)c(=O)c2ccccc12,Inhibition,27.0,%,=,CHEMBL763343,CHEMBL230,
CHEMBL18373,CC(C)S(=O)(=O)c1c(O)n(Cc2ccccc2)c(=O)c2ccccc12,Inhibition,65.0,%,=,CHEMBL761747,CHEMBL230,
CHEMBL18373,CC(C)S(=O)(=O)c1c(O)n(Cc2ccccc2)c(=O)c2ccccc12,Inhibition,49.0,%,=,CHEMBL760075,CHEMBL230,
CHEMBL18373,CC(C)S(=O)(=O)c1c(O)n(Cc2ccccc2)c(=O)c2ccccc12,Inhibition,37.0,%,=,CHEMBL764018,CHEMBL230,
CHEMBL18373,CC(C)S(=O)(=O)c1c(O)n(Cc2ccccc2)c(=O)c2ccccc12,IC50,290.0,nM,=,CHEMBL763341,CHEMBL230,6.54
CHEMBL424303,Cc1cccc(Sc2cc3c(cc2NS(C)(=O)=O)CCC3=O)c1,IC50,10000.0,nM,>,CHEMBL760080,CHEMBL230,
CHEMBL153734,Cc1ccc(F)c(C(=O)c2cc3c(cc2-c2ccc(S(C)(=O)=O)cc2)OCO3)c1,Inhibition,90.0,%,=,CHEMBL764993,CHEMBL230,
CHEMBL153734,Cc1ccc(F)c(C(=O)c2cc3c(cc2-c2ccc(S(C)(=O)=O)cc2)OCO3)c1,Inhibition,25.0,%,=,CHEMBL764989,CHEMBL230,
CHEMBL444002,CS(=O)(=O)Nc1cc2c(cc1Oc1ccc(S(C)(=O)=O)cc1)C(=O)CC2,IC50,10000.0,nM,>,CHEMBL760080,CHEMBL230,
CHEMBL343853,CS(=O)(=O)Nc1cc2c(cc1Cc1ccc(F)cc1F)C(=O)CC2,IC50,200.0,nM,>,CHEMBL760080,CHEMBL230,
CHEMBL153781,CS(=O)(=O)c1ccc(-c2cc3c(cc2Cc2cccc(Cl)c2)OCO3)cc1,Inhibition,100.0,%,=,CHEMBL764993,CHEMBL230,
CHEMBL153781,CS(=O)(=O)c1ccc(-c2cc3c(cc2Cc2cccc(Cl)c2)OCO3)cc1,Inhibition,40.0,%,=,CHEMBL764989,CHEMBL230,
CHEMBL118,Cc1ccc(-c2cc(C(F)(F)F)nn2-c2ccc(S(N)(=O)=O)cc2)cc1,Inhibition,100.0,%,=,CHEMBL768141,CHEMBL230,
CHEMBL118,Cc1ccc(-c2cc(C(F)(F)F)nn2-c2ccc(S(N)(=O)=O)cc2)cc1,Inhibition,90.0,%,=,CHEMBL765005,CHEMBL230,
CHEMBL118,Cc1ccc(-c2cc(C(F)(F)F)nn2-c2ccc(S(N)(=O)=O)cc2)cc1,Inhibition,100.0,%,=,CHEMBL764994,CHEMBL230,
CHEMBL118,Cc1ccc(-c2cc(C(F)(F)F)nn2-c2ccc(S(N)(=O)=O)cc2)cc1,Inhibition,50.0,%,=,CHEMBL764990,CHEMBL230,
CHEMBL118,Cc1ccc(-c2cc(C(F)(F)F)nn2-c2ccc(S(N)(=O)=O)cc2)cc1,IC50,54.0,nM,=,CHEMBL766190,CHEMBL230,7.27
CHEMBL118,Cc1ccc(-c2cc(C(F)(F)F)nn2-c2ccc(S(N)(=O)=O)cc2)cc1,IC50,1200.0,nM,=,CHEMBL766672,CHEMBL230,5.92
CHEMBL153046,CS(=O)(=O)c1ccc(-c2cc3c(cc2CN2CCCCC2)OCO3)cc1,Inhibition,30.0,%,=,CHEMBL768141,CHEMBL230,
CHEMBL153046,CS(=O)(=O)c1ccc(-c2cc3c(cc2CN2CCCCC2)OCO3)cc1,Inhibition,0.0,%,=,CHEMBL765005,CHEMBL230,
CHEMBL37371,Cc1ccc(Sc2cc3c(cc2NS(C)(=O)=O)CCC3=O)nc1,IC50,1000.0,nM,=,CHEMBL768961,CHEMBL230,6.00
CHEMBL37371,Cc1ccc(Sc2cc3c(cc2NS(C)(=O)=O)CCC3=O)nc1,IC50,640.0,nM,=,CHEMBL772071,CHEMBL230,6.19
CHEMBL434014,CSc1csc(Sc2cc3c(cc2NS(C)(=O)=O)COC3=O)n1,IC50,290.0,nM,=,CHEMBL768961,CHEMBL230,6.54
CHEMBL434014,CSc1csc(Sc2cc3c(cc2NS(C)(=O)=O)COC3=O)n1,IC50,11000.0,nM,=,CHEMBL772071,CHEMBL230,4.96
CHEMBL358246,CS(=O)(=O)c1ccc(-c2cc3c(cc2Cc2ccccc2)OCO3)cc1,Inhibition,85.0,%,=,CHEMBL768141,CHEMBL230,
CHEMBL358246,CS(=O)(=O)c1ccc(-c2cc3c(cc2Cc2ccccc2)OCO3)cc1,Inhibition,85.0,%,=,CHEMBL765005,CHEMBL230,
CHEMBL358246,CS(=O)(=O)c1ccc(-c2cc3c(cc2Cc2ccccc2)OCO3)cc1,Inhibition,50.0,%,=,CHEMBL764994,CHEMBL230,
CHEMBL358246,CS(=O)(=O)c1ccc(-c2cc3c(cc2Cc2ccccc2)OCO3)cc1,Inhibition,10.0,%,=,CHEMBL764989,CHEMBL230,
CHEMBL358246,CS(=O)(=O)c1ccc(-c2cc3c(cc2Cc2ccccc2)OCO3)cc1,IC50,10000.0,nM,=,CHEMBL766189,CHEMBL230,5.00
CHEMBL152909,Cc1cccc(C(=O)c2cc3c(cc2-c2ccc(S(C)(=O)=O)cc2)OCO3)c1,Inhibition,40.0,%,=,CHEMBL768141,CHEMBL230,
CHEMBL152909,Cc1cccc(C(=O)c2cc3c(cc2-c2ccc(S(C)(=O)=O)cc2)OCO3)c1,Inhibition,10.0,%,=,CHEMBL765005,CHEMBL230,
CHEMBL152909,Cc1cccc(C(=O)c2cc3c(cc2-c2ccc(S(C)(=O)=O)cc2)OCO3)c1,Inhibition,85.0,%,=,CHEMBL764994,CHEMBL230,
CHEMBL152909,Cc1cccc(C(=O)c2cc3c(cc2-c2ccc(S(C)(=O)=O)cc2)OCO3)c1,Inhibition,40.0,%,=,CHEMBL764990,CHEMBL230,
CHEMBL357918,CCS(=O)(=O)Nc1cc2c(cc1Sc1ccc(F)cc1F)C(=O)CC2,IC50,10000.0,nM,>,CHEMBL760080,CHEMBL230,
CHEMBL287919,CS(=O)(=O)Nc1cc2c(cc1Sc1ccc(F)cc1F)C(=O)CC2,IC50,23.0,nM,=,CHEMBL760080,CHEMBL230,7.64
CHEMBL343198,CS(=O)(=O)Nc1cc2c(cc1Sc1cccc(F)c1)C(=O)CC2,IC50,10000.0,nM,>,CHEMBL760080,CHEMBL230,
CHEMBL154926,CS(=O)(=O)c1ccc(-c2cc3c(cc2Cc2cccc(F)c2)OCO3)cc1,Inhibition,90.0,%,=,CHEMBL764993,CHEMBL230,
CHEMBL154926,CS(=O)(=O)c1ccc(-c2cc3c(cc2Cc2cccc(F)c2)OCO3)cc1,Inhibition,40.0,%,=,CHEMBL764989,CHEMBL230,
CHEMBL153767,CS(=O)(=O)c1ccc(-c2cc3c(cc2C(=O)c2cccc(F)c2)OCO3)cc1,Inhibition,95.0,%,=,CHEMBL764993,CHEMBL230,
CHEMBL153767,CS(=O)(=O)c1ccc(-c2cc3c(cc2C(=O)c2cccc(F)c2)OCO3)cc1,Inhibition,50.0,%,=,CHEMBL764989,CHEMBL230,
CHEMBL153767,CS(=O)(=O)c1ccc(-c2cc3c(cc2C(=O)c2cccc(F)c2)OCO3)cc1,IC50,1000.0,nM,=,CHEMBL766189,CHEMBL230,6.00
CHEMBL153237,CS(=O)(=O)c1ccc(-c2cc3c(cc2C(=O)c2cccnc2)OCO3)cc1,Inhibition,20.0,%,=,CHEMBL768141,CHEMBL230,
CHEMBL153237,CS(=O)(=O)c1ccc(-c2cc3c(cc2C(=O)c2cccnc2)OCO3)cc1,Inhibition,0.0,%,=,CHEMBL765005,CHEMBL230,
CHEMBL153683,CS(=O)(=O)c1ccc(-c2cc3c(cc2CC2CCCCC2)OCO3)cc1,Inhibition,100.0,%,=,CHEMBL768141,CHEMBL230,
CHEMBL153683,CS(=O)(=O)c1ccc(-c2cc3c(cc2CC2CCCCC2)OCO3)cc1,Inhibition,100.0,%,=,CHEMBL765005,CHEMBL230,
CHEMBL153683,CS(=O)(=O)c1ccc(-c2cc3c(cc2CC2CCCCC2)OCO3)cc1,Inhibition,75.0,%,=,CHEMBL764993,CHEMBL230,
CHEMBL153683,CS(=O)(=O)c1ccc(-c2cc3c(cc2CC2CCCCC2)OCO3)cc1,Inhibition,20.0,%,=,CHEMBL764989,CHEMBL230,
CHEMBL152704,CS(=O)(=O)c1ccc(-c2cc3c(cc2CN2CCCC(CO)C2)OCO3)cc1,Inhibition,30.0,%,=,CHEMBL768141,CHEMBL230,
CHEMBL152704,CS(=O)(=O)c1ccc(-c2cc3c(cc2CN2CCCC(CO)C2)OCO3)cc1,Inhibition,20.0,%,=,CHEMBL765005,CHEMBL230,
CHEMBL155155,CS(=O)(=O)c1ccc(-c2cc3c(cc2CN2CCCCC2=O)OCO3)cc1,Inhibition,90.0,%,=,CHEMBL768141,CHEMBL230,
CHEMBL155155,CS(=O)(=O)c1ccc(-c2cc3c(cc2CN2CCCCC2=O)OCO3)cc1,Inhibition,20.0,%,=,CHEMBL765005,CHEMBL230,
CHEMBL155155,CS(=O)(=O)c1ccc(-c2cc3c(cc2CN2CCCCC2=O)OCO3)cc1,Inhibition,35.0,%,=,CHEMBL764993,CHEMBL230,
CHEMBL155155,CS(=O)(=O)c1ccc(-c2cc3c(cc2CN2CCCCC2=O)OCO3)cc1,Inhibition,15.0,%,=,CHEMBL764989,CHEMBL230,
CHEMBL43520,Cc1csc(Sc2cc3c(cc2NS(C)(=O)=O)COC3=O)n1,IC50,6900.0,nM,=,CHEMBL768961,CHEMBL230,5.16
CHEMBL43520,Cc1csc(Sc2cc3c(cc2NS(C)(=O)=O)COC3=O)n1,IC50,43.0,nM,=,CHEMBL772071,CHEMBL230,7.37
CHEMBL357026,Cc1ccc(Cc2cc3c(cc2-c2ccc(S(C)(=O)=O)cc2)OCO3)cc1,Inhibition,80.0,%,=,CHEMBL768141,CHEMBL230,
CHEMBL357026,Cc1ccc(Cc2cc3c(cc2-c2ccc(S(C)(=O)=O)cc2)OCO3)cc1,Inhibition,50.0,%,=,CHEMBL765005,CHEMBL230,
CHEMBL357026,Cc1ccc(Cc2cc3c(cc2-c2ccc(S(C)(=O)=O)cc2)OCO3)cc1,Inhibition,10.0,%,=,CHEMBL764994,CHEMBL230,
CHEMBL357026,Cc1ccc(Cc2cc3c(cc2-c2ccc(S(C)(=O)=O)cc2)OCO3)cc1,Inhibition,0.0,%,=,CHEMBL764990,CHEMBL230,
CHEMBL423043,CS(=O)(=O)c1ccc(-c2cc3c(cc2C(=O)c2ccccc2F)OCO3)cc1,Inhibition,95.0,%,=,CHEMBL764993,CHEMBL230,
CHEMBL423043,CS(=O)(=O)c1ccc(-c2cc3c(cc2C(=O)c2ccccc2F)OCO3)cc1,Inhibition,30.0,%,=,CHEMBL764989,CHEMBL230,
CHEMBL153644,CS(=O)(=O)c1ccc(-c2cc3c(cc2C(=O)c2cnccc2Br)OCO3)cc1,Inhibition,0.0,%,=,CHEMBL768141,CHEMBL230,
CHEMBL153644,CS(=O)(=O)c1ccc(-c2cc3c(cc2C(=O)c2cnccc2Br)OCO3)cc1,Inhibition,10.0,%,=,CHEMBL765005,CHEMBL230,
CHEMBL342538,CCc1ccc(Sc2cc3c(cc2NS(C)(=O)=O)CCC3=O)cc1,IC50,100.0,nM,=,CHEMBL760080,CHEMBL230,7.00
CHEMBL145783,CS(=O)(=O)Nc1cc2c(cc1Sc1ccc(C(=O)O)cc1)C(=O)CC2,IC50,10000.0,nM,>,CHEMBL760080,CHEMBL230,
CHEMBL145315,CS(=O)(=O)Nc1cc2c(cc1OC1CCOCC1)C(=O)CC2,IC50,10000.0,nM,>,CHEMBL760080,CHEMBL230,
CHEMBL155451,CS(=O)(=O)c1ccc(-c2cc3c(cc2C(=O)c2ccc(F)cc2)OCO3)cc1,Inhibition,5.0,%,=,CHEMBL764993,CHEMBL230,
CHEMBL155451,CS(=O)(=O)c1ccc(-c2cc3c(cc2C(=O)c2ccc(F)cc2)OCO3)cc1,Inhibition,0.0,%,=,CHEMBL764989,CHEMBL230,
CHEMBL146773,CS(=O)(=O)Nc1cc2c(cc1Nc1ccc(F)cc1F)C(=O)CC2,IC50,1000.0,nM,=,CHEMBL760080,CHEMBL230,6.00
CHEMBL122,CS(=O)(=O)c1ccc(C2=C(c3ccccc3)C(=O)OC2)cc1,Inhibition,100.0,%,=,CHEMBL768141,CHEMBL230,
CHEMBL122,CS(=O)(=O)c1ccc(C2=C(c3ccccc3)C(=O)OC2)cc1,Inhibition,40.0,%,=,CHEMBL765005,CHEMBL230,
CHEMBL122,CS(=O)(=O)c1ccc(C2=C(c3ccccc3)C(=O)OC2)cc1,Inhibition,100.0,%,=,CHEMBL764994,CHEMBL230,
CHEMBL122,CS(=O)(=O)c1ccc(C2=C(c3ccccc3)C(=O)OC2)cc1,Inhibition,75.0,%,=,CHEMBL764990,CHEMBL230,
CHEMBL122,CS(=O)(=O)c1ccc(C2=C(c3ccccc3)C(=O)OC2)cc1,IC50,1000.0,nM,=,CHEMBL766190,CHEMBL230,
CHEMBL122,CS(=O)(=O)c1ccc(C2=C(c3ccccc3)C(=O)OC2)cc1,IC50,300.0,nM,=,CHEMBL766189,CHEMBL230,6.52
CHEMBL289262,CS(=O)(=O)Nc1cc2c(cc1Sc1nccs1)C(=O)CC2,IC50,480.0,nM,=,CHEMBL768961,CHEMBL230,6.32
CHEMBL289262,CS(=O)(=O)Nc1cc2c(cc1Sc1nccs1)C(=O)CC2,IC50,320.0,nM,=,CHEMBL772071,CHEMBL230,6.50
CHEMBL43461,CCc1csc(Sc2cc3c(cc2NS(C)(=O)=O)COC3=O)n1,IC50,1000.0,nM,=,CHEMBL768961,CHEMBL230,6.00
CHEMBL43461,CCc1csc(Sc2cc3c(cc2NS(C)(=O)=O)COC3=O)n1,IC50,13.0,nM,=,CHEMBL772071,CHEMBL230,7.89
CHEMBL289731,CCc1csc(Sc2cc3c(cc2NS(C)(=O)=O)CCC3=O)n1,IC50,280.0,nM,=,CHEMBL768961,CHEMBL230,6.55
CHEMBL289731,CCc1csc(Sc2cc3c(cc2NS(C)(=O)=O)CCC3=O)n1,IC50,49.0,nM,=,CHEMBL772071,CHEMBL230,7.31
CHEMBL145710,CSc1ccc(Oc2cc3c(cc2NS(C)(=O)=O)CCC3=O)cc1,IC50,100.0,nM,=,CHEMBL760080,CHEMBL230,7.00
CHEMBL150357,CS(=O)(=O)c1ccc(-c2cc3c(cc2C(=O)N2CCCCC2)OCO3)cc1,Inhibition,40.0,%,=,CHEMBL768141,CHEMBL230,
CHEMBL150357,CS(=O)(=O)c1ccc(-c2cc3c(cc2C(=O)N2CCCCC2)OCO3)cc1,Inhibition,20.0,%,=,CHEMBL765005,CHEMBL230,
CHEMBL358295,COc1ccc(Sc2cc3c(cc2NS(C)(=O)=O)CCC3=O)cc1,IC50,100.0,nM,=,CHEMBL760080,CHEMBL230,7.00
CHEMBL144819,CS(=O)(=O)Nc1cc2c(cc1Sc1ccccc1F)C(=O)CC2,IC50,100.0,nM,=,CHEMBL760080,CHEMBL230,7.00
CHEMBL287919,CS(=O)(=O)Nc1cc2c(cc1Sc1ccc(F)cc1F)C(=O)CC2,IC50,140.0,nM,=,CHEMBL768961,CHEMBL230,6.85
CHEMBL287919,CS(=O)(=O)Nc1cc2c(cc1Sc1ccc(F)cc1F)C(=O)CC2,IC50,29.0,nM,=,CHEMBL772071,CHEMBL230,7.54
CHEMBL35992,CS(=O)(=O)Nc1cc2c(cc1Sc1ccccn1)C(=O)CC2,IC50,100.0,nM,=,CHEMBL760080,CHEMBL230,7.00
CHEMBL144441,CS(=O)(=O)Nc1cc2c(cc1OC1CCCC1)C(=O)CC2,IC50,1000.0,nM,>,CHEMBL760080,CHEMBL230,
CHEMBL348680,CS(=O)(=O)c1ccc(-c2cc3c(cc2CC2CCCC2)OCO3)cc1,Inhibition,70.0,%,=,CHEMBL768141,CHEMBL230,
CHEMBL348680,CS(=O)(=O)c1ccc(-c2cc3c(cc2CC2CCCC2)OCO3)cc1,Inhibition,40.0,%,=,CHEMBL765005,CHEMBL230,
CHEMBL312221,COc1ccc(-c2c(-c3ccc(S(C)(=O)=O)cc3)oc3ccccc23)cc1F,IC50,93.0,nM,=,CHEMBL665719,CHEMBL230,7.03
CHEMBL144884,Cc1ccc(Sc2cc3c(cc2NS(C)(=O)=O)CCC3=O)cc1,IC50,50.0,nM,=,CHEMBL760080,CHEMBL230,7.30
CHEMBL147327,CS(=O)(=O)Nc1cc2c(cc1Sc1cncs1)C(=O)CC2,IC50,10000.0,nM,>,CHEMBL760080,CHEMBL230,
CHEMBL150705,CS(=O)(=O)c1ccc(-c2cc3c(cc2C(=O)N2CCCC2)OCO3)cc1,Inhibition,20.0,%,=,CHEMBL768141,CHEMBL230,
CHEMBL150705,CS(=O)(=O)c1ccc(-c2cc3c(cc2C(=O)N2CCCC2)OCO3)cc1,Inhibition,0.0,%,=,CHEMBL765005,CHEMBL230,
CHEMBL80047,CS(=O)(=O)c1ccc(C2=C(c3ccc(F)cc3)c3ccccc3C2)cc1,IC50,11.0,nM,=,CHEMBL665719,CHEMBL230,7.96
CHEMBL144728,CS(=O)(=O)Nc1cc2c(cc1Sc1ccc(Br)cc1)C(=O)CC2,IC50,10.0,nM,=,CHEMBL760080,CHEMBL230,8.00
CHEMBL356804,COc1ccccc1Sc1cc2c(cc1NS(C)(=O)=O)CCC2=O,IC50,10000.0,nM,>,CHEMBL760080,CHEMBL230,
CHEMBL148157,CS(=O)(=O)Nc1cc2c(cc1Sc1cscn1)C(=O)CC2,IC50,10000.0,nM,>,CHEMBL760080,CHEMBL230,
CHEMBL348677,CS(=O)(=O)c1ccc(-c2cc3c(cc2CN2CCC(O)CC2)OCO3)cc1,Inhibition,25.0,%,=,CHEMBL768141,CHEMBL230,
CHEMBL348677,CS(=O)(=O)c1ccc(-c2cc3c(cc2CN2CCC(O)CC2)OCO3)cc1,Inhibition,10.0,%,=,CHEMBL765005,CHEMBL230,
CHEMBL76692,COc1ccc(-c2c(-c3ccc(S(N)(=O)=O)cc3)oc3ccccc23)cc1F,IC50,5.0,nM,=,CHEMBL665719,CHEMBL230,8.30
CHEMBL289262,CS(=O)(=O)Nc1cc2c(cc1Sc1nccs1)C(=O)CC2,IC50,100.0,nM,=,CHEMBL760080,CHEMBL230,7.00
CHEMBL357734,CS(=O)(=O)c1ccc(-c2cc3c(cc2Cc2cc(F)cc(F)c2)OCO3)cc1,Inhibition,90.0,%,=,CHEMBL768141,CHEMBL230,
CHEMBL357734,CS(=O)(=O)c1ccc(-c2cc3c(cc2Cc2cc(F)cc(F)c2)OCO3)cc1,Inhibition,90.0,%,=,CHEMBL765005,CHEMBL230,
CHEMBL357734,CS(=O)(=O)c1ccc(-c2cc3c(cc2Cc2cc(F)cc(F)c2)OCO3)cc1,Inhibition,40.0,%,=,CHEMBL764994,CHEMBL230,
CHEMBL357734,CS(=O)(=O)c1ccc(-c2cc3c(cc2Cc2cc(F)cc(F)c2)OCO3)cc1,Inhibition,15.0,%,=,CHEMBL764990,CHEMBL230,
CHEMBL356433,CS(=O)(=O)c1ccc(-c2ccccc2C=C2CCCCC2)cc1,Inhibition,90.0,%,=,CHEMBL764992,CHEMBL230,
CHEMBL356433,CS(=O)(=O)c1ccc(-c2ccccc2C=C2CCCCC2)cc1,Inhibition,40.0,%,=,CHEMBL764988,CHEMBL230,
CHEMBL76861,COc1ccc(-c2c(-c3ccc(S(N)(=O)=O)cc3)oc3ccccc23)cc1Cl,IC50,20.0,nM,=,CHEMBL665719,CHEMBL230,7.70
CHEMBL37414,Cc1csc(Sc2cc3c(cc2NS(C)(=O)=O)CCC3=O)n1,IC50,380.0,nM,=,CHEMBL768961,CHEMBL230,6.42
CHEMBL37414,Cc1csc(Sc2cc3c(cc2NS(C)(=O)=O)CCC3=O)n1,IC50,30.0,nM,=,CHEMBL772071,CHEMBL230,7.52
CHEMBL359268,CS(=O)(=O)Nc1cc2c(cc1Sc1cccnc1)C(=O)CC2,Inhibition,30.0,%,=,CHEMBL763202,CHEMBL230,
CHEMBL145257,CS(=O)(=O)Nc1cc2c(cc1S(=O)(=O)c1ccc(F)cc1F)C(=O)CC2,IC50,10000.0,nM,>,CHEMBL760080,CHEMBL230,
CHEMBL153220,CS(=O)(=O)c1ccc(-c2cc3c(cc2CC2CCCCCC2)OCO3)cc1,Inhibition,100.0,%,=,CHEMBL768141,CHEMBL230,
CHEMBL153220,CS(=O)(=O)c1ccc(-c2cc3c(cc2CC2CCCCCC2)OCO3)cc1,Inhibition,100.0,%,=,CHEMBL765005,CHEMBL230,
CHEMBL153220,CS(=O)(=O)c1ccc(-c2cc3c(cc2CC2CCCCCC2)OCO3)cc1,Inhibition,80.0,%,=,CHEMBL764993,CHEMBL230,
CHEMBL153220,CS(=O)(=O)c1ccc(-c2cc3c(cc2CC2CCCCCC2)OCO3)cc1,Inhibition,25.0,%,=,CHEMBL764989,CHEMBL230,
CHEMBL356251,CS(=O)(=O)c1ccc(-c2cc3c(cc2C(=O)c2cccc(Cl)c2)OCO3)cc1,Inhibition,100.0,%,=,CHEMBL764993,CHEMBL230,
CHEMBL356251,CS(=O)(=O)c1ccc(-c2cc3c(cc2C(=O)c2cccc(Cl)c2)OCO3)cc1,Inhibition,15.0,%,=,CHEMBL764989,CHEMBL230,
CHEMBL149344,COc1cc(Cc2cc(F)cc(F)c2)c(-c2ccc(S(C)(=O)=O)cc2)cc1OC,Inhibition,15.0,%,=,CHEMBL764991,CHEMBL230,
CHEMBL149344,COc1cc(Cc2cc(F)cc(F)c2)c(-c2ccc(S(C)(=O)=O)cc2)cc1OC,Inhibition,15.0,%,=,CHEMBL764988,CHEMBL230,
CHEMBL143781,CS(=O)(=O)Nc1cc2c(cc1Sc1c(F)cccc1F)C(=O)CC2,IC50,100.0,nM,=,CHEMBL760080,CHEMBL230,7.00
CHEMBL153566,CS(=O)(=O)c1ccc(-c2cc3c(cc2C(=O)c2ccccc2)OCO3)cc1,Inhibition,90.0,%,=,CHEMBL768141,CHEMBL230,
CHEMBL153566,CS(=O)(=O)c1ccc(-c2cc3c(cc2C(=O)c2ccccc2)OCO3)cc1,Inhibition,10.0,%,=,CHEMBL765005,CHEMBL230,
CHEMBL153566,CS(=O)(=O)c1ccc(-c2cc3c(cc2C(=O)c2ccccc2)OCO3)cc1,Inhibition,65.0,%,=,CHEMBL764994,CHEMBL230,
CHEMBL153566,CS(=O)(=O)c1ccc(-c2cc3c(cc2C(=O)c2ccccc2)OCO3)cc1,Inhibition,25.0,%,=,CHEMBL764990,CHEMBL230,
CHEMBL149856,Cc1ccc(C(=O)c2cc3c(cc2-c2ccc(S(C)(=O)=O)cc2)OCO3)cc1,Inhibition,10.0,%,=,CHEMBL764993,CHEMBL230,
CHEMBL149856,Cc1ccc(C(=O)c2cc3c(cc2-c2ccc(S(C)(=O)=O)cc2)OCO3)cc1,Inhibition,0.0,%,=,CHEMBL764989,CHEMBL230,
CHEMBL152973,CN1CCN(C(=O)c2cc3c(cc2-c2ccc(S(C)(=O)=O)cc2)OCO3)CC1,Inhibition,15.0,%,=,CHEMBL768141,CHEMBL230,
CHEMBL152973,CN1CCN(C(=O)c2cc3c(cc2-c2ccc(S(C)(=O)=O)cc2)OCO3)CC1,Inhibition,20.0,%,=,CHEMBL765005,CHEMBL230,
CHEMBL151042,NS(=O)(=O)c1ccc(-c2cc3c(cc2Cc2ccccc2)OCO3)cc1,Inhibition,90.0,%,=,CHEMBL768141,CHEMBL230,
CHEMBL151042,NS(=O)(=O)c1ccc(-c2cc3c(cc2Cc2ccccc2)OCO3)cc1,Inhibition,85.0,%,=,CHEMBL765005,CHEMBL230,
CHEMBL151042,NS(=O)(=O)c1ccc(-c2cc3c(cc2Cc2ccccc2)OCO3)cc1,Inhibition,0.0,%,=,CHEMBL764992,CHEMBL230,
CHEMBL151042,NS(=O)(=O)c1ccc(-c2cc3c(cc2Cc2ccccc2)OCO3)cc1,Inhibition,0.0,%,=,CHEMBL764988,CHEMBL230,
CHEMBL151042,NS(=O)(=O)c1ccc(-c2cc3c(cc2Cc2ccccc2)OCO3)cc1,IC50,50.0,nM,=,CHEMBL766190,CHEMBL230,7.30
CHEMBL151042,NS(=O)(=O)c1ccc(-c2cc3c(cc2Cc2ccccc2)OCO3)cc1,Inhibition,,%,,CHEMBL763857,CHEMBL230,
CHEMBL150646,CS(=O)(=O)c1ccc(-c2ccccc2Cc2cccc(F)c2)cc1,Inhibition,10.0,%,=,CHEMBL764992,CHEMBL230,
CHEMBL150646,CS(=O)(=O)c1ccc(-c2ccccc2Cc2cccc(F)c2)cc1,Inhibition,0.0,%,=,CHEMBL764988,CHEMBL230,
CHEMBL39013,Cc1nc(Sc2cc3c(cc2NS(C)(=O)=O)CCC3=O)sc1C,IC50,1700.0,nM,=,CHEMBL768961,CHEMBL230,5.77
CHEMBL39013,Cc1nc(Sc2cc3c(cc2NS(C)(=O)=O)CCC3=O)sc1C,IC50,1800.0,nM,>,CHEMBL772071,CHEMBL230,
CHEMBL144675,Cc1ccccc1Sc1cc2c(cc1NS(C)(=O)=O)CCC2=O,IC50,100.0,nM,=,CHEMBL760080,CHEMBL230,7.00
CHEMBL357163,CC(C)(C)c1ccc(Sc2cc3c(cc2NS(C)(=O)=O)CCC3=O)cc1,IC50,10000.0,nM,>,CHEMBL760080,CHEMBL230,
CHEMBL358703,CS(=O)(=O)c1ccc(-c2cc3c(cc2C(=O)c2cc(F)cc(F)c2)OCO3)cc1,Inhibition,95.0,%,=,CHEMBL764993,CHEMBL230,
CHEMBL358703,CS(=O)(=O)c1ccc(-c2cc3c(cc2C(=O)c2cc(F)cc(F)c2)OCO3)cc1,Inhibition,50.0,%,=,CHEMBL764989,CHEMBL230,
CHEMBL356441,CCOC(=O)C1CCN(Cc2cc3c(cc2-c2ccc(S(C)(=O)=O)cc2)OCO3)CC1,Inhibition,20.0,%,=,CHEMBL768141,CHEMBL230,
CHEMBL356441,CCOC(=O)C1CCN(Cc2cc3c(cc2-c2ccc(S(C)(=O)=O)cc2)OCO3)CC1,Inhibition,20.0,%,=,CHEMBL765005,CHEMBL230,
CHEMBL76376,CS(=O)(=O)c1ccc(-c2oc3ccccc3c2-c2ccc(F)cc2)cc1,IC50,20.0,nM,=,CHEMBL665719,CHEMBL230,7.70
CHEMBL41405,C=Cc1csc(Sc2cc3c(cc2NS(C)(=O)=O)COC3=O)n1,IC50,310.0,nM,=,CHEMBL768961,CHEMBL230,6.51
CHEMBL41405,C=Cc1csc(Sc2cc3c(cc2NS(C)(=O)=O)COC3=O)n1,IC50,140.0,nM,=,CHEMBL772071,CHEMBL230,6.85
CHEMBL153279,CS(=O)(=O)c1ccc(-c2cc3c(cc2C=C2CCCC2)OCO3)cc1,Inhibition,90.0,%,=,CHEMBL768141,CHEMBL230,
CHEMBL153279,CS(=O)(=O)c1ccc(-c2cc3c(cc2C=C2CCCC2)OCO3)cc1,Inhibition,65.0,%,=,CHEMBL765005,CHEMBL230,
CHEMBL153279,CS(=O)(=O)c1ccc(-c2cc3c(cc2C=C2CCCC2)OCO3)cc1,Inhibition,90.0,%,=,CHEMBL764993,CHEMBL230,
CHEMBL153279,CS(=O)(=O)c1ccc(-c2cc3c(cc2C=C2CCCC2)OCO3)cc1,Inhibition,55.0,%,=,CHEMBL764989,CHEMBL230,
CHEMBL153520,CS(=O)(=O)c1ccc(-c2cc3c(cc2C(=O)C2CCCCC2)OCO3)cc1,Inhibition,85.0,%,=,CHEMBL764993,CHEMBL230,
CHEMBL153520,CS(=O)(=O)c1ccc(-c2cc3c(cc2C(=O)C2CCCCC2)OCO3)cc1,Inhibition,40.0,%,=,CHEMBL764989,CHEMBL230,
CHEMBL153292,CS(=O)(=O)c1ccc(-c2cc3c(cc2Cc2ccccc2F)OCO3)cc1,Inhibition,40.0,%,=,CHEMBL764993,CHEMBL230,
CHEMBL153292,CS(=O)(=O)c1ccc(-c2cc3c(cc2Cc2ccccc2F)OCO3)cc1,Inhibition,5.0,%,=,CHEMBL764989,CHEMBL230,
CHEMBL150396,CS(=O)(=O)c1ccc(-c2cc3c(cc2Cc2cc(F)cc(F)c2)OCCO3)cc1,Inhibition,40.0,%,=,CHEMBL764991,CHEMBL230,
CHEMBL150396,CS(=O)(=O)c1ccc(-c2cc3c(cc2Cc2cc(F)cc(F)c2)OCCO3)cc1,Inhibition,15.0,%,=,CHEMBL764988,CHEMBL230,
CHEMBL77714,NS(=O)(=O)c1ccc(-c2oc3ccccc3c2-c2ccc(F)cc2)cc1,IC50,7.0,nM,=,CHEMBL665719,CHEMBL230,8.15
CHEMBL144100,CS(=O)(=O)Nc1cc2c(cc1Sc1cccs1)C(=O)CC2,IC50,1000.0,nM,=,CHEMBL760080,CHEMBL230,6.00
CHEMBL154984,O=S(=O)(CF)c1ccc(-c2cc3c(cc2Cc2ccccc2)OCO3)cc1,Inhibition,50.0,%,=,CHEMBL768141,CHEMBL230,
CHEMBL154984,O=S(=O)(CF)c1ccc(-c2cc3c(cc2Cc2ccccc2)OCO3)cc1,Inhibition,25.0,%,=,CHEMBL765005,CHEMBL230,
CHEMBL149628,CS(=O)(=O)c1ccc(-c2cc3c(cc2-c2cc(F)cc(F)c2)OCO3)cc1,Inhibition,35.0,%,=,CHEMBL764991,CHEMBL230,
CHEMBL149628,CS(=O)(=O)c1ccc(-c2cc3c(cc2-c2cc(F)cc(F)c2)OCO3)cc1,Inhibition,0.0,%,=,CHEMBL764995,CHEMBL230,
CHEMBL290739,CS(=O)(=O)Nc1cc2c(cc1Sc1ncc(Cl)cc1Cl)C(=O)CC2,IC50,360.0,nM,=,CHEMBL768961,CHEMBL230,6.44
CHEMBL290739,CS(=O)(=O)Nc1cc2c(cc1Sc1ncc(Cl)cc1Cl)C(=O)CC2,IC50,120.0,nM,=,CHEMBL772071,CHEMBL230,6.92
CHEMBL347720,CS(=O)(=O)c1ccc(-c2cc3c(cc2C=C2CCCCC2)OCO3)cc1,Inhibition,90.0,%,=,CHEMBL768141,CHEMBL230,
CHEMBL347720,CS(=O)(=O)c1ccc(-c2cc3c(cc2C=C2CCCCC2)OCO3)cc1,Inhibition,90.0,%,=,CHEMBL765005,CHEMBL230,
CHEMBL347720,CS(=O)(=O)c1ccc(-c2cc3c(cc2C=C2CCCCC2)OCO3)cc1,Inhibition,90.0,%,=,CHEMBL764993,CHEMBL230,
CHEMBL347720,CS(=O)(=O)c1ccc(-c2cc3c(cc2C=C2CCCCC2)OCO3)cc1,Inhibition,40.0,%,=,CHEMBL764989,CHEMBL230,
CHEMBL347720,CS(=O)(=O)c1ccc(-c2cc3c(cc2C=C2CCCCC2)OCO3)cc1,IC50,70.0,nM,=,CHEMBL766191,CHEMBL230,7.16
CHEMBL359339,CS(=O)(=O)c1ccc(-c2ccccc2C(=O)c2cccc(F)c2)cc1,Inhibition,40.0,%,=,CHEMBL874016,CHEMBL230,
CHEMBL359339,CS(=O)(=O)c1ccc(-c2ccccc2C(=O)c2cccc(F)c2)cc1,Inhibition,10.0,%,=,CHEMBL764988,CHEMBL230,
CHEMBL77350,COc1ccc(-c2c(-c3ccc(S(C)(=O)=O)cc3)oc3ccccc23)cc1Cl,IC50,100.0,nM,=,CHEMBL665719,CHEMBL230,7.00
CHEMBL357315,CS(=O)(=O)c1ccc(-c2cc3c(cc2C=C2CCCCCC2)OCO3)cc1,Inhibition,100.0,%,=,CHEMBL768141,CHEMBL230,
CHEMBL357315,CS(=O)(=O)c1ccc(-c2cc3c(cc2C=C2CCCCCC2)OCO3)cc1,Inhibition,100.0,%,=,CHEMBL765005,CHEMBL230,
CHEMBL357315,CS(=O)(=O)c1ccc(-c2cc3c(cc2C=C2CCCCCC2)OCO3)cc1,Inhibition,90.0,%,=,CHEMBL764993,CHEMBL230,
CHEMBL357315,CS(=O)(=O)c1ccc(-c2cc3c(cc2C=C2CCCCCC2)OCO3)cc1,Inhibition,25.0,%,=,CHEMBL764989,CHEMBL230,
CHEMBL357315,CS(=O)(=O)c1ccc(-c2cc3c(cc2C=C2CCCCCC2)OCO3)cc1,IC50,200.0,nM,=,CHEMBL766190,CHEMBL230,6.70
CHEMBL154753,CS(=O)(=O)c1ccc(-c2cc3c(cc2Cc2cccnc2)OCO3)cc1,Inhibition,65.0,%,=,CHEMBL768141,CHEMBL230,
CHEMBL154753,CS(=O)(=O)c1ccc(-c2cc3c(cc2Cc2cccnc2)OCO3)cc1,Inhibition,0.0,%,=,CHEMBL765005,CHEMBL230,
CHEMBL154753,CS(=O)(=O)c1ccc(-c2cc3c(cc2Cc2cccnc2)OCO3)cc1,Inhibition,15.0,%,=,CHEMBL764994,CHEMBL230,
CHEMBL154753,CS(=O)(=O)c1ccc(-c2cc3c(cc2Cc2cccnc2)OCO3)cc1,Inhibition,15.0,%,=,CHEMBL764990,CHEMBL230,
CHEMBL41739,CS(=O)(=O)Nc1cc2c(cc1Sc1ncccc1Cl)C(=O)CC2,IC50,520.0,nM,=,CHEMBL768961,CHEMBL230,6.28
CHEMBL41739,CS(=O)(=O)Nc1cc2c(cc1Sc1ncccc1Cl)C(=O)CC2,IC50,220.0,nM,=,CHEMBL772071,CHEMBL230,6.66
CHEMBL287909,CS(=O)(=O)Nc1cc2c(cc1Sc1nccs1)C(=O)OC2,IC50,610.0,nM,=,CHEMBL768961,CHEMBL230,6.21
CHEMBL287909,CS(=O)(=O)Nc1cc2c(cc1Sc1nccs1)C(=O)OC2,IC50,27.0,nM,=,CHEMBL772071,CHEMBL230,7.57
CHEMBL356997,CC(C)c1ccc(Sc2cc3c(cc2NS(C)(=O)=O)CCC3=O)cc1,IC50,10000.0,nM,>,CHEMBL760080,CHEMBL230,
CHEMBL434457,CS(=O)(=O)c1ccc(-c2cc3c(cc2Cc2ccc(F)cc2)OCO3)cc1,Inhibition,0.0,%,=,CHEMBL768141,CHEMBL230,
CHEMBL434457,CS(=O)(=O)c1ccc(-c2cc3c(cc2Cc2ccc(F)cc2)OCO3)cc1,Inhibition,10.0,%,=,CHEMBL765005,CHEMBL230,
CHEMBL357686,CS(=O)(=O)Nc1cc2c(cc1[S+]([O-])c1ccc(F)cc1F)C(=O)CC2,Inhibition,27.0,%,=,CHEMBL763202,CHEMBL230,
CHEMBL152989,CS(=O)(=O)c1ccc(-c2cc3c(cc2C(O)c2ccccc2)OCO3)cc1,Inhibition,0.0,%,=,CHEMBL768141,CHEMBL230,
CHEMBL152989,CS(=O)(=O)c1ccc(-c2cc3c(cc2C(O)c2ccccc2)OCO3)cc1,Inhibition,0.0,%,=,CHEMBL765005,CHEMBL230,
CHEMBL355941,CS(=O)(=O)c1ccc(-c2cc3c(cc2C(=O)N2CCOCC2)OCO3)cc1,Inhibition,10.0,%,=,CHEMBL768141,CHEMBL230,
CHEMBL355941,CS(=O)(=O)c1ccc(-c2cc3c(cc2C(=O)N2CCOCC2)OCO3)cc1,Inhibition,35.0,%,=,CHEMBL765005,CHEMBL230,
CHEMBL35992,CS(=O)(=O)Nc1cc2c(cc1Sc1ccccn1)C(=O)CC2,IC50,810.0,nM,=,CHEMBL768961,CHEMBL230,6.09
CHEMBL35992,CS(=O)(=O)Nc1cc2c(cc1Sc1ccccn1)C(=O)CC2,IC50,500.0,nM,=,CHEMBL772071,CHEMBL230,6.30
CHEMBL344351,CS(=O)(=O)Nc1cc2c(cc1Sc1ccncc1)C(=O)CC2,IC50,1000.0,nM,=,CHEMBL760080,CHEMBL230,6.00
CHEMBL344959,CS(=O)(=O)Nc1cc2c(cc1OC1CCCCC1)C(=O)CC2,IC50,50.0,nM,=,CHEMBL760080,CHEMBL230,7.30
CHEMBL144013,O=C1CCc2cc(NS(=O)(=O)C(F)(F)F)c(Sc3ccc(F)cc3F)cc21,IC50,40.0,nM,=,CHEMBL760080,CHEMBL230,7.40
CHEMBL144317,O=C1CCc2cc(NC(=O)C(F)(F)F)c(Sc3ccc(F)cc3F)cc21,IC50,10000.0,nM,>,CHEMBL760080,CHEMBL230,
CHEMBL147580,CS(=O)(=O)Nc1cc2c(cc1Oc1ccc(F)cc1F)C(=O)CC2,IC50,21.0,nM,=,CHEMBL760080,CHEMBL230,7.68
CHEMBL154981,Cc1cccc(Cc2cc3c(cc2-c2ccc(S(C)(=O)=O)cc2)OCO3)c1,Inhibition,40.0,%,=,CHEMBL764993,CHEMBL230,
CHEMBL154981,Cc1cccc(Cc2cc3c(cc2-c2ccc(S(C)(=O)=O)cc2)OCO3)c1,Inhibition,10.0,%,=,CHEMBL764989,CHEMBL230,
CHEMBL153649,COc1cccc(Cc2cc3c(cc2-c2ccc(S(C)(=O)=O)cc2)OCO3)c1,Inhibition,10.0,%,=,CHEMBL764993,CHEMBL230,
CHEMBL153649,COc1cccc(Cc2cc3c(cc2-c2ccc(S(C)(=O)=O)cc2)OCO3)c1,Inhibition,0.0,%,=,CHEMBL764989,CHEMBL230,
CHEMBL154932,Cc1ccc(F)c(Cc2cc3c(cc2-c2ccc(S(C)(=O)=O)cc2)OCO3)c1,Inhibition,50.0,%,=,CHEMBL764993,CHEMBL230,
CHEMBL154932,Cc1ccc(F)c(Cc2cc3c(cc2-c2ccc(S(C)(=O)=O)cc2)OCO3)c1,Inhibition,25.0,%,=,CHEMBL764989,CHEMBL230,
CHEMBL414495,CS(=O)(=O)c1ccc(-c2cc3c(cc2CCCc2ccccc2)OCO3)cc1,Inhibition,0.0,%,=,CHEMBL768141,CHEMBL230,
CHEMBL414495,CS(=O)(=O)c1ccc(-c2cc3c(cc2CCCc2ccccc2)OCO3)cc1,Inhibition,15.0,%,=,CHEMBL765005,CHEMBL230,
CHEMBL414495,CS(=O)(=O)c1ccc(-c2cc3c(cc2CCCc2ccccc2)OCO3)cc1,Inhibition,35.0,%,=,CHEMBL764997,CHEMBL230,
CHEMBL414495,CS(=O)(=O)c1ccc(-c2cc3c(cc2CCCc2ccccc2)OCO3)cc1,Inhibition,15.0,%,=,CHEMBL764996,CHEMBL230,
CHEMBL43402,Cc1cnc(Sc2cc3c(cc2NS(C)(=O)=O)CCC3=O)s1,IC50,1500.0,nM,=,CHEMBL768961,CHEMBL230,5.82
CHEMBL43402,Cc1cnc(Sc2cc3c(cc2NS(C)(=O)=O)CCC3=O)s1,IC50,870.0,nM,=,CHEMBL772071,CHEMBL230,6.06
CHEMBL153768,COc1cccc(C(=O)c2cc3c(cc2-c2ccc(S(C)(=O)=O)cc2)OCO3)c1,Inhibition,75.0,%,=,CHEMBL764993,CHEMBL230,
CHEMBL153768,COc1cccc(C(=O)c2cc3c(cc2-c2ccc(S(C)(=O)=O)cc2)OCO3)c1,Inhibition,10.0,%,=,CHEMBL764989,CHEMBL230,
CHEMBL347057,CCOC(=O)C1CCCN(Cc2cc3c(cc2-c2ccc(S(C)(=O)=O)cc2)OCO3)C1,Inhibition,40.0,%,=,CHEMBL768141,CHEMBL230,
CHEMBL347057,CCOC(=O)C1CCCN(Cc2cc3c(cc2-c2ccc(S(C)(=O)=O)cc2)OCO3)C1,Inhibition,40.0,%,=,CHEMBL765005,CHEMBL230,
CHEMBL148153,CS(=O)(=O)Nc1cc2c(cc1Sc1ccc(Cl)cc1Cl)C(=O)CC2,IC50,10.0,nM,=,CHEMBL760080,CHEMBL230,8.00
CHEMBL357382,CS(=O)(=O)Nc1cc2c(cc1Sc1ccsc1)C(=O)CC2,Inhibition,46.0,%,=,CHEMBL763202,CHEMBL230,
CHEMBL343889,CC(=O)Nc1cc2c(cc1Sc1ccc(F)cc1F)C(=O)CC2,IC50,10000.0,nM,>,CHEMBL760080,CHEMBL230,
CHEMBL150663,Cc1cccnc1C(=O)c1cc2c(cc1-c1ccc(S(C)(=O)=O)cc1)OCO2,Inhibition,10.0,%,=,CHEMBL768141,CHEMBL230,
CHEMBL150663,Cc1cccnc1C(=O)c1cc2c(cc1-c1ccc(S(C)(=O)=O)cc1)OCO2,Inhibition,0.0,%,=,CHEMBL765005,CHEMBL230,
CHEMBL80405,NS(=O)(=O)c1ccc(C2=C(c3ccc(F)cc3)c3ccccc3C2)cc1,IC50,5.0,nM,=,CHEMBL665719,CHEMBL230,8.30
CHEMBL356940,CS(=O)(=O)Nc1cc2c(cc1Sc1ccc(F)cc1)C(=O)CC2,IC50,1000.0,nM,=,CHEMBL760080,CHEMBL230,6.00
CHEMBL144787,CS(=O)(=O)Nc1cc2c(cc1SC1CCCCC1)C(=O)CC2,IC50,50.0,nM,=,CHEMBL760080,CHEMBL230,7.30
CHEMBL153688,CS(=O)(=O)c1ccc(-c2cc3c(cc2CN2CCCCC2CO)OCO3)cc1,Inhibition,30.0,%,=,CHEMBL768141,CHEMBL230,
CHEMBL153688,CS(=O)(=O)c1ccc(-c2cc3c(cc2CN2CCCCC2CO)OCO3)cc1,Inhibition,25.0,%,=,CHEMBL765005,CHEMBL230,
CHEMBL100250,CS(=O)(=O)c1ccc(-c2ccsc2-c2ccccc2)cc1,IC50,4000.0,nM,=,CHEMBL760084,CHEMBL230,5.40
CHEMBL13878,C#CCCCC(=O)c1cc(C(C)(C)C)c(O)c(C(C)(C)C)c1,IC50,100.0,nM,=,CHEMBL765812,CHEMBL230,7.00
CHEMBL13920,C#CCCCC(=O)c1cc(C(C)(C)C)c2c(c1)C(C)(C)CO2,IC50,15.0,nM,=,CHEMBL765812,CHEMBL230,7.82
CHEMBL95246,COc1ccc(-c2sccc2-c2ccc(S(C)(=O)=O)cc2)cc1,IC50,5000.0,nM,=,CHEMBL760084,CHEMBL230,5.30
CHEMBL98492,CSc1ccc(-c2cscc2-c2ccc(SC)cc2)cc1,IC50,101000.0,nM,=,CHEMBL760084,CHEMBL230,
CHEMBL101503,CS(=O)(=O)c1ccc(-c2ccccc2-c2ccccc2)cc1,IC50,11000.0,nM,=,CHEMBL760084,CHEMBL230,4.96
CHEMBL99828,Cc1cc(-c2ccc(S(C)(=O)=O)cc2)c(-c2ccc(F)cc2)s1,IC50,10000.0,nM,=,CHEMBL760084,CHEMBL230,5.00
CHEMBL14735,CC1(C)COc2ccc(C(=O)CCCC3CC3)cc21,IC50,8000.0,nM,=,CHEMBL765812,CHEMBL230,5.10
CHEMBL42485,CS(=O)(=O)c1ccc(-c2cc(Br)sc2-c2ccc(F)cc2)cc1,IC50,7000.0,nM,=,CHEMBL760084,CHEMBL230,
CHEMBL100156,CS(=O)(=O)c1ccc(-c2cscc2-c2ccccc2)cc1,IC50,4000.0,nM,=,CHEMBL760084,CHEMBL230,5.40
CHEMBL15039,CCCCC(=O)c1cc(C(C)(C)C)c2c(c1)C(C)(C)CCN2C,IC50,300.0,nM,=,CHEMBL765812,CHEMBL230,6.52
CHEMBL274893,CS(=O)(=O)c1ccc(C2=C(c3ccc(F)cc3)CCC2)cc1,IC50,300.0,nM,<,CHEMBL765812,CHEMBL230,
CHEMBL553088,CS(=O)(=O)c1ccc(-c2cc(N)sc2-c2ccc(F)cc2)cc1.Cl,IC50,3000.0,nM,=,CHEMBL760084,CHEMBL230,5.52
CHEMBL98489,CSc1ccc(-c2cscc2-c2ccc(S(C)(=O)=O)cc2)cc1,IC50,6000.0,nM,=,CHEMBL760084,CHEMBL230,5.22
CHEMBL14767,CCCC(=O)c1cc(C(C)(C)C)c2c(c1)C(C)(C)CS2,IC50,150.0,nM,=,CHEMBL765812,CHEMBL230,6.82
CHEMBL279550,CC1(C)COc2c(C3CCCC3)cc(C(=O)CCCC3CC3)cc21,IC50,20000.0,nM,=,CHEMBL765812,CHEMBL230,4.70
CHEMBL318678,c1ccc(-c2ccsc2-c2ccccc2)cc1,IC50,300000.0,nM,>,CHEMBL760084,CHEMBL230,
CHEMBL98311,CS(=O)(=O)c1ccc(-c2cc(S(C)(=O)=O)sc2-c2ccc(F)cc2)cc1,IC50,200000.0,nM,=,CHEMBL760084,CHEMBL230,
CHEMBL13661,CCCCC(=O)c1cc(C(C)(C)C)c2c(c1)C(C)(C)CO2,IC50,40.0,nM,=,CHEMBL765812,CHEMBL230,7.40
CHEMBL319284,CS(=O)(=O)c1ccc(-c2cc(CCC(=O)O)sc2-c2ccc(F)cc2)cc1,IC50,300000.0,nM,>,CHEMBL760084,CHEMBL230,
CHEMBL279166,CC(C)(C)c1cc(C(=O)CCCC2CC2)cc2c1OCC2,IC50,15000.0,nM,=,CHEMBL765812,CHEMBL230,4.82
CHEMBL316786,CS(=O)(=O)c1ccc(-c2cc(Sc3ccccc3)sc2-c2ccc(F)cc2)cc1,IC50,66000.0,nM,=,CHEMBL760084,CHEMBL230,4.18
CHEMBL99517,Cc1ccc(-c2sccc2-c2ccc(S(C)(=O)=O)cc2)cc1,IC50,13000.0,nM,=,CHEMBL760084,CHEMBL230,4.89
CHEMBL319306,CS(=O)(=O)c1ccc(-c2cscc2-c2ccc(F)cc2)cc1,IC50,8000.0,nM,=,CHEMBL760084,CHEMBL230,5.10
CHEMBL305060,CS(=O)(=O)c1ccc(-c2ccsc2-c2ccc(F)cc2)cc1,IC50,8000.0,nM,=,CHEMBL760084,CHEMBL230,5.10
CHEMBL13623,CC(C)(C)c1cc(C(=O)CCCC2CC2)cc2c1OCC2(C)C,IC50,220.0,nM,=,CHEMBL765812,CHEMBL230,6.66
CHEMBL98903,COc1ccc(-c2cscc2-c2ccc(S(C)(=O)=O)cc2)cc1,IC50,5000.0,nM,=,CHEMBL760084,CHEMBL230,5.30
CHEMBL317517,CS(=O)(=O)c1ccc(-c2c(-c3ccccc3)sc3c2CCCC3)cc1,IC50,19000.0,nM,=,CHEMBL760084,CHEMBL230,4.72
CHEMBL15058,CC(C)(C)c1cc(C(=O)CCCC2CC2)cc2c1OCCC2(C)C,IC50,3000.0,nM,=,CHEMBL765812,CHEMBL230,5.52
CHEMBL13980,CCCC(=O)c1cc(C(C)(C)C)c2c(c1)C(C)(C)CO2,IC50,95.0,nM,=,CHEMBL765812,CHEMBL230,7.02
CHEMBL99727,CCOC(=O)CCc1cc(-c2ccc(S(C)(=O)=O)cc2)c(-c2ccc(F)cc2)s1,IC50,130000.0,nM,=,CHEMBL760084,CHEMBL230,
CHEMBL317606,CS(=O)(=O)c1ccc(-c2cc([N+](=O)[O-])sc2-c2ccc(F)cc2)cc1,IC50,14000.0,nM,=,CHEMBL760084,CHEMBL230,4.85
CHEMBL276800,CCCCC(=O)c1cc(C(C)(C)C)c2c(c1)C(C)(C)CCS2,IC50,400.0,nM,=,CHEMBL765812,CHEMBL230,6.40
CHEMBL99374,Cc1ccc(-c2cscc2-c2ccc(S(C)(=O)=O)cc2)cc1,IC50,4000.0,nM,=,CHEMBL760084,CHEMBL230,5.40
CHEMBL101459,CS(=O)(=O)c1ccc(-c2cc(CC#N)sc2-c2ccc(F)cc2)cc1,IC50,49000.0,nM,=,CHEMBL760084,CHEMBL230,4.31
CHEMBL320006,CCOC(=O)/C=C/c1cc(-c2ccc(S(C)(=O)=O)cc2)c(-c2ccc(F)cc2)s1,IC50,300000.0,nM,>,CHEMBL760084,CHEMBL230,
CHEMBL99167,CS(=O)(=O)c1ccc(-c2ccsc2-c2ccc(O)cc2)cc1,IC50,86000.0,nM,=,CHEMBL760084,CHEMBL230,4.07
CHEMBL319099,CS(=O)(=O)c1ccc(-c2cscc2-c2ccc(S(C)(=O)=O)cc2)cc1,IC50,300000.0,nM,>,CHEMBL760084,CHEMBL230,
CHEMBL15014,CCC1(C)COc2ccc(C(=O)CCCC3CC3)cc21,IC50,5000.0,nM,=,CHEMBL765812,CHEMBL230,5.30
CHEMBL521,CC(C)Cc1ccc(C(C)C(=O)O)cc1,IC50,30000.0,nM,=,CHEMBL765812,CHEMBL230,4.52
CHEMBL71372,Cc1oc(=O)n(-c2ccc(F)cc2)c1-c1ccc(S(N)(=O)=O)cc1,IC50,510.5,nM,=,CHEMBL873458,CHEMBL230,6.29
CHEMBL306716,CCc1ccc(-n2c(-c3ccc(S(C)(=O)=O)cc3)coc2=O)cc1,IC50,690.24,nM,=,CHEMBL873458,CHEMBL230,6.16
CHEMBL307766,CS(=O)(=O)c1ccc(-c2coc(=O)n2-c2ccc(F)cc2F)cc1,IC50,1348.96,nM,=,CHEMBL873458,CHEMBL230,5.87
CHEMBL307197,NS(=O)(=O)c1ccc(-c2coc(=O)n2-c2cccc(Cl)c2)cc1,IC50,1499.68,nM,=,CHEMBL873458,CHEMBL230,5.82
CHEMBL306232,Cc1ccc(-n2c(-c3ccc(S(C)(=O)=O)cc3)coc2=O)cc1,IC50,479.73,nM,=,CHEMBL873458,CHEMBL230,6.32
CHEMBL70588,Cc1ccc(-n2c(-c3ccc(S(N)(=O)=O)cc3)coc2=O)cc1,IC50,790.68,nM,=,CHEMBL873458,CHEMBL230,6.10
CHEMBL432335,NS(=O)(=O)c1ccc(-c2coc(=O)n2C2CCCCC2)cc1,IC50,18879.91,nM,=,CHEMBL873458,CHEMBL230,4.72
CHEMBL419268,Cc1oc(=O)n(-c2ccc(Cl)c(Cl)c2)c1-c1ccc(S(N)(=O)=O)cc1,IC50,230.14,nM,=,CHEMBL873458,CHEMBL230,6.64
CHEMBL69557,NS(=O)(=O)c1ccc(-c2coc(=O)n2-c2ccc(F)cc2F)cc1,IC50,2301.44,nM,=,CHEMBL873458,CHEMBL230,5.64
CHEMBL69261,Cc1ccccc1-n1c(-c2ccc(S(N)(=O)=O)cc2)coc1=O,IC50,9705.1,nM,=,CHEMBL873458,CHEMBL230,5.01
CHEMBL71455,CCc1ccc(-n2c(-c3ccc(S(N)(=O)=O)cc3)coc2=O)cc1,IC50,1559.55,nM,=,CHEMBL873458,CHEMBL230,5.81
CHEMBL304810,NS(=O)(=O)c1ccc(-c2coc(=O)n2-c2ccc(C(F)(F)F)cc2)cc1,IC50,1999.86,nM,=,CHEMBL873458,CHEMBL230,5.70
CHEMBL303728,COc1ccc(-n2c(-c3ccc(S(N)(=O)=O)cc3)coc2=O)cc1F,IC50,1129.8,nM,=,CHEMBL873458,CHEMBL230,5.95
CHEMBL69667,CS(=O)(=O)c1ccc(-c2coc(=O)n2-c2ccc(Cl)cc2)cc1,IC50,319.89,nM,=,CHEMBL873458,CHEMBL230,6.50
CHEMBL70158,CS(=O)(=O)c1ccc(-c2coc(=O)n2-c2ccccc2F)cc1,IC50,660.69,nM,=,CHEMBL873458,CHEMBL230,6.18
CHEMBL70921,NS(=O)(=O)c1ccc(-c2coc(=O)n2-c2ccc(F)cc2)cc1,IC50,1499.68,nM,=,CHEMBL873458,CHEMBL230,5.82
CHEMBL71052,NS(=O)(=O)c1ccc(-c2coc(=O)n2-c2ccccc2)cc1,IC50,2398.83,nM,=,CHEMBL873458,CHEMBL230,5.62
CHEMBL72294,Cc1ccc(-n2c(-c3ccc(S(N)(=O)=O)cc3)c(C)oc2=O)cc1,IC50,1698.24,nM,=,CHEMBL873458,CHEMBL230,5.77
CHEMBL71022,CS(=O)(=O)c1ccc(-c2coc(=O)n2-c2ccccc2)cc1,IC50,1599.56,nM,=,CHEMBL873458,CHEMBL230,5.80
CHEMBL303023,Cc1cccc(-n2c(-c3ccc(S(N)(=O)=O)cc3)c(C)oc2=O)c1,IC50,928.97,nM,=,CHEMBL873458,CHEMBL230,6.03
CHEMBL70858,NS(=O)(=O)c1ccc(-c2coc(=O)n2-c2ccc(Cl)cc2)cc1,IC50,1199.5,nM,=,CHEMBL873458,CHEMBL230,5.92
CHEMBL430783,NS(=O)(=O)c1ccc(-c2coc(=O)n2-c2ccccc2F)cc1,IC50,2197.86,nM,=,CHEMBL873458,CHEMBL230,5.66
CHEMBL307233,CS(=O)(=O)c1ccc(-c2coc(=O)n2-c2ccc(C(F)(F)F)cc2)cc1,IC50,1999.86,nM,=,CHEMBL873458,CHEMBL230,5.70
CHEMBL72859,Cc1oc(=O)n(-c2ccccc2)c1-c1ccc(S(N)(=O)=O)cc1,IC50,1798.87,nM,=,CHEMBL873458,CHEMBL230,5.75
CHEMBL72515,COc1ccc(-n2c(-c3ccc(S(N)(=O)=O)cc3)coc2=O)cc1Cl,IC50,779.83,nM,=,CHEMBL873458,CHEMBL230,6.11
CHEMBL304054,Cc1cccc(-n2c(-c3ccc(S(N)(=O)=O)cc3)coc2=O)c1,IC50,510.5,nM,=,CHEMBL873458,CHEMBL230,6.29
CHEMBL304560,NS(=O)(=O)c1ccc(-c2coc(=O)n2-c2ccc(Cl)c(Cl)c2)cc1,IC50,399.94,nM,=,CHEMBL873458,CHEMBL230,6.40
CHEMBL302771,CS(=O)(=O)c1ccc(-c2coc(=O)n2-c2ccc(F)cc2)cc1,IC50,510.5,nM,=,CHEMBL873458,CHEMBL230,6.29
CHEMBL70478,COc1ccc(-n2c(-c3ccc(S(N)(=O)=O)cc3)coc2=O)cc1,IC50,209.89,nM,=,CHEMBL873458,CHEMBL230,6.68
CHEMBL71010,NS(=O)(=O)c1ccc(-c2coc(=O)n2-c2ccccc2Cl)cc1,IC50,6501.3,nM,=,CHEMBL873458,CHEMBL230,5.19
CHEMBL305505,NS(=O)(=O)c1ccc(-c2coc(=O)n2-c2cccc3ccccc23)cc1,IC50,4698.94,nM,=,CHEMBL873458,CHEMBL230,5.33
CHEMBL343912,NS(=O)(=O)c1ccc(-n2nc(C(F)(F)F)cc2-c2ccccc2Cl)cc1CO,IC50,6300.0,nM,=,CHEMBL768964,CHEMBL230,5.20
CHEMBL42485,CS(=O)(=O)c1ccc(-c2cc(Br)sc2-c2ccc(F)cc2)cc1,ED50,0.18,mg.kg-1,=,CHEMBL760079,CHEMBL230,
CHEMBL7162,CS(=O)(=O)Nc1ccc([N+](=O)[O-])cc1OC1CCCCC1,IC50,10.0,nM,=,CHEMBL769653,CHEMBL230,8.00
CHEMBL7162,CS(=O)(=O)Nc1ccc([N+](=O)[O-])cc1OC1CCCCC1,ED50,4.7,mg.kg-1,=,CHEMBL760079,CHEMBL230,
CHEMBL357002,CSc1ccc(-c2cc(C(F)(F)F)nn2-c2ccc(S(N)(=O)=O)c(CO)c2)cc1,IC50,235.0,nM,=,CHEMBL768964,CHEMBL230,6.63
CHEMBL303688,NS(=O)(=O)c1ccc(-c2ccsc2-c2ccc(F)cc2)cc1,IC50,30.0,nM,=,CHEMBL875404,CHEMBL230,7.52
CHEMBL359269,NS(=O)(=O)c1ccc(-n2nc(C(F)(F)F)cc2-c2cccc(Cl)c2)cc1CO,IC50,1950.0,nM,=,CHEMBL768964,CHEMBL230,5.71
CHEMBL292948,CNS(=O)(=O)c1ccc(-c2ccsc2-c2ccc(F)cc2)cc1,IC50,7200.0,nM,=,CHEMBL875404,CHEMBL230,5.14
CHEMBL280226,CSC1=NC(=O)/C(=C/c2cc(C(C)(C)C)c(O)c(C(C)(C)C)c2)S1,IC50,1800.0,nM,=,CHEMBL655562,CHEMBL230,5.75
CHEMBL303036,COC(=O)c1ccc(-c2ccsc2-c2ccc(F)cc2)cc1,IC50,30000.0,nM,>,CHEMBL875404,CHEMBL230,
CHEMBL302543,O=C(O)Cc1ccc(-c2ccsc2-c2ccc(F)cc2)cc1,IC50,30000.0,nM,>,CHEMBL875404,CHEMBL230,
CHEMBL321182,Cc1cc(F)ccc1C1=C(c2ccc(S(C)(=O)=O)cc2)CCC1,IC50,75.0,nM,=,CHEMBL769653,CHEMBL230,7.12
CHEMBL865,Cc1onc(-c2ccccc2)c1-c1ccc(S(N)(=O)=O)cc1,IC50,5.0,nM,=,CHEMBL762907,CHEMBL230,8.30
CHEMBL277515,C=CCONC1=NC(=O)/C(=C/c2cc(C(C)(C)C)c(O)c(C(C)(C)C)c2)O1,IC50,26000.0,nM,=,CHEMBL655562,CHEMBL230,4.58
CHEMBL63706,CC(=O)NS(=O)(=O)c1ccc(-c2ccsc2-c2ccc(F)cc2)cc1,IC50,5400.0,nM,=,CHEMBL875404,CHEMBL230,5.27
CHEMBL308682,CC(C)(O)c1cc(-c2ccc(S(N)(=O)=O)cc2)c(-c2ccc(F)cc2)s1,IC50,410.0,nM,=,CHEMBL875404,CHEMBL230,6.39
CHEMBL108975,CS(=O)(=O)c1ccc(C2=C(c3ccc(Cl)cc3Cl)CCC2)cc1,IC50,53.0,nM,=,CHEMBL769653,CHEMBL230,7.28
CHEMBL111039,CSc1ccc(C2=C(c3ccc(S(C)(=O)=O)cc3)CCC2)cc1,IC50,221.0,nM,=,CHEMBL769653,CHEMBL230,6.66
CHEMBL320784,CC1(C)CC(c2ccc(Cl)cc2)=C(c2ccc(S(C)(=O)=O)cc2)C1,IC50,7.0,nM,=,CHEMBL769653,CHEMBL230,8.15
CHEMBL149781,CC(=O)NCc1cc(-n2nc(C(F)(F)F)cc2-c2ccc(C)cc2)ccc1S(N)(=O)=O,IC50,6850.0,nM,=,CHEMBL768964,CHEMBL230,5.16
CHEMBL148428,NS(=O)(=O)c1ccc(-n2nc(C(F)(F)F)cc2-c2ccc(Cl)cc2)cc1CO,IC50,712.0,nM,=,CHEMBL768964,CHEMBL230,6.15
CHEMBL342770,Cc1cccc(-c2cc(C(F)(F)F)nn2-c2ccc(S(N)(=O)=O)c(CO)c2)c1,IC50,728.0,nM,=,CHEMBL768964,CHEMBL230,6.14
CHEMBL69053,C[Se](=O)(=O)c1ccc(-c2ccsc2-c2ccc(F)cc2)cc1,IC50,550.0,nM,=,CHEMBL875404,CHEMBL230,6.26
CHEMBL66630,NC(=O)c1ccc(-c2ccsc2-c2ccc(F)cc2)cc1,IC50,30000.0,nM,>,CHEMBL875404,CHEMBL230,
CHEMBL322045,CS(=O)(=O)c1ccc(C2=C(c3ccc(F)cc3)CC(CF)(CF)C2)cc1,IC50,51.0,nM,=,CHEMBL769653,CHEMBL230,7.29
CHEMBL148691,CCSc1ccc(-c2cc(C(F)(F)F)nn2-c2ccc(S(N)(=O)=O)c(CO)c2)cc1,IC50,51200.0,nM,=,CHEMBL768964,CHEMBL230,4.29
CHEMBL294050,N#Cc1ccc(-c2ccsc2-c2ccc(F)cc2)cc1,IC50,30000.0,nM,>,CHEMBL875404,CHEMBL230,
CHEMBL89578,CC1(C)CC(c2ccc(F)cc2)=C(c2ccc(S(C)(=O)=O)cc2)C1,IC50,15.0,nM,=,CHEMBL769653,CHEMBL230,7.82
CHEMBL129215,CCC1(CC)CC(c2ccc(F)cc2)=C(c2ccc(S(C)(=O)=O)cc2)C1,IC50,65000.0,nM,=,CHEMBL769653,CHEMBL230,4.19
CHEMBL146465,CC(=O)NCc1cc(-n2nc(C(F)(F)F)cc2-c2ccc(Cl)cc2)ccc1S(N)(=O)=O,IC50,5000.0,nM,=,CHEMBL768964,CHEMBL230,5.30
CHEMBL118,Cc1ccc(-c2cc(C(F)(F)F)nn2-c2ccc(S(N)(=O)=O)cc2)cc1,IC50,36.0,nM,=,CHEMBL768964,CHEMBL230,7.44
CHEMBL63286,CSc1ccc(-c2ccsc2-c2ccc(F)cc2)cc1,IC50,30000.0,nM,>,CHEMBL875404,CHEMBL230,
CHEMBL65155,CS(=O)(=O)c1ccc(-c2sc(Br)cc2-c2ccc(F)cc2)cc1,IC50,20.0,nM,=,CHEMBL875404,CHEMBL230,7.70
CHEMBL118,Cc1ccc(-c2cc(C(F)(F)F)nn2-c2ccc(S(N)(=O)=O)cc2)cc1,IC50,40.0,nM,=,CHEMBL762907,CHEMBL230,7.40
CHEMBL6,COc1ccc2c(c1)c(CC(=O)O)c(C)n2C(=O)c1ccc(Cl)cc1,IC50,5800.0,nM,=,CHEMBL655562,CHEMBL230,5.24
CHEMBL417204,CC(C)c1cc(-c2ccc(S(N)(=O)=O)cc2)c(-c2ccc(F)cc2)s1,IC50,10.0,nM,=,CHEMBL875404,CHEMBL230,8.00
CHEMBL302663,O=C(O)c1ccc(-c2ccsc2-c2ccc(F)cc2)cc1,IC50,30000.0,nM,>,CHEMBL875404,CHEMBL230,
CHEMBL15781,CC(C)(C)c1cc(/C=C2\OC(N=C(N)N)=NC2=O)cc(C(C)(C)C)c1O,IC50,5100.0,nM,=,CHEMBL655562,CHEMBL230,5.29
CHEMBL15945,CC(C)(C)c1cc(/C=C2\NC(=S)NC2=O)cc(C(C)(C)C)c1O,IC50,260.0,nM,=,CHEMBL655562,CHEMBL230,6.58
CHEMBL48568,CC(C)(C)c1cc(/C=C2\OC(=O)NC2=O)cc(C(C)(C)C)c1O,IC50,34000.0,nM,=,CHEMBL655562,CHEMBL230,4.47
CHEMBL865,Cc1onc(-c2ccccc2)c1-c1ccc(S(N)(=O)=O)cc1,IC50,5.0,nM,=,CHEMBL760089,CHEMBL230,8.30
CHEMBL302687,CC(C)(O)c1ccc(-c2sccc2-c2ccc(S(N)(=O)=O)cc2)cc1,IC50,30000.0,nM,>,CHEMBL875404,CHEMBL230,
CHEMBL16550,CSC1=NC(=O)/C(=C/c2cc(C(C)(C)C)c(O)c(C(C)(C)C)c2)O1,IC50,,nM,,CHEMBL655564,CHEMBL230,
CHEMBL146208,CSc1ccc(-c2cc(C(F)(F)F)nn2-c2ccc(S(N)(=O)=O)c(C(C)O)c2)cc1,Inhibition,50.0,%,=,CHEMBL763163,CHEMBL230,
CHEMBL2112872,CCC(=O)OCc1cc(-n2nc(C(F)(F)F)cc2-c2ccc(C)cc2)ccc1S(N)(=O)=O,IC50,570.0,nM,=,CHEMBL768964,CHEMBL230,6.24
CHEMBL108201,COc1ccc(C2=C(c3ccc(S(C)(=O)=O)cc3)CCC2)cc1,IC50,5.0,nM,=,CHEMBL769653,CHEMBL230,8.30
CHEMBL1147,NS(=O)(=O)c1ccc(-c2c(-c3ccccc3)noc2CO)cc1,IC50,180.0,nM,=,CHEMBL762907,CHEMBL230,6.75
CHEMBL16272,CCONC1=NC(=O)/C(=C/c2cc(C(C)(C)C)c(O)c(C(C)(C)C)c2)S1,IC50,3200.0,nM,=,CHEMBL655562,CHEMBL230,5.50
CHEMBL16127,C=CCONC1=NC(=O)/C(=C/c2cc(C(C)(C)C)c(O)c(C(C)(C)C)c2)S1,IC50,2700.0,nM,=,CHEMBL655562,CHEMBL230,5.57
CHEMBL16048,CC(C)(C)c1cc(/C=C2\SC(NC#N)=NC2=O)cc(C(C)(C)C)c1O,IC50,55000.0,nM,=,CHEMBL655562,CHEMBL230,4.26
CHEMBL109486,COCc1ccc(C2=C(c3ccc(S(C)(=O)=O)cc3)CCC2)cc1,IC50,6600.0,nM,=,CHEMBL769653,CHEMBL230,5.18
CHEMBL344540,COc1ccc(-c2cc(C(F)(F)F)nn2-c2ccc(S(N)(=O)=O)c(CNC(C)=O)c2)cc1,IC50,2800.0,nM,=,CHEMBL768964,CHEMBL230,5.55
CHEMBL148568,CCc1ccc(-c2cc(C(F)(F)F)nn2-c2ccc(S(N)(=O)=O)c(CO)c2)cc1,IC50,1380.0,nM,=,CHEMBL768964,CHEMBL230,5.86
CHEMBL305060,CS(=O)(=O)c1ccc(-c2ccsc2-c2ccc(F)cc2)cc1,IC50,250.0,nM,=,CHEMBL875404,CHEMBL230,6.60
CHEMBL147665,CCOC(=O)OCc1cc(-n2nc(C(F)(F)F)cc2-c2ccc(C)cc2)ccc1S(C)(=O)=O,Inhibition,0.0,%,=,CHEMBL763164,CHEMBL230,
CHEMBL342753,Cc1ccc(-c2cc(C(F)(F)F)nn2-c2ccc3c(c2)CCS3(=O)=O)cc1,Inhibition,10.0,%,=,CHEMBL763163,CHEMBL230,
CHEMBL303870,COC(=O)c1cc(-c2ccc(S(N)(=O)=O)cc2)c(-c2ccc(F)cc2)s1,IC50,70.0,nM,=,CHEMBL875404,CHEMBL230,7.16
CHEMBL293229,OCc1ccc(-c2ccsc2-c2ccc(F)cc2)cc1,IC50,30000.0,nM,>,CHEMBL875404,CHEMBL230,
CHEMBL276506,CONC1=NC(=O)/C(=C/c2cc(C(C)C)c(O)c(C(C)C)c2)S1,IC50,570.0,nM,=,CHEMBL655562,CHEMBL230,6.24
CHEMBL277124,CONC1=NC(=O)/C(=C/c2cc(C(C)(C)C)c(O)c(C(C)(C)C)c2)O1,IC50,20000.0,nM,<,CHEMBL877677,CHEMBL230,
CHEMBL7162,CS(=O)(=O)Nc1ccc([N+](=O)[O-])cc1OC1CCCCC1,IC50,190.0,nM,=,CHEMBL655562,CHEMBL230,6.72
CHEMBL274893,CS(=O)(=O)c1ccc(C2=C(c3ccc(F)cc3)CCC2)cc1,IC50,26.0,nM,=,CHEMBL769653,CHEMBL230,7.58
CHEMBL274893,CS(=O)(=O)c1ccc(C2=C(c3ccc(F)cc3)CCC2)cc1,ED50,1.7,mg.kg-1,=,CHEMBL760079,CHEMBL230,
CHEMBL109030,CS(=O)(=O)c1ccc(C2=C(c3ccc(C(F)(F)F)cc3)CCC2)cc1,IC50,865.0,nM,=,CHEMBL769653,CHEMBL230,6.06
CHEMBL16251,CC(C)c1cc(/C=C2\SC(N=C(N)N)=NC2=O)cc(C(C)C)c1O,IC50,1800.0,nM,=,CHEMBL655562,CHEMBL230,5.75
CHEMBL274990,CS(=O)(=O)c1ccc(-n2nc(C(F)(F)F)cc2-c2ccc(F)cc2)cc1,IC50,310.0,nM,=,CHEMBL655562,CHEMBL230,6.51
CHEMBL148100,COc1ccc(-c2cc(C(F)(F)F)nn2-c2ccc(S(N)(=O)=O)c(CO)c2)cc1,IC50,365.0,nM,=,CHEMBL768964,CHEMBL230,6.44
CHEMBL111045,CS(=O)(=O)c1ccc(C2=C(c3ccc(F)cc3)CC(C(F)(F)F)(C(F)(F)F)C2)cc1,IC50,67.0,nM,=,CHEMBL769653,CHEMBL230,7.17
CHEMBL865,Cc1onc(-c2ccccc2)c1-c1ccc(S(N)(=O)=O)cc1,IC50,5.0,nM,=,CHEMBL762907,CHEMBL230,8.30
CHEMBL149250,NS(=O)(=O)c1ccc(-n2nc(C(F)(F)F)cc2-c2ccc(O)cc2)cc1CO,Inhibition,19.0,%,=,CHEMBL763164,CHEMBL230,
CHEMBL127674,Cc1ccc(C2=C(c3ccc(S(C)(=O)=O)cc3)CCC2)cc1,IC50,3.0,nM,=,CHEMBL769653,CHEMBL230,8.52
CHEMBL118,Cc1ccc(-c2cc(C(F)(F)F)nn2-c2ccc(S(N)(=O)=O)cc2)cc1,IC50,40.0,nM,=,CHEMBL762907,CHEMBL230,7.40
CHEMBL49008,CC(C)(C)c1cc(/C=C2\SC(=O)NC2=O)cc(C(C)(C)C)c1O,IC50,4700.0,nM,=,CHEMBL655562,CHEMBL230,5.33
CHEMBL416687,CCS(=O)(=O)c1ccc(-c2ccsc2-c2ccc(F)cc2)cc1,IC50,30000.0,nM,>,CHEMBL875404,CHEMBL230,
CHEMBL340573,CS(=O)(=O)c1ccc(C2=C(c3ccc(Cl)cc3)CCC2)cc1,IC50,3.0,nM,=,CHEMBL769653,CHEMBL230,8.52
CHEMBL275835,CC(C)(C)c1cc(/C=C2\SC(=N)NC2=O)cc(C(C)(C)C)c1O,Inhibition,41.0,uM,=,CHEMBL655566,CHEMBL230,
CHEMBL357044,COc1ccccc1-c1cc(C(F)(F)F)nn1-c1ccc(S(N)(=O)=O)c(CO)c1,IC50,28600.0,nM,=,CHEMBL768964,CHEMBL230,4.54
CHEMBL302950,O=Cc1ccc(-c2ccsc2-c2ccc(F)cc2)cc1,IC50,30000.0,nM,>,CHEMBL875404,CHEMBL230,
CHEMBL277721,CC(C)(C)c1cc(/C=C2\SC(NO)=NC2=O)cc(C(C)(C)C)c1O,IC50,1500.0,nM,=,CHEMBL655562,CHEMBL230,5.82
CHEMBL280471,CCONC1=NC(=O)/C(=C/c2cc(C(C)(C)C)c(O)c(C(C)(C)C)c2)O1,IC50,79000.0,nM,=,CHEMBL655562,CHEMBL230,4.10
CHEMBL307983,COC(=O)c1cc(-c2ccc(F)cc2)c(-c2ccc(S(N)(=O)=O)cc2)s1,IC50,30000.0,nM,>,CHEMBL875404,CHEMBL230,
CHEMBL6,COc1ccc2c(c1)c(CC(=O)O)c(C)n2C(=O)c1ccc(Cl)cc1,IC50,1200.0,nM,=,CHEMBL769653,CHEMBL230,5.92
CHEMBL274990,CS(=O)(=O)c1ccc(-n2nc(C(F)(F)F)cc2-c2ccc(F)cc2)cc1,IC50,90.0,nM,=,CHEMBL769653,CHEMBL230,7.05
CHEMBL274990,CS(=O)(=O)c1ccc(-n2nc(C(F)(F)F)cc2-c2ccc(F)cc2)cc1,ED50,0.4,mg.kg-1,=,CHEMBL760079,CHEMBL230,
CHEMBL359411,CSc1ccc(-c2cc(C(F)(F)F)nn2-c2ccc(S(C)(=O)=O)c(CO)c2)cc1,Inhibition,45.0,%,=,CHEMBL763163,CHEMBL230,
CHEMBL147704,NS(=O)(=O)c1ccc(-n2nc(C(F)(F)F)cc2-c2cccc(F)c2)cc1CO,IC50,7050.0,nM,=,CHEMBL768964,CHEMBL230,5.15
CHEMBL303674,CC(C)(O)c1cc(-c2ccc(F)cc2)c(-c2ccc(S(N)(=O)=O)cc2)s1,IC50,1600.0,nM,=,CHEMBL875404,CHEMBL230,5.80
CHEMBL42077,CC(=O)[N-]S(=O)(=O)c1ccc(-c2c(-c3ccccc3)noc2C)cc1.[Na+],IC50,20000.0,nM,=,CHEMBL760089,CHEMBL230,4.70
CHEMBL147808,COc1ccc(-c2cc(C(F)(F)F)nn2-c2ccc3c(c2)CCS3(=O)=O)cc1,Inhibition,36.0,%,=,CHEMBL763163,CHEMBL230,
CHEMBL66445,CS(=O)(=O)c1ccc(-c2sccc2-c2ccc(F)cc2)cc1,IC50,4300.0,nM,=,CHEMBL875404,CHEMBL230,5.37
CHEMBL340458,CS(=O)(=O)c1ccc(C2=C(c3ccccc3)CCC2)cc1,IC50,2250.0,nM,=,CHEMBL769653,CHEMBL230,5.65
CHEMBL278246,C/C(=C1/SC(N=C(N)N)=NC1=O)c1cc(C(C)(C)C)c(O)c(C(C)(C)C)c1,IC50,12000.0,nM,=,CHEMBL655562,CHEMBL230,4.92
CHEMBL295739,CC(C)(C)c1cc(/C=C2\SC(=S)NC2=O)cc(C(C)(C)C)c1O,IC50,1500.0,nM,=,CHEMBL655562,CHEMBL230,5.82
CHEMBL42485,CS(=O)(=O)c1ccc(-c2cc(Br)sc2-c2ccc(F)cc2)cc1,IC50,5.0,nM,=,CHEMBL875404,CHEMBL230,8.30
CHEMBL342992,COc1ccc(-c2cc(C(F)(F)F)nn2-c2ccc(S(C)(=O)=O)c(C=O)c2)cc1,Inhibition,100.0,%,=,CHEMBL763163,CHEMBL230,
CHEMBL342992,COc1ccc(-c2cc(C(F)(F)F)nn2-c2ccc(S(C)(=O)=O)c(C=O)c2)cc1,Inhibition,44.0,%,=,CHEMBL763164,CHEMBL230,
CHEMBL146638,CS(=O)(=O)c1ccc(-c2cc(C(F)(F)F)nn2-c2ccc(S(N)(=O)=O)c(CO)c2)cc1,Inhibition,29.0,%,=,CHEMBL763163,CHEMBL230,
CHEMBL66821,CC(=O)c1ccc(-c2ccsc2-c2ccc(F)cc2)cc1,IC50,30000.0,nM,>,CHEMBL875404,CHEMBL230,
CHEMBL109578,CS(=O)(=O)c1ccc(C2=C(c3ccc(CO)cc3)CCC2)cc1,IC50,3200.0,nM,=,CHEMBL769653,CHEMBL230,5.50
CHEMBL357543,Cc1ccc(-c2cc(C(F)(F)F)nn2-c2ccc(S(N)(=O)=O)c(CO)c2)cc1,IC50,760.0,nM,=,CHEMBL768964,CHEMBL230,6.12
CHEMBL146247,CCOc1ccc(-c2cc(C(F)(F)F)nn2-c2ccc(S(N)(=O)=O)c(CO)c2)cc1,IC50,901.0,nM,=,CHEMBL768964,CHEMBL230,6.04
CHEMBL356980,NS(=O)(=O)c1ccc(-n2nc(C(F)(F)F)cc2-c2ccccc2F)cc1CO,IC50,3300.0,nM,=,CHEMBL768964,CHEMBL230,5.48
CHEMBL338105,CS(=O)(=O)c1ccc(C2=C(c3ccc(C#N)cc3)CCC2)cc1,IC50,77900.0,nM,=,CHEMBL769653,CHEMBL230,4.11
CHEMBL1147,NS(=O)(=O)c1ccc(-c2c(-c3ccccc3)noc2CO)cc1,IC50,180.0,nM,=,CHEMBL762907,CHEMBL230,6.75
CHEMBL146174,COc1ccc(-c2cc(C(F)(F)F)nn2-c2ccc3c(c2)COS3(=O)=O)cc1,Inhibition,36.0,%,=,CHEMBL763163,CHEMBL230,
CHEMBL146458,CC(C)Cc1ccc(-c2cc(C(F)(F)F)nn2-c2ccc(S(N)(=O)=O)c(CO)c2)cc1,Inhibition,14.0,%,=,CHEMBL763163,CHEMBL230,
CHEMBL358372,NS(=O)(=O)c1ccc(-n2nc(C(F)(F)F)cc2-c2ccccc2)cc1CO,IC50,3450.0,nM,=,CHEMBL768964,CHEMBL230,5.46
CHEMBL147607,NS(=O)(=O)c1ccc(-n2nc(C(F)(F)F)cc2-c2ccc(Br)cc2)cc1CO,IC50,592.0,nM,=,CHEMBL768964,CHEMBL230,6.23
CHEMBL67447,NS(=O)(=O)c1ccc(-c2sccc2-c2ccc(F)cc2)cc1,IC50,670.0,nM,=,CHEMBL875404,CHEMBL230,6.17
CHEMBL63283,C[S+]([O-])c1ccc(-c2ccsc2-c2ccc(F)cc2)cc1,IC50,30000.0,nM,>,CHEMBL875404,CHEMBL230,
CHEMBL15791,CONC1=NC(=O)/C(=C/c2cc(C(C)(C)C)c(O)c(C(C)(C)C)c2)S1,IC50,1700.0,nM,=,CHEMBL655562,CHEMBL230,5.77
CHEMBL16434,CC(C)(C)c1cc(/C=C2\SC(N=C(N)N)=NC2=O)cc(C(C)(C)C)c1O,IC50,21000.0,nM,=,CHEMBL655562,CHEMBL230,4.68
CHEMBL358122,COc1ccc(-c2cc(C(F)(F)F)nn2-c2ccc(S(C)(=O)=O)c(CO)c2)cc1,IC50,3200.0,nM,=,CHEMBL768964,CHEMBL230,5.50
CHEMBL343204,COc1ccc(-c2cc(C(F)(F)F)nn2-c2ccc3c(c2)CNS3(=O)=O)cc1,Inhibition,12.0,%,=,CHEMBL763163,CHEMBL230,
CHEMBL356283,NS(=O)(=O)c1ccc(-n2nc(C(F)(F)F)cc2-c2ccc(F)cc2)cc1CO,IC50,1990.0,nM,=,CHEMBL768964,CHEMBL230,5.70
CHEMBL16855,CON(C)C1=NC(=O)/C(=C/c2cc(C(C)(C)C)c(O)c(C(C)(C)C)c2)S1,IC50,18000.0,nM,=,CHEMBL655562,CHEMBL230,4.75
CHEMBL15904,CN1C(NC(=N)N)=NC(=O)/C1=C/c1cc(C(C)(C)C)c(O)c(C(C)(C)C)c1,IC50,81000.0,nM,=,CHEMBL655562,CHEMBL230,4.09
CHEMBL129613,Cc1cc(=O)c(-c2ccc(C(F)(F)F)cc2)c(-c2ccc(S(C)(=O)=O)cc2)o1,IC50,6920.0,nM,=,CHEMBL766724,CHEMBL230,5.16
CHEMBL46761,Cc1cn(-c2ccc(S(C)(=O)=O)cc2)c(-c2ccc(Cl)cc2)n1,IC50,240.0,nM,=,CHEMBL762906,CHEMBL230,6.62
CHEMBL313048,CS(=O)(=O)c1ccc([C@@H](CO)[C@H](C(=O)O)c2ccccc2)cc1,IC50,33000.0,nM,>,CHEMBL660377,CHEMBL230,
CHEMBL127125,Cc1cc(=O)c(Oc2ccccc2)c(-c2ccc(S(C)(=O)=O)cc2)o1,IC50,1000.0,nM,=,CHEMBL766724,CHEMBL230,6.00
CHEMBL296318,C[S+]([O-])c1ccc(-c2nc(C(F)(F)F)cn2-c2ccc(S(C)(=O)=O)cc2)cc1,IC50,100000.0,nM,>,CHEMBL762906,CHEMBL230,
CHEMBL416250,CNc1ccc(-c2nc(C(F)(F)F)cn2-c2ccc(S(C)(=O)=O)cc2)cc1Cl,IC50,660.0,nM,=,CHEMBL762906,CHEMBL230,6.18
CHEMBL42174,CN(C)c1cc(-c2nc(C(F)(F)F)cn2-c2ccc(S(C)(=O)=O)cc2)ccc1Cl,IC50,1040.0,nM,=,CHEMBL762906,CHEMBL230,5.98
CHEMBL291129,CCN(CC)C(=O)c1cn(-c2ccc(S(C)(=O)=O)cc2)c(-c2ccc(Cl)cc2)n1,IC50,100000.0,nM,>,CHEMBL762906,CHEMBL230,
CHEMBL2303696,CS(=O)(=O)c1ccc(C2=C(c3ccccc3)C(=O)OC2O[C@@H]2O[C@@H](C(=O)O)[C@@H](O)[C@H](O)[C@@H]2O)cc1,IC50,33000.0,nM,>,CHEMBL660377,CHEMBL230,
CHEMBL46636,CS(=O)(=O)c1ccc(-n2cc(C(F)F)nc2-c2ccc(Cl)cc2)cc1,IC50,610.0,nM,=,CHEMBL762906,CHEMBL230,6.21
CHEMBL313584,CS(=O)(=O)c1ccc([C@H]2COC(=O)[C@@H]2c2ccccc2)cc1,IC50,30000.0,nM,>,CHEMBL660377,CHEMBL230,
CHEMBL340101,Cc1cc(=O)c(-c2ccc(F)cc2)c(-c2ccc(S(N)(=O)=O)cc2)o1,IC50,10000.0,nM,>,CHEMBL766724,CHEMBL230,
CHEMBL127560,Cc1cc(=O)c(Oc2ccc(OC(F)(F)F)cc2)c(-c2ccc(S(C)(=O)=O)cc2)o1,IC50,1440.0,nM,=,CHEMBL766724,CHEMBL230,5.84
CHEMBL295707,COCc1cccc(-c2nc(C(F)(F)F)cn2-c2ccc(S(C)(=O)=O)cc2)c1,IC50,68100.0,nM,=,CHEMBL762906,CHEMBL230,4.17
CHEMBL126369,COc1ccc(Oc2c(-c3ccc(S(C)(=O)=O)cc3)oc(C)cc2=O)c(Cl)c1,IC50,180.0,nM,=,CHEMBL766724,CHEMBL230,6.75
CHEMBL432112,CS(=O)(=O)c1ccc(-n2cc(C(F)(F)F)nc2-c2ccc(F)cc2)cc1,IC50,100.0,nM,=,CHEMBL762906,CHEMBL230,7.00
CHEMBL43672,NS(=O)(=O)c1ccc(-n2cc(C(F)(F)F)nc2-c2cccc(F)c2)cc1,IC50,30.0,nM,=,CHEMBL762906,CHEMBL230,7.52
CHEMBL45139,COc1ccccc1-c1nc(C(F)(F)F)cn1-c1ccc(S(C)(=O)=O)cc1,IC50,100000.0,nM,=,CHEMBL762906,CHEMBL230,4.00
CHEMBL44977,CN(C)c1ccc(-c2nc(C(F)(F)F)cn2-c2ccc(S(C)(=O)=O)cc2)cc1F,IC50,330.0,nM,=,CHEMBL762906,CHEMBL230,6.48
CHEMBL297799,Cc1cc(-c2nc(C(F)(F)F)cn2-c2ccc(S(C)(=O)=O)cc2)ccc1F,IC50,170.0,nM,=,CHEMBL762906,CHEMBL230,6.77
CHEMBL296447,CS(=O)(=O)c1ccc(-n2cc(C(F)(F)F)nc2-c2ccc3c(c2)OCO3)cc1,IC50,170.0,nM,=,CHEMBL762906,CHEMBL230,6.77
CHEMBL43493,Cc1ccc(-c2nc(C(F)(F)F)cn2-c2ccc(S(C)(=O)=O)cc2)cc1C,IC50,330.0,nM,=,CHEMBL762906,CHEMBL230,6.48
CHEMBL89392,CS(=O)(=O)c1ccc([C@H]2COC(=O)[C@H]2c2ccccc2)cc1,IC50,100000.0,nM,>,CHEMBL660377,CHEMBL230,
CHEMBL126979,Cc1cc(=O)c(-c2ccc(Cl)cc2F)c(-c2ccc(S(C)(=O)=O)cc2)o1,IC50,2050.0,nM,=,CHEMBL766724,CHEMBL230,5.69
CHEMBL127868,Cc1ccc(Oc2c(-c3ccc(S(C)(=O)=O)cc3)oc(C)cc2=O)cc1,IC50,210.0,nM,=,CHEMBL766724,CHEMBL230,6.68
CHEMBL42175,CS(=O)(=O)c1ccc(-n2cc(C(F)(F)F)nc2-c2cccc(Cl)c2)cc1,IC50,60.0,nM,=,CHEMBL762906,CHEMBL230,7.22
CHEMBL46712,Cc1cccc(-c2nc(C(F)(F)F)cn2-c2ccc(S(C)(=O)=O)cc2)c1,IC50,60.0,nM,=,CHEMBL762906,CHEMBL230,7.22
CHEMBL42180,Cc1ccc(-c2nc(C(F)(F)F)cn2-c2ccc(S(C)(=O)=O)cc2)cc1F,IC50,110.0,nM,=,CHEMBL762906,CHEMBL230,6.96
CHEMBL43640,CS(=O)(=O)c1ccc(-n2cc(C(F)(F)F)nc2-c2cc(F)cc(C(F)(F)F)c2)cc1,IC50,100000.0,nM,>,CHEMBL762906,CHEMBL230,
CHEMBL6,COc1ccc2c(c1)c(CC(=O)O)c(C)n2C(=O)c1ccc(Cl)cc1,IC50,900.0,nM,=,CHEMBL762906,CHEMBL230,6.05
CHEMBL122,CS(=O)(=O)c1ccc(C2=C(c3ccccc3)C(=O)OC2)cc1,IC50,530.0,nM,=,CHEMBL660377,CHEMBL230,6.28
CHEMBL1084,CS(=O)(=O)c1ccc(C2=C(c3ccccc3)C(=O)OC2O)cc1,IC50,8700.0,nM,=,CHEMBL660377,CHEMBL230,5.06
CHEMBL2303697,CS(=O)(=O)c1ccc(C2=C(c3ccc(O[C@@H]4O[C@@H](C(=O)O)[C@@H](O)[C@H](O)[C@@H]4O)cc3)C(=O)OC2)cc1,IC50,33000.0,nM,>,CHEMBL660377,CHEMBL230,
CHEMBL43270,Cc1cn(-c2ccc(F)cc2)c(-c2ccc(S(C)(=O)=O)cc2)n1,IC50,100000.0,nM,>,CHEMBL762906,CHEMBL230,
CHEMBL45192,NS(=O)(=O)c1ccc(-n2cc(C(F)(F)F)nc2-c2ccc(Cl)cc2)cc1,IC50,10.0,nM,=,CHEMBL762906,CHEMBL230,8.00
CHEMBL298269,NS(=O)(=O)c1ccc(-n2cc(C(F)(F)F)nc2-c2cccc(Cl)c2)cc1,IC50,8.0,nM,=,CHEMBL762906,CHEMBL230,8.10
CHEMBL42277,CSc1ccc(-c2nc(C(F)(F)F)cn2-c2ccc(S(C)(=O)=O)cc2)cc1Cl,IC50,40.0,nM,=,CHEMBL762906,CHEMBL230,7.40
CHEMBL420351,Cc1cc(=O)c(Oc2ccc(Cl)cc2)c(-c2ccc(S(C)(=O)=O)cc2)o1,IC50,320.0,nM,=,CHEMBL766724,CHEMBL230,6.50
CHEMBL339258,Cc1cc(=O)c(Oc2ccc(C(F)(F)F)cc2)c(-c2ccc(S(C)(=O)=O)cc2)o1,IC50,2450.0,nM,=,CHEMBL766724,CHEMBL230,5.61
CHEMBL127153,Cc1ccc(Oc2c(-c3ccc(S(C)(=O)=O)cc3)oc(C)cc2=O)c(Cl)c1,IC50,240.0,nM,=,CHEMBL766724,CHEMBL230,6.62
CHEMBL129299,Cc1cc(=O)c(Oc2ccc(C(=O)O)cc2)c(-c2ccc(S(C)(=O)=O)cc2)o1,IC50,10000.0,nM,=,CHEMBL766724,CHEMBL230,5.00
CHEMBL42549,CS(=O)(=O)c1ccc(-n2cc(C(F)(F)F)nc2-c2cccc([N+](=O)[O-])c2)cc1,IC50,580.0,nM,=,CHEMBL762906,CHEMBL230,6.24
CHEMBL294967,Cc1ccccc1-c1nc(C(F)(F)F)cn1-c1ccc(S(N)(=O)=O)cc1,IC50,200.0,nM,=,CHEMBL762906,CHEMBL230,6.70
CHEMBL298313,COc1ccc(-c2nc(C(F)(F)F)cn2-c2ccc(S(N)(=O)=O)cc2)cc1Cl,IC50,20.0,nM,=,CHEMBL762906,CHEMBL230,7.70
CHEMBL43331,COc1c(C)cc(-c2nc(C(F)(F)F)cn2-c2ccc(S(C)(=O)=O)cc2)cc1C,IC50,720.0,nM,=,CHEMBL762906,CHEMBL230,6.14
CHEMBL294969,CS(=O)(=O)c1ccc(-n2cc(CN)nc2-c2ccc(Cl)cc2)cc1,IC50,100000.0,nM,>,CHEMBL762906,CHEMBL230,
CHEMBL125460,Cc1cc(=O)c(Oc2ccc(Br)cc2F)c(-c2ccc(S(C)(=O)=O)cc2)o1,IC50,150.0,nM,=,CHEMBL766724,CHEMBL230,6.82
CHEMBL341320,Cc1ccc(Oc2c(-c3ccc(S(C)(=O)=O)cc3)oc(C)cc2=O)c(F)c1,IC50,60.0,nM,=,CHEMBL766724,CHEMBL230,7.22
CHEMBL290945,Cc1cc(-c2nc(C(F)(F)F)cn2-c2ccc(S(C)(=O)=O)cc2)ccc1Cl,IC50,90.0,nM,=,CHEMBL762906,CHEMBL230,7.05
CHEMBL43553,CN(C)c1c(Cl)cc(-c2nc(C(F)(F)F)cn2-c2ccc(S(C)(=O)=O)cc2)cc1Cl,IC50,140.0,nM,=,CHEMBL762906,CHEMBL230,6.85
CHEMBL46576,COCc1cn(-c2ccc(S(C)(=O)=O)cc2)c(-c2ccc(Cl)cc2)n1,IC50,3720.0,nM,=,CHEMBL762906,CHEMBL230,5.43
CHEMBL127190,Cc1cc(=O)c(-c2ccc(Cl)c(Cl)c2)c(-c2ccc(S(C)(=O)=O)cc2)o1,IC50,680.0,nM,=,CHEMBL766724,CHEMBL230,6.17
CHEMBL338347,Cc1cc(=O)c(Oc2ccc(N)cc2)c(-c2ccc(S(C)(=O)=O)cc2)o1,IC50,1480.0,nM,=,CHEMBL766724,CHEMBL230,5.83
CHEMBL416146,Cc1ccc(-c2ncc(Cl)cc2-c2ccc(S(C)(=O)=O)cc2)cn1,IC50,810.0,nM,=,CHEMBL766724,CHEMBL230,6.09
CHEMBL42651,COc1ccc(-c2nc(C(F)(F)F)cn2-c2ccc(S(C)(=O)=O)cc2)cc1F,IC50,150.0,nM,=,CHEMBL762906,CHEMBL230,6.82
CHEMBL296078,CN(C)c1ccc(-c2nc(C(F)(F)F)cn2-c2ccc(S(C)(=O)=O)cc2)cc1Cl,IC50,320.0,nM,=,CHEMBL762906,CHEMBL230,6.50
CHEMBL44516,CS(=O)(=O)c1ccc(-n2cc(C(F)(F)F)nc2-c2ccc(Cl)cc2)cc1,IC50,110.0,nM,=,CHEMBL762906,CHEMBL230,6.96
CHEMBL417170,Cc1cc(F)cc(-c2nc(C(F)(F)F)cn2-c2ccc(S(N)(=O)=O)cc2)c1,IC50,30.0,nM,=,CHEMBL762906,CHEMBL230,7.52
CHEMBL43217,CS(=O)(=O)Cc1cn(-c2ccc(S(C)(=O)=O)cc2)c(-c2ccc(Cl)cc2)n1,IC50,100000.0,nM,>,CHEMBL762906,CHEMBL230,
CHEMBL127267,Cc1cc(=O)c(-c2ccc(S(C)(=O)=O)cc2)c(-c2ccc(F)cc2)o1,IC50,9770.0,nM,=,CHEMBL766724,CHEMBL230,5.01
CHEMBL417894,CS(=O)(=O)c1ccc(-c2nc(C(F)(F)F)cn2-c2ccc(F)cc2)cc1,IC50,5850.0,nM,=,CHEMBL762906,CHEMBL230,5.23
CHEMBL264300,COc1ccc(-c2nc(C(F)(F)F)cn2-c2ccc(S(C)(=O)=O)cc2)cc1,IC50,570.0,nM,=,CHEMBL762906,CHEMBL230,6.24
CHEMBL416989,CSc1cccc(-c2nc(C(F)(F)F)cn2-c2ccc(S(C)(=O)=O)cc2)c1,IC50,350.0,nM,=,CHEMBL762906,CHEMBL230,6.46
CHEMBL295032,Cc1cc(Cl)cc(-c2nc(C(F)(F)F)cn2-c2ccc(S(C)(=O)=O)cc2)c1,IC50,80.0,nM,=,CHEMBL762906,CHEMBL230,7.10
CHEMBL442767,Cc1cc(=O)c(Oc2ccc(Cl)cc2F)c(-c2ccc(S(C)(=O)=O)cc2)o1,IC50,200.0,nM,=,CHEMBL766724,CHEMBL230,6.70
CHEMBL42674,CSc1ccc(-c2nc(C(F)(F)F)cn2-c2ccc(S(N)(=O)=O)cc2)cc1Cl,IC50,10.0,nM,=,CHEMBL762906,CHEMBL230,8.00
CHEMBL127268,Cc1cc(=O)c(-c2ccccc2)c(-c2ccc(S(C)(=O)=O)cc2)o1,IC50,1840.0,nM,=,CHEMBL766724,CHEMBL230,5.74
CHEMBL126392,Cc1cc(=O)c(-c2ccccc2F)c(-c2ccc(S(C)(=O)=O)cc2)o1,IC50,1530.0,nM,=,CHEMBL766724,CHEMBL230,5.82
CHEMBL129473,Cc1cc(=O)c(Oc2ccc([N+](=O)[O-])cc2)c(-c2ccc(S(C)(=O)=O)cc2)o1,IC50,3990.0,nM,=,CHEMBL766724,CHEMBL230,5.40
CHEMBL44829,CN(C)c1cccc(-c2nc(C(F)(F)F)cn2-c2ccc(S(C)(=O)=O)cc2)c1,IC50,3200.0,nM,=,CHEMBL762906,CHEMBL230,5.50
CHEMBL46667,CNc1cccc(-c2nc(C(F)(F)F)cn2-c2ccc(S(C)(=O)=O)cc2)c1,IC50,920.0,nM,=,CHEMBL762906,CHEMBL230,6.04
CHEMBL44924,CS(=O)(=O)c1ccc(-n2cc(C(F)(F)F)nc2-c2cccc(N)c2)cc1,IC50,5890.0,nM,=,CHEMBL762906,CHEMBL230,5.23
CHEMBL296673,Cc1ccc(-c2nc(C(F)(F)F)cn2-c2ccc(S(C)(=O)=O)cc2)cc1Cl,IC50,30.0,nM,=,CHEMBL762906,CHEMBL230,7.52
CHEMBL327468,CS(=O)(=O)c1ccc([C@@H](CO)[C@@H](CCC(=O)[O-])c2ccccc2)cc1.[Na+],IC50,33000.0,nM,>,CHEMBL660377,CHEMBL230,
CHEMBL339817,Cc1cc(=O)c(-c2ccc3ccccc3c2)c(-c2ccc(S(C)(=O)=O)cc2)o1,IC50,2590.0,nM,=,CHEMBL766724,CHEMBL230,5.59
CHEMBL42940,COc1c(Br)cc(-c2nc(C(F)(F)F)cn2-c2ccc(S(C)(=O)=O)cc2)cc1Br,IC50,90.0,nM,=,CHEMBL762906,CHEMBL230,7.05
CHEMBL43265,CS(=O)(=O)c1ccc(-n2cc(CF)nc2-c2ccc(Cl)cc2)cc1,IC50,410.0,nM,=,CHEMBL762906,CHEMBL230,6.39
CHEMBL43933,CSCc1cn(-c2ccc(S(C)(=O)=O)cc2)c(-c2ccc(Cl)cc2)n1,IC50,320.0,nM,=,CHEMBL762906,CHEMBL230,6.50
CHEMBL126404,Cc1cccc(Oc2c(-c3ccc(S(C)(=O)=O)cc3)oc(C)cc2=O)c1,IC50,1350.0,nM,=,CHEMBL766724,CHEMBL230,5.87
CHEMBL289169,CS(=O)(=O)c1ccc(-n2cc(C(F)(F)F)nc2-c2ccccc2Cl)cc1,IC50,900.0,nM,=,CHEMBL762906,CHEMBL230,6.05
CHEMBL45197,CSc1ccc(-c2nc(C(F)(F)F)cn2-c2ccc(S(C)(=O)=O)cc2)cc1,IC50,160.0,nM,=,CHEMBL762906,CHEMBL230,6.80
CHEMBL43282,CS(=O)(=O)c1ccc(-n2cc(C(F)(F)F)nc2-c2cccc(F)c2)cc1,IC50,120.0,nM,=,CHEMBL762906,CHEMBL230,6.92
CHEMBL42398,Cc1cccc(-c2nc(C(F)(F)F)cn2-c2ccc(S(N)(=O)=O)cc2)c1,IC50,30.0,nM,=,CHEMBL762906,CHEMBL230,7.52
CHEMBL43089,COc1cc(F)cc(-c2nc(C(F)(F)F)cn2-c2ccc(S(N)(=O)=O)cc2)c1,IC50,460.0,nM,=,CHEMBL762906,CHEMBL230,6.34
CHEMBL313527,CS(=O)(=O)c1ccc(C2=C(c3ccc(O)cc3)C(=O)OC2)cc1,IC50,4800.0,nM,=,CHEMBL660377,CHEMBL230,5.32
CHEMBL126629,Cc1cc(=O)c(-c2ccc(Cl)cc2)c(-c2ccc(S(C)(=O)=O)cc2)o1,IC50,2150.0,nM,=,CHEMBL766724,CHEMBL230,5.67
CHEMBL126364,Cc1cc(=O)c(Cc2ccccc2)c(-c2ccc(S(C)(=O)=O)cc2)o1,IC50,6400.0,nM,=,CHEMBL766724,CHEMBL230,5.19
CHEMBL126991,Cc1cc(=O)c(Oc2ccc(Cl)cc2C)c(-c2ccc(S(C)(=O)=O)cc2)o1,IC50,190.0,nM,=,CHEMBL766724,CHEMBL230,6.72
CHEMBL274798,Cc1ccc(F)cc1-c1nc(C(F)(F)F)cn1-c1ccc(S(C)(=O)=O)cc1,IC50,100000.0,nM,>,CHEMBL762906,CHEMBL230,
CHEMBL43654,Cc1cccc(Cl)c1-c1nc(C(F)(F)F)cn1-c1ccc(S(C)(=O)=O)cc1,IC50,100000.0,nM,>,CHEMBL762906,CHEMBL230,
CHEMBL46637,CS(=O)(=O)c1ccc(-n2ccnc2-c2ccccc2)cc1,IC50,100000.0,nM,>,CHEMBL762906,CHEMBL230,
CHEMBL43165,CS(=O)(=O)c1ccc(-c2[nH]cnc2-c2ccc(F)cc2)cc1,NA,,,,CHEMBL763856,CHEMBL230,
CHEMBL338927,Cc1cc(=O)c(-c2ccc(Br)cc2)c(-c2ccc(S(C)(=O)=O)cc2)o1,IC50,1730.0,nM,=,CHEMBL766724,CHEMBL230,5.76
CHEMBL127211,Cc1cc(=O)c(Oc2ccc(F)cc2F)c(-c2ccc(S(C)(=O)=O)cc2)o1,IC50,80.0,nM,=,CHEMBL766724,CHEMBL230,7.10
CHEMBL125682,Cc1cc(=O)c(Oc2ccc(Cl)c(Cl)c2)c(-c2ccc(S(C)(=O)=O)cc2)o1,IC50,3380.0,nM,=,CHEMBL766724,CHEMBL230,5.47
CHEMBL44466,Cc1ccccc1-c1nc(C(F)(F)F)cn1-c1ccc(S(C)(=O)=O)cc1,IC50,800.0,nM,=,CHEMBL762906,CHEMBL230,6.10
CHEMBL127514,Cc1cc(=O)c(Oc2ccc(Br)cc2)c(-c2ccc(S(C)(=O)=O)cc2)o1,IC50,360.0,nM,=,CHEMBL766724,CHEMBL230,6.44
CHEMBL42561,Cc1ccc(-c2nc(C(F)(F)F)cn2-c2ccc(S(C)(=O)=O)cc2)cc1,IC50,160.0,nM,=,CHEMBL762906,CHEMBL230,6.80
CHEMBL42709,Cc1cc(Cl)cc(-c2nc(C(F)(F)F)cn2-c2ccc(S(N)(=O)=O)cc2)c1,IC50,40.0,nM,=,CHEMBL762906,CHEMBL230,7.40
CHEMBL415895,CS(=O)(=O)c1ccc(-n2cc(C#N)nc2-c2ccc(Cl)cc2)cc1,IC50,230.0,nM,=,CHEMBL762906,CHEMBL230,6.64
CHEMBL296984,NS(=O)(=O)c1ccc(-n2cc(C(F)(F)F)nc2-c2ccccc2)cc1,IC50,40.0,nM,=,CHEMBL762906,CHEMBL230,7.40
CHEMBL46584,NS(=O)(=O)c1ccc(-n2cc(C(F)(F)F)nc2-c2cccc(Br)c2)cc1,IC50,7.0,nM,=,CHEMBL762906,CHEMBL230,8.15
CHEMBL289561,COc1cc(-c2nc(C(F)(F)F)cn2-c2ccc(S(N)(=O)=O)cc2)ccc1Cl,IC50,20.0,nM,=,CHEMBL762906,CHEMBL230,7.70
CHEMBL126244,Cc1cc(=O)c(-c2cccc(F)c2)c(-c2ccc(S(C)(=O)=O)cc2)o1,IC50,3370.0,nM,=,CHEMBL766724,CHEMBL230,5.47
CHEMBL265071,Cc1cc(=O)c(C2CCCCC2)c(-c2ccc(S(C)(=O)=O)cc2)o1,IC50,1470.0,nM,=,CHEMBL766724,CHEMBL230,5.83
CHEMBL42119,COc1c(F)cc(-c2nc(C(F)(F)F)cn2-c2ccc(S(C)(=O)=O)cc2)cc1F,IC50,170.0,nM,=,CHEMBL762906,CHEMBL230,6.77
CHEMBL126303,Cc1cc(=O)c(Oc2ccccc2C)c(-c2ccc(S(C)(=O)=O)cc2)o1,IC50,170.0,nM,=,CHEMBL766724,CHEMBL230,6.77
CHEMBL42225,CS(=O)(=O)c1ccc(-n2cc(C(F)(F)F)nc2-c2ccccc2)cc1,IC50,120.0,nM,=,CHEMBL762906,CHEMBL230,6.92
CHEMBL42996,CN(C)c1ccc(-c2nc(C(F)(F)F)cn2-c2ccc(S(C)(=O)=O)cc2)cc1,IC50,700.0,nM,=,CHEMBL762906,CHEMBL230,6.16
CHEMBL42223,COc1cc(-c2nc(C(F)(F)F)cn2-c2ccc(S(C)(=O)=O)cc2)ccc1Cl,IC50,250.0,nM,=,CHEMBL762906,CHEMBL230,6.60
CHEMBL45090,CS(=O)(=O)c1ccc(-n2cc(C(F)(F)F)nc2-c2cc(Cl)cc(Cl)c2)cc1,IC50,170.0,nM,=,CHEMBL762906,CHEMBL230,6.77
CHEMBL42074,COc1cc(C)c(-c2nc(C(F)(F)F)cn2-c2ccc(S(C)(=O)=O)cc2)cc1C,IC50,12200.0,nM,=,CHEMBL762906,CHEMBL230,4.91
CHEMBL46623,NS(=O)(=O)c1ccc(-n2cc(C(F)(F)F)nc2-c2ccc(F)cc2)cc1,IC50,10.0,nM,=,CHEMBL762906,CHEMBL230,8.00
CHEMBL43616,CS(=O)(=O)c1ccc(-n2cc(C(F)(F)F)nc2-c2cccc(Br)c2)cc1,IC50,80.0,nM,=,CHEMBL762906,CHEMBL230,7.10
CHEMBL42884,Cc1cc(F)cc(-c2nc(C(F)(F)F)cn2-c2ccc(S(C)(=O)=O)cc2)c1,IC50,110.0,nM,=,CHEMBL762906,CHEMBL230,6.96
CHEMBL296571,NS(=O)(=O)c1ccc(-n2cc(C(F)(F)F)nc2-c2ccc(F)c(F)c2)cc1,IC50,30.0,nM,=,CHEMBL762906,CHEMBL230,7.52
CHEMBL43090,CS(=O)(=O)c1ccc(-n2cc(CC#N)nc2-c2ccc(Cl)cc2)cc1,IC50,1540.0,nM,=,CHEMBL762906,CHEMBL230,5.81
CHEMBL129640,Cc1cc(=O)c(Oc2ccc(F)cc2C)c(-c2ccc(S(C)(=O)=O)cc2)o1,IC50,180.0,nM,=,CHEMBL766724,CHEMBL230,6.75
CHEMBL44926,NS(=O)(=O)c1ccc(-n2cc(C(F)(F)F)nc2-c2ccccc2F)cc1,IC50,100.0,nM,=,CHEMBL762906,CHEMBL230,7.00
CHEMBL441236,CS(=O)(=O)c1ccc(-n2cc(COc3ccc(Cl)cc3)nc2-c2ccc(Cl)cc2)cc1,IC50,30.0,nM,=,CHEMBL762906,CHEMBL230,7.52
CHEMBL298084,CS(=O)(=O)c1ccc(-n2cc(CSc3ccc(Cl)cc3)nc2-c2ccc(Cl)cc2)cc1,IC50,50.0,nM,=,CHEMBL762906,CHEMBL230,7.30
CHEMBL45383,CS(=O)(=O)c1ccc(-n2cc(CO)nc2-c2ccc(Cl)cc2)cc1,IC50,8350.0,nM,=,CHEMBL762906,CHEMBL230,5.08
CHEMBL127210,Cc1cc(=O)c(Oc2ccc(F)c(F)c2)c(-c2ccc(S(C)(=O)=O)cc2)o1,IC50,4430.0,nM,=,CHEMBL766724,CHEMBL230,5.35
CHEMBL122,CS(=O)(=O)c1ccc(C2=C(c3ccccc3)C(=O)OC2)cc1,IC50,760.0,nM,=,CHEMBL766724,CHEMBL230,6.12
CHEMBL42595,CS(=O)(=O)c1ccc(-n2cc(C(F)(F)F)nc2-c2ccc(F)c(F)c2)cc1,IC50,120.0,nM,=,CHEMBL762906,CHEMBL230,6.92
CHEMBL47147,COc1ccc(-c2nc(C(F)(F)F)cn2-c2ccc(S(N)(=O)=O)cc2)cc1Br,IC50,30.0,nM,=,CHEMBL762906,CHEMBL230,7.52
CHEMBL124188,Cc1cc(=O)c(C(C)C)c(-c2ccc(S(C)(=O)=O)cc2)o1,IC50,6550.0,nM,=,CHEMBL766724,CHEMBL230,5.18
CHEMBL127084,Cc1cc(=O)c(Oc2ccc(F)cc2)c(-c2ccc(S(C)(=O)=O)cc2)o1,IC50,980.0,nM,=,CHEMBL766724,CHEMBL230,6.01
CHEMBL338457,Cc1cc(=O)c(Oc2ccc(Br)cc2Cl)c(-c2ccc(S(C)(=O)=O)cc2)o1,IC50,310.0,nM,=,CHEMBL766724,CHEMBL230,6.51
CHEMBL43103,CNc1ccc(-c2nc(C(F)(F)F)cn2-c2ccc(S(C)(=O)=O)cc2)cc1,IC50,1470.0,nM,=,CHEMBL762906,CHEMBL230,5.83
CHEMBL297108,Cc1ccc(-c2nc(C(F)(F)F)cn2-c2ccc(S(N)(=O)=O)cc2)cc1,IC50,40.0,nM,=,CHEMBL762906,CHEMBL230,7.40
CHEMBL339355,COC(=O)c1ccc(Oc2c(-c3ccc(S(C)(=O)=O)cc3)oc(C)cc2=O)cc1,IC50,10000.0,nM,>,CHEMBL766724,CHEMBL230,
CHEMBL43645,CS(=O)(=O)c1ccc(-n2cc(C(F)(F)F)nc2-c2ccccc2F)cc1,IC50,400.0,nM,=,CHEMBL762906,CHEMBL230,6.40
CHEMBL43149,COc1ccc(-c2nc(C(F)(F)F)cn2-c2ccc(S(C)(=O)=O)cc2)cc1Cl,IC50,130.0,nM,=,CHEMBL762906,CHEMBL230,6.89
CHEMBL298476,Cc1ccc(-c2nc(C(F)(F)F)cn2-c2ccc(S(N)(=O)=O)cc2)cc1Cl,IC50,3.0,nM,=,CHEMBL762906,CHEMBL230,8.52
CHEMBL289484,CCOC(=O)c1cn(-c2ccc(S(C)(=O)=O)cc2)c(-c2ccc(Cl)cc2)n1,IC50,5700.0,nM,=,CHEMBL762906,CHEMBL230,5.24
CHEMBL338371,Cc1cc(=O)c(-c2ccc3c(c2)CCCC3)c(-c2ccc(S(C)(=O)=O)cc2)o1,IC50,10000.0,nM,>,CHEMBL766724,CHEMBL230,
CHEMBL126683,Cc1cc(=O)c(Oc2ccc(I)cc2)c(-c2ccc(S(C)(=O)=O)cc2)o1,IC50,410.0,nM,=,CHEMBL766724,CHEMBL230,6.39
CHEMBL126743,Cc1cc(=O)c(Oc2ccc(C(F)(F)C(F)(F)F)cc2)c(-c2ccc(S(C)(=O)=O)cc2)o1,IC50,10000.0,nM,>,CHEMBL766724,CHEMBL230,
CHEMBL296515,CS(=O)(=O)c1ccc(-c2nc(C(F)(F)F)cn2-c2ccc(S(C)(=O)=O)cc2)cc1,IC50,5700.0,nM,=,CHEMBL762906,CHEMBL230,5.24
CHEMBL42094,CS(=O)(=O)c1ccc(-n2cc(C(F)(F)F)nc2-c2cccc(C(F)(F)F)c2)cc1,IC50,210.0,nM,=,CHEMBL762906,CHEMBL230,6.68
CHEMBL44468,COc1cccc(-c2nc(C(F)(F)F)cn2-c2ccc(S(C)(=O)=O)cc2)c1,IC50,350.0,nM,=,CHEMBL762906,CHEMBL230,6.46
CHEMBL295752,COc1cc(F)cc(-c2nc(C(F)(F)F)cn2-c2ccc(S(C)(=O)=O)cc2)c1,IC50,960.0,nM,=,CHEMBL762906,CHEMBL230,6.02
CHEMBL42408,COc1c(Cl)cc(-c2nc(C(F)(F)F)cn2-c2ccc(S(C)(=O)=O)cc2)cc1Cl,IC50,140.0,nM,=,CHEMBL762906,CHEMBL230,6.85
CHEMBL295654,CS(=O)(=O)c1ccc(-n2cc(C(=O)O)nc2-c2ccc(Cl)cc2)cc1,IC50,100000.0,nM,>,CHEMBL762906,CHEMBL230,
CHEMBL338705,Cc1cc(=O)c(-c2ccc(F)cc2)c(-c2ccc(S(C)(=O)=O)cc2)o1,IC50,1070.0,nM,=,CHEMBL766724,CHEMBL230,5.97
CHEMBL126578,Cc1ccc(-c2c(-c3ccc(S(C)(=O)=O)cc3)oc(C)cc2=O)cc1,IC50,2180.0,nM,=,CHEMBL766724,CHEMBL230,5.66
CHEMBL126810,Cc1cc(=O)c(-c2ccc(F)cc2F)c(-c2ccc(S(C)(=O)=O)cc2)o1,IC50,1120.0,nM,=,CHEMBL766724,CHEMBL230,5.95
CHEMBL296662,COc1ccc(-c2nc(C(F)(F)F)cn2-c2ccc(S(N)(=O)=O)cc2)cc1F,IC50,30.0,nM,=,CHEMBL762906,CHEMBL230,7.52
CHEMBL298296,CS(=O)(=O)c1ccc(-n2cc(-c3ccccc3)nc2-c2ccc(Cl)cc2)cc1,IC50,240.0,nM,=,CHEMBL762906,CHEMBL230,6.62
CHEMBL339150,Cc1cc(=O)c(-c2ccccc2)c(-c2ccc(S(N)(=O)=O)cc2)o1,IC50,6890.0,nM,=,CHEMBL766724,CHEMBL230,5.16
CHEMBL43317,COc1c(F)cc(-c2nc(C(F)(F)F)cn2-c2ccc(S(N)(=O)=O)cc2)cc1F,IC50,30.0,nM,=,CHEMBL762906,CHEMBL230,7.52
CHEMBL414162,CS(=O)(=O)c1ccc(-n2cc(C=O)nc2-c2ccc(Cl)cc2)cc1,IC50,1600.0,nM,=,CHEMBL762906,CHEMBL230,5.80
CHEMBL298762,CS(=O)(=O)c1ccc(C2=C(c3ccccc3)C(=O)N(c3ccccc3F)C2)cc1,IC50,900.0,nM,=,CHEMBL760081,CHEMBL230,6.05
CHEMBL118,Cc1ccc(-c2cc(C(F)(F)F)nn2-c2ccc(S(N)(=O)=O)cc2)cc1,IC50,530.0,nM,=,CHEMBL760081,CHEMBL230,6.28
CHEMBL47540,C[C@]1(O)CCC[C@H]1Oc1ncc(C(F)(F)F)cc1-c1ccc(S(C)(=O)=O)cc1,IC50,1400.0,nM,=,CHEMBL763092,CHEMBL230,5.85
CHEMBL47540,C[C@]1(O)CCC[C@H]1Oc1ncc(C(F)(F)F)cc1-c1ccc(S(C)(=O)=O)cc1,IC50,200.0,nM,<,CHEMBL873640,CHEMBL230,
CHEMBL296370,C[C@H](CO)Sc1ncc(C(F)(F)F)cc1-c1ccc(S(C)(=O)=O)cc1,IC50,140.0,nM,=,CHEMBL763092,CHEMBL230,6.85
CHEMBL296370,C[C@H](CO)Sc1ncc(C(F)(F)F)cc1-c1ccc(S(C)(=O)=O)cc1,IC50,200.0,nM,<,CHEMBL873640,CHEMBL230,
CHEMBL49775,CS(=O)(=O)c1ccc(C2=C(c3ccccc3)C(=O)N(c3ccccc3)C2)cc1,IC50,280.0,nM,=,CHEMBL760081,CHEMBL230,6.55
CHEMBL170591,CS(=O)(=O)c1ccc(-c2ncoc2-c2ccc(F)cc2)cc1,IC50,30000.0,nM,>,CHEMBL769643,CHEMBL230,
CHEMBL366807,CS(=O)(=O)c1ccc(-c2cnsc2-c2ccc(F)cc2)cc1,IC50,2100.0,nM,=,CHEMBL769643,CHEMBL230,5.68
CHEMBL443819,CS(=O)(=O)c1ccc(-c2nnnn2-c2ccc(F)c(F)c2)cc1,IC50,30000.0,nM,>,CHEMBL769643,CHEMBL230,
CHEMBL328837,CS(=O)(=O)c1ccc(-c2csc(Br)c2-c2ccc(F)cc2)cc1,IC50,30.0,nM,=,CHEMBL769643,CHEMBL230,7.52
CHEMBL48332,CS(=O)(=O)c1ccc(C2=C(c3ccccc3)C(=O)N(c3ccc(F)cc3)C2)cc1,IC50,350.0,nM,=,CHEMBL760081,CHEMBL230,6.46
CHEMBL274473,Cc1nc(-c2ccc(S(C)(=O)=O)cc2)c(-c2ccc(F)cc2)s1,IC50,310.0,nM,=,CHEMBL769643,CHEMBL230,6.51
CHEMBL274990,CS(=O)(=O)c1ccc(-n2nc(C(F)(F)F)cc2-c2ccc(F)cc2)cc1,IC50,200.0,nM,=,CHEMBL769643,CHEMBL230,6.70
CHEMBL6,COc1ccc2c(c1)c(CC(=O)O)c(C)n2C(=O)c1ccc(Cl)cc1,IC50,500.0,nM,=,CHEMBL763092,CHEMBL230,6.30
CHEMBL6,COc1ccc2c(c1)c(CC(=O)O)c(C)n2C(=O)c1ccc(Cl)cc1,IC50,200.0,nM,<,CHEMBL873640,CHEMBL230,
CHEMBL171360,CS(=O)(=O)c1ccc(-c2ocnc2-c2ccc(F)cc2)cc1,IC50,30000.0,nM,>,CHEMBL769643,CHEMBL230,
CHEMBL300021,COc1ccc(C2=C(c3ccc(S(C)(=O)=O)cc3)CN(c3ccccc3)C2=O)cc1,IC50,340.0,nM,=,CHEMBL760081,CHEMBL230,6.47
CHEMBL49056,COc1ccc(C2=C(c3ccc(S(C)(=O)=O)cc3)CN(c3ccccc3Cl)C2=O)cc1,IC50,220.0,nM,=,CHEMBL760081,CHEMBL230,6.66
CHEMBL174009,CS(=O)(=O)c1ccc(-c2c(-c3ccc(F)cc3)csc2CC(=O)O)cc1,IC50,10000.0,nM,>,CHEMBL769643,CHEMBL230,
CHEMBL300047,CS(=O)(=O)c1ccc(C2=C(c3ccc(F)cc3)C(=O)N(c3ccccc3F)C2)cc1,IC50,320.0,nM,=,CHEMBL760081,CHEMBL230,6.50
CHEMBL16850,Cc1nc(-c2ccc(F)cc2)c(-c2ccc(S(C)(=O)=O)cc2)s1,IC50,310.0,nM,=,CHEMBL769643,CHEMBL230,6.51
CHEMBL319306,CS(=O)(=O)c1ccc(-c2cscc2-c2ccc(F)cc2)cc1,IC50,470.0,nM,=,CHEMBL769643,CHEMBL230,6.33
CHEMBL355781,CS(=O)(=O)c1ccc(-c2csc(CC(=O)O)c2-c2ccc(F)cc2)cc1,IC50,10000.0,nM,>,CHEMBL769643,CHEMBL230,
CHEMBL274893,CS(=O)(=O)c1ccc(C2=C(c3ccc(F)cc3)CCC2)cc1,IC50,160.0,nM,=,CHEMBL769643,CHEMBL230,6.80
CHEMBL297177,CS(=O)(=O)c1ccc(C2=C(c3ccccc3)C(=O)N(c3ccc(C(F)(F)F)cc3)C2)cc1,IC50,980.0,nM,=,CHEMBL760081,CHEMBL230,6.01
CHEMBL295068,Cc1ccc(N2CC(c3ccc(S(C)(=O)=O)cc3)=C(c3ccc(F)cc3)C2=O)cc1,IC50,1050.0,nM,=,CHEMBL760081,CHEMBL230,5.98
CHEMBL49394,CS(=O)(=O)c1ccc(-c2cc(C(F)(F)F)cnc2N2CCCC(CO)C2)cc1,IC50,800.0,nM,=,CHEMBL763092,CHEMBL230,6.10
CHEMBL49394,CS(=O)(=O)c1ccc(-c2cc(C(F)(F)F)cnc2N2CCCC(CO)C2)cc1,IC50,200.0,nM,<,CHEMBL873640,CHEMBL230,
CHEMBL46171,CS(=O)(=O)c1ccc(-c2cc(C(F)(F)F)cnc2OCc2ccc(Cl)cc2)cc1,IC50,33000.0,nM,>,CHEMBL763092,CHEMBL230,
CHEMBL46171,CS(=O)(=O)c1ccc(-c2cc(C(F)(F)F)cnc2OCc2ccc(Cl)cc2)cc1,IC50,200.0,nM,<,CHEMBL873640,CHEMBL230,
CHEMBL49319,CC(C)(O)COc1ncc(C(F)(F)F)cc1-c1ccc(S(C)(=O)=O)cc1,IC50,1000.0,nM,=,CHEMBL763092,CHEMBL230,6.00
CHEMBL49319,CC(C)(O)COc1ncc(C(F)(F)F)cc1-c1ccc(S(C)(=O)=O)cc1,IC50,200.0,nM,<,CHEMBL873640,CHEMBL230,
CHEMBL49918,CS(=O)(=O)c1ccc(-c2cc(C(F)(F)F)cnc2OC(C(F)(F)F)C(F)(F)F)cc1,IC50,500.0,nM,=,CHEMBL763092,CHEMBL230,6.30
CHEMBL49918,CS(=O)(=O)c1ccc(-c2cc(C(F)(F)F)cnc2OC(C(F)(F)F)C(F)(F)F)cc1,IC50,200.0,nM,<,CHEMBL873640,CHEMBL230,
CHEMBL42485,CS(=O)(=O)c1ccc(-c2cc(Br)sc2-c2ccc(F)cc2)cc1,IC50,60.0,nM,=,CHEMBL763092,CHEMBL230,7.22
CHEMBL42485,CS(=O)(=O)c1ccc(-c2cc(Br)sc2-c2ccc(F)cc2)cc1,IC50,200.0,nM,<,CHEMBL873640,CHEMBL230,
CHEMBL49011,CS(=O)(=O)c1ccc(C2=C(c3ccc(F)cc3)C(=O)N(c3ccc(C(F)(F)F)cc3)C2)cc1,IC50,950.0,nM,=,CHEMBL760081,CHEMBL230,6.02
CHEMBL171646,CS(=O)(=O)c1ccc(-c2sncc2-c2ccc(F)cc2)cc1,IC50,5100.0,nM,=,CHEMBL769643,CHEMBL230,5.29
CHEMBL173961,CS(=O)(=O)c1ccc(-c2[nH]nnc2-c2ccccc2)cc1,IC50,30000.0,nM,>,CHEMBL769643,CHEMBL230,
CHEMBL49114,CS(=O)(=O)c1ccc(C2=C(c3ccccc3)C(=O)N(c3cccc(Cl)c3)C2)cc1,IC50,1000.0,nM,=,CHEMBL760081,CHEMBL230,6.00
CHEMBL299765,CS(=O)(=O)c1ccc(C2=C(c3ccc(F)c(F)c3)C(=O)N(c3ccccc3)C2)cc1,IC50,1000.0,nM,=,CHEMBL760081,CHEMBL230,6.00
CHEMBL43165,CS(=O)(=O)c1ccc(-c2[nH]cnc2-c2ccc(F)cc2)cc1,IC50,30000.0,nM,>,CHEMBL769643,CHEMBL230,
CHEMBL366886,CS(=O)(=O)c1ccc(-n2nnnc2-c2ccc(F)c(F)c2)cc1,IC50,30000.0,nM,>,CHEMBL769643,CHEMBL230,
CHEMBL97935,CS(=O)(=O)c1ccc(-c2c(-c3ccc(F)cc3)csc2Br)cc1,IC50,30000.0,nM,>,CHEMBL769643,CHEMBL230,
CHEMBL42485,CS(=O)(=O)c1ccc(-c2cc(Br)sc2-c2ccc(F)cc2)cc1,IC50,7.0,nM,=,CHEMBL769643,CHEMBL230,8.15
CHEMBL48671,CS(=O)(=O)c1ccc(-c2cc(C(F)(F)F)cnc2OCC(F)(F)F)cc1,IC50,500.0,nM,=,CHEMBL763092,CHEMBL230,6.30
CHEMBL48671,CS(=O)(=O)c1ccc(-c2cc(C(F)(F)F)cnc2OCC(F)(F)F)cc1,IC50,200.0,nM,<,CHEMBL873640,CHEMBL230,
CHEMBL301582,COc1ccc(C2=C(c3ccc(S(C)(=O)=O)cc3)CN(c3cccc(F)c3)C2=O)cc1,IC50,280.0,nM,=,CHEMBL760081,CHEMBL230,6.55
CHEMBL47294,C[C@H](Oc1ncc(C(F)(F)F)cc1-c1ccc(S(C)(=O)=O)cc1)C(C)(C)O,IC50,460.0,nM,=,CHEMBL763092,CHEMBL230,6.34
CHEMBL47294,C[C@H](Oc1ncc(C(F)(F)F)cc1-c1ccc(S(C)(=O)=O)cc1)C(C)(C)O,IC50,200.0,nM,<,CHEMBL873640,CHEMBL230,
CHEMBL300687,COc1ccccc1N1CC(c2ccc(S(C)(=O)=O)cc2)=C(c2ccc(F)cc2)C1=O,IC50,1050.0,nM,=,CHEMBL760081,CHEMBL230,5.98
CHEMBL367778,CC(C)(O)c1scc(-c2ccc(S(C)(=O)=O)cc2)c1-c1ccc(F)cc1,IC50,5900.0,nM,=,CHEMBL769643,CHEMBL230,5.23
CHEMBL355263,CS(=O)(=O)c1ccc(-c2cc(C(F)(F)F)nn2-c2ccc(F)cc2)cc1,IC50,1200.0,nM,=,CHEMBL769643,CHEMBL230,5.92
CHEMBL367885,CC(C)(O)c1scc(-c2ccc(F)cc2)c1-c1ccc(S(C)(=O)=O)cc1,IC50,30000.0,nM,>,CHEMBL769643,CHEMBL230,
CHEMBL355771,CS(=O)(=O)c1ccc(C2=C(c3ccc(F)cc3)C3CCC2C3)cc1,IC50,30000.0,nM,=,CHEMBL769643,CHEMBL230,4.52
CHEMBL296220,CS(=O)(=O)c1ccc(-c2cc(C(F)(F)F)cnc2Oc2ccccc2)cc1,IC50,400.0,nM,<,CHEMBL763092,CHEMBL230,
CHEMBL296220,CS(=O)(=O)c1ccc(-c2cc(C(F)(F)F)cnc2Oc2ccccc2)cc1,IC50,200.0,nM,<,CHEMBL873640,CHEMBL230,
CHEMBL48073,CCC(O)(CC)[C@H](C)Oc1ncc(C(F)(F)F)cc1-c1ccc(S(C)(=O)=O)cc1,IC50,4700.0,nM,=,CHEMBL763092,CHEMBL230,5.33
CHEMBL48073,CCC(O)(CC)[C@H](C)Oc1ncc(C(F)(F)F)cc1-c1ccc(S(C)(=O)=O)cc1,IC50,200.0,nM,<,CHEMBL873640,CHEMBL230,
CHEMBL170639,CS(=O)(=O)c1ccc(-c2oc(=O)oc2-c2ccccc2)cc1,IC50,30000.0,nM,>,CHEMBL769643,CHEMBL230,
CHEMBL45886,COc1ccc(C2=C(c3ccc(S(C)(=O)=O)cc3)CN(c3ccc(F)cc3)C2=O)cc1,IC50,300.0,nM,=,CHEMBL760081,CHEMBL230,6.52
CHEMBL45583,CS(=O)(=O)c1ccc(-c2cc(C(F)(F)F)cnc2OCC2(O)CCCC2)cc1,IC50,1400.0,nM,=,CHEMBL763092,CHEMBL230,5.85
CHEMBL45583,CS(=O)(=O)c1ccc(-c2cc(C(F)(F)F)cnc2OCC2(O)CCCC2)cc1,IC50,200.0,nM,<,CHEMBL873640,CHEMBL230,
CHEMBL300710,CC(C)(O)CSc1ncc(C(F)(F)F)cc1-c1ccc(S(C)(=O)=O)cc1,IC50,700.0,nM,=,CHEMBL763092,CHEMBL230,6.16
CHEMBL300710,CC(C)(O)CSc1ncc(C(F)(F)F)cc1-c1ccc(S(C)(=O)=O)cc1,IC50,200.0,nM,<,CHEMBL873640,CHEMBL230,
CHEMBL48758,Cc1ccc(N2CC(c3ccc(S(C)(=O)=O)cc3)=C(c3ccccc3)C2=O)cc1,IC50,1000.0,nM,=,CHEMBL760081,CHEMBL230,6.00
CHEMBL368409,CS(=O)(=O)c1ccc(-c2snnc2-c2ccc(F)cc2)cc1,IC50,6500.0,nM,=,CHEMBL769643,CHEMBL230,5.19
CHEMBL298356,CS(=O)(=O)c1ccc(C2=C(c3ccc(F)cc3)C(=O)N(c3ccccc3)C2)cc1,IC50,310.0,nM,=,CHEMBL760081,CHEMBL230,6.51
CHEMBL49606,COc1ccc(N2CC(c3ccc(S(C)(=O)=O)cc3)=C(c3ccc(F)cc3)C2=O)cc1,IC50,1200.0,nM,=,CHEMBL760081,CHEMBL230,5.92
CHEMBL6,COc1ccc2c(c1)c(CC(=O)O)c(C)n2C(=O)c1ccc(Cl)cc1,IC50,410.0,nM,=,CHEMBL760081,CHEMBL230,6.39
CHEMBL340573,CS(=O)(=O)c1ccc(C2=C(c3ccc(Cl)cc3)CCC2)cc1,IC50,3.0,nM,=,CHEMBL760088,CHEMBL230,8.52
CHEMBL405623,CS(=O)(=O)c1ccc(C2=C(c3ccc4c(c3)OCO4)CCC2)cc1,IC50,21.0,nM,=,CHEMBL760088,CHEMBL230,7.68
CHEMBL274990,CS(=O)(=O)c1ccc(-n2nc(C(F)(F)F)cc2-c2ccc(F)cc2)cc1,IC50,50.0,nM,=,CHEMBL760088,CHEMBL230,7.30
CHEMBL7162,CS(=O)(=O)Nc1ccc([N+](=O)[O-])cc1OC1CCCCC1,IC50,100.0,nM,=,CHEMBL760088,CHEMBL230,7.00
CHEMBL99199,CCCCCOC(=O)Cc1c(C)n(C(=O)c2ccc(Cl)cc2)c2ccc(OC)cc12,IC50,50.0,nM,=,CHEMBL762913,CHEMBL230,7.30
CHEMBL319766,CCOc1cccc(NC(=O)Cc2c(C)n(C(=O)c3ccc(Cl)cc3)c3ccc(OC)cc23)c1,IC50,650.0,nM,=,CHEMBL762913,CHEMBL230,6.19
CHEMBL319999,COc1ccc2c(c1)c(CC(=O)NCCc1ccccc1)c(C)n2Cc1ccc(Br)cc1,IC50,66000.0,nM,>,CHEMBL658501,CHEMBL230,
CHEMBL111590,NS(=O)(=O)c1ccc(C2=C(c3ccc(Cl)cc3)CCC2)cc1,IC50,3.0,nM,=,CHEMBL760088,CHEMBL230,8.52
CHEMBL97040,COc1ccc2c(c1)c(CC(=O)OCCN1CCOCC1)c(C)n2C(=O)c1ccc(Cl)cc1,IC50,680.0,nM,=,CHEMBL762913,CHEMBL230,6.17
CHEMBL2112399,COC(=O)[C@H](C)NC(=O)Cc1c(C)n(C(=O)c2ccc(Cl)cc2)c2ccc(OC)cc12,IC50,190.0,nM,=,CHEMBL762913,CHEMBL230,6.72
CHEMBL319578,COc1ccc2c(c1)c(CC(=O)N[C@@H](C)c1ccc(C)cc1)c(C)n2C(=O)c1ccc(Cl)cc1,IC50,200.0,nM,=,CHEMBL762913,CHEMBL230,6.70
CHEMBL329480,COc1ccc2c(c1)c(CC(=O)Nc1cccnc1)c(C)n2C(=O)c1ccc(Cl)cc1,IC50,52.0,nM,=,CHEMBL762913,CHEMBL230,7.28
CHEMBL111321,NS(=O)(=O)c1ccc(C2=C(c3ccc(Cl)c(Cl)c3)CCC2)cc1,IC50,2.0,nM,=,CHEMBL760088,CHEMBL230,8.70
CHEMBL42485,CS(=O)(=O)c1ccc(-c2cc(Br)sc2-c2ccc(F)cc2)cc1,IC50,10.0,nM,=,CHEMBL760088,CHEMBL230,8.00
CHEMBL97411,CCCCCCCCOC(=O)Cc1c(C)n(C(=O)c2ccc(Cl)cc2)c2ccc(OC)cc12,IC50,90.0,nM,=,CHEMBL762913,CHEMBL230,7.05
CHEMBL95052,COc1ccc2c(c1)c(CC(=O)N1CCCCC1)c(C)n2C(=O)c1ccc(Cl)cc1,IC50,17000.0,nM,>,CHEMBL762913,CHEMBL230,
CHEMBL95469,COc1ccc2c(c1)c(CC(=O)Nc1ccc(NC(C)=O)cc1)c(C)n2C(=O)c1ccc(Cl)cc1,IC50,120.0,nM,=,CHEMBL762913,CHEMBL230,6.92
CHEMBL111562,COc1ccc(C2=C(c3ccc(S(N)(=O)=O)cc3)CCC2)cc1,IC50,2.0,nM,=,CHEMBL760088,CHEMBL230,8.70
CHEMBL336011,NS(=O)(=O)c1ccc(C2=C(c3cc(F)c(F)c(F)c3)CCC2)cc1,IC50,2900.0,nM,=,CHEMBL760088,CHEMBL230,5.54
CHEMBL330194,CCCCCCCOC(=O)Cc1c(C)n(C(=O)c2ccc(Cl)cc2)c2ccc(OC)cc12,IC50,40.0,nM,=,CHEMBL762913,CHEMBL230,7.40
CHEMBL72631,COc1ccc2c(c1)c(CC(=O)N1CCOCC1)c(C)n2C(=O)c1ccc(Cl)cc1,IC50,33000.0,nM,>,CHEMBL762913,CHEMBL230,
CHEMBL100092,CCCCCCOC(=O)Cc1c(C)n(C(=O)c2ccc(Cl)cc2)c2ccc(OC)cc12,IC50,60.0,nM,=,CHEMBL762913,CHEMBL230,7.22
CHEMBL24415,COc1ccc2c(c1)c(CC(=O)NCCO)c(C)n2C(=O)c1ccc(Cl)cc1,IC50,250.0,nM,=,CHEMBL762913,CHEMBL230,6.60
CHEMBL317332,COc1ccc2c(c1)c(CC(=O)NCc1ccc(C)cc1)c(C)n2C(=O)c1ccc(Cl)cc1,IC50,60.0,nM,=,CHEMBL762913,CHEMBL230,7.22
CHEMBL328161,COc1ccc2c(c1)c(CC(=O)Nc1cc(OC)c(OC)c(OC)c1)c(C)n2C(=O)c1ccc(Cl)cc1,IC50,1000.0,nM,>,CHEMBL762913,CHEMBL230,
CHEMBL317321,CCn1nccc1NC(=O)Cc1c(C)n(C(=O)c2ccc(Cl)cc2)c2ccc(OC)cc12,IC50,700.0,nM,=,CHEMBL762913,CHEMBL230,6.16
CHEMBL320140,COc1ccc2c(c1)c(CC(=O)O)c(C)n2Cc1ccc(Br)cc1,IC50,2500.0,nM,=,CHEMBL762913,CHEMBL230,5.60
CHEMBL109623,CN(C)c1ccc(C2=C(c3ccc(S(C)(=O)=O)cc3)CCC2)cc1Cl,IC50,5.0,nM,=,CHEMBL760088,CHEMBL230,8.30
CHEMBL108201,COc1ccc(C2=C(c3ccc(S(C)(=O)=O)cc3)CCC2)cc1,IC50,0.5,nM,=,CHEMBL760088,CHEMBL230,9.30
CHEMBL109030,CS(=O)(=O)c1ccc(C2=C(c3ccc(C(F)(F)F)cc3)CCC2)cc1,IC50,870.0,nM,=,CHEMBL760088,CHEMBL230,6.06
CHEMBL318410,COc1ccc2c(c1)c(CC(=O)OC1CCCCC1)c(C)n2C(=O)c1ccc(Cl)cc1,IC50,120.0,nM,=,CHEMBL762913,CHEMBL230,6.92
CHEMBL95989,CCCC/C=C/COC(=O)Cc1c(C)n(C(=O)c2ccc(Cl)cc2)c2ccc(OC)cc12,IC50,50.0,nM,=,CHEMBL762913,CHEMBL230,7.30
CHEMBL100331,CCCCCCCCNC(=O)Cc1c(C)n(C(=O)c2ccc(Cl)cc2)c2ccc(OC)cc12,IC50,40.0,nM,=,CHEMBL762913,CHEMBL230,7.40
CHEMBL96011,COc1ccc2c(c1)c(CC(=O)Nc1ccc(SC)cc1)c(C)n2C(=O)c1ccc(Cl)cc1,IC50,120.0,nM,=,CHEMBL762913,CHEMBL230,6.92
CHEMBL358140,CS(=O)(=O)c1ccc(C2=C(c3cc(F)c(F)c(F)c3)CCC2)cc1,IC50,100000.0,nM,>,CHEMBL760088,CHEMBL230,
CHEMBL127674,Cc1ccc(C2=C(c3ccc(S(C)(=O)=O)cc3)CCC2)cc1,IC50,3.0,nM,=,CHEMBL760088,CHEMBL230,8.52
CHEMBL98514,COc1ccc2c(c1)c(CC(=O)Nc1cncc(Cl)c1)c(C)n2C(=O)c1ccc(Cl)cc1,IC50,47.0,nM,=,CHEMBL762913,CHEMBL230,7.33
CHEMBL111095,COc1ccc(C2=C(c3ccc(S(N)(=O)=O)cc3)CCC2)cc1Cl,IC50,9.0,nM,=,CHEMBL760088,CHEMBL230,8.05
CHEMBL265078,COc1ccc2c(c1)c(CC(=O)Nc1ccc(Cl)cc1)c(C)n2C(=O)c1ccc(Cl)cc1,IC50,55.0,nM,=,CHEMBL762913,CHEMBL230,7.26
CHEMBL6,COc1ccc2c(c1)c(CC(=O)O)c(C)n2C(=O)c1ccc(Cl)cc1,IC50,900.0,nM,=,CHEMBL760088,CHEMBL230,6.05
CHEMBL97467,COc1ccc2c(c1)c(CC(=O)Oc1cc(C)cc(C)c1)c(C)n2C(=O)c1ccc(Cl)cc1,IC50,8000.0,nM,>,CHEMBL762913,CHEMBL230,
CHEMBL327510,CCN(CC)C(=O)Cc1c(C)n(C(=O)c2ccc(Cl)cc2)c2ccc(OC)cc12,IC50,25000.0,nM,=,CHEMBL762913,CHEMBL230,4.60
CHEMBL318053,CCC#CCC(C)OC(=O)Cc1c(C)n(C(=O)c2ccc(Cl)cc2)c2ccc(OC)cc12,IC50,120.0,nM,=,CHEMBL762913,CHEMBL230,6.92
CHEMBL433160,COc1ccc2c(c1)c(CC(=O)OCCNC(=O)OC(C)(C)C)c(C)n2C(=O)c1ccc(Cl)cc1,IC50,45.0,nM,=,CHEMBL762913,CHEMBL230,7.35
CHEMBL110846,NS(=O)(=O)c1ccc(C2=C(c3ccc(C(F)(F)F)c(F)c3)CCC2)cc1,IC50,170.0,nM,=,CHEMBL760088,CHEMBL230,6.77
CHEMBL94944,COc1ccc2c(c1)c(CC(=O)Nc1cnccn1)c(C)n2C(=O)c1ccc(Cl)cc1,IC50,4000.0,nM,=,CHEMBL762913,CHEMBL230,5.40
CHEMBL287919,CS(=O)(=O)Nc1cc2c(cc1Sc1ccc(F)cc1F)C(=O)CC2,IC50,20.0,nM,=,CHEMBL760088,CHEMBL230,7.70
CHEMBL111657,CS(=O)(=O)c1ccc(C2=C(c3ccc(F)c(F)c3)CCC2)cc1,IC50,51.0,nM,=,CHEMBL760088,CHEMBL230,7.29
CHEMBL322949,CS(=O)(=O)c1ccc(C2=C(c3ccc(F)c(Cl)c3)CCC2)cc1,IC50,30.0,nM,=,CHEMBL760088,CHEMBL230,7.52
CHEMBL6,COc1ccc2c(c1)c(CC(=O)O)c(C)n2C(=O)c1ccc(Cl)cc1,IC50,750.0,nM,=,CHEMBL762913,CHEMBL230,6.12
CHEMBL95640,COc1ccc2c(c1)c(CC(=O)OCCc1ccccc1)cn2C(=O)c1ccc(Cl)cc1,IC50,66000.0,nM,>,CHEMBL762913,CHEMBL230,
CHEMBL265562,NS(=O)(=O)c1ccc(C2=C(c3ccc(F)cc3)CCC2)cc1,IC50,7.0,nM,=,CHEMBL760088,CHEMBL230,8.15
CHEMBL329052,COc1ccc2c(c1)c(CC(=O)OC(C)C)c(C)n2C(=O)c1ccc(Cl)cc1,IC50,250.0,nM,=,CHEMBL762913,CHEMBL230,6.60
CHEMBL319148,COc1ccc2c(c1)c(CC(=O)Nc1cccnc1Cl)c(C)n2C(=O)c1ccc(Cl)cc1,IC50,50.0,nM,=,CHEMBL762913,CHEMBL230,7.30
CHEMBL111787,NS(=O)(=O)c1ccc(C2=C(c3ccc(F)c(F)c3)CCC2)cc1,IC50,18.0,nM,=,CHEMBL760088,CHEMBL230,7.75
CHEMBL321643,COc1c(Cl)cc(C2=C(c3ccc(S(N)(=O)=O)cc3)CCC2)cc1Cl,IC50,9.0,nM,=,CHEMBL760088,CHEMBL230,8.05
CHEMBL316866,COc1ccc(OC(=O)Cc2c(C)n(C(=O)c3ccc(Cl)cc3)c3ccc(OC)cc23)cc1,IC50,40.0,nM,=,CHEMBL762913,CHEMBL230,7.40
CHEMBL327751,COc1ccc2c(c1)c(CC(=O)Nc1ccc(C(N)=O)cc1)c(C)n2C(=O)c1ccc(Cl)cc1,IC50,140.0,nM,=,CHEMBL762913,CHEMBL230,6.85
CHEMBL319359,COc1ccc2c(c1)c(CC(=O)NOCc1ccc([N+](=O)[O-])cc1)c(C)n2C(=O)c1ccc(Cl)cc1,IC50,60.0,nM,=,CHEMBL762913,CHEMBL230,7.22
CHEMBL324863,COc1ccc(C2=C(c3ccc(S(C)(=O)=O)cc3)CCC2)cc1Cl,IC50,140.0,nM,=,CHEMBL760088,CHEMBL230,6.85
CHEMBL318495,CNC(=O)Cc1c(C)n(C(=O)c2ccc(Cl)cc2)c2ccc(OC)cc12,IC50,700.0,nM,=,CHEMBL762913,CHEMBL230,6.16
CHEMBL95558,COC(=O)Cc1ccc(NC(=O)Cc2c(C)n(C(=O)c3ccc(Cl)cc3)c3ccc(OC)cc23)cc1,IC50,58.0,nM,=,CHEMBL762913,CHEMBL230,7.24
CHEMBL97219,COc1ccc2c(c1)c(CC(=O)Nc1cc(C)c(C(=O)Nc3ccccc3)cc1OC)c(C)n2C(=O)c1ccc(Cl)cc1,IC50,600.0,nM,=,CHEMBL762913,CHEMBL230,6.22
CHEMBL111427,COc1ccc(C2=C(c3ccc(S(N)(=O)=O)cc3)CCC2)cc1F,IC50,16.0,nM,=,CHEMBL760088,CHEMBL230,7.80
CHEMBL95380,COc1ccc2c(c1)c(CC(=O)NCCOC(=O)/C=C/c1ccc(N(C)C)cc1)c(C)n2C(=O)c1ccc(Cl)cc1,IC50,190.0,nM,=,CHEMBL762913,CHEMBL230,6.72
CHEMBL97808,COc1ccc2c(c1)c(CC(=O)Nc1ncc(C)s1)c(C)n2C(=O)c1ccc(Cl)cc1,IC50,4000.0,nM,=,CHEMBL762913,CHEMBL230,5.40
CHEMBL316484,COc1ccc2c(c1)c(CC(=O)OCCc1ccccc1)c(C)n2Cc1ccc(Br)cc1,IC50,66000.0,nM,>,CHEMBL658501,CHEMBL230,
CHEMBL111314,COc1ccc(C2=C(c3ccc(S(C)(=O)=O)cc3)CCC2)cc1F,IC50,120.0,nM,=,CHEMBL760088,CHEMBL230,6.92
CHEMBL111356,CN(C)c1ccc(C2=C(c3ccc(S(N)(=O)=O)cc3)CCC2)cc1Cl,IC50,2.0,nM,=,CHEMBL760088,CHEMBL230,8.70
CHEMBL319764,COc1ccc2c(c1)c(CC(=O)NCCCCl)c(C)n2C(=O)c1ccc(Cl)cc1,IC50,50.0,nM,=,CHEMBL762913,CHEMBL230,7.30
CHEMBL95508,COC(=O)CNC(=O)Cc1c(C)n(C(=O)c2ccc(Cl)cc2)c2ccc(OC)cc12,IC50,4000.0,nM,=,CHEMBL762913,CHEMBL230,5.40
CHEMBL95572,COc1ccc2c(c1)c(CC(=O)NCc1ccccc1C)c(C)n2C(=O)c1ccc(Cl)cc1,IC50,150.0,nM,=,CHEMBL762913,CHEMBL230,6.82
CHEMBL111786,NS(=O)(=O)c1ccc(C2=C(c3ccc(F)c(Cl)c3)CCC2)cc1,IC50,10.0,nM,=,CHEMBL760088,CHEMBL230,8.00
CHEMBL274893,CS(=O)(=O)c1ccc(C2=C(c3ccc(F)cc3)CCC2)cc1,IC50,26.0,nM,=,CHEMBL760088,CHEMBL230,7.58
CHEMBL97562,COc1ccc2c(c1)c(CC(=O)Oc1ccc(NC(C)=O)cc1)c(C)n2C(=O)c1ccc(Cl)cc1,IC50,50.0,nM,=,CHEMBL762913,CHEMBL230,7.30
CHEMBL421385,COc1ccc2c(c1)c(CC(=O)NOCc1ccccc1)c(C)n2C(=O)c1ccc(Cl)cc1,IC50,50.0,nM,=,CHEMBL762913,CHEMBL230,7.30
CHEMBL329292,COc1ccc2c(c1)c(CC(=O)Nc1ccc(-c3ccccc3)cc1)c(C)n2C(=O)c1ccc(Cl)cc1,IC50,500.0,nM,=,CHEMBL762913,CHEMBL230,6.30
CHEMBL323732,CS(=O)(=O)c1ccc(C2=C(c3ccc(C(F)(F)F)c(F)c3)CCC2)cc1,IC50,760.0,nM,=,CHEMBL760088,CHEMBL230,6.12
CHEMBL330200,COc1ccc2c(c1)c(CC(=O)Oc1ccc3ccccc3c1)c(C)n2C(=O)c1ccc(Cl)cc1,IC50,8000.0,nM,>,CHEMBL762913,CHEMBL230,
CHEMBL97042,COc1ccc2c(c1)c(CC(=O)N(C)CCc1ccccc1)c(C)n2C(=O)c1ccc(Cl)cc1,IC50,17000.0,nM,>,CHEMBL762913,CHEMBL230,
CHEMBL96057,COc1ccc2c(c1)c(CC(=O)Oc1ccc(SC)cc1)c(C)n2C(=O)c1ccc(Cl)cc1,IC50,300.0,nM,=,CHEMBL762913,CHEMBL230,6.52
CHEMBL97846,COc1ccc(NC(=O)Cc2c(C)n(C(=O)c3ccc(Cl)cc3)c3ccc(OC)cc23)cc1,IC50,56.0,nM,=,CHEMBL762913,CHEMBL230,7.25
CHEMBL111057,NS(=O)(=O)c1ccc(C2=C(c3ccc(C(F)(F)F)cc3)CCC2)cc1,IC50,150.0,nM,=,CHEMBL760088,CHEMBL230,6.82
CHEMBL328864,CCOC(=O)Cc1c(C)n(C(=O)c2ccc(Cl)cc2)c2ccc(OC)cc12,IC50,100.0,nM,=,CHEMBL762913,CHEMBL230,7.00
CHEMBL318206,COc1ccc2c(c1)c(CC(=O)N[C@H](C)c1ccc(C)cc1)c(C)n2C(=O)c1ccc(Cl)cc1,IC50,60.0,nM,=,CHEMBL762913,CHEMBL230,7.22
CHEMBL421570,COc1ccc2c(c1)c(CC(=O)Nc1ccc(F)cc1)c(C)n2C(=O)c1ccc(Cl)cc1,IC50,60.0,nM,=,CHEMBL762913,CHEMBL230,7.22
CHEMBL423004,CS(=O)(=O)c1ccc(C2=C(c3ccc(F)c(C(F)(F)F)c3)CCC2)cc1,IC50,100000.0,nM,>,CHEMBL760088,CHEMBL230,
CHEMBL95988,CCCCC#CCOC(=O)Cc1c(C)n(C(=O)c2ccc(Cl)cc2)c2ccc(OC)cc12,IC50,250.0,nM,=,CHEMBL762913,CHEMBL230,6.60
CHEMBL319825,COc1ccc2c(c1)c(CC(=O)Oc1ccccc1)c(C)n2C(=O)c1ccc(Cl)cc1,IC50,400.0,nM,=,CHEMBL762913,CHEMBL230,6.40
CHEMBL97088,COc1ccc2c(c1)c(CC(=O)Oc1cccc3ccccc13)c(C)n2C(=O)c1ccc(Cl)cc1,IC50,5000.0,nM,=,CHEMBL762913,CHEMBL230,5.30
CHEMBL96954,COc1ccc2c(c1)c(CC(=O)Oc1cccnc1)c(C)n2C(=O)c1ccc(Cl)cc1,IC50,50.0,nM,=,CHEMBL762913,CHEMBL230,7.30
CHEMBL95402,CCCCCCCCCNC(=O)Cc1c(C)n(C(=O)c2ccc(Cl)cc2)c2ccc(OC)cc12,IC50,40.0,nM,=,CHEMBL762913,CHEMBL230,7.40
CHEMBL95659,COc1ccc2c(c1)c(CC(=O)NNCc1ccccc1)c(C)n2C(=O)c1ccc(Cl)cc1,IC50,2500.0,nM,=,CHEMBL762913,CHEMBL230,5.60
CHEMBL95625,COc1ccc2c(c1)c(CC(=O)Oc1ccccc1SC)c(C)n2C(=O)c1ccc(Cl)cc1,IC50,60.0,nM,=,CHEMBL762913,CHEMBL230,7.22
CHEMBL97834,COc1ccc2c(c1)c(CC(=O)N(C)C)c(C)n2C(=O)c1ccc(Cl)cc1,IC50,18000.0,nM,=,CHEMBL762913,CHEMBL230,4.75
CHEMBL95311,COc1ccc2c(c1)c(CC(=O)NCCc1ccccc1)c(C)n2C(=O)c1ccc(Cl)cc1,IC50,60.0,nM,=,CHEMBL762913,CHEMBL230,7.22
CHEMBL95921,COc1ccc2c(c1)c(CC(N)=O)c(C)n2C(=O)c1ccc(Cl)cc1,IC50,700.0,nM,=,CHEMBL762913,CHEMBL230,6.16
CHEMBL330162,COc1ccc2c(c1)c(CC(=O)NCc1ccc(C(C)=O)cc1)c(C)n2C(=O)c1ccc(Cl)cc1,IC50,80.0,nM,=,CHEMBL762913,CHEMBL230,7.10
CHEMBL330381,COc1ccc2c(c1)c(CC(=O)Nc1cccc(SC)c1)c(C)n2C(=O)c1ccc(Cl)cc1,IC50,220.0,nM,=,CHEMBL762913,CHEMBL230,6.66
CHEMBL424063,NS(=O)(=O)c1ccc(C2=C(c3ccc4c(c3)OCO4)CCC2)cc1,IC50,2.0,nM,=,CHEMBL760088,CHEMBL230,8.70
CHEMBL321160,COc1c(Cl)cc(C2=C(c3ccc(S(C)(=O)=O)cc3)CCC2)cc1Cl,IC50,17.0,nM,=,CHEMBL760088,CHEMBL230,7.77
CHEMBL97179,CCCCOC(=O)Cc1c(C)n(C(=O)c2ccc(Cl)cc2)c2ccc(OC)cc12,IC50,50.0,nM,=,CHEMBL762913,CHEMBL230,7.30
CHEMBL95643,COc1ccc2c(c1)c(CC(=O)OCCc1ccccc1)c(C)n2C(=O)c1ccc(Cl)cc1,IC50,40.0,nM,=,CHEMBL762913,CHEMBL230,7.40
CHEMBL95479,COc1ccc2c(c1)c(CC(=O)OCCC1CCCCC1)c(C)n2C(=O)c1ccc(Cl)cc1,IC50,1000.0,nM,=,CHEMBL762913,CHEMBL230,6.00
CHEMBL100091,CCCCOCCOC(=O)Cc1c(C)n(C(=O)c2ccc(Cl)cc2)c2ccc(OC)cc12,IC50,60.0,nM,=,CHEMBL762913,CHEMBL230,7.22
CHEMBL97130,COc1ccc2c(c1)c(CC(=O)NCCc1ccccc1)cn2C(=O)c1ccc(Cl)cc1,IC50,66000.0,nM,>,CHEMBL762913,CHEMBL230,
CHEMBL318881,COc1ccc2c(c1)c(CC(=O)Oc1ccc(F)cc1)c(C)n2C(=O)c1ccc(Cl)cc1,IC50,75.0,nM,=,CHEMBL762913,CHEMBL230,7.12
CHEMBL2111594,COC(=O)[C@@H](C)NC(=O)Cc1c(C)n(C(=O)c2ccc(Cl)cc2)c2ccc(OC)cc12,IC50,400.0,nM,=,CHEMBL762913,CHEMBL230,6.40
CHEMBL111597,CS(=O)(=O)c1ccc(C2=C(c3ccc(Cl)c(Cl)c3)CCC2)cc1,IC50,10.0,nM,=,CHEMBL760088,CHEMBL230,8.00
CHEMBL73572,COC(=O)Cc1c(C)n(C(=O)c2ccc(Cl)cc2)c2ccc(OC)cc12,IC50,250.0,nM,=,CHEMBL762913,CHEMBL230,6.60
CHEMBL99933,CCCOC(=O)Cc1c(C)n(C(=O)c2ccc(Cl)cc2)c2ccc(OC)cc12,IC50,100.0,nM,=,CHEMBL762913,CHEMBL230,7.00
CHEMBL122,CS(=O)(=O)c1ccc(C2=C(c3ccccc3)C(=O)OC2)cc1,IC50,1.0,nM,=,CHEMBL769658,CHEMBL230,9.00
CHEMBL154,COc1ccc2cc([C@H](C)C(=O)O)ccc2c1,IC50,9700.0,nM,=,CHEMBL769654,CHEMBL230,5.01
CHEMBL338914,CS(=O)(=O)c1ccc(-c2[nH]c(Cl)c(Cl)c2-c2ccc(F)cc2)cc1,IC50,69000.0,nM,=,CHEMBL769654,CHEMBL230,4.16
CHEMBL319326,CN1CC(c2ccc(F)cc2)=C(c2ccccc2)O1,IC50,5380.0,nM,=,CHEMBL769645,CHEMBL230,5.27
CHEMBL339222,CC(C)(C)OC(=O)n1c(Br)cc(-c2ccc(F)cc2)c1-c1ccc(S(C)(=O)=O)cc1,IC50,300000.0,nM,>,CHEMBL769654,CHEMBL230,
CHEMBL521,CC(C)Cc1ccc(C(C)C(=O)O)cc1,IC50,8000.0,nM,=,CHEMBL769654,CHEMBL230,5.10
CHEMBL165946,CCCCc1cc(-c2ccccc2)n(-c2ccc(S(C)(=O)=O)cc2)n1,IC50,10000.0,nM,>,CHEMBL769657,CHEMBL230,
CHEMBL93,CC(c1cc2ccccc2s1)N(O)C(N)=O,IC50,10000.0,nM,>,CHEMBL769657,CHEMBL230,
CHEMBL126418,CS(=O)(=O)c1ccc(-c2[nH]c(Br)cc2-c2ccc(F)cc2)cc1,IC50,40000.0,nM,=,CHEMBL769654,CHEMBL230,4.40
CHEMBL348825,COC1(c2cc(F)cc(OCc3nc(-c4ccc(F)cc4)c(S(N)(=O)=O)o3)c2)CCOCC1,IC50,100.0,nM,<,CHEMBL769658,CHEMBL230,
CHEMBL127120,CS(=O)(=O)c1ccc(-c2[nH]c(I)cc2-c2ccc(F)cc2)cc1,IC50,92300.0,nM,=,CHEMBL769654,CHEMBL230,4.04
CHEMBL319590,CN1CC(c2ccccc2)=C(c2ccc(F)cc2)O1,IC50,4960.0,nM,=,CHEMBL769645,CHEMBL230,5.30
CHEMBL322240,CC1C(c2ccc(F)cc2)=C(c2ccc(S(C)(=O)=O)cc2)ON1C,IC50,31.6,nM,=,CHEMBL769645,CHEMBL230,7.50
CHEMBL339890,CS(=O)(=O)c1ccc(-c2[nH]c([N+](=O)[O-])cc2-c2ccc(F)cc2)cc1,IC50,63000.0,nM,=,CHEMBL769654,CHEMBL230,4.20
CHEMBL101,CCCCC1C(=O)N(c2ccccc2)N(c2ccccc2)C1=O,IC50,284000.0,nM,=,CHEMBL769654,CHEMBL230,
CHEMBL118,Cc1ccc(-c2cc(C(F)(F)F)nn2-c2ccc(S(N)(=O)=O)cc2)cc1,Delta G,0.0,kCal mol-1,=,CHEMBL768430,CHEMBL230,
CHEMBL339301,CS(=O)(=O)c1ccc(-c2[nH]ccc2-c2ccc(F)cc2)cc1,IC50,12670.0,nM,=,CHEMBL769654,CHEMBL230,4.90
CHEMBL340717,CS(=O)(=O)c1ccc(-c2[nH]c(Cl)cc2-c2ccc(F)cc2)cc1,IC50,42000.0,nM,=,CHEMBL769654,CHEMBL230,4.38
CHEMBL126967,CS(=O)(=O)c1ccc(-c2[nH]c(I)c(I)c2-c2ccc(F)cc2)cc1,IC50,300000.0,nM,>,CHEMBL769654,CHEMBL230,
CHEMBL126345,CS(=O)(=O)c1ccc(-c2[nH]c(SC#N)cc2-c2ccc(F)cc2)cc1,IC50,72000.0,nM,=,CHEMBL769654,CHEMBL230,4.14
CHEMBL329716,Cc1noc(-c2ccc(S(C)(=O)=O)cc2)c1-c1ccc(F)cc1,IC50,100000.0,nM,>,CHEMBL769645,CHEMBL230,
CHEMBL442760,CN1CC(c2ccccc2)=C(c2ccc(S(C)(=O)=O)cc2)O1,IC50,100000.0,nM,>,CHEMBL769645,CHEMBL230,
CHEMBL98193,CN1CC(c2ccc(S(C)(=O)=O)cc2)=C(c2ccccc2)O1,IC50,5380.0,nM,=,CHEMBL769645,CHEMBL230,5.27
CHEMBL7162,CS(=O)(=O)Nc1ccc([N+](=O)[O-])cc1OC1CCCCC1,IC50,1.0,nM,=,CHEMBL769657,CHEMBL230,9.00
CHEMBL97943,CS(=O)(=O)c1ccc(-c2noc(C(F)(F)F)c2-c2ccccc2)cc1,IC50,1000.0,nM,=,CHEMBL769645,CHEMBL230,6.00
CHEMBL341298,CSc1cc(-c2ccc(F)cc2)c(-c2ccc(S(C)(=O)=O)cc2)[nH]1,IC50,34500.0,nM,=,CHEMBL769654,CHEMBL230,4.46
CHEMBL419777,CS(=O)(=O)c1ccc(-c2[nH]c(C#N)cc2-c2ccc(F)cc2)cc1,IC50,64400.0,nM,=,CHEMBL769654,CHEMBL230,4.19
CHEMBL166156,CS(=O)(=O)c1ccc(-n2nc(CO)cc2-c2ccccc2)cc1,IC50,10000.0,nM,=,CHEMBL769657,CHEMBL230,5.00
CHEMBL349370,COC1(c2cc(F)cc(OCc3cc(-c4ccc(Cl)cc4)n(S(N)(=O)=O)n3)c2)CCOCC1,IC50,100.0,nM,<,CHEMBL769658,CHEMBL230,
CHEMBL338126,CS(=O)(=O)c1ccc(-c2[nH]c(S(C)(=O)=O)cc2-c2ccc(F)cc2)cc1,IC50,92300.0,nM,=,CHEMBL769654,CHEMBL230,4.04
CHEMBL164393,CCOC(=O)c1cc(-c2ccccc2)n(-c2ccc(S(C)(=O)=O)cc2)n1,IC50,10000.0,nM,>,CHEMBL769657,CHEMBL230,
CHEMBL29839,COc1ccc(-c2cc(C(F)(F)F)nn2-c2ccc(S(N)(=O)=O)cc2)cc1,Delta G,-0.95,kCal mol-1,=,CHEMBL768430,CHEMBL230,
CHEMBL25,CC(=O)Oc1ccccc1C(=O)O,IC50,18000000.0,nM,=,CHEMBL769654,CHEMBL230,
CHEMBL118,Cc1ccc(-c2cc(C(F)(F)F)nn2-c2ccc(S(N)(=O)=O)cc2)cc1,IC50,56.7,nM,=,CHEMBL769645,CHEMBL230,7.25
CHEMBL28801,CCc1ccc(-c2cc(C(F)(F)F)nn2-c2ccc(S(N)(=O)=O)cc2)cc1,Delta G,1.82,kCal mol-1,=,CHEMBL768430,CHEMBL230,
CHEMBL349518,Cc1cc(-c2ccccc2)n(-c2ccc(S(C)(=O)=O)cc2)n1,IC50,10000.0,nM,>,CHEMBL769657,CHEMBL230,
CHEMBL339221,CS(=O)(=O)c1ccc(-c2[nH]c(Cl)c(Br)c2-c2ccc(F)cc2)cc1,IC50,88000.0,nM,=,CHEMBL769654,CHEMBL230,4.06
CHEMBL423638,COC1(c2cc(F)cc(OCc3cc(-c4ccccc4)n(-c4ccc(S(C)(=O)=O)cc4)n3)c2)CCOCC1,IC50,50.0,nM,=,CHEMBL769657,CHEMBL230,7.30
CHEMBL129861,Cn1c(Br)cc(-c2ccc(F)cc2)c1-c1ccc(S(C)(=O)=O)cc1,IC50,35500.0,nM,=,CHEMBL769654,CHEMBL230,4.45
CHEMBL129308,Cn1ccc(-c2ccc(F)cc2)c1-c1ccc(S(C)(=O)=O)cc1,IC50,20000.0,nM,=,CHEMBL769654,CHEMBL230,4.70
CHEMBL527,CN1C(C(=O)Nc2ccccn2)=C(O)c2ccccc2S1(=O)=O,IC50,218000.0,nM,=,CHEMBL769654,CHEMBL230,
CHEMBL745,NS(=O)(=O)c1ccc(-n2nc(C(F)(F)F)cc2-c2ccc(CO)cc2)cc1,Delta G,4.59,kCal mol-1,=,CHEMBL768430,CHEMBL230,
CHEMBL6,COc1ccc2c(c1)c(CC(=O)O)c(C)n2C(=O)c1ccc(Cl)cc1,IC50,180000.0,nM,=,CHEMBL769654,CHEMBL230,
CHEMBL127642,CS(=O)(=O)c1ccc(-c2[nH]c(C(=O)C(F)(F)F)cc2-c2ccc(F)cc2)cc1,IC50,298200.0,nM,=,CHEMBL769654,CHEMBL230,
CHEMBL127494,Cn1c(Cl)c(Cl)c(-c2ccc(F)cc2)c1-c1ccc(S(C)(=O)=O)cc1,IC50,25000.0,nM,=,CHEMBL769654,CHEMBL230,4.60
CHEMBL126808,CC(=O)n1c(Br)cc(-c2ccc(F)cc2)c1-c1ccc(S(C)(=O)=O)cc1,IC50,300000.0,nM,=,CHEMBL769654,CHEMBL230,
CHEMBL127203,Cn1c(Br)c(Br)c(-c2ccc(F)cc2)c1-c1ccc(S(C)(=O)=O)cc1,IC50,55670.0,nM,=,CHEMBL769654,CHEMBL230,4.25
CHEMBL444805,CC1C(c2ccccc2)=C(c2ccc(S(C)(=O)=O)cc2)ON1C,IC50,4.2,nM,=,CHEMBL769645,CHEMBL230,8.38
CHEMBL319306,CS(=O)(=O)c1ccc(-c2cscc2-c2ccc(F)cc2)cc1,IC50,80.0,nM,=,CHEMBL768960,CHEMBL230,7.10
CHEMBL443278,CC[C@]1(C)OC(=O)C(OC(C)C)=C1c1ccc(S(C)(=O)=O)cc1,IC50,400.0,nM,=,CHEMBL763094,CHEMBL230,6.40
CHEMBL42485,CS(=O)(=O)c1ccc(-c2cc(Br)sc2-c2ccc(F)cc2)cc1,IC50,14.0,nM,=,CHEMBL768960,CHEMBL230,7.85
CHEMBL325442,CC(C)OC1=C(c2ccc(S(C)(=O)=O)cc2)C(C)(CC(F)(F)F)OC1=O,IC50,1300.0,nM,=,CHEMBL763094,CHEMBL230,5.89
CHEMBL316823,NS(=O)(=O)c1ccc(-c2cscc2-c2ccc(F)cc2)cc1,IC50,8.0,nM,=,CHEMBL768960,CHEMBL230,8.10
CHEMBL97874,COc1ccc(-c2cscc2-c2ccc(S(N)(=O)=O)cc2)cc1F,IC50,9.0,nM,=,CHEMBL768960,CHEMBL230,8.05
CHEMBL328837,CS(=O)(=O)c1ccc(-c2csc(Br)c2-c2ccc(F)cc2)cc1,IC50,15.0,nM,=,CHEMBL768960,CHEMBL230,7.82
CHEMBL98903,COc1ccc(-c2cscc2-c2ccc(S(C)(=O)=O)cc2)cc1,IC50,50.0,nM,=,CHEMBL768960,CHEMBL230,7.30
CHEMBL10345,CC(C)OC1=C(c2ccc(S(C)(=O)=O)cc2)C(C)(C)OC1=O,IC50,300.0,nM,=,CHEMBL763094,CHEMBL230,6.52
CHEMBL100422,COc1ccc(-c2cscc2-c2ccc(S(C)(=O)=O)cc2)cc1F,IC50,30.0,nM,=,CHEMBL768960,CHEMBL230,7.52
CHEMBL319072,CS(=O)(=O)c1ccc(-c2c(Br)sc(Br)c2-c2ccc(F)cc2)cc1,IC50,700.0,nM,=,CHEMBL768960,CHEMBL230,6.16
CHEMBL111904,CC[C@@]1(C)OC(=O)C(OC(C)C)=C1c1ccc(S(C)(=O)=O)cc1,IC50,500.0,nM,=,CHEMBL763094,CHEMBL230,6.30
CHEMBL97935,CS(=O)(=O)c1ccc(-c2c(-c3ccc(F)cc3)csc2Br)cc1,IC50,100000.0,nM,>,CHEMBL768960,CHEMBL230,
CHEMBL282415,COc1ccc2c(c1)c(Cc1nc(-c3ccc([N+](=O)[O-])cc3)cs1)c(C)n2C(=O)c1ccc(Cl)cc1,IC50,12.0,nM,=,CHEMBL769647,CHEMBL230,7.92
CHEMBL26829,COc1ccc2c(c1)c(Cc1nc(-c3ccc([N+](=O)[O-])cc3)cs1)c(C)n2C(=O)c1ccc(Br)cc1,IC50,7.0,nM,=,CHEMBL769647,CHEMBL230,8.15
CHEMBL423296,COc1ccc2c(c1)c(Cc1nc(-c3ccc(Br)cc3)cs1)c(C)n2C(=O)c1ccc(Cl)cc1,IC50,0.3,nM,=,CHEMBL769647,CHEMBL230,9.52
CHEMBL282015,COc1ccc2c(c1)c(Cc1nc(-c3ccc4ccccc4c3)cs1)c(C)n2C(=O)c1ccc(Cl)cc1,IC50,7.0,nM,=,CHEMBL769647,CHEMBL230,8.15
CHEMBL28332,COc1ccc2c(c1)c(Cc1csc(-c3ccc(Cl)cc3)n1)c(C)n2C(=O)c1ccc(Cl)cc1,Inhibition,16.0,%,=,CHEMBL763168,CHEMBL230,
CHEMBL347705,CCCCCCCCCCCCCCCc1cccc(O)c1CSc1nc2cc(OC)ccc2[nH]1,IC50,1000.0,nM,=,CHEMBL760082,CHEMBL230,6.00
CHEMBL327900,CS(=O)(=O)c1ccc(C2=C(c3ccc(F)cc3)CC3(CCCC3)C2)cc1,IC50,62.0,nM,=,CHEMBL768965,CHEMBL230,7.21
CHEMBL558340,CS(=O)(=O)c1ccc(C2=C(c3ccc(Cl)c(Cl)c3)CC3(CC3)C2)cc1,IC50,3.0,nM,=,CHEMBL768965,CHEMBL230,8.52
CHEMBL88532,COc1ccc(C2=C(c3ccc(S(N)(=O)=O)cc3)CC3(CC3)C2)cc1F,IC50,2.0,nM,=,CHEMBL768965,CHEMBL230,8.70
CHEMBL313387,NS(=O)(=O)c1ccc(C2=C(c3ccc(Cl)c(Cl)c3)CC3(CC3)C2)cc1,IC50,1.0,nM,=,CHEMBL768965,CHEMBL230,9.00
CHEMBL92102,Cc1ccc(C2=C(c3ccc(S(C)(=O)=O)cc3)CC3(CC3)C2)cc1,IC50,1.5,nM,=,CHEMBL768965,CHEMBL230,8.82
CHEMBL89089,COc1ccc(C2=C(c3ccc(S(C)(=O)=O)cc3)CC3(CC3)C2)cc1,IC50,5.0,nM,=,CHEMBL768965,CHEMBL230,8.30
CHEMBL351436,CCCCCCCCCCCCCCCc1cccc(OCC)c1CSc1nc2ccccc2s1,IC50,10000.0,nM,>,CHEMBL760082,CHEMBL230,
CHEMBL25505,COc1ccc2c(c1)c(Cc1nc(-c3ccc(S(C)(=O)=O)cc3)cs1)c(C)n2C(=O)c1ccc(Cl)cc1,Inhibition,33.0,%,=,CHEMBL763168,CHEMBL230,
CHEMBL314225,NS(=O)(=O)c1ccc(C2=C(c3ccc(F)c(F)c3)CC3(CC3)C2)cc1,IC50,3.0,nM,=,CHEMBL768965,CHEMBL230,8.52
CHEMBL347697,CCCCCCCCCCCCCCCc1cccc(OCC)c1CSc1nc2ccccc2o1,IC50,10000.0,nM,>,CHEMBL760082,CHEMBL230,
CHEMBL282590,COc1ccc2c(c1)c(Cc1nc(-c3ccc(-c4ccccc4)cc3)cs1)c(C)n2C(=O)c1ccc(Cl)cc1,Inhibition,21.0,%,=,CHEMBL763168,CHEMBL230,
CHEMBL280544,COc1ccc2c(c1)c(Cc1nc(C(=O)O)cs1)c(C)n2C(=O)c1ccc(Cl)cc1,Inhibition,2.0,%,=,CHEMBL763168,CHEMBL230,
CHEMBL24687,COc1ccc2c(c1)c(Cc1csc(N)n1)c(C)n2C(=O)c1ccc(Cl)cc1,IC50,390.0,nM,=,CHEMBL769647,CHEMBL230,6.41
CHEMBL88899,COc1ccc(C2=C(c3ccc(S(C)(=O)=O)cc3)CC3(CC3)C2)cc1Cl,IC50,17.0,nM,=,CHEMBL768965,CHEMBL230,7.77
CHEMBL161788,CCCCCCCCCCCCCCCc1cccc(OC)c1CSc1nc2cc(C)ccc2[nH]1,IC50,2630.0,nM,=,CHEMBL760082,CHEMBL230,5.58
CHEMBL89625,COc1ccc(C2=CC3(C=C2c2ccc(S(C)(=O)=O)cc2)CC3)cc1Cl,IC50,27.0,nM,=,CHEMBL768965,CHEMBL230,7.57
CHEMBL86363,COc1ccc(C2=C(c3ccc(S(C)(=O)=O)cc3)CC3(CC3)C2)cc1Br,IC50,13.0,nM,=,CHEMBL768965,CHEMBL230,7.89
CHEMBL24144,COc1ccc2c(c1)c(Cc1nc(-c3cccc([N+](=O)[O-])c3)cs1)c(C)n2C(=O)c1ccc(Cl)cc1,Inhibition,85.0,%,=,CHEMBL763168,CHEMBL230,
CHEMBL28220,COc1ccc2c(c1)c(Cc1nc(-c3ccc(Cl)cc3)cs1)c(C)n2C(=O)c1ccc(Br)cc1,IC50,7.0,nM,=,CHEMBL769647,CHEMBL230,8.15
CHEMBL432945,COc1ccc(C2=C(c3ccc(S(N)(=O)=O)cc3)CC3(CC3)C2)cc1,IC50,1.0,nM,=,CHEMBL768965,CHEMBL230,9.00
CHEMBL161619,CCCCCCCCCCCCCCCc1cccc(OC)c1CSc1nc2ccccc2o1,IC50,2770.0,nM,=,CHEMBL760082,CHEMBL230,5.56
CHEMBL24407,COc1ccc2c(c1)c(Cc1nc(-c3cccc(Br)c3)cs1)c(C)n2C(=O)c1ccc(Cl)cc1,IC50,8.0,nM,=,CHEMBL769647,CHEMBL230,8.10
CHEMBL313313,COc1ccc(C2=C(c3ccc(S(N)(=O)=O)cc3)CC3(CC3)C2)cc1Br,IC50,2.0,nM,=,CHEMBL768965,CHEMBL230,8.70
CHEMBL91258,CS(=O)(=O)c1ccc(C2=C(c3ccc(Cl)cc3Cl)CC3(CC3)C2)cc1,IC50,33.0,nM,=,CHEMBL768965,CHEMBL230,7.48
CHEMBL315520,COc1c(Cl)cc(C2=C(c3ccc(S(C)(=O)=O)cc3)CC3(CC3)C2)cc1Cl,IC50,6.0,nM,=,CHEMBL768965,CHEMBL230,8.22
CHEMBL27208,Cc1c(Cc2nc(-c3ccc([N+](=O)[O-])cc3)cs2)c2cc(Br)ccc2n1C(=O)c1ccc(Br)cc1,Inhibition,7.0,%,=,CHEMBL763168,CHEMBL230,
CHEMBL88493,COc1c(Cl)cc(C2=C(c3ccc(S(N)(=O)=O)cc3)CC3(CC3)C2)cc1Cl,IC50,4.0,nM,=,CHEMBL768965,CHEMBL230,8.40
CHEMBL279443,CCN(CC)c1ccc(-c2csc(Cc3c(C)n(C(=O)c4ccc(Cl)cc4)c4ccc(OC)cc34)n2)cc1,Inhibition,36.0,%,=,CHEMBL763168,CHEMBL230,
CHEMBL424592,COc1ccc2c(c1)c(Cc1nc(C(C)C)cs1)c(C)n2C(=O)c1ccc(Cl)cc1,Inhibition,1.0,%,=,CHEMBL763168,CHEMBL230,
CHEMBL28155,COc1ccc2c(c1)c(Cc1nc(-c3csc4ccccc34)cs1)c(C)n2C(=O)c1ccc(Cl)cc1,IC50,1.0,nM,=,CHEMBL769647,CHEMBL230,9.00
CHEMBL284435,COc1ccc2c(c1)c(Cc1nc(C34C[C@H]5C[C@@H](C3)C[C@@H](C4)C5)cs1)c(C)n2C(=O)c1ccc(Cl)cc1,Inhibition,6.0,%,=,CHEMBL763168,CHEMBL230,
CHEMBL274893,CS(=O)(=O)c1ccc(C2=C(c3ccc(F)cc3)CCC2)cc1,IC50,2.6,nM,=,CHEMBL768965,CHEMBL230,8.59
CHEMBL88717,NS(=O)(=O)c1ccc(C2=C(c3ccc(Cl)cc3)CC3(CC3)C2)cc1,IC50,1.0,nM,=,CHEMBL768965,CHEMBL230,9.00
CHEMBL122,CS(=O)(=O)c1ccc(C2=C(c3ccccc3)C(=O)OC2)cc1,IC50,57.0,nM,=,CHEMBL760082,CHEMBL230,7.24
CHEMBL27875,COc1ccc2c(c1)c(Cc1nc(-c3ccc(Cl)cc3)cs1)c(C)n2C(=O)c1ccc(Cl)cc1,IC50,14.0,nM,=,CHEMBL769647,CHEMBL230,7.85
CHEMBL27210,COc1ccc2c(c1)c(Cc1nc(-c3ccc(C(=O)O)cc3)cs1)c(C)n2C(=O)c1ccc(Br)cc1,Inhibition,10.0,%,=,CHEMBL763168,CHEMBL230,
CHEMBL92107,CS(=O)(=O)c1ccc(C2=C(c3ccc(F)c(F)c3)CC3(CC3)C2)cc1,IC50,3.3,nM,=,CHEMBL768965,CHEMBL230,8.48
CHEMBL160295,CCCCCCCCCCCCCCCc1cccc(OCC)c1CSc1nc2cc(OC(F)F)ccc2[nH]1,IC50,10000.0,nM,>,CHEMBL760082,CHEMBL230,
CHEMBL27284,Cc1c(Cc2nc(-c3ccc([N+](=O)[O-])cc3)cs2)c2cc(F)ccc2n1C(=O)c1ccc(Br)cc1,Inhibition,40.0,%,=,CHEMBL763168,CHEMBL230,
CHEMBL92154,CS(=O)(=O)c1ccc(C2=C(c3ccc(F)cc3)CC3(CC3)C2)cc1,IC50,8.0,nM,=,CHEMBL768965,CHEMBL230,8.10
CHEMBL158733,CCCCCCCCCCCCCCCc1cccc(OCC)c1CSc1nc2cc(C)ccc2[nH]1,IC50,10000.0,nM,>,CHEMBL760082,CHEMBL230,
CHEMBL158495,CCCCCCCCCCCCCCCc1cccc(OC)c1CSc1nc2ccccc2s1,IC50,1060.0,nM,=,CHEMBL760082,CHEMBL230,5.97
CHEMBL281513,COc1ccc2c(c1)c(Cc1nc(-c3ccc(C(=O)O)cc3)cs1)c(C)n2C(=O)c1ccc(Cl)cc1,IC50,120.0,nM,=,CHEMBL769647,CHEMBL230,6.92
CHEMBL329999,CS(=O)(=O)c1ccc(C2=C(c3ccc(C(F)(F)F)cc3)CC3(CC3)C2)cc1,IC50,2.0,nM,=,CHEMBL768965,CHEMBL230,8.70
CHEMBL88286,CS(=O)(=O)c1ccc(C2=C(c3ccc(F)c(Cl)c3)CC3(CC3)C2)cc1,IC50,7.0,nM,=,CHEMBL768965,CHEMBL230,8.15
CHEMBL17184,NS(=O)(=O)c1ccc(C2=C(c3ccc(F)cc3)CC3(CC3)C2)cc1,IC50,3.0,nM,=,CHEMBL768965,CHEMBL230,8.52
CHEMBL89263,CS(=O)(=O)c1ccc(C2=C(c3ccc(OC(F)(F)F)cc3)CC3(CC3)C2)cc1,IC50,135.0,nM,=,CHEMBL768965,CHEMBL230,6.87
CHEMBL283902,COc1ccc2c(c1)c(Cc1csc(-c3ccccc3Cl)n1)c(C)n2C(=O)c1ccc(Cl)cc1,Inhibition,42.0,%,=,CHEMBL763168,CHEMBL230,
CHEMBL314297,CS(=O)(=O)c1ccc(C2=C(c3ccc(F)cc3F)CC3(CC3)C2)cc1,IC50,22.0,nM,=,CHEMBL768965,CHEMBL230,7.66
CHEMBL283068,COc1ccc2c(c1)c(Cc1csc(-c3ccncc3)n1)c(C)n2C(=O)c1ccc(Cl)cc1,Inhibition,75.0,%,=,CHEMBL763168,CHEMBL230,
CHEMBL327384,CS(=O)(=O)c1ccc(C2=C(c3ccc(Cl)cc3)CC3(CC3)C2)cc1,IC50,1.0,nM,=,CHEMBL768965,CHEMBL230,9.00
CHEMBL160178,CCCCCCCCCCCCCCCc1cccc(OC)c1CSc1nc2cc(OC(F)F)ccc2[nH]1,IC50,10000.0,nM,>,CHEMBL760082,CHEMBL230,
CHEMBL283660,COc1ccc2c(c1)c(Cc1nc(-c3ccc(F)cc3)cs1)c(C)n2C(=O)c1ccc(Cl)cc1,IC50,12.0,nM,=,CHEMBL769647,CHEMBL230,7.92
CHEMBL330314,NS(=O)(=O)c1ccc(C2=C(c3ccc(C(F)(F)F)cc3)CC3(CC3)C2)cc1,IC50,1.0,nM,=,CHEMBL768965,CHEMBL230,9.00
CHEMBL315585,COc1ccc(C2=C(c3ccc(S(N)(=O)=O)cc3)CC3(CC3)C2)cc1Cl,IC50,2.0,nM,=,CHEMBL768965,CHEMBL230,8.70
CHEMBL159206,CCCCCCCCCCCCCCCc1cccc(OC)c1CSc1nc2cc([N+](=O)[O-])ccc2[nH]1,IC50,2270.0,nM,=,CHEMBL760082,CHEMBL230,5.64
CHEMBL280390,COc1ccc2c(c1)c(Cc1csc(NC(=O)CN)n1)c(C)n2C(=O)c1ccc(Cl)cc1,Inhibition,4.0,%,=,CHEMBL763168,CHEMBL230,
CHEMBL88649,NS(=O)(=O)c1ccc(C2=C(c3ccc(OC(F)(F)F)cc3)CC3(CC3)C2)cc1,IC50,130.0,nM,=,CHEMBL768965,CHEMBL230,6.89
CHEMBL160820,CCCCCCCCCCCCCCCc1cccc(OC)c1CSc1nc2ccccc2[nH]1,IC50,10000.0,nM,>,CHEMBL760082,CHEMBL230,
CHEMBL281224,COc1ccc2c(c1)c(Cc1csc(NC(=O)c3ccncc3)n1)c(C)n2C(=O)c1ccc(Cl)cc1,Inhibition,45.0,%,=,CHEMBL763168,CHEMBL230,
CHEMBL328146,CS(=O)(=O)c1ccc(C2=C(c3ccc(F)cc3)CC3(CCCCC3)C2)cc1,IC50,100000.0,nM,>,CHEMBL768965,CHEMBL230,
CHEMBL88550,COc1ccc(C2=C(c3ccc(S(C)(=O)=O)cc3)CC3(CC3)C2)cc1F,IC50,10.0,nM,=,CHEMBL768965,CHEMBL230,8.00
CHEMBL353353,CCCCCCCCCCCCCCCc1cccc(OCC)c1CSc1nc2cc(OC)ccc2[nH]1,IC50,6250.0,nM,=,CHEMBL760082,CHEMBL230,5.20
CHEMBL88549,CS(=O)(=O)c1ccc(C2=C(c3ccc4c(c3)OCO4)CC3(CC3)C2)cc1,IC50,2.5,nM,=,CHEMBL768965,CHEMBL230,8.60
CHEMBL312822,NS(=O)(=O)c1ccc(C2=C(c3ccc(F)c(Cl)c3)CC3(CC3)C2)cc1,IC50,1.5,nM,=,CHEMBL768965,CHEMBL230,8.82
CHEMBL27211,Cc1c(Cc2nc(-c3ccc(Br)cc3)cs2)c2cc(F)ccc2n1C(=O)c1ccc(Br)cc1,Inhibition,25.0,%,=,CHEMBL763168,CHEMBL230,
CHEMBL27765,CCOC(=O)c1csc(Cc2c(C)n(C(=O)c3ccc(Cl)cc3)c3ccc(OC)cc23)n1,Inhibition,40.0,%,=,CHEMBL763168,CHEMBL230,
CHEMBL280741,Cc1c(Cc2nc(-c3ccc(Cl)cc3)cs2)c2cc(F)ccc2n1C(=O)c1ccc(Br)cc1,Inhibition,37.0,%,=,CHEMBL763168,CHEMBL230,
CHEMBL160418,CCCCCCCCCCCCCCCc1cccc(OC)c1CSc1nc2cc(OC)ccc2[nH]1,IC50,10000.0,nM,>,CHEMBL760082,CHEMBL230,
CHEMBL448426,COc1ccc2c(c1)c(Cc1nc(-c3ccc(F)cc3F)cs1)c(C)n2C(=O)c1ccc(Cl)cc1,Inhibition,75.0,%,=,CHEMBL763168,CHEMBL230,
CHEMBL280625,Cc1c(Cc2nc(-c3ccc(Br)cc3)cs2)c2cc(Br)ccc2n1C(=O)c1ccc(Br)cc1,Inhibition,7.0,%,=,CHEMBL763168,CHEMBL230,
CHEMBL27153,Cc1c(Cc2nc(-c3ccc(Cl)cc3)cs2)c2cc(Br)ccc2n1C(=O)c1ccc(Br)cc1,Inhibition,9.0,%,=,CHEMBL763168,CHEMBL230,
CHEMBL158842,CCCCCCCCCCCCCCCc1cccc(OCC)c1CSc1nc2cc([N+](=O)[O-])ccc2[nH]1,IC50,384000.0,nM,=,CHEMBL760082,CHEMBL230,
CHEMBL6,COc1ccc2c(c1)c(CC(=O)O)c(C)n2C(=O)c1ccc(Cl)cc1,IC50,30.0,nM,=,CHEMBL769647,CHEMBL230,7.52
CHEMBL27986,COc1ccc2c(c1)c(Cc1csc(-c3cccnc3)n1)c(C)n2C(=O)c1ccc(Cl)cc1,Inhibition,20.0,%,=,CHEMBL763168,CHEMBL230,
CHEMBL27982,COc1ccc2c(c1)c(Cc1nc(-c3ccc(Br)cc3)cs1)c(C)n2C(=O)c1ccc(Br)cc1,IC50,30.0,nM,=,CHEMBL769647,CHEMBL230,7.52
CHEMBL89578,CC1(C)CC(c2ccc(F)cc2)=C(c2ccc(S(C)(=O)=O)cc2)C1,IC50,15000.0,nM,=,CHEMBL768965,CHEMBL230,
CHEMBL158421,CCCCCCCCCCCCCCCc1cccc(OCC)c1CSc1nc2ccccc2[nH]1,IC50,1470.0,nM,=,CHEMBL760082,CHEMBL230,5.83
CHEMBL89429,CS(=O)(=O)c1ccc(C2=CC3(C=C2c2ccc(F)cc2)CC3)cc1,IC50,2.6,nM,=,CHEMBL768965,CHEMBL230,8.59
CHEMBL90447,CS(=O)(=O)c1ccc(C2=C(c3ccc(F)cc3)CC3(CCC3)C2)cc1,IC50,4.0,nM,=,CHEMBL768965,CHEMBL230,8.40
CHEMBL151128,CCc1cc(/C=C/S(N)(=O)=O)cc(C(=O)c2ccccc2)c1,IC50,200.0,nM,=,CHEMBL665716,CHEMBL230,6.70
CHEMBL151128,CCc1cc(/C=C/S(N)(=O)=O)cc(C(=O)c2ccccc2)c1,IC50,12000.0,nM,=,CHEMBL664080,CHEMBL230,4.92
CHEMBL28527,NS(=O)(=O)c1ccc(-n2nc(C(F)(F)F)cc2-c2ccc(F)cc2)cc1,IC50,41.0,nM,=,CHEMBL769648,CHEMBL230,7.39
CHEMBL29533,NS(=O)(=O)c1ccc(-n2nc(C(F)(F)F)cc2-c2ccccc2Cl)cc1,IC50,56.0,nM,=,CHEMBL769648,CHEMBL230,7.25
CHEMBL282301,NS(=O)(=O)c1ccc(-n2ncc(Cl)c2-c2ccccc2)cc1,IC50,49.0,nM,=,CHEMBL769648,CHEMBL230,7.31
CHEMBL29839,COc1ccc(-c2cc(C(F)(F)F)nn2-c2ccc(S(N)(=O)=O)cc2)cc1,IC50,8.0,nM,=,CHEMBL769648,CHEMBL230,8.10
CHEMBL28881,CN(C)c1ccc(-c2cc(C(F)(F)F)nn2-c2ccc(S(N)(=O)=O)cc2)cc1,IC50,4.7,nM,=,CHEMBL769648,CHEMBL230,8.33
CHEMBL30236,CCc1cc(-c2cc(C(F)(F)F)nn2-c2ccc(S(N)(=O)=O)cc2)ccc1OC,IC50,430.0,nM,=,CHEMBL769648,CHEMBL230,6.37
CHEMBL299567,COc1ccc(-c2ccccc2-c2ccc(S(C)(=O)=O)cc2)cc1Cl,IC50,11400.0,nM,=,CHEMBL762917,CHEMBL230,4.94
CHEMBL52760,CS(=O)(=O)c1ccc(-c2cc(F)c(F)cc2-c2ccc(F)c(Cl)c2)cc1,IC50,10.0,nM,=,CHEMBL762917,CHEMBL230,8.00
CHEMBL300600,NS(=O)(=O)c1ccc(-c2cc(F)c(F)cc2-c2ccc3c(c2)OCO3)cc1,IC50,4.0,nM,=,CHEMBL762917,CHEMBL230,8.40
CHEMBL55805,Cc1cc(-c2cc(F)c(F)cc2-c2ccc(S(N)(=O)=O)cc2)ccc1Cl,IC50,3.0,nM,=,CHEMBL762917,CHEMBL230,8.52
CHEMBL299806,CN(C)c1ccc(-c2cc(F)c(F)cc2-c2ccc(S(C)(=O)=O)cc2)cc1Cl,IC50,8.0,nM,=,CHEMBL762917,CHEMBL230,8.10
CHEMBL283178,CSc1ccc(-c2cc(C(F)(F)F)nn2-c2ccc(S(N)(=O)=O)cc2)cc1,IC50,9.0,nM,=,CHEMBL769648,CHEMBL230,8.05
CHEMBL28801,CCc1ccc(-c2cc(C(F)(F)F)nn2-c2ccc(S(N)(=O)=O)cc2)cc1,IC50,860.0,nM,=,CHEMBL769648,CHEMBL230,6.07
CHEMBL28528,Cc1ccc(-c2c(C#N)cnn2-c2ccc(S(N)(=O)=O)cc2)cc1,IC50,76.0,nM,=,CHEMBL769648,CHEMBL230,7.12
CHEMBL54412,NS(=O)(=O)c1ccc(-c2ccccc2-c2ccc(F)c(Cl)c2)cc1,IC50,17.0,nM,=,CHEMBL762917,CHEMBL230,7.77
CHEMBL29439,CNc1ccc(-c2cc(C(F)(F)F)nn2-c2ccc(S(N)(=O)=O)cc2)cc1,IC50,16.0,nM,=,CHEMBL769648,CHEMBL230,7.80
CHEMBL745,NS(=O)(=O)c1ccc(-n2nc(C(F)(F)F)cc2-c2ccc(CO)cc2)cc1,IC50,93300.0,nM,=,CHEMBL769648,CHEMBL230,4.03
CHEMBL283038,Cc1ccc(-c2cc(C(F)(F)F)nn2-c2ccc(S(N)(=O)=O)cc2)c(C)c1,IC50,120.0,nM,=,CHEMBL769648,CHEMBL230,6.92
CHEMBL29920,NS(=O)(=O)c1ccc(-n2nc(C(F)(F)F)cc2-c2ccccc2)cc1,IC50,32.0,nM,=,CHEMBL769648,CHEMBL230,7.50
CHEMBL281978,NS(=O)(=O)c1ccc(-n2nc(C(F)(F)F)cc2-c2ccc(Cl)cc2Cl)cc1,IC50,56.0,nM,=,CHEMBL769648,CHEMBL230,7.25
CHEMBL282838,NS(=O)(=O)c1ccc(-n2nc(CO)cc2-c2ccc(Cl)cc2)cc1,IC50,830.0,nM,=,CHEMBL769648,CHEMBL230,6.08
CHEMBL29136,N#Cc1cc(-c2ccc(F)cc2)n(-c2ccc(S(N)(=O)=O)cc2)n1,IC50,340.0,nM,=,CHEMBL769648,CHEMBL230,6.47
CHEMBL54039,COc1ccc(-c2ccccc2-c2ccc(S(N)(=O)=O)cc2)cc1Cl,IC50,19.0,nM,=,CHEMBL762917,CHEMBL230,7.72
CHEMBL298729,CS(=O)(=O)c1ccc(-c2cc3c(cc2-c2ccc(F)cc2)OCO3)cc1,IC50,83.0,nM,=,CHEMBL762917,CHEMBL230,7.08
CHEMBL357540,CN(C)C(=O)c1cc(/C=C/S(N)(=O)=O)cc(C(=O)c2ccccc2)c1,Inhibition,31.0,%,=,CHEMBL664082,CHEMBL230,
CHEMBL27733,CN(C)c1ccccc1-c1cc(C(F)(F)F)nn1-c1ccc(S(N)(=O)=O)cc1,IC50,14300.0,nM,=,CHEMBL769648,CHEMBL230,4.84
CHEMBL52889,COc1ccc(-c2cc(F)c(F)cc2-c2ccc(S(C)(=O)=O)cc2)cc1OC,IC50,340.0,nM,=,CHEMBL762917,CHEMBL230,6.47
CHEMBL54619,Cc1ccc(-c2cc(F)c(F)cc2-c2ccc(S(N)(=O)=O)cc2)nc1,IC50,330.0,nM,=,CHEMBL762917,CHEMBL230,6.48
CHEMBL299251,Cc1ccc(-c2cc(F)c(F)cc2-c2ccc(S(C)(=O)=O)cc2)cn1,IC50,170.0,nM,=,CHEMBL762917,CHEMBL230,6.77
CHEMBL28599,Cc1ccccc1-c1cc(C(F)(F)F)nn1-c1ccc(S(N)(=O)=O)cc1,IC50,69.0,nM,=,CHEMBL769648,CHEMBL230,7.16
CHEMBL29942,COc1ccccc1-c1cc(C(F)(F)F)nn1-c1ccc(S(N)(=O)=O)cc1,IC50,290.0,nM,=,CHEMBL769648,CHEMBL230,6.54
CHEMBL282084,Nc1ccc(-c2cc(C(F)(F)F)nn2-c2ccc(S(N)(=O)=O)cc2)cc1,IC50,340.0,nM,=,CHEMBL769648,CHEMBL230,6.47
CHEMBL29887,COc1ccc(-c2cc(C(F)(F)F)nn2-c2ccc(S(N)(=O)=O)cc2)cc1C,IC50,9.3,nM,=,CHEMBL769648,CHEMBL230,8.03
CHEMBL29766,NS(=O)(=O)c1ccc(-n2nc(C(F)(F)F)c(F)c2-c2ccccc2)cc1,IC50,1.7,nM,=,CHEMBL769648,CHEMBL230,8.77
CHEMBL52019,COc1ccc(-c2cc(F)c(F)cc2-c2ccc(S(C)(=O)=O)cc2)cc1Cl,IC50,19.0,nM,=,CHEMBL762917,CHEMBL230,7.72
CHEMBL405425,NS(=O)(=O)/C=C/c1ccccc1C(=O)c1ccccc1,Inhibition,43.0,%,=,CHEMBL664083,CHEMBL230,
CHEMBL150841,CS(=O)(=O)/C=C/c1ccc(C(=O)c2ccccc2)cc1,Inhibition,6.0,%,=,CHEMBL664083,CHEMBL230,
CHEMBL280636,NS(=O)(=O)c1ccc(-n2nc(C(F)(F)F)c(Cl)c2-c2ccc(Cl)cc2)cc1,IC50,5.3,nM,=,CHEMBL769648,CHEMBL230,8.28
CHEMBL29492,Cc1cc(-c2ccccc2)n(-c2ccc(S(N)(=O)=O)cc2)n1,IC50,62800.0,nM,=,CHEMBL769648,CHEMBL230,4.20
CHEMBL55188,CS(=O)(=O)c1ccc(-c2ccccc2-c2ccc(Cl)cc2)cc1,IC50,140.0,nM,=,CHEMBL762917,CHEMBL230,6.85
CHEMBL442166,COc1ccc(-c2ccccc2-c2ccc(S(N)(=O)=O)cc2)cc1F,IC50,33.0,nM,=,CHEMBL762917,CHEMBL230,7.48
CHEMBL55224,COc1c(Cl)cc(-c2cc(F)c(F)cc2-c2ccc(S(C)(=O)=O)cc2)cc1Cl,IC50,100000.0,nM,>,CHEMBL762917,CHEMBL230,
CHEMBL418448,COc1ccc(-c2cc(F)c(F)cc2-c2ccc(S(C)(=O)=O)cc2)cc1C,IC50,13.0,nM,=,CHEMBL762917,CHEMBL230,7.89
CHEMBL151535,NS(=O)(=O)/C=C/c1cc(CO)cc(C(=O)c2ccccc2)c1,IC50,9700.0,nM,=,CHEMBL665716,CHEMBL230,5.01
CHEMBL29844,COc1c(C)cc(-c2cc(C(F)(F)F)nn2-c2ccc(S(N)(=O)=O)cc2)cc1Cl,IC50,66.0,nM,=,CHEMBL769648,CHEMBL230,7.18
CHEMBL291912,CS(=O)(=O)c1ccc(-c2ccccc2-c2ccc(F)cc2)cc1,IC50,260.0,nM,=,CHEMBL762917,CHEMBL230,6.58
CHEMBL294715,NS(=O)(=O)c1ccc(-c2ccccc2-c2ccc(F)cc2)cc1,IC50,61.0,nM,=,CHEMBL762917,CHEMBL230,7.21
CHEMBL52020,Cc1cc(-c2cc(F)c(F)cc2-c2ccc(S(N)(=O)=O)cc2)ccc1F,IC50,2.0,nM,=,CHEMBL762917,CHEMBL230,8.70
CHEMBL443791,Cc1cc(-c2cc(F)c(F)cc2-c2ccc(S(C)(=O)=O)cc2)ccc1F,IC50,5.0,nM,=,CHEMBL762917,CHEMBL230,8.30
CHEMBL6,COc1ccc2c(c1)c(CC(=O)O)c(C)n2C(=O)c1ccc(Cl)cc1,IC50,900.0,nM,=,CHEMBL762917,CHEMBL230,6.05
CHEMBL150340,CCN(CC)Cc1cc(/C=C/S(N)(=O)=O)cc(C(=O)c2ccccc2)c1,IC50,7100.0,nM,=,CHEMBL665716,CHEMBL230,5.15
CHEMBL29620,NS(=O)(=O)c1ccc(-n2nc(C(F)(F)F)cc2-c2cccc(F)c2)cc1,IC50,7730.0,nM,=,CHEMBL769648,CHEMBL230,5.11
CHEMBL29840,N#Cc1nn(-c2ccc(S(N)(=O)=O)cc2)c(-c2ccc(Cl)cc2)c1Cl,IC50,10.0,nM,=,CHEMBL769648,CHEMBL230,8.00
CHEMBL150363,CC(C(=O)O)c1cc(/C=C/S(C)(=O)=O)cc(C(=O)c2ccccc2)c1,IC50,9700.0,nM,=,CHEMBL665716,CHEMBL230,5.01
CHEMBL359202,Cc1ccc(/C=C/S(N)(=O)=O)cc1C(=O)c1ccccc1,IC50,19000.0,nM,=,CHEMBL665716,CHEMBL230,4.72
CHEMBL285831,NS(=O)(=O)c1ccc(-n2nc(C(F)(F)F)cc2-c2ccc(C(F)(F)F)cc2)cc1,IC50,8230.0,nM,=,CHEMBL769648,CHEMBL230,5.08
CHEMBL282360,COc1ccc(-c2cc(C(F)(F)F)nn2-c2ccc(S(N)(=O)=O)cc2)cc1OC,IC50,600.0,nM,=,CHEMBL769648,CHEMBL230,6.22
CHEMBL28913,CSc1ccc(-c2cc(C(F)(F)F)nn2-c2ccc(S(N)(=O)=O)cc2)cc1C,IC50,3.7,nM,=,CHEMBL769648,CHEMBL230,8.43
CHEMBL282752,NS(=O)(=O)c1ccc(-n2nc(C(F)(F)F)c(O)c2-c2ccccc2)cc1,IC50,3580.0,nM,=,CHEMBL769648,CHEMBL230,5.45
CHEMBL27975,NS(=O)(=O)c1ccc(-n2ncc(Br)c2-c2ccc(Cl)cc2)cc1,IC50,31.0,nM,=,CHEMBL769648,CHEMBL230,7.51
CHEMBL54746,CS(=O)(=O)c1ccc(-c2cc(F)c(F)cc2-c2ccc3c(c2)OCCO3)cc1,IC50,340.0,nM,=,CHEMBL762917,CHEMBL230,6.47
CHEMBL300601,Cc1ccc(-c2cc(F)c(F)cc2-c2ccc(S(C)(=O)=O)cc2)cc1C,IC50,23.0,nM,=,CHEMBL762917,CHEMBL230,7.64
CHEMBL151590,NS(=O)(=O)/C=C/c1ccc(C(=O)c2ccccc2)cc1CO,IC50,8400.0,nM,=,CHEMBL665716,CHEMBL230,5.08
CHEMBL149402,CCOC(=O)/C=C/c1cc(CC)cc(C(=O)c2ccccc2)c1,IC50,5000.0,nM,=,CHEMBL665716,CHEMBL230,5.30
CHEMBL287170,NC(=O)c1nn(-c2ccc(S(N)(=O)=O)cc2)c(-c2ccc(Cl)cc2)c1Cl,IC50,1090.0,nM,=,CHEMBL769648,CHEMBL230,5.96
CHEMBL52402,NS(=O)(=O)c1ccc(-c2ccccc2-c2ccc(Cl)cc2)cc1,IC50,6.0,nM,=,CHEMBL762917,CHEMBL230,8.22
CHEMBL52888,COc1ccc(-c2cc(F)c(F)cc2-c2ccc(S(N)(=O)=O)cc2)cc1OC,IC50,65.0,nM,=,CHEMBL762917,CHEMBL230,7.19
CHEMBL54326,Cc1ccc(-c2cc(F)c(F)cc2-c2ccc(S(N)(=O)=O)cc2)cc1C,IC50,5.0,nM,=,CHEMBL762917,CHEMBL230,8.30
CHEMBL28664,NS(=O)(=O)c1ccc(-n2nc(C(F)(F)F)cc2-c2ccc([N+](=O)[O-])cc2)cc1,IC50,2630.0,nM,=,CHEMBL769648,CHEMBL230,5.58
CHEMBL292413,Cc1ccc(-c2cc(F)c(F)cc2-c2ccc(S(N)(=O)=O)cc2)cn1,IC50,51.0,nM,=,CHEMBL762917,CHEMBL230,7.29
CHEMBL51860,COc1ccc(-c2cc(F)c(F)cc2-c2ccc(S(N)(=O)=O)cc2)cc1C,IC50,5.0,nM,=,CHEMBL762917,CHEMBL230,8.30
CHEMBL151466,CS(=O)(=O)/C=C/c1cccc(C(=O)c2ccccc2)c1,IC50,,nM,,CHEMBL665717,CHEMBL230,
CHEMBL149403,CCc1cc(/C=C/S(C)(=O)=O)cc(C(=O)c2ccccc2)c1,Inhibition,40.0,%,=,CHEMBL664082,CHEMBL230,
CHEMBL150130,CCc1cc(/C=C/C(N)=O)cc(C(=O)c2ccccc2)c1,IC50,1800.0,nM,=,CHEMBL665716,CHEMBL230,5.75
CHEMBL118,Cc1ccc(-c2cc(C(F)(F)F)nn2-c2ccc(S(N)(=O)=O)cc2)cc1,IC50,110.0,nM,=,CHEMBL665716,CHEMBL230,6.96
CHEMBL282093,NS(=O)(=O)c1ccc(-n2nc(C(F)(F)F)cc2-c2ccc(Cl)cc2)cc1,IC50,10.0,nM,=,CHEMBL769648,CHEMBL230,8.00
CHEMBL147189,CCc1ccc(/C=C/S(N)(=O)=O)cc1C(=O)c1ccccc1,IC50,770.0,nM,=,CHEMBL665716,CHEMBL230,6.11
CHEMBL286277,NS(=O)(=O)c1ccc(-n2ncc(F)c2-c2ccccc2)cc1,IC50,4660.0,nM,=,CHEMBL769648,CHEMBL230,5.33
CHEMBL52454,CS(=O)(=O)c1ccc(-c2ccccc2-c2ccc(F)c(Cl)c2)cc1,IC50,360.0,nM,=,CHEMBL762917,CHEMBL230,6.44
CHEMBL417748,Cc1ccc(-c2cc(F)c(F)cc2-c2ccc(S(C)(=O)=O)cc2)cc1Cl,IC50,13.0,nM,=,CHEMBL762917,CHEMBL230,7.89
CHEMBL54327,Cc1ccc(-c2cc(F)c(F)cc2-c2ccc(S(N)(=O)=O)cc2)cc1Cl,IC50,3.0,nM,=,CHEMBL762917,CHEMBL230,8.52
CHEMBL358011,Cc1cc(C(=O)c2ccccc2)ccc1/C=C/S(N)(=O)=O,Inhibition,14.0,%,=,CHEMBL664083,CHEMBL230,
CHEMBL358210,CCc1cc(C(=O)c2ccccc2)ccc1/C=C/S(N)(=O)=O,IC50,5600.0,nM,=,CHEMBL665716,CHEMBL230,5.25
CHEMBL29133,Cc1c(C(F)(F)F)nn(-c2ccc(S(N)(=O)=O)cc2)c1-c1ccc(Cl)cc1,IC50,22.0,nM,=,CHEMBL769648,CHEMBL230,7.66
CHEMBL281001,CS(=O)(=O)c1cnn(-c2ccc(S(N)(=O)=O)cc2)c1-c1ccc(Cl)cc1,IC50,19800.0,nM,=,CHEMBL769648,CHEMBL230,4.70
CHEMBL55072,COc1ccc(-c2cc(F)c(F)cc2-c2ccc(S(N)(=O)=O)cc2)cc1F,IC50,13.0,nM,=,CHEMBL762917,CHEMBL230,7.89
CHEMBL287447,NS(=O)(=O)c1ccc(-n2nc(CO)c(Cl)c2-c2ccc(Cl)cc2)cc1,IC50,340.0,nM,=,CHEMBL769648,CHEMBL230,6.47
CHEMBL28487,Nc1cnn(-c2ccc(S(N)(=O)=O)cc2)c1-c1ccccc1,IC50,29700.0,nM,=,CHEMBL769648,CHEMBL230,4.53
CHEMBL54605,COc1ccc(-c2ccccc2-c2ccc(S(C)(=O)=O)cc2)cc1F,IC50,100000.0,nM,>,CHEMBL762917,CHEMBL230,
CHEMBL55348,COc1ccc(-c2cc(F)c(F)cc2-c2ccc(S(N)(=O)=O)cc2)cc1Cl,IC50,13.0,nM,=,CHEMBL762917,CHEMBL230,7.89
CHEMBL416126,CS(=O)(=O)c1ccc(-c2cc(F)c(F)cc2-c2ccc3c(c2)OCO3)cc1,IC50,12.0,nM,=,CHEMBL762917,CHEMBL230,7.92
CHEMBL29923,Cc1cccc(-c2cc(C(F)(F)F)nn2-c2ccc(S(N)(=O)=O)cc2)c1,IC50,110.0,nM,=,CHEMBL769648,CHEMBL230,6.96
CHEMBL54367,CS(=O)(=O)c1ccc(-c2c(F)c(F)c(F)c(F)c2-c2ccc(F)cc2)cc1,IC50,100000.0,nM,>,CHEMBL762917,CHEMBL230,
CHEMBL300597,COc1c(Cl)cc(-c2cc(F)c(F)cc2-c2ccc(S(N)(=O)=O)cc2)cc1Cl,IC50,21.0,nM,=,CHEMBL762917,CHEMBL230,7.68
CHEMBL55395,NS(=O)(=O)c1ccc(-c2cc(F)c(F)cc2-c2ccc3c(c2)OCCO3)cc1,IC50,32.0,nM,=,CHEMBL762917,CHEMBL230,7.50
CHEMBL418574,NS(=O)(=O)c1ccc(-n2nc(C(F)(F)F)cc2-c2ccccc2F)cc1,IC50,58.0,nM,=,CHEMBL769648,CHEMBL230,7.24
CHEMBL29842,COc1c(C(F)(F)F)nn(-c2ccc(S(N)(=O)=O)cc2)c1-c1ccccc1,IC50,80.0,nM,=,CHEMBL769648,CHEMBL230,7.10
CHEMBL283086,Cc1nn(-c2ccc(S(N)(=O)=O)cc2)c(-c2ccccc2)c1Cl,IC50,28.0,nM,=,CHEMBL769648,CHEMBL230,7.55
CHEMBL296384,NS(=O)(=O)c1ccc(-c2cc(F)c(F)cc2-c2ccc(F)cc2)cc1,IC50,4.0,nM,=,CHEMBL762917,CHEMBL230,8.40
CHEMBL29083,CCc1c(C(F)(F)F)nn(-c2ccc(S(N)(=O)=O)cc2)c1-c1ccc(Cl)cc1,IC50,28.0,nM,=,CHEMBL769648,CHEMBL230,7.55
CHEMBL356596,CC(C)=Cc1cc(/C=C/S(N)(=O)=O)cc(C(=O)c2ccccc2)c1,IC50,980.0,nM,=,CHEMBL665716,CHEMBL230,6.01
CHEMBL150773,CC(=O)c1cc(/C=C/S(N)(=O)=O)cc(C(=O)c2ccccc2)c1,IC50,20000.0,nM,=,CHEMBL665716,CHEMBL230,4.70
CHEMBL151710,N#Cc1cc(/C=C/S(N)(=O)=O)cc(C(=O)c2ccccc2)c1,IC50,5600.0,nM,=,CHEMBL665716,CHEMBL230,5.25
CHEMBL571,CC(C(=O)O)c1cccc(C(=O)c2ccccc2)c1,IC50,26.0,nM,=,CHEMBL665716,CHEMBL230,7.58
CHEMBL29717,NS(=O)(=O)c1ccc(-n2nc(C(F)(F)F)cc2-c2ccc(Cl)c(Cl)c2)cc1,IC50,15.0,nM,=,CHEMBL769648,CHEMBL230,7.82
CHEMBL54945,CS(=O)(=O)c1ccc(-c2cc(Cl)c(Cl)cc2-c2ccc(F)cc2)cc1,IC50,240.0,nM,=,CHEMBL762917,CHEMBL230,6.62
CHEMBL52820,NS(=O)(=O)c1ccc(-c2cc(F)c(F)cc2-c2ccc(F)c(Cl)c2)cc1,IC50,2.0,nM,=,CHEMBL762917,CHEMBL230,8.70
CHEMBL118,Cc1ccc(-c2cc(C(F)(F)F)nn2-c2ccc(S(N)(=O)=O)cc2)cc1,IC50,40.0,nM,=,CHEMBL769648,CHEMBL230,7.40
CHEMBL442164,CS(=O)(=O)c1ccc(-c2cc(F)c(F)cc2-c2ccc(F)cc2)cc1,IC50,14.0,nM,=,CHEMBL762917,CHEMBL230,7.85
CHEMBL292607,Cc1ccc(-c2cc(F)c(F)cc2-c2ccc(S(C)(=O)=O)cc2)nc1,IC50,52300.0,nM,=,CHEMBL762917,CHEMBL230,4.28
CHEMBL266610,Cc1cc(/C=C/S(N)(=O)=O)ccc1C(=O)c1ccccc1,Inhibition,41.0,%,=,CHEMBL664081,CHEMBL230,
CHEMBL151414,NS(=O)(=O)/C=C/c1cccc(C(=O)c2ccccc2)c1,Inhibition,37.0,%,=,CHEMBL664082,CHEMBL230,
CHEMBL30084,CNc1ccc(-c2cc(C(F)(F)F)nn2-c2ccc(S(N)(=O)=O)cc2)cc1Cl,IC50,27.0,nM,=,CHEMBL769648,CHEMBL230,7.57
CHEMBL280573,Cc1cnn(-c2ccc(S(N)(=O)=O)cc2)c1-c1ccccc1,IC50,47100.0,nM,=,CHEMBL769648,CHEMBL230,4.33
CHEMBL29899,CN(C)c1ccc(-c2cc(C(F)(F)F)nn2-c2ccc(S(N)(=O)=O)cc2)cc1F,IC50,5.7,nM,=,CHEMBL769648,CHEMBL230,8.24
CHEMBL54370,Cc1ccc(-c2cc(F)c(F)cc2-c2ccc(S(N)(=O)=O)cc2)cc1,IC50,4.0,nM,=,CHEMBL762917,CHEMBL230,8.40
CHEMBL357262,CCc1cc(/C=C/C(=O)O)cc(C(=O)c2ccccc2)c1,IC50,2600.0,nM,=,CHEMBL665716,CHEMBL230,5.58
CHEMBL55189,CS(=O)(=O)c1ccc(-c2nccnc2-c2ccc(F)cc2)cc1,IC50,100000.0,nM,>,CHEMBL762917,CHEMBL230,
CHEMBL54649,COc1ccc(-c2cc(F)c(F)cc2-c2ccc(S(C)(=O)=O)cc2)cc1F,IC50,21.0,nM,=,CHEMBL762917,CHEMBL230,7.68
CHEMBL293771,Cc1ccc(-c2cc(F)c(F)cc2-c2ccc(S(C)(=O)=O)cc2)cc1,IC50,7.0,nM,=,CHEMBL762917,CHEMBL230,8.15
CHEMBL52872,CN(C)c1ccc(-c2cc(F)c(F)cc2-c2ccc(S(N)(=O)=O)cc2)cc1Cl,IC50,6.0,nM,=,CHEMBL762917,CHEMBL230,8.22
CHEMBL122,CS(=O)(=O)c1ccc(C2=C(c3ccccc3)C(=O)OC2)cc1,IC50,280.0,nM,=,CHEMBL665716,CHEMBL230,6.55
CHEMBL122,CS(=O)(=O)c1ccc(C2=C(c3ccccc3)C(=O)OC2)cc1,IC50,830.0,nM,=,CHEMBL664080,CHEMBL230,6.08
CHEMBL294650,CS(=O)(=O)c1ccc(-c2cc3ccccc3cc2-c2ccc(F)cc2)cc1,IC50,100000.0,nM,>,CHEMBL762917,CHEMBL230,
CHEMBL57837,Cc1cc(-c2cc(F)c(F)cc2-c2ccc(S(C)(=O)=O)cc2)ccc1Cl,IC50,6.0,nM,=,CHEMBL762917,CHEMBL230,8.22
CHEMBL6,COc1ccc2c(c1)c(CC(=O)O)c(C)n2C(=O)c1ccc(Cl)cc1,IC50,26.0,nM,=,CHEMBL769656,CHEMBL230,7.58
CHEMBL6,COc1ccc2c(c1)c(CC(=O)O)c(C)n2C(=O)c1ccc(Cl)cc1,IC50,460.0,nM,=,CHEMBL766722,CHEMBL230,6.34
CHEMBL276916,CC(C)(C)c1cc(-c2nnc(S)o2)cc(C(C)(C)C)c1O,IC50,47000.0,nM,=,CHEMBL655563,CHEMBL230,4.33
CHEMBL7162,CS(=O)(=O)Nc1ccc([N+](=O)[O-])cc1OC1CCCCC1,IC50,190.0,nM,=,CHEMBL655563,CHEMBL230,6.72
CHEMBL275838,CCCSc1nnc(-c2cc(C(C)(C)C)c(O)c(C(C)(C)C)c2)s1,IC50,100000.0,nM,=,CHEMBL655563,CHEMBL230,4.00
CHEMBL16753,CC(C)(C)c1cc(-c2nnc(SCCC(=O)O)s2)cc(C(C)(C)C)c1O,IC50,20000.0,nM,>,CHEMBL655563,CHEMBL230,
CHEMBL278040,CCCSc1nnc(-c2cc(C(C)C)c(O)c(C(C)C)c2)s1,IC50,20000.0,nM,>,CHEMBL655563,CHEMBL230,
CHEMBL276526,CCCSc1nnc(-c2cc(C(C)(C)C)c(O)c(C(C)(C)C)c2)o1,IC50,20000.0,nM,>,CHEMBL655563,CHEMBL230,
CHEMBL274271,CC(C)(C)c1cc(-c2nnc(SCCN)s2)cc(C(C)(C)C)c1O,IC50,41000.0,nM,=,CHEMBL655563,CHEMBL230,4.39
CHEMBL274457,CSc1nnc(-c2cc(C(C)(C)C)c(O)c(C(C)(C)C)c2)o1,IC50,4100.0,nM,=,CHEMBL655563,CHEMBL230,5.39
CHEMBL16674,CC(C)Sc1nnc(-c2cc(C(C)(C)C)c(O)c(C(C)(C)C)c2)s1,IC50,20000.0,nM,>,CHEMBL655563,CHEMBL230,
CHEMBL276739,COc1nc(-c2cc(C(C)(C)C)c(O)c(C(C)(C)C)c2)ns1,IC50,100000.0,nM,=,CHEMBL655563,CHEMBL230,4.00
CHEMBL156482,CS(=O)(=O)c1ccc(-c2sc3nc(C(F)(F)F)nn3c2-c2ccccc2)cc1,IC50,3.0,nM,=,CHEMBL769656,CHEMBL230,8.52
CHEMBL348115,CC(C)c1nc2sc(-c3ccc(S(C)(=O)=O)cc3)c(-c3ccccc3)n2n1,IC50,11.0,nM,=,CHEMBL769656,CHEMBL230,7.96
CHEMBL12532,CSc1nnc(-c2cc(C(C)(C)C)c(O)c(C(C)(C)C)c2)s1,IC50,150.0,nM,=,CHEMBL655563,CHEMBL230,6.82
CHEMBL16353,CC(C)Sc1nnc(-c2cc(C(C)C)c(O)c(C(C)C)c2)s1,IC50,20000.0,nM,>,CHEMBL655563,CHEMBL230,
CHEMBL16878,CC(C)(C)c1cc(-c2nnc(N=C(N)N)o2)cc(C(C)(C)C)c1O,IC50,23000.0,nM,=,CHEMBL655563,CHEMBL230,4.64
CHEMBL16819,CCSc1nnc(-c2cc(C(C)(C)C)c(O)c(C(C)(C)C)c2)o1,IC50,6500.0,nM,=,CHEMBL655563,CHEMBL230,5.19
CHEMBL275188,CSc1nnc(-c2nc(C(C)(C)C)c(O)c(C(C)(C)C)n2)s1,IC50,1400.0,nM,=,CHEMBL655563,CHEMBL230,5.85
CHEMBL17229,CC(C)(C)c1cc(-c2nsc(NC#N)n2)cc(C(C)(C)C)c1O,IC50,47.0,nM,=,CHEMBL655563,CHEMBL230,7.33
CHEMBL348645,CS(=O)(=O)c1ccc(-c2sc3ncnn3c2-c2ccc(F)c(F)c2)cc1,IC50,48.0,nM,=,CHEMBL769656,CHEMBL230,7.32
CHEMBL348645,CS(=O)(=O)c1ccc(-c2sc3ncnn3c2-c2ccc(F)c(F)c2)cc1,IC50,30000.0,nM,>,CHEMBL766722,CHEMBL230,
CHEMBL16828,COc1c(C(C)(C)C)cc(-c2nnc(S)s2)cc1C(C)(C)C,IC50,1500.0,nM,=,CHEMBL655563,CHEMBL230,5.82
CHEMBL157714,C=Cc1nc2sc(-c3ccc(S(C)(=O)=O)cc3)c(-c3ccccc3)n2n1,IC50,6.0,nM,=,CHEMBL769656,CHEMBL230,8.22
CHEMBL157714,C=Cc1nc2sc(-c3ccc(S(C)(=O)=O)cc3)c(-c3ccccc3)n2n1,IC50,4100.0,nM,=,CHEMBL766722,CHEMBL230,5.39
CHEMBL16826,CC(C)(C)c1cc(-c2nnc(N=C(N)N)s2)cc(C(C)(C)C)c1O,IC50,17000.0,nM,=,CHEMBL655563,CHEMBL230,4.77
CHEMBL16912,CSc1nc(-c2cc(C(C)(C)C)c(O)c(C(C)(C)C)c2)ns1,Inhibition,20.0,%,=,CHEMBL655567,CHEMBL230,
CHEMBL347378,COc1cccc(-c2c(-c3ccc(S(C)(=O)=O)cc3)sc3ncnn23)c1,IC50,260.0,nM,=,CHEMBL769656,CHEMBL230,6.58
CHEMBL279801,CCSc1nnc(-c2cc(C(C)(C)C)c(O)c(C(C)(C)C)c2)s1,IC50,140.0,nM,=,CHEMBL655563,CHEMBL230,6.85
CHEMBL416165,CC(C)(C)c1cc(-c2nnc(SCc3ccccc3)s2)cc(C(C)(C)C)c1O,IC50,20000.0,nM,>,CHEMBL655563,CHEMBL230,
CHEMBL6,COc1ccc2c(c1)c(CC(=O)O)c(C)n2C(=O)c1ccc(Cl)cc1,IC50,5800.0,nM,=,CHEMBL655563,CHEMBL230,5.24
CHEMBL279608,CC(C)(C)c1cc(-c2nsc(NS(C)(=O)=O)n2)cc(C(C)(C)C)c1O,IC50,20000.0,nM,>,CHEMBL655563,CHEMBL230,
CHEMBL157623,CS(=O)(=O)c1ccc(-c2c(-c3ccccc3)sc3nncn23)cc1,IC50,230.0,nM,=,CHEMBL769656,CHEMBL230,6.64
CHEMBL158316,CS(=O)(=O)c1ccc(-c2sc3ncnn3c2-c2ccccc2)cc1,IC50,10.0,nM,=,CHEMBL769656,CHEMBL230,8.00
CHEMBL158316,CS(=O)(=O)c1ccc(-c2sc3ncnn3c2-c2ccccc2)cc1,IC50,2300.0,nM,=,CHEMBL766722,CHEMBL230,5.64
CHEMBL42485,CS(=O)(=O)c1ccc(-c2cc(Br)sc2-c2ccc(F)cc2)cc1,IC50,2.0,nM,=,CHEMBL769656,CHEMBL230,8.70
CHEMBL42485,CS(=O)(=O)c1ccc(-c2cc(Br)sc2-c2ccc(F)cc2)cc1,IC50,60.0,nM,=,CHEMBL766722,CHEMBL230,7.22
CHEMBL417073,CC(C)(C)c1cc(-c2nnc(N)s2)cc(C(C)(C)C)c1O,IC50,3500.0,nM,=,CHEMBL655563,CHEMBL230,5.46
CHEMBL16814,CC(C)(C)c1cc(-c2nnc(NC#N)o2)cc(C(C)(C)C)c1O,IC50,11000.0,nM,=,CHEMBL655563,CHEMBL230,4.96
CHEMBL156493,CS(=O)(=O)c1ccc(-c2sc3ncnn3c2-c2ccc(F)cc2)cc1,IC50,36.0,nM,=,CHEMBL769656,CHEMBL230,7.44
CHEMBL279755,CNc1nnc(-c2cc(C(C)(C)C)c(O)c(C(C)(C)C)c2)s1,IC50,9600.0,nM,=,CHEMBL655563,CHEMBL230,5.02
CHEMBL276062,CCSc1nnc(-c2cc(C(C)C)c(O)c(C(C)C)c2)s1,IC50,20000.0,nM,>,CHEMBL655563,CHEMBL230,
CHEMBL280326,COc1c(C(C)(C)C)cc(-c2nnc(SC)s2)cc1C(C)(C)C,IC50,340.0,nM,=,CHEMBL655563,CHEMBL230,6.47
CHEMBL16981,CC(C)(C)c1cc(-c2noc(NC#N)n2)cc(C(C)(C)C)c1O,IC50,64.0,nM,=,CHEMBL655563,CHEMBL230,7.19
CHEMBL273793,CSc1nnc(-c2cc(C(C)C)c(O)c(C(C)C)c2)s1,Inhibition,14.0,%,=,CHEMBL655567,CHEMBL230,
CHEMBL16881,COc1nnc(-c2cc(C(C)(C)C)c(O)c(C(C)(C)C)c2)s1,IC50,3000.0,nM,=,CHEMBL655563,CHEMBL230,5.52
CHEMBL16827,CC(C)(C)c1cc(-c2nnc(O)s2)cc(C(C)(C)C)c1O,IC50,20000.0,nM,>,CHEMBL655563,CHEMBL230,
CHEMBL279308,CC(C)(C)c1cc(-c2nsc(O)n2)cc(C(C)(C)C)c1O,IC50,1100.0,nM,=,CHEMBL655563,CHEMBL230,5.96
CHEMBL348087,Cc1nc2sc(-c3ccc(S(C)(=O)=O)cc3)c(-c3ccccc3)n2n1,IC50,20.0,nM,=,CHEMBL769656,CHEMBL230,7.70
CHEMBL348087,Cc1nc2sc(-c3ccc(S(C)(=O)=O)cc3)c(-c3ccccc3)n2n1,IC50,10000.0,nM,=,CHEMBL766722,CHEMBL230,5.00
CHEMBL16843,CC[S+]([O-])c1nnc(-c2cc(C(C)(C)C)c(O)c(C(C)(C)C)c2)s1,IC50,20000.0,nM,>,CHEMBL655563,CHEMBL230,
CHEMBL17104,CC(C)(C)c1cc(-c2nsc(N=C(N)N)n2)cc(C(C)(C)C)c1O,IC50,27000.0,nM,=,CHEMBL655563,CHEMBL230,4.57
CHEMBL279336,CCN(CC)CCSc1nnc(-c2cc(C(C)(C)C)c(O)c(C(C)(C)C)c2)s1,IC50,19000.0,nM,=,CHEMBL655563,CHEMBL230,4.72
CHEMBL274990,CS(=O)(=O)c1ccc(-n2nc(C(F)(F)F)cc2-c2ccc(F)cc2)cc1,IC50,310.0,nM,=,CHEMBL655563,CHEMBL230,6.51
CHEMBL155980,CS(=O)(=O)c1ccc(-c2sc3ncnn3c2-c2cc(F)cc(F)c2)cc1,IC50,80.0,nM,=,CHEMBL769656,CHEMBL230,7.10
CHEMBL16854,CC(C)Oc1nnc(-c2cc(C(C)(C)C)c(O)c(C(C)(C)C)c2)s1,IC50,20000.0,nM,>,CHEMBL655563,CHEMBL230,
CHEMBL279753,CC(=O)Nc1nc(-c2cc(C(C)(C)C)c(O)c(C(C)(C)C)c2)ns1,IC50,20000.0,nM,>,CHEMBL655563,CHEMBL230,
CHEMBL156399,CCc1nc2sc(-c3ccc(S(C)(=O)=O)cc3)c(-c3ccccc3)n2n1,IC50,15.0,nM,=,CHEMBL769656,CHEMBL230,7.82
CHEMBL16522,C[S+]([O-])c1nnc(-c2cc(C(C)(C)C)c(O)c(C(C)(C)C)c2)s1,IC50,20000.0,nM,>,CHEMBL655563,CHEMBL230,
CHEMBL17307,CC(C)(C)c1cc(-c2nnc(NC#N)s2)cc(C(C)(C)C)c1O,IC50,20000.0,nM,>,CHEMBL655563,CHEMBL230,
CHEMBL346288,CS(=O)(=O)c1ccc(-c2sc3nncn3c2-c2ccccc2)cc1,IC50,450.0,nM,=,CHEMBL769656,CHEMBL230,6.35
CHEMBL157820,CS(=O)(=O)c1ccc(-c2sc3ncnn3c2-c2cccc(F)c2)cc1,IC50,22.0,nM,=,CHEMBL769656,CHEMBL230,7.66
CHEMBL157820,CS(=O)(=O)c1ccc(-c2sc3ncnn3c2-c2cccc(F)c2)cc1,IC50,4200.0,nM,=,CHEMBL766722,CHEMBL230,5.38
CHEMBL155927,CS(=O)(=O)c1ccc(-c2sc3nc(C(F)(F)F)nn3c2-c2cccc(F)c2)cc1,IC50,13.0,nM,=,CHEMBL769656,CHEMBL230,7.89
CHEMBL16647,CC(C)(C)c1cc(-c2nnc(SCC(F)(F)F)s2)cc(C(C)(C)C)c1O,IC50,20000.0,nM,>,CHEMBL655563,CHEMBL230,
CHEMBL16891,CC(C)(C)c1cc(-c2nnc(NN)s2)cc(C(C)(C)C)c1O,IC50,1300.0,nM,=,CHEMBL655563,CHEMBL230,5.89
CHEMBL17218,CCSc1nnc(-c2nc(C(C)(C)C)c(O)c(C(C)(C)C)n2)s1,IC50,2000.0,nM,=,CHEMBL655563,CHEMBL230,5.70
CHEMBL348104,Cc1nc2sc(-c3ccc(S(C)(=O)=O)cc3)c(-c3cccc(F)c3)n2n1,IC50,150.0,nM,=,CHEMBL769656,CHEMBL230,6.82
CHEMBL348104,Cc1nc2sc(-c3ccc(S(C)(=O)=O)cc3)c(-c3cccc(F)c3)n2n1,IC50,14000.0,nM,=,CHEMBL766722,CHEMBL230,4.85
CHEMBL421826,Cc1cccc(-c2c(-c3ccc(S(C)(=O)=O)cc3)sc3nc(C(F)(F)F)nn23)c1,IC50,3.0,nM,=,CHEMBL769656,CHEMBL230,8.52
CHEMBL16698,COC(=O)CCSc1nnc(-c2cc(C(C)(C)C)c(O)c(C(C)(C)C)c2)s1,IC50,20000.0,nM,>,CHEMBL655563,CHEMBL230,
CHEMBL279387,CCCOc1nnc(-c2cc(C(C)(C)C)c(O)c(C(C)(C)C)c2)s1,IC50,20000.0,nM,>,CHEMBL655563,CHEMBL230,
CHEMBL16977,CC(C)(C)c1cc(-c2nnc(O)o2)cc(C(C)(C)C)c1O,IC50,20000.0,nM,>,CHEMBL655563,CHEMBL230,
CHEMBL17091,CC(C)(C)c1cc(-c2nsc(N)n2)cc(C(C)(C)C)c1O,IC50,20000.0,nM,>,CHEMBL655563,CHEMBL230,
CHEMBL157358,CS(=O)(=O)c1ccc(-c2c(-c3ccccc3)sc3nc(C(F)(F)F)nn23)cc1,IC50,50000.0,nM,>,CHEMBL769656,CHEMBL230,
CHEMBL16659,CC(C)(C)c1cc(-c2nnc(S)s2)cc(C(C)(C)C)c1O,IC50,5500.0,nM,=,CHEMBL655563,CHEMBL230,5.26
CHEMBL346094,CS(=O)(=O)c1ccc(-c2c(-c3ccccc3)sc3ncnn23)cc1,IC50,32.0,nM,=,CHEMBL769656,CHEMBL230,7.50
CHEMBL346094,CS(=O)(=O)c1ccc(-c2c(-c3ccccc3)sc3ncnn23)cc1,IC50,30000.0,nM,>,CHEMBL766722,CHEMBL230,
CHEMBL16733,CCOc1nnc(-c2cc(C(C)(C)C)c(O)c(C(C)(C)C)c2)s1,IC50,6100.0,nM,=,CHEMBL655563,CHEMBL230,5.21
CHEMBL110824,CC1(C)OC(=O)C(Oc2ncc(Cl)cc2Cl)=C1c1ccc(S(C)(=O)=O)cc1,IC50,40.0,nM,=,CHEMBL664079,CHEMBL230,7.40
CHEMBL110824,CC1(C)OC(=O)C(Oc2ncc(Cl)cc2Cl)=C1c1ccc(S(C)(=O)=O)cc1,IC50,40.0,nM,=,CHEMBL884351,CHEMBL230,7.40
CHEMBL322703,CC1(C)OC(=O)C(Oc2ccc(Br)cn2)=C1c1ccc(S(C)(=O)=O)cc1,IC50,20.0,nM,=,CHEMBL664079,CHEMBL230,7.70
CHEMBL322703,CC1(C)OC(=O)C(Oc2ccc(Br)cn2)=C1c1ccc(S(C)(=O)=O)cc1,IC50,30.0,nM,=,CHEMBL884351,CHEMBL230,7.52
CHEMBL118,Cc1ccc(-c2cc(C(F)(F)F)nn2-c2ccc(S(N)(=O)=O)cc2)cc1,IC50,56.7,nM,=,CHEMBL763090,CHEMBL230,7.25
CHEMBL320585,CC1(C)OC(=O)C(Oc2ccc(Cl)cn2)=C1c1ccc(S(C)(=O)=O)cc1,IC50,20.0,nM,=,CHEMBL664079,CHEMBL230,7.70
CHEMBL320585,CC1(C)OC(=O)C(Oc2ccc(Cl)cn2)=C1c1ccc(S(C)(=O)=O)cc1,IC50,10.0,nM,<,CHEMBL884351,CHEMBL230,
CHEMBL322276,CC1(C)OC(=O)C(Oc2ccc3[nH]ccc3c2)=C1c1ccc(S(C)(=O)=O)cc1,IC50,30.0,nM,=,CHEMBL664079,CHEMBL230,7.52
CHEMBL322276,CC1(C)OC(=O)C(Oc2ccc3[nH]ccc3c2)=C1c1ccc(S(C)(=O)=O)cc1,IC50,240.0,nM,=,CHEMBL884351,CHEMBL230,6.62
CHEMBL110822,CC1(C)OC(=O)C(Oc2ccccn2)=C1c1ccc(S(C)(=O)=O)cc1,IC50,120.0,nM,=,CHEMBL664079,CHEMBL230,6.92
CHEMBL110822,CC1(C)OC(=O)C(Oc2ccccn2)=C1c1ccc(S(C)(=O)=O)cc1,IC50,120.0,nM,=,CHEMBL884351,CHEMBL230,6.92
CHEMBL108857,CC1(C)OC(=O)C(Oc2cccc(Cl)n2)=C1c1ccc(S(C)(=O)=O)cc1,IC50,350.0,nM,=,CHEMBL664079,CHEMBL230,6.46
CHEMBL108857,CC1(C)OC(=O)C(Oc2cccc(Cl)n2)=C1c1ccc(S(C)(=O)=O)cc1,IC50,3600.0,nM,=,CHEMBL884351,CHEMBL230,5.44
CHEMBL122,CS(=O)(=O)c1ccc(C2=C(c3ccccc3)C(=O)OC2)cc1,IC50,20.0,nM,=,CHEMBL664079,CHEMBL230,7.70
CHEMBL122,CS(=O)(=O)c1ccc(C2=C(c3ccccc3)C(=O)OC2)cc1,IC50,500.0,nM,=,CHEMBL884351,CHEMBL230,6.30
CHEMBL321597,CC1(C)OC(=O)C(Oc2ccc3ccccc3n2)=C1c1ccc(S(C)(=O)=O)cc1,IC50,330.0,nM,=,CHEMBL664079,CHEMBL230,6.48
CHEMBL321597,CC1(C)OC(=O)C(Oc2ccc3ccccc3n2)=C1c1ccc(S(C)(=O)=O)cc1,IC50,660.0,nM,=,CHEMBL884351,CHEMBL230,6.18
CHEMBL320273,CC1(C)OC(=O)C(Oc2cnccn2)=C1c1ccc(S(C)(=O)=O)cc1,IC50,550.0,nM,=,CHEMBL664079,CHEMBL230,6.26
CHEMBL320273,CC1(C)OC(=O)C(Oc2cnccn2)=C1c1ccc(S(C)(=O)=O)cc1,IC50,3800.0,nM,=,CHEMBL884351,CHEMBL230,5.42
CHEMBL108512,CC1(C)OC(=O)C(Oc2ccc3sccc3c2)=C1c1ccc(S(C)(=O)=O)cc1,IC50,20.0,nM,=,CHEMBL664079,CHEMBL230,7.70
CHEMBL108512,CC1(C)OC(=O)C(Oc2ccc3sccc3c2)=C1c1ccc(S(C)(=O)=O)cc1,IC50,80.0,nM,=,CHEMBL884351,CHEMBL230,7.10
CHEMBL107706,CC1(C)OC(=O)C(Oc2ccc(F)cn2)=C1c1ccc(S(C)(=O)=O)cc1,IC50,40.0,nM,=,CHEMBL664079,CHEMBL230,7.40
CHEMBL107706,CC1(C)OC(=O)C(Oc2ccc(F)cn2)=C1c1ccc(S(C)(=O)=O)cc1,IC50,80.0,nM,=,CHEMBL884351,CHEMBL230,7.10
CHEMBL110514,CC1(C)OC(=O)C(Oc2cccnc2)=C1c1ccc(S(C)(=O)=O)cc1,IC50,260.0,nM,=,CHEMBL664079,CHEMBL230,6.58
CHEMBL110514,CC1(C)OC(=O)C(Oc2cccnc2)=C1c1ccc(S(C)(=O)=O)cc1,IC50,520.0,nM,=,CHEMBL884351,CHEMBL230,6.28
CHEMBL122,CS(=O)(=O)c1ccc(C2=C(c3ccccc3)C(=O)OC2)cc1,IC50,427.9,nM,=,CHEMBL763090,CHEMBL230,6.37
CHEMBL323267,CC1(C)OC(=O)C(Oc2cccc3cnccc23)=C1c1ccc(S(C)(=O)=O)cc1,IC50,670.0,nM,=,CHEMBL664079,CHEMBL230,6.17
CHEMBL323267,CC1(C)OC(=O)C(Oc2cccc3cnccc23)=C1c1ccc(S(C)(=O)=O)cc1,IC50,260.0,nM,=,CHEMBL884351,CHEMBL230,6.58
CHEMBL322807,CC1(C)OC(=O)C(Oc2ncccc2Cl)=C1c1ccc(S(C)(=O)=O)cc1,IC50,90.0,nM,=,CHEMBL664079,CHEMBL230,7.05
CHEMBL322807,CC1(C)OC(=O)C(Oc2ncccc2Cl)=C1c1ccc(S(C)(=O)=O)cc1,IC50,400.0,nM,<,CHEMBL884351,CHEMBL230,
CHEMBL118,Cc1ccc(-c2cc(C(F)(F)F)nn2-c2ccc(S(N)(=O)=O)cc2)cc1,IC50,2.0,nM,=,CHEMBL664079,CHEMBL230,8.70
CHEMBL118,Cc1ccc(-c2cc(C(F)(F)F)nn2-c2ccc(S(N)(=O)=O)cc2)cc1,IC50,1000.0,nM,=,CHEMBL884351,CHEMBL230,6.00
CHEMBL328616,CC(=O)Oc1ccccc1C1=C(c2ccc(S(C)(=O)=O)cc2)COC1=O,IC50,3.5,nM,=,CHEMBL763090,CHEMBL230,8.46
CHEMBL326254,CC1(C)OC(=O)C(Oc2ncccn2)=C1c1ccc(S(C)(=O)=O)cc1,IC50,620.0,nM,=,CHEMBL664079,CHEMBL230,6.21
CHEMBL326254,CC1(C)OC(=O)C(Oc2ncccn2)=C1c1ccc(S(C)(=O)=O)cc1,IC50,860.0,nM,=,CHEMBL884351,CHEMBL230,6.07
CHEMBL320111,Cc1ccc(OC2=C(c3ccc(S(C)(=O)=O)cc3)C(C)(C)OC2=O)nc1,IC50,150.0,nM,=,CHEMBL664079,CHEMBL230,6.82
CHEMBL320111,Cc1ccc(OC2=C(c3ccc(S(C)(=O)=O)cc3)C(C)(C)OC2=O)nc1,IC50,380.0,nM,=,CHEMBL884351,CHEMBL230,6.42
CHEMBL93372,CC(=O)Oc1ccc(C2=C(c3ccc(S(C)(=O)=O)cc3)COC2=O)cc1,IC50,1.26,nM,=,CHEMBL763090,CHEMBL230,8.90
CHEMBL421381,CS(=O)(=O)c1ccc(C2=C(c3ccccc3O)C(=O)OC2)cc1,IC50,1832.0,nM,=,CHEMBL763090,CHEMBL230,5.74
CHEMBL106255,CC1(C)OC(=O)C(Oc2ccncc2)=C1c1ccc(S(C)(=O)=O)cc1,IC50,270.0,nM,=,CHEMBL664079,CHEMBL230,6.57
CHEMBL106255,CC1(C)OC(=O)C(Oc2ccncc2)=C1c1ccc(S(C)(=O)=O)cc1,IC50,1000.0,nM,=,CHEMBL884351,CHEMBL230,6.00
CHEMBL93024,CC(=O)Oc1cccc(C2=C(c3ccc(S(C)(=O)=O)cc3)COC2=O)c1,IC50,1.68,nM,=,CHEMBL763090,CHEMBL230,8.78
CHEMBL313527,CS(=O)(=O)c1ccc(C2=C(c3ccc(O)cc3)C(=O)OC2)cc1,IC50,250000.0,nM,>,CHEMBL763090,CHEMBL230,
CHEMBL319446,CC1(C)OC(=O)C(Oc2ncnc3ccccc23)=C1c1ccc(S(C)(=O)=O)cc1,IC50,2900.0,nM,=,CHEMBL664079,CHEMBL230,5.54
CHEMBL319446,CC1(C)OC(=O)C(Oc2ncnc3ccccc23)=C1c1ccc(S(C)(=O)=O)cc1,IC50,1700.0,nM,=,CHEMBL884351,CHEMBL230,5.77
CHEMBL108917,CC1(C)OC(=O)C(Oc2ccc(C3CC3)cn2)=C1c1ccc(S(C)(=O)=O)cc1,IC50,30.0,nM,=,CHEMBL664079,CHEMBL230,7.52
CHEMBL108917,CC1(C)OC(=O)C(Oc2ccc(C3CC3)cn2)=C1c1ccc(S(C)(=O)=O)cc1,IC50,400.0,nM,<,CHEMBL884351,CHEMBL230,
CHEMBL91923,CS(=O)(=O)c1ccc(C2=C(c3cccc(O)c3)C(=O)OC2)cc1,IC50,3960.0,nM,=,CHEMBL763090,CHEMBL230,5.40
CHEMBL6,COc1ccc2c(c1)c(CC(=O)O)c(C)n2C(=O)c1ccc(Cl)cc1,IC50,26.0,nM,=,CHEMBL664079,CHEMBL230,7.58
CHEMBL6,COc1ccc2c(c1)c(CC(=O)O)c(C)n2C(=O)c1ccc(Cl)cc1,IC50,500.0,nM,=,CHEMBL884351,CHEMBL230,6.30
CHEMBL170834,CS(=O)(=O)c1ccc(-c2ccccc2-c2ccncc2)cc1,IC50,300000.0,nM,>,CHEMBL763091,CHEMBL230,
CHEMBL355677,CS(=O)(=O)c1ccc(-c2ccccc2-c2ccccn2)cc1,IC50,300000.0,nM,>,CHEMBL763091,CHEMBL230,
CHEMBL171471,CS(=O)(=O)c1ccc(-c2ccccc2C2CCCCC2)cc1,IC50,31000.0,nM,=,CHEMBL763091,CHEMBL230,4.51
CHEMBL173186,COC(=O)c1ccc(-c2ccccc2)c(-c2ccc(S(C)(=O)=O)cc2)c1,IC50,48000.0,nM,=,CHEMBL763091,CHEMBL230,4.32
CHEMBL426767,CS(=O)(=O)c1ccc(-c2cc(C(=O)O)ccc2-c2ccccc2)cc1,IC50,300000.0,nM,>,CHEMBL763091,CHEMBL230,
CHEMBL174314,CS(=O)(=O)c1ccc(-c2ccccc2Cc2ccccc2)cc1,IC50,300000.0,nM,>,CHEMBL763091,CHEMBL230,
CHEMBL173169,CS(=O)(=O)c1ccc(-c2cc(O)ccc2-c2ccccc2)cc1,IC50,147000.0,nM,=,CHEMBL763091,CHEMBL230,
CHEMBL170780,CS(=O)(=O)c1ccc(-c2ccccc2-c2ccc3ccccc3n2)cc1,IC50,57000.0,nM,=,CHEMBL763091,CHEMBL230,4.24
CHEMBL353688,CS(=O)(=O)c1ccc(-c2ccccc2-c2cccnc2)cc1,IC50,87000.0,nM,=,CHEMBL763091,CHEMBL230,4.06
CHEMBL172194,CN1CC=C(c2ccccc2-c2ccc(S(C)(=O)=O)cc2)CC1,IC50,300000.0,nM,>,CHEMBL763091,CHEMBL230,
CHEMBL96842,CS(=O)(=O)c1ccc(-c2cccnc2-c2ccccc2)cc1,IC50,39000.0,nM,=,CHEMBL763091,CHEMBL230,4.41
CHEMBL170522,CS(=O)(=O)c1ccc(-c2ccccc2-c2cncnc2)cc1,IC50,300000.0,nM,>,CHEMBL763091,CHEMBL230,
CHEMBL367328,CS(=O)(=O)c1ccc(-c2ccc(N)cc2-c2ccccc2)cc1,IC50,254000.0,nM,=,CHEMBL763091,CHEMBL230,
CHEMBL171416,COc1ccc2cc(-c3ccccc3-c3ccc(S(C)(=O)=O)cc3)ccc2c1,IC50,30000.0,nM,=,CHEMBL763091,CHEMBL230,4.52
CHEMBL171147,CS(=O)(=O)c1ccc(-c2ccccc2N2CCCCC2)cc1,IC50,14000.0,nM,=,CHEMBL763091,CHEMBL230,4.85
CHEMBL172364,CS(=O)(=O)c1ccc(-c2ccccc2Oc2ccccc2)cc1,IC50,33000.0,nM,=,CHEMBL763091,CHEMBL230,4.48
CHEMBL173283,CS(=O)(=O)c1ccc(-c2ccccc2C2=CCCCC2)cc1,IC50,33000.0,nM,=,CHEMBL763091,CHEMBL230,4.48
CHEMBL172128,CS(=O)(=O)c1ccc(-c2cc(N)ccc2-c2ccccc2)cc1,IC50,194000.0,nM,=,CHEMBL763091,CHEMBL230,
CHEMBL101503,CS(=O)(=O)c1ccc(-c2ccccc2-c2ccccc2)cc1,IC50,11000.0,nM,=,CHEMBL763091,CHEMBL230,4.96
CHEMBL170180,CS(=O)(=O)c1ccc(-c2ccc([N+](=O)[O-])cc2-c2ccccc2)cc1,IC50,44000.0,nM,=,CHEMBL763091,CHEMBL230,4.36
CHEMBL171417,CS(=O)(=O)c1ccc(-c2cc3ccccc3cc2-c2ccccc2)cc1,IC50,41000.0,nM,=,CHEMBL763091,CHEMBL230,4.39
CHEMBL172720,CS(=O)(=O)c1ccc(-c2nccnc2-c2ccccc2)cc1,IC50,300000.0,nM,>,CHEMBL763091,CHEMBL230,
CHEMBL171299,CS(=O)(=O)c1ccc(-c2cc([N+](=O)[O-])ccc2-c2ccccc2)cc1,IC50,38000.0,nM,=,CHEMBL763091,CHEMBL230,4.42
CHEMBL369699,CS(=O)(=O)c1ccc(-c2ncccc2-c2ccccc2)cc1,IC50,300000.0,nM,>,CHEMBL763091,CHEMBL230,
CHEMBL89578,CC1(C)CC(c2ccc(F)cc2)=C(c2ccc(S(C)(=O)=O)cc2)C1,IC50,15.0,nM,=,CHEMBL764081,CHEMBL230,7.82
CHEMBL150099,COC(=O)c1ccccc1Nc1c(Cl)ccc(C)c1Cl,IC50,4000.0,nM,=,CHEMBL771918,CHEMBL230,5.40
CHEMBL148545,Cc1ccc(Cl)c(Nc2ccccc2C(=O)NCCOc2ccccc2)c1Cl,IC50,66000.0,nM,=,CHEMBL771918,CHEMBL230,4.18
CHEMBL149134,Cc1ccc(Cl)c(Nc2ccccc2C(=O)NCCc2ccccc2)c1Cl,IC50,4000.0,nM,=,CHEMBL771918,CHEMBL230,5.40
CHEMBL146920,Cc1ccc(Cl)c(Nc2ccccc2C(=O)NOC(C)(C)C)c1Cl,IC50,66000.0,nM,=,CHEMBL771918,CHEMBL230,4.18
CHEMBL327900,CS(=O)(=O)c1ccc(C2=C(c3ccc(F)cc3)CC3(CCCC3)C2)cc1,IC50,62.0,nM,=,CHEMBL764081,CHEMBL230,7.21
CHEMBL146854,Cc1ccc(Cl)c(Nc2ccccc2C(=O)NCCO)c1Cl,IC50,1000.0,nM,=,CHEMBL771918,CHEMBL230,6.00
CHEMBL149506,CNC(=O)c1ccccc1Nc1c(Cl)ccc(C)c1Cl,IC50,2000.0,nM,>,CHEMBL771918,CHEMBL230,
CHEMBL149506,CNC(=O)c1ccccc1Nc1c(Cl)ccc(C)c1Cl,Inhibition,26.0,%,=,CHEMBL763866,CHEMBL230,
CHEMBL148931,CCCCCCCCNC(=O)c1ccccc1Nc1c(Cl)ccc(C)c1Cl,IC50,60.0,nM,=,CHEMBL771918,CHEMBL230,7.22
CHEMBL358500,Cc1ccc(Cl)c(Nc2ccccc2C(=O)N[C@H](C)C(=O)O)c1Cl,IC50,33000.0,nM,>,CHEMBL771918,CHEMBL230,
CHEMBL328146,CS(=O)(=O)c1ccc(C2=C(c3ccc(F)cc3)CC3(CCCCC3)C2)cc1,IC50,100000.0,nM,>,CHEMBL764081,CHEMBL230,
CHEMBL149213,Cc1ccc(Cl)c(Nc2ccccc2C(=O)NCCCCl)c1Cl,IC50,2400.0,nM,=,CHEMBL771918,CHEMBL230,5.62
CHEMBL149335,CCOC(=O)CNC(=O)c1ccccc1Nc1c(Cl)ccc(C)c1Cl,IC50,4000.0,nM,=,CHEMBL771918,CHEMBL230,5.40
CHEMBL90447,CS(=O)(=O)c1ccc(C2=C(c3ccc(F)cc3)CC3(CCC3)C2)cc1,IC50,4.0,nM,=,CHEMBL764081,CHEMBL230,8.40
CHEMBL92154,CS(=O)(=O)c1ccc(C2=C(c3ccc(F)cc3)CC3(CC3)C2)cc1,IC50,8.0,nM,=,CHEMBL764081,CHEMBL230,8.10
CHEMBL17184,NS(=O)(=O)c1ccc(C2=C(c3ccc(F)cc3)CC3(CC3)C2)cc1,IC50,3.0,nM,=,CHEMBL764081,CHEMBL230,8.52
CHEMBL356203,Cc1ccc(Cl)c(Nc2ccccc2C(=O)NCCBr)c1Cl,IC50,2000.0,nM,=,CHEMBL771918,CHEMBL230,5.70
CHEMBL171335,NS(=O)(=O)c1ccc(C2=C(c3ccc(F)cc3)CC3(CCC3)C2)cc1,IC50,2.0,nM,=,CHEMBL764081,CHEMBL230,8.70
CHEMBL151441,COCCCNC(=O)c1ccccc1Nc1c(Cl)ccc(C)c1Cl,IC50,11000.0,nM,=,CHEMBL771918,CHEMBL230,4.96
CHEMBL151929,Cc1ccc(Cl)c(Nc2ccccc2C(=O)N[C@@H](C)C(=O)O)c1Cl,IC50,33000.0,nM,=,CHEMBL771918,CHEMBL230,4.48
CHEMBL149775,COCCNC(=O)c1ccccc1Nc1c(Cl)ccc(C)c1Cl,IC50,3000.0,nM,=,CHEMBL771918,CHEMBL230,5.52
CHEMBL6,COc1ccc2c(c1)c(CC(=O)O)c(C)n2C(=O)c1ccc(Cl)cc1,IC50,900.0,nM,=,CHEMBL764081,CHEMBL230,6.05
CHEMBL343865,Cc1ccc(Cl)c(Nc2ccccc2C(=O)NNCc2ccccc2)c1Cl,IC50,6300.0,nM,=,CHEMBL771918,CHEMBL230,5.20
CHEMBL7162,CS(=O)(=O)Nc1ccc([N+](=O)[O-])cc1OC1CCCCC1,IC50,120.0,nM,=,CHEMBL771918,CHEMBL230,6.92
CHEMBL274893,CS(=O)(=O)c1ccc(C2=C(c3ccc(F)cc3)CCC2)cc1,IC50,26.0,nM,=,CHEMBL764081,CHEMBL230,7.58
CHEMBL146703,Cc1ccc(Cl)c(Nc2ccccc2C(=O)NCC(=O)O)c1Cl,IC50,300.0,nM,=,CHEMBL771918,CHEMBL230,6.52
CHEMBL150969,CC(=O)Nc1ccc(OC(=O)c2ccccc2Nc2c(Cl)ccc(C)c2Cl)cc1,IC50,20000.0,nM,>,CHEMBL771918,CHEMBL230,
CHEMBL151322,COC(=O)[C@H](C)NC(=O)c1ccccc1Nc1c(Cl)ccc(C)c1Cl,IC50,2600.0,nM,=,CHEMBL771918,CHEMBL230,5.58
CHEMBL7162,CS(=O)(=O)Nc1ccc([N+](=O)[O-])cc1OC1CCCCC1,IC50,100.0,nM,=,CHEMBL665715,CHEMBL230,7.00
CHEMBL509,Cc1ccc(Cl)c(Nc2ccccc2C(=O)O)c1Cl,IC50,40.0,nM,=,CHEMBL771918,CHEMBL230,7.40
CHEMBL147141,COC(=O)[C@@H](C)NC(=O)c1ccccc1Nc1c(Cl)ccc(C)c1Cl,IC50,6000.0,nM,=,CHEMBL771918,CHEMBL230,5.22
CHEMBL148629,COC(=O)CNC(=O)c1ccccc1Nc1c(Cl)ccc(C)c1Cl,IC50,1200.0,nM,=,CHEMBL771918,CHEMBL230,5.92
CHEMBL358222,Cc1ccc(Cl)c(Nc2ccccc2C(=O)NOCc2ccccc2)c1Cl,IC50,66000.0,nM,=,CHEMBL771918,CHEMBL230,4.18
CHEMBL147016,Cc1ccc(Cl)c(Nc2ccccc2C(=O)NOCc2ccc([N+](=O)[O-])cc2)c1Cl,IC50,66000.0,nM,=,CHEMBL771918,CHEMBL230,4.18
CHEMBL433287,CONC(=O)c1ccccc1Nc1c(Cl)ccc(C)c1Cl,IC50,55000.0,nM,=,CHEMBL771918,CHEMBL230,4.26
CHEMBL325804,CC1(C)OC(=O)C(Oc2ccc(Cl)cc2)=C1c1ccc(S(C)(=O)=O)cc1,IC50,10.0,nM,=,CHEMBL665721,CHEMBL230,8.00
CHEMBL325804,CC1(C)OC(=O)C(Oc2ccc(Cl)cc2)=C1c1ccc(S(C)(=O)=O)cc1,IC50,20.0,nM,=,CHEMBL665720,CHEMBL230,7.70
CHEMBL331430,CCOC(=O)c1cc(C)n2nc(-c3ccc(S(C)(=O)=O)cc3)c(-c3ccc(F)cc3)c2n1,Inhibition,41.0,%,=,CHEMBL763170,CHEMBL230,
CHEMBL119333,Cc1c(C(=O)O)cnc2c(-c3ccc(F)cc3)c(-c3ccc(S(C)(=O)=O)cc3)nn12,Inhibition,56.3,%,=,CHEMBL763170,CHEMBL230,
CHEMBL120655,Cc1cnc2c(-c3ccc(F)cc3)c(-c3ccc(S(C)(=O)=O)cc3)nn2c1-c1ccccc1,Inhibition,12.3,%,=,CHEMBL763170,CHEMBL230,
CHEMBL334071,CCCCc1nccn2c(-c3ccc(F)cc3)c(-c3ccc(S(C)(=O)=O)cc3)nc12,Inhibition,0.0,%,=,CHEMBL763170,CHEMBL230,
CHEMBL284761,Cc1nc(-c2ccc(C)s2)c(-c2ccc(S(N)(=O)=O)c(F)c2)o1,IC50,26.0,nM,=,CHEMBL763083,CHEMBL230,7.58
CHEMBL66435,CS(=O)(=O)c1ccc(-c2cc(CO[N+](=O)[O-])nn2C2CCCCC2)cc1,Inhibition,80.0,%,=,CHEMBL878532,CHEMBL230,
CHEMBL66435,CS(=O)(=O)c1ccc(-c2cc(CO[N+](=O)[O-])nn2C2CCCCC2)cc1,Inhibition,100.0,%,=,CHEMBL763206,CHEMBL230,
CHEMBL66435,CS(=O)(=O)c1ccc(-c2cc(CO[N+](=O)[O-])nn2C2CCCCC2)cc1,Inhibition,45.0,%,=,CHEMBL763205,CHEMBL230,
CHEMBL66435,CS(=O)(=O)c1ccc(-c2cc(CO[N+](=O)[O-])nn2C2CCCCC2)cc1,Inhibition,45.0,%,=,CHEMBL761116,CHEMBL230,
CHEMBL66435,CS(=O)(=O)c1ccc(-c2cc(CO[N+](=O)[O-])nn2C2CCCCC2)cc1,IC50,400.0,nM,=,CHEMBL760083,CHEMBL230,6.40
CHEMBL305789,CS(=O)(=O)c1ccc(-c2cc(CO)nn2C2CCS(=O)(=O)CC2)cc1,Inhibition,10.0,%,=,CHEMBL763206,CHEMBL230,
CHEMBL305789,CS(=O)(=O)c1ccc(-c2cc(CO)nn2C2CCS(=O)(=O)CC2)cc1,Inhibition,0.0,%,=,CHEMBL761116,CHEMBL230,
CHEMBL305244,CC/C=C/c1cc(-c2ccc(S(C)(=O)=O)cc2)n(-c2ccccc2)n1,Inhibition,30.0,%,=,CHEMBL878532,CHEMBL230,
CHEMBL305244,CC/C=C/c1cc(-c2ccc(S(C)(=O)=O)cc2)n(-c2ccccc2)n1,Inhibition,0.0,%,=,CHEMBL763205,CHEMBL230,
CHEMBL322132,CC1(C)OC(=O)C(Oc2cccc(F)c2)=C1c1ccc(S(C)(=O)=O)cc1,IC50,20.0,nM,=,CHEMBL665721,CHEMBL230,7.70
CHEMBL322132,CC1(C)OC(=O)C(Oc2cccc(F)c2)=C1c1ccc(S(C)(=O)=O)cc1,IC50,70.0,nM,=,CHEMBL665720,CHEMBL230,7.16
CHEMBL66856,C=CCn1nc(-c2ccc(S(C)(=O)=O)cc2)c(-c2ccc(F)cc2)c1C(F)(F)F,IC50,75.0,nM,=,CHEMBL763089,CHEMBL230,7.12
CHEMBL23808,CS(=O)(=O)c1ccc(C2=C(c3ccc(F)c(Cl)c3)C(=O)CC2)cc1,IC50,9.0,nM,=,CHEMBL658503,CHEMBL230,8.05
CHEMBL23808,CS(=O)(=O)c1ccc(C2=C(c3ccc(F)c(Cl)c3)C(=O)CC2)cc1,IC50,90.0,nM,=,CHEMBL658502,CHEMBL230,7.05
CHEMBL120755,Cc1ccc(-c2c(-c3ccc(S(N)(=O)=O)cc3)nn3c(C)c(C)cnc23)cc1,Inhibition,100.0,%,=,CHEMBL763170,CHEMBL230,
CHEMBL120755,Cc1ccc(-c2c(-c3ccc(S(N)(=O)=O)cc3)nn3c(C)c(C)cnc23)cc1,Inhibition,65.7,%,=,CHEMBL839679,CHEMBL230,
CHEMBL420712,Cc1cnn2c(-c3ccc(F)cc3)c(-c3ccc(S(C)(=O)=O)cc3)nc2c1C,Inhibition,100.0,%,=,CHEMBL763170,CHEMBL230,
CHEMBL420712,Cc1cnn2c(-c3ccc(F)cc3)c(-c3ccc(S(C)(=O)=O)cc3)nc2c1C,Inhibition,37.3,%,=,CHEMBL839679,CHEMBL230,
CHEMBL289653,Cc1nc(-c2ccc(F)cc2)c(-c2ccc(S(N)(=O)=O)c(F)c2)o1,IC50,40.0,nM,=,CHEMBL763083,CHEMBL230,7.40
CHEMBL71835,CCOC(=O)N1CCC(n2nc(CO)cc2-c2ccc(S(C)(=O)=O)cc2)CC1,Inhibition,10.0,%,=,CHEMBL878532,CHEMBL230,
CHEMBL71835,CCOC(=O)N1CCC(n2nc(CO)cc2-c2ccc(S(C)(=O)=O)cc2)CC1,Inhibition,10.0,%,=,CHEMBL763205,CHEMBL230,
CHEMBL302980,COc1ccc(-n2nc(C(=O)CCCO)cc2-c2ccc(S(C)(=O)=O)cc2)cc1,Inhibition,85.0,%,=,CHEMBL878532,CHEMBL230,
CHEMBL302980,COc1ccc(-n2nc(C(=O)CCCO)cc2-c2ccc(S(C)(=O)=O)cc2)cc1,Inhibition,50.0,%,=,CHEMBL763205,CHEMBL230,
CHEMBL70926,CS(=O)(=O)c1ccc(-c2cc(C(=O)CCCO)nn2-c2ccc(F)cc2)cc1,Inhibition,25.0,%,=,CHEMBL878532,CHEMBL230,
CHEMBL70926,CS(=O)(=O)c1ccc(-c2cc(C(=O)CCCO)nn2-c2ccc(F)cc2)cc1,Inhibition,25.0,%,=,CHEMBL763205,CHEMBL230,
CHEMBL306460,CC/C=C/c1cc(-c2ccc(S(C)(=O)=O)cc2)n(C2CCCCC2)n1,Inhibition,35.0,%,=,CHEMBL878532,CHEMBL230,
CHEMBL306460,CC/C=C/c1cc(-c2ccc(S(C)(=O)=O)cc2)n(C2CCCCC2)n1,Inhibition,5.0,%,=,CHEMBL763205,CHEMBL230,
CHEMBL325370,CC1(C)OC(=O)C(C(=O)c2ccccc2)=C1c1ccc(S(C)(=O)=O)cc1,IC50,600.0,nM,=,CHEMBL665721,CHEMBL230,6.22
CHEMBL325370,CC1(C)OC(=O)C(C(=O)c2ccccc2)=C1c1ccc(S(C)(=O)=O)cc1,IC50,800.0,nM,=,CHEMBL665720,CHEMBL230,6.10
CHEMBL23241,COc1ccncc1C1=C(c2ccc(S(C)(=O)=O)cc2)CCC1=O,IC50,150.0,nM,=,CHEMBL658503,CHEMBL230,6.82
CHEMBL23241,COc1ccncc1C1=C(c2ccc(S(C)(=O)=O)cc2)CCC1=O,IC50,90.0,nM,=,CHEMBL658502,CHEMBL230,7.05
CHEMBL333962,CS(=O)(=O)c1ccc(-c2nn3c(C(F)(F)F)ccnc3c2-c2ccc(F)cc2)cc1,Inhibition,90.6,%,=,CHEMBL763170,CHEMBL230,
CHEMBL333962,CS(=O)(=O)c1ccc(-c2nn3c(C(F)(F)F)ccnc3c2-c2ccc(F)cc2)cc1,Inhibition,3.5,%,=,CHEMBL839679,CHEMBL230,
CHEMBL340337,Cc1cc(O)n2nc(-c3ccc(S(C)(=O)=O)cc3)c(-c3ccc(F)cc3)c2n1,Inhibition,21.9,%,=,CHEMBL763170,CHEMBL230,
CHEMBL118509,Cc1c(C(F)(F)F)cnc2c(-c3ccc(F)cc3)c(-c3ccc(S(C)(=O)=O)cc3)nn12,Inhibition,100.0,%,=,CHEMBL763170,CHEMBL230,
CHEMBL118509,Cc1c(C(F)(F)F)cnc2c(-c3ccc(F)cc3)c(-c3ccc(S(C)(=O)=O)cc3)nn12,Inhibition,69.0,%,=,CHEMBL839679,CHEMBL230,
CHEMBL333474,CS(=O)(=O)c1ccc(-c2nc3cnccn3c2-c2ccc(F)cc2)cc1,Inhibition,42.5,%,=,CHEMBL763170,CHEMBL230,
CHEMBL36722,Cc1nc(C2CCCCC2)c(-c2ccc(S(N)(=O)=O)c(Cl)c2)o1,IC50,10000.0,nM,>,CHEMBL763083,CHEMBL230,
CHEMBL23170,CS(=O)(=O)c1ccc(C2=C(c3ccccc3)C(=O)CC2)cc1,IC50,11.0,nM,=,CHEMBL658503,CHEMBL230,7.96
CHEMBL23170,CS(=O)(=O)c1ccc(C2=C(c3ccccc3)C(=O)CC2)cc1,IC50,190.0,nM,=,CHEMBL658502,CHEMBL230,6.72
CHEMBL24429,CS(=O)(=O)c1ccc(C2=C(c3cccnc3)C(=O)CC2)cc1,IC50,170.0,nM,=,CHEMBL658503,CHEMBL230,6.77
CHEMBL24429,CS(=O)(=O)c1ccc(C2=C(c3cccnc3)C(=O)CC2)cc1,IC50,640.0,nM,=,CHEMBL658502,CHEMBL230,6.19
CHEMBL330976,CS(=O)(=O)c1ccc(-c2nn3cccnc3c2-c2ccc(F)cc2)cc1,Inhibition,36.2,%,=,CHEMBL763170,CHEMBL230,
CHEMBL330976,CS(=O)(=O)c1ccc(-c2nn3cccnc3c2-c2ccc(F)cc2)cc1,IC50,4201.0,nM,=,CHEMBL766727,CHEMBL230,5.38
CHEMBL121425,Cc1cnc2c(-c3ccc(F)cc3)c(-c3ccc(S(C)(=O)=O)cc3)nn2c1CO,Inhibition,100.0,%,=,CHEMBL763170,CHEMBL230,
CHEMBL121425,Cc1cnc2c(-c3ccc(F)cc3)c(-c3ccc(S(C)(=O)=O)cc3)nn2c1CO,Inhibition,56.5,%,=,CHEMBL839679,CHEMBL230,
CHEMBL120841,Cc1nc(C)n2nc(-c3ccc(S(C)(=O)=O)cc3)c(-c3ccc(F)cc3)c2n1,Inhibition,90.3,%,=,CHEMBL763170,CHEMBL230,
CHEMBL120841,Cc1nc(C)n2nc(-c3ccc(S(C)(=O)=O)cc3)c(-c3ccc(F)cc3)c2n1,Inhibition,18.1,%,=,CHEMBL839679,CHEMBL230,
CHEMBL120010,CS(=O)(=O)c1ccc(-c2nc3cnccc3n2-c2ccc(F)cc2)cc1,Inhibition,21.3,%,=,CHEMBL763170,CHEMBL230,
CHEMBL6,COc1ccc2c(c1)c(CC(=O)O)c(C)n2C(=O)c1ccc(Cl)cc1,IC50,2380.0,nM,=,CHEMBL768963,CHEMBL230,5.62
CHEMBL67324,CS(=O)(=O)c1ccc(-c2cc(CO)nn2C2CCCC2)cc1,Inhibition,-75.0,%,=,CHEMBL878532,CHEMBL230,
CHEMBL67324,CS(=O)(=O)c1ccc(-c2cc(CO)nn2C2CCCC2)cc1,Inhibition,-125.0,%,=,CHEMBL763205,CHEMBL230,
CHEMBL69911,CS(=O)(=O)c1ccc(-c2cc(CCO[N+](=O)[O-])nn2C2CCCCC2)cc1,Inhibition,95.0,%,=,CHEMBL763206,CHEMBL230,
CHEMBL69911,CS(=O)(=O)c1ccc(-c2cc(CCO[N+](=O)[O-])nn2C2CCCCC2)cc1,Inhibition,45.0,%,=,CHEMBL761116,CHEMBL230,
CHEMBL106302,CC1(C)OC(=O)C(Oc2cc(F)cc(F)c2)=C1c1ccc(S(C)(=O)=O)cc1,IC50,40.0,nM,=,CHEMBL665721,CHEMBL230,7.40
CHEMBL106302,CC1(C)OC(=O)C(Oc2cc(F)cc(F)c2)=C1c1ccc(S(C)(=O)=O)cc1,IC50,180.0,nM,=,CHEMBL665720,CHEMBL230,6.75
CHEMBL65793,CCOC(=O)Cn1nc(-c2ccc(S(C)(=O)=O)cc2)c(-c2ccc(F)cc2)c1C(F)(F)F,IC50,440.0,nM,=,CHEMBL763089,CHEMBL230,6.36
CHEMBL121794,Cc1ccc(-c2c(-c3ccc(S(C)(=O)=O)cc3)nn3c(C)c(C)cnc23)cc1,Inhibition,100.0,%,=,CHEMBL763170,CHEMBL230,
CHEMBL121794,Cc1ccc(-c2c(-c3ccc(S(C)(=O)=O)cc3)nn3c(C)c(C)cnc23)cc1,Inhibition,87.6,%,=,CHEMBL839679,CHEMBL230,
CHEMBL331921,Cc1cnc2c(-c3ccc(F)cc3)c(-c3ccc(S(C)(=O)=O)cc3)nn2c1C,Inhibition,96.4,%,=,CHEMBL763855,CHEMBL230,
CHEMBL331921,Cc1cnc2c(-c3ccc(F)cc3)c(-c3ccc(S(C)(=O)=O)cc3)nn2c1C,Inhibition,72.8,%,=,CHEMBL763171,CHEMBL230,
CHEMBL331921,Cc1cnc2c(-c3ccc(F)cc3)c(-c3ccc(S(C)(=O)=O)cc3)nn2c1C,IC50,12.0,nM,=,CHEMBL766727,CHEMBL230,7.92
CHEMBL305233,CS(=O)(=O)c1ccc(-c2cc(CCO)nn2C2CCCCC2)cc1,Inhibition,35.0,%,=,CHEMBL763206,CHEMBL230,
CHEMBL305233,CS(=O)(=O)c1ccc(-c2cc(CCO)nn2C2CCCCC2)cc1,Inhibition,0.0,%,=,CHEMBL761116,CHEMBL230,
CHEMBL421259,Cc1cc(C)n2nc(-c3ccc(S(C)(=O)=O)cc3)c(-c3ccc(F)cc3)c2n1,Inhibition,93.1,%,=,CHEMBL763855,CHEMBL230,
CHEMBL421259,Cc1cc(C)n2nc(-c3ccc(S(C)(=O)=O)cc3)c(-c3ccc(F)cc3)c2n1,Inhibition,17.1,%,=,CHEMBL763171,CHEMBL230,
CHEMBL421259,Cc1cc(C)n2nc(-c3ccc(S(C)(=O)=O)cc3)c(-c3ccc(F)cc3)c2n1,IC50,154.0,nM,=,CHEMBL766727,CHEMBL230,6.81
CHEMBL334118,CCCCc1nc(C)nc2c(-c3ccc(F)cc3)c(-c3ccc(S(C)(=O)=O)cc3)nn12,Inhibition,54.6,%,=,CHEMBL763170,CHEMBL230,
CHEMBL333360,Cc1ccn2c(-c3ccc(F)cc3)c(-c3ccc(S(C)(=O)=O)cc3)nc2n1,Inhibition,50.7,%,=,CHEMBL763170,CHEMBL230,
CHEMBL118,Cc1ccc(-c2cc(C(F)(F)F)nn2-c2ccc(S(N)(=O)=O)cc2)cc1,IC50,230.0,nM,=,CHEMBL768963,CHEMBL230,6.64
CHEMBL307022,CS(=O)(=O)c1ccc(-c2cc(CO)nn2C2=CCOC=C2)cc1,Inhibition,10.0,%,=,CHEMBL763206,CHEMBL230,
CHEMBL307022,CS(=O)(=O)c1ccc(-c2cc(CO)nn2C2=CCOC=C2)cc1,Inhibition,0.0,%,=,CHEMBL761116,CHEMBL230,
CHEMBL308902,CC(C)CC(CC(C)C)n1nc(CO[N+](=O)[O-])cc1-c1ccc(S(C)(=O)=O)cc1,Inhibition,0.0,%,=,CHEMBL878532,CHEMBL230,
CHEMBL308902,CC(C)CC(CC(C)C)n1nc(CO[N+](=O)[O-])cc1-c1ccc(S(C)(=O)=O)cc1,Inhibition,15.0,%,=,CHEMBL763205,CHEMBL230,
CHEMBL71794,Cc1ccc(-n2nc(C(=O)CCCO)cc2-c2ccc(S(C)(=O)=O)cc2)cc1,Inhibition,45.0,%,=,CHEMBL878532,CHEMBL230,
CHEMBL71794,Cc1ccc(-n2nc(C(=O)CCCO)cc2-c2ccc(S(C)(=O)=O)cc2)cc1,Inhibition,15.0,%,=,CHEMBL763205,CHEMBL230,
CHEMBL331786,CCCCc1cc(C)nc2c(-c3ccc(F)cc3)c(-c3ccc(S(C)(=O)=O)cc3)nn12,Inhibition,58.3,%,=,CHEMBL763170,CHEMBL230,
CHEMBL331786,CCCCc1cc(C)nc2c(-c3ccc(F)cc3)c(-c3ccc(S(C)(=O)=O)cc3)nn12,Inhibition,11.0,%,=,CHEMBL839679,CHEMBL230,
CHEMBL331295,CS(=O)(=O)c1ccc(-c2nn3c4c(cnc3c2-c2ccc(F)cc2)CSC4)cc1,Inhibition,93.6,%,=,CHEMBL763170,CHEMBL230,
CHEMBL331295,CS(=O)(=O)c1ccc(-c2nn3c4c(cnc3c2-c2ccc(F)cc2)CSC4)cc1,Inhibition,25.0,%,=,CHEMBL839679,CHEMBL230,
CHEMBL120227,Cc1cnc2c(-c3ccc(F)c(F)c3)c(-c3ccc(S(N)(=O)=O)cc3)nn2c1C,Inhibition,100.0,%,=,CHEMBL763170,CHEMBL230,
CHEMBL120227,Cc1cnc2c(-c3ccc(F)c(F)c3)c(-c3ccc(S(N)(=O)=O)cc3)nn2c1C,Inhibition,97.2,%,=,CHEMBL839679,CHEMBL230,
CHEMBL120816,Cc1ccn2c(-c3ccc(F)cc3)c(-c3ccc(S(C)(=O)=O)cc3)nc2c1C,Inhibition,66.7,%,=,CHEMBL763170,CHEMBL230,
CHEMBL120816,Cc1ccn2c(-c3ccc(F)cc3)c(-c3ccc(S(C)(=O)=O)cc3)nc2c1C,Inhibition,59.3,%,=,CHEMBL839679,CHEMBL230,
CHEMBL306658,CCOC(=O)N1CCC(n2nc(CO[N+](=O)[O-])cc2-c2ccc(S(C)(=O)=O)cc2)CC1,Inhibition,0.0,%,=,CHEMBL878532,CHEMBL230,
CHEMBL306658,CCOC(=O)N1CCC(n2nc(CO[N+](=O)[O-])cc2-c2ccc(S(C)(=O)=O)cc2)CC1,Inhibition,0.0,%,=,CHEMBL763205,CHEMBL230,
CHEMBL6,COc1ccc2c(c1)c(CC(=O)O)c(C)n2C(=O)c1ccc(Cl)cc1,Inhibition,100.0,%,=,CHEMBL763869,CHEMBL230,
CHEMBL6,COc1ccc2c(c1)c(CC(=O)O)c(C)n2C(=O)c1ccc(Cl)cc1,Inhibition,67.9,%,=,CHEMBL874013,CHEMBL230,
CHEMBL6,COc1ccc2c(c1)c(CC(=O)O)c(C)n2C(=O)c1ccc(Cl)cc1,IC50,9.0,nM,=,CHEMBL766727,CHEMBL230,8.05
CHEMBL23610,CS(=O)(=O)c1ccc(C2=C(Oc3cc(F)cc(F)c3)C(=O)CC2)cc1,IC50,17.0,nM,=,CHEMBL658503,CHEMBL230,7.77
CHEMBL23610,CS(=O)(=O)c1ccc(C2=C(Oc3cc(F)cc(F)c3)C(=O)CC2)cc1,IC50,1100.0,nM,=,CHEMBL658502,CHEMBL230,5.96
CHEMBL120691,CS(=O)(=O)c1ccc(-c2nn3c4c(cnc3c2-c2ccc(F)cc2)C(=O)CC4)cc1,Inhibition,75.0,%,=,CHEMBL763170,CHEMBL230,
CHEMBL120691,CS(=O)(=O)c1ccc(-c2nn3c4c(cnc3c2-c2ccc(F)cc2)C(=O)CC4)cc1,Inhibition,0.0,%,=,CHEMBL839679,CHEMBL230,
CHEMBL121380,CS(=O)(=O)c1ccc(-c2nn3c4c(cnc3c2-c2ccc(F)cc2)SCC4)cc1,Inhibition,90.7,%,=,CHEMBL763170,CHEMBL230,
CHEMBL121380,CS(=O)(=O)c1ccc(-c2nn3c4c(cnc3c2-c2ccc(F)cc2)SCC4)cc1,Inhibition,14.8,%,=,CHEMBL839679,CHEMBL230,
CHEMBL122121,Cc1nnc2c(-c3ccc(F)cc3)c(-c3ccc(S(C)(=O)=O)cc3)nn2c1C,Inhibition,100.0,%,=,CHEMBL763170,CHEMBL230,
CHEMBL122121,Cc1nnc2c(-c3ccc(F)cc3)c(-c3ccc(S(C)(=O)=O)cc3)nn2c1C,Inhibition,40.5,%,=,CHEMBL839679,CHEMBL230,
CHEMBL69047,CS(=O)(=O)c1ccc(-c2cc(CO[N+](=O)[O-])nn2CC2CCCCC2)cc1,Inhibition,65.0,%,=,CHEMBL763206,CHEMBL230,
CHEMBL69047,CS(=O)(=O)c1ccc(-c2cc(CO[N+](=O)[O-])nn2CC2CCCCC2)cc1,Inhibition,10.0,%,=,CHEMBL761116,CHEMBL230,
CHEMBL282242,CS(=O)(=O)c1ccc(C2=C(c3cc(Br)ccn3)C(=O)CC2)cc1,IC50,630.0,nM,=,CHEMBL658503,CHEMBL230,6.20
CHEMBL282242,CS(=O)(=O)c1ccc(C2=C(c3cc(Br)ccn3)C(=O)CC2)cc1,IC50,470.0,nM,=,CHEMBL658502,CHEMBL230,6.33
CHEMBL331974,Cc1cc(Cl)n2nc(-c3ccc(S(C)(=O)=O)cc3)c(-c3ccc(F)cc3)c2n1,Inhibition,14.3,%,=,CHEMBL763170,CHEMBL230,
CHEMBL331673,Cc1c(CF)cnc2c(-c3ccc(F)cc3)c(-c3ccc(S(C)(=O)=O)cc3)nn12,Inhibition,84.6,%,=,CHEMBL763170,CHEMBL230,
CHEMBL331673,Cc1c(CF)cnc2c(-c3ccc(F)cc3)c(-c3ccc(S(C)(=O)=O)cc3)nn12,Inhibition,4.4,%,=,CHEMBL839679,CHEMBL230,
CHEMBL416589,Cc1nc(C2CCCCC2)c(-c2ccc(S(N)(=O)=O)c(N)c2)o1,IC50,930.0,nM,=,CHEMBL763083,CHEMBL230,6.03
CHEMBL306894,CS(=O)(=O)c1ccc(-c2cc(CO[N+](=O)[O-])nn2C2CCCC2)cc1,Inhibition,-100.0,%,=,CHEMBL763206,CHEMBL230,
CHEMBL306894,CS(=O)(=O)c1ccc(-c2cc(CO[N+](=O)[O-])nn2C2CCCC2)cc1,Inhibition,-125.0,%,=,CHEMBL761116,CHEMBL230,
CHEMBL71558,C/C=C/c1cc(-c2ccc(S(C)(=O)=O)cc2)n(CC2CCCCC2)n1,Inhibition,45.0,%,=,CHEMBL878532,CHEMBL230,
CHEMBL71558,C/C=C/c1cc(-c2ccc(S(C)(=O)=O)cc2)n(CC2CCCCC2)n1,Inhibition,25.0,%,=,CHEMBL763205,CHEMBL230,
CHEMBL118,Cc1ccc(-c2cc(C(F)(F)F)nn2-c2ccc(S(N)(=O)=O)cc2)cc1,IC50,2.0,nM,=,CHEMBL665721,CHEMBL230,8.70
CHEMBL118,Cc1ccc(-c2cc(C(F)(F)F)nn2-c2ccc(S(N)(=O)=O)cc2)cc1,IC50,1000.0,nM,=,CHEMBL665720,CHEMBL230,6.00
CHEMBL118,Cc1ccc(-c2cc(C(F)(F)F)nn2-c2ccc(S(N)(=O)=O)cc2)cc1,IC50,2.0,nM,=,CHEMBL658503,CHEMBL230,8.70
CHEMBL118,Cc1ccc(-c2cc(C(F)(F)F)nn2-c2ccc(S(N)(=O)=O)cc2)cc1,IC50,1000.0,nM,=,CHEMBL658502,CHEMBL230,6.00
CHEMBL121326,Cc1cnc2c(-c3ccc(F)c(F)c3)c(-c3ccc(S(C)(=O)=O)cc3)nn2c1C,Inhibition,100.0,%,=,CHEMBL763170,CHEMBL230,
CHEMBL121326,Cc1cnc2c(-c3ccc(F)c(F)c3)c(-c3ccc(S(C)(=O)=O)cc3)nn2c1C,Inhibition,100.0,%,=,CHEMBL839679,CHEMBL230,
CHEMBL308927,CS(=O)(=O)c1ccc(-c2cc(CO)nn2C2CCCCC2)cc1,Inhibition,35.0,%,=,CHEMBL763206,CHEMBL230,
CHEMBL308927,CS(=O)(=O)c1ccc(-c2cc(CO)nn2C2CCCCC2)cc1,Inhibition,10.0,%,=,CHEMBL761116,CHEMBL230,
CHEMBL449352,CS(=O)(=O)c1ccc(-c2cc(C(=O)CCCCCO[N+](=O)[O-])nn2C2CCCCC2)cc1,Inhibition,75.0,%,=,CHEMBL878532,CHEMBL230,
CHEMBL449352,CS(=O)(=O)c1ccc(-c2cc(C(=O)CCCCCO[N+](=O)[O-])nn2C2CCCCC2)cc1,Inhibition,80.0,%,=,CHEMBL763205,CHEMBL230,
CHEMBL307777,C/C=C/c1cc(-c2ccc(S(C)(=O)=O)cc2)n(C2CCCCC2)n1,Inhibition,15.0,%,=,CHEMBL878532,CHEMBL230,
CHEMBL307777,C/C=C/c1cc(-c2ccc(S(C)(=O)=O)cc2)n(C2CCCCC2)n1,Inhibition,0.0,%,=,CHEMBL763205,CHEMBL230,
CHEMBL70711,CO/N=C(/CCCO[N+](=O)[O-])c1cc(-c2ccc(S(C)(=O)=O)cc2)n(C2CCCCC2)n1,Inhibition,90.0,%,=,CHEMBL878532,CHEMBL230,
CHEMBL70711,CO/N=C(/CCCO[N+](=O)[O-])c1cc(-c2ccc(S(C)(=O)=O)cc2)n(C2CCCCC2)n1,Inhibition,55.0,%,=,CHEMBL763205,CHEMBL230,
CHEMBL120020,CCOC(=O)c1cnc2c(-c3ccc(F)cc3)c(-c3ccc(S(C)(=O)=O)cc3)nn2c1C,Inhibition,100.0,%,=,CHEMBL763170,CHEMBL230,
CHEMBL120020,CCOC(=O)c1cnc2c(-c3ccc(F)cc3)c(-c3ccc(S(C)(=O)=O)cc3)nn2c1C,Inhibition,40.5,%,=,CHEMBL839679,CHEMBL230,
CHEMBL331958,CCCCc1cnnc2c(-c3ccc(F)cc3)c(-c3ccc(S(C)(=O)=O)cc3)nn12,Inhibition,89.7,%,=,CHEMBL763170,CHEMBL230,
CHEMBL331958,CCCCc1cnnc2c(-c3ccc(F)cc3)c(-c3ccc(S(C)(=O)=O)cc3)nn12,Inhibition,0.9,%,=,CHEMBL839679,CHEMBL230,
CHEMBL35783,Cc1nc(C2CCCCC2)c(-c2ccc(S(N)(=O)=O)c(C)c2)o1,IC50,2000.0,nM,=,CHEMBL763083,CHEMBL230,5.70
CHEMBL118,Cc1ccc(-c2cc(C(F)(F)F)nn2-c2ccc(S(N)(=O)=O)cc2)cc1,Inhibition,94.6,%,=,CHEMBL763869,CHEMBL230,
CHEMBL118,Cc1ccc(-c2cc(C(F)(F)F)nn2-c2ccc(S(N)(=O)=O)cc2)cc1,Inhibition,67.0,%,=,CHEMBL874013,CHEMBL230,
CHEMBL118,Cc1ccc(-c2cc(C(F)(F)F)nn2-c2ccc(S(N)(=O)=O)cc2)cc1,IC50,80.0,nM,=,CHEMBL766727,CHEMBL230,7.10
CHEMBL23245,CS(=O)(=O)c1ccc(C2=C(c3cccc(F)c3)C(=O)CC2)cc1,IC50,14.0,nM,=,CHEMBL658503,CHEMBL230,7.85
CHEMBL23245,CS(=O)(=O)c1ccc(C2=C(c3cccc(F)c3)C(=O)CC2)cc1,IC50,340.0,nM,=,CHEMBL658502,CHEMBL230,6.47
CHEMBL279249,CS(=O)(=O)c1ccc(C2=C(c3ccc(F)c(F)c3)C(=O)CC2)cc1,IC50,14.0,nM,=,CHEMBL658503,CHEMBL230,7.85
CHEMBL279249,CS(=O)(=O)c1ccc(C2=C(c3ccc(F)c(F)c3)C(=O)CC2)cc1,IC50,210.0,nM,=,CHEMBL658502,CHEMBL230,6.68
CHEMBL36815,CC(C)c1nc(C2CCCCC2)c(-c2ccc(S(N)(=O)=O)c(F)c2)o1,IC50,600.0,nM,=,CHEMBL763083,CHEMBL230,6.22
CHEMBL69130,CS(=O)(=O)c1ccc(-c2cc(CO[N+](=O)[O-])nn2Cc2ccccc2)cc1,Inhibition,40.0,%,=,CHEMBL878532,CHEMBL230,
CHEMBL69130,CS(=O)(=O)c1ccc(-c2cc(CO[N+](=O)[O-])nn2Cc2ccccc2)cc1,Inhibition,20.0,%,=,CHEMBL763205,CHEMBL230,
CHEMBL303003,CS(=O)(=O)c1ccc(-c2cc(C(=O)CCCO[N+](=O)[O-])nn2-c2ccc(Br)cc2)cc1,Inhibition,95.0,%,=,CHEMBL878532,CHEMBL230,
CHEMBL303003,CS(=O)(=O)c1ccc(-c2cc(C(=O)CCCO[N+](=O)[O-])nn2-c2ccc(Br)cc2)cc1,Inhibition,70.0,%,=,CHEMBL763205,CHEMBL230,
CHEMBL23175,CS(=O)(=O)c1ccc(C2=C(c3ccc(Cl)c(F)c3)C(=O)CC2)cc1,IC50,15.0,nM,=,CHEMBL658503,CHEMBL230,7.82
CHEMBL23175,CS(=O)(=O)c1ccc(C2=C(c3ccc(Cl)c(F)c3)C(=O)CC2)cc1,IC50,150.0,nM,=,CHEMBL658502,CHEMBL230,6.82
CHEMBL23378,CS(=O)(=O)c1ccc(C2=C(c3cc4ccccc4s3)C(=O)CC2)cc1,IC50,14.0,nM,=,CHEMBL658503,CHEMBL230,7.85
CHEMBL23378,CS(=O)(=O)c1ccc(C2=C(c3cc4ccccc4s3)C(=O)CC2)cc1,IC50,80.0,nM,=,CHEMBL658502,CHEMBL230,7.10
CHEMBL118862,CCCc1c(C)nnc2c(-c3ccc(F)cc3)c(-c3ccc(S(C)(=O)=O)cc3)nn12,Inhibition,95.0,%,=,CHEMBL763170,CHEMBL230,
CHEMBL118862,CCCc1c(C)nnc2c(-c3ccc(F)cc3)c(-c3ccc(S(C)(=O)=O)cc3)nn12,Inhibition,17.9,%,=,CHEMBL839679,CHEMBL230,
CHEMBL332402,CCc1nnc2c(-c3ccc(F)cc3)c(-c3ccc(S(C)(=O)=O)cc3)nn2c1CC,Inhibition,100.0,%,=,CHEMBL763170,CHEMBL230,
CHEMBL332402,CCc1nnc2c(-c3ccc(F)cc3)c(-c3ccc(S(C)(=O)=O)cc3)nn2c1CC,Inhibition,50.9,%,=,CHEMBL839679,CHEMBL230,
CHEMBL421107,CS(=O)(=O)c1ccc(-c2cc(CCCO[N+](=O)[O-])nn2C2CCCCC2)cc1,Inhibition,100.0,%,=,CHEMBL878532,CHEMBL230,
CHEMBL421107,CS(=O)(=O)c1ccc(-c2cc(CCCO[N+](=O)[O-])nn2C2CCCCC2)cc1,Inhibition,75.0,%,=,CHEMBL763205,CHEMBL230,
CHEMBL69658,CS(=O)(=O)c1ccc(-c2cc(C(=O)CCCO[N+](=O)[O-])nn2-c2ccccc2)cc1,Inhibition,95.0,%,=,CHEMBL878532,CHEMBL230,
CHEMBL69658,CS(=O)(=O)c1ccc(-c2cc(C(=O)CCCO[N+](=O)[O-])nn2-c2ccccc2)cc1,Inhibition,35.0,%,=,CHEMBL763205,CHEMBL230,
CHEMBL68644,CS(=O)(=O)c1ccc(-c2cc(/C(CCCO[N+](=O)[O-])=N\O)nn2-c2ccc(C#N)cc2)cc1,Inhibition,20.0,%,=,CHEMBL878532,CHEMBL230,
CHEMBL68644,CS(=O)(=O)c1ccc(-c2cc(/C(CCCO[N+](=O)[O-])=N\O)nn2-c2ccc(C#N)cc2)cc1,Inhibition,10.0,%,=,CHEMBL763205,CHEMBL230,
CHEMBL418871,Cc1nc2c(-c3ccc(F)cc3)c(-c3ccc(S(C)(=O)=O)cc3)nn2c(Cl)c1C,Inhibition,45.8,%,=,CHEMBL763170,CHEMBL230,
CHEMBL120467,Cc1cn2nc(-c3ccc(S(C)(=O)=O)cc3)c(-c3ccc(F)cc3)c2nc1C,Inhibition,57.2,%,=,CHEMBL763855,CHEMBL230,
CHEMBL120467,Cc1cn2nc(-c3ccc(S(C)(=O)=O)cc3)c(-c3ccc(F)cc3)c2nc1C,IC50,2133.0,nM,=,CHEMBL766727,CHEMBL230,5.67
CHEMBL305201,CS(=O)(=O)c1ccc(-c2cc(C(=O)CCCO)nn2-c2ccc(C#N)cc2)cc1,Inhibition,10.0,%,=,CHEMBL878532,CHEMBL230,
CHEMBL305201,CS(=O)(=O)c1ccc(-c2cc(C(=O)CCCO)nn2-c2ccc(C#N)cc2)cc1,Inhibition,0.0,%,=,CHEMBL763205,CHEMBL230,
CHEMBL110836,CC1(C)OC(=O)C(Oc2ccc(F)cc2F)=C1c1ccc(S(C)(=O)=O)cc1,IC50,20.0,nM,=,CHEMBL665721,CHEMBL230,7.70
CHEMBL110836,CC1(C)OC(=O)C(Oc2ccc(F)cc2F)=C1c1ccc(S(C)(=O)=O)cc1,IC50,40.0,nM,=,CHEMBL665720,CHEMBL230,7.40
CHEMBL24009,CS(=O)(=O)c1ccc(C2=C(c3cc(F)cc(F)c3)C(=O)CC2)cc1,IC50,15.0,nM,=,CHEMBL658503,CHEMBL230,7.82
CHEMBL24009,CS(=O)(=O)c1ccc(C2=C(c3cc(F)cc(F)c3)C(=O)CC2)cc1,IC50,620.0,nM,=,CHEMBL658502,CHEMBL230,6.21
CHEMBL122357,Cc1cnc2c(-c3ccc(F)cc3)c(-c3ccc(S(C)(=O)=O)cc3)nn2c1,Inhibition,78.3,%,=,CHEMBL763855,CHEMBL230,
CHEMBL122357,Cc1cnc2c(-c3ccc(F)cc3)c(-c3ccc(S(C)(=O)=O)cc3)nn2c1,Inhibition,25.6,%,=,CHEMBL763171,CHEMBL230,
CHEMBL122357,Cc1cnc2c(-c3ccc(F)cc3)c(-c3ccc(S(C)(=O)=O)cc3)nn2c1,IC50,267.0,nM,=,CHEMBL766727,CHEMBL230,6.57
CHEMBL333245,CS(=O)(=O)c1ccc(-c2nc3cccnn3c2-c2ccc(F)cc2)cc1,Inhibition,61.2,%,=,CHEMBL763170,CHEMBL230,
CHEMBL71434,CS(=O)(=O)c1ccc(-c2cc(C(=O)CCCO[N+](=O)[O-])nn2-c2ccc(C(F)(F)F)cc2)cc1,Inhibition,100.0,%,=,CHEMBL878532,CHEMBL230,
CHEMBL71434,CS(=O)(=O)c1ccc(-c2cc(C(=O)CCCO[N+](=O)[O-])nn2-c2ccc(C(F)(F)F)cc2)cc1,Inhibition,35.0,%,=,CHEMBL763205,CHEMBL230,
CHEMBL303383,CS(=O)(=O)c1ccc(-c2cc(C(=O)CCCO)nn2-c2ccc(C(F)(F)F)cc2)cc1,Inhibition,10.0,%,=,CHEMBL878532,CHEMBL230,
CHEMBL303383,CS(=O)(=O)c1ccc(-c2cc(C(=O)CCCO)nn2-c2ccc(C(F)(F)F)cc2)cc1,Inhibition,0.0,%,=,CHEMBL763205,CHEMBL230,
CHEMBL68026,CS(=O)(=O)c1ccc(-c2cc(C(=O)CCCO)nn2-c2ccc(Br)cc2)cc1,Inhibition,70.0,%,=,CHEMBL878532,CHEMBL230,
CHEMBL68026,CS(=O)(=O)c1ccc(-c2cc(C(=O)CCCO)nn2-c2ccc(Br)cc2)cc1,Inhibition,15.0,%,=,CHEMBL763205,CHEMBL230,
CHEMBL70092,CS(=O)(=O)c1ccc(-c2cc(C(=O)CCCO[N+](=O)[O-])nn2-c2ccc(C#N)cc2)cc1,Inhibition,55.0,%,=,CHEMBL878532,CHEMBL230,
CHEMBL70092,CS(=O)(=O)c1ccc(-c2cc(C(=O)CCCO[N+](=O)[O-])nn2-c2ccc(C#N)cc2)cc1,Inhibition,10.0,%,=,CHEMBL763205,CHEMBL230,
CHEMBL68735,CS(=O)(=O)c1ccc(-c2cc(/C=C/C[N+](=O)[O-])nn2C2CCCCC2)cc1,Inhibition,45.0,%,=,CHEMBL878532,CHEMBL230,
CHEMBL68735,CS(=O)(=O)c1ccc(-c2cc(/C=C/C[N+](=O)[O-])nn2C2CCCCC2)cc1,Inhibition,0.0,%,=,CHEMBL763205,CHEMBL230,
CHEMBL122,CS(=O)(=O)c1ccc(C2=C(c3ccccc3)C(=O)OC2)cc1,Inhibition,100.0,%,=,CHEMBL878532,CHEMBL230,
CHEMBL122,CS(=O)(=O)c1ccc(C2=C(c3ccccc3)C(=O)OC2)cc1,Inhibition,100.0,%,=,CHEMBL763206,CHEMBL230,
CHEMBL122,CS(=O)(=O)c1ccc(C2=C(c3ccccc3)C(=O)OC2)cc1,Inhibition,75.0,%,=,CHEMBL763205,CHEMBL230,
CHEMBL122,CS(=O)(=O)c1ccc(C2=C(c3ccccc3)C(=O)OC2)cc1,Inhibition,45.0,%,=,CHEMBL761116,CHEMBL230,
CHEMBL122,CS(=O)(=O)c1ccc(C2=C(c3ccccc3)C(=O)OC2)cc1,IC50,300.0,nM,=,CHEMBL760083,CHEMBL230,6.52
CHEMBL122240,Cc1c(Cl)nn2c(-c3ccc(F)cc3)c(-c3ccc(S(C)(=O)=O)cc3)nc2c1C,Inhibition,100.0,%,=,CHEMBL763868,CHEMBL230,
CHEMBL122240,Cc1c(Cl)nn2c(-c3ccc(F)cc3)c(-c3ccc(S(C)(=O)=O)cc3)nc2c1C,Inhibition,35.4,%,=,CHEMBL763867,CHEMBL230,
CHEMBL428710,CS(=O)(=O)c1ccc(C2=C(c3cc(Cl)ccn3)C(=O)CC2)cc1,IC50,190.0,nM,=,CHEMBL658503,CHEMBL230,6.72
CHEMBL428710,CS(=O)(=O)c1ccc(C2=C(c3cc(Cl)ccn3)C(=O)CC2)cc1,IC50,520.0,nM,=,CHEMBL658502,CHEMBL230,6.28
CHEMBL123700,Cc1ccn2nc(-c3ccc(S(C)(=O)=O)cc3)c(-c3ccc(F)cc3)c2n1,Inhibition,28.7,%,=,CHEMBL763855,CHEMBL230,
CHEMBL123700,Cc1ccn2nc(-c3ccc(S(C)(=O)=O)cc3)c(-c3ccc(F)cc3)c2n1,IC50,504.0,nM,=,CHEMBL766727,CHEMBL230,6.30
CHEMBL332883,CCc1nnc2c(-c3ccc(F)cc3)c(-c3ccc(S(C)(=O)=O)cc3)nn2c1C,Inhibition,100.0,%,=,CHEMBL763170,CHEMBL230,
CHEMBL332883,CCc1nnc2c(-c3ccc(F)cc3)c(-c3ccc(S(C)(=O)=O)cc3)nn2c1C,Inhibition,74.9,%,=,CHEMBL839679,CHEMBL230,
CHEMBL68903,CS(=O)(=O)c1ccc(-c2cc(CO[N+](=O)[O-])nn2C2CCCCCC2)cc1,Inhibition,90.0,%,=,CHEMBL878532,CHEMBL230,
CHEMBL68903,CS(=O)(=O)c1ccc(-c2cc(CO[N+](=O)[O-])nn2C2CCCCCC2)cc1,Inhibition,60.0,%,=,CHEMBL763205,CHEMBL230,
CHEMBL70977,CS(=O)(=O)c1ccc(-c2cc(/C(CCCO[N+](=O)[O-])=N\O)nn2-c2ccccc2)cc1,Inhibition,85.0,%,=,CHEMBL878532,CHEMBL230,
CHEMBL70977,CS(=O)(=O)c1ccc(-c2cc(/C(CCCO[N+](=O)[O-])=N\O)nn2-c2ccccc2)cc1,Inhibition,25.0,%,=,CHEMBL763205,CHEMBL230,
CHEMBL120224,Cc1cc(C(F)(F)F)nc2c(-c3ccc(F)cc3)c(-c3ccc(S(C)(=O)=O)cc3)nn12,Inhibition,57.2,%,=,CHEMBL763170,CHEMBL230,
CHEMBL332169,Cc1nc2c(-c3ccc(F)cc3)c(-c3ccc(S(C)(=O)=O)cc3)nn2c(C)c1C,Inhibition,100.0,%,=,CHEMBL763855,CHEMBL230,
CHEMBL332169,Cc1nc2c(-c3ccc(F)cc3)c(-c3ccc(S(C)(=O)=O)cc3)nn2c(C)c1C,Inhibition,56.1,%,=,CHEMBL763171,CHEMBL230,
CHEMBL332169,Cc1nc2c(-c3ccc(F)cc3)c(-c3ccc(S(C)(=O)=O)cc3)nn2c(C)c1C,IC50,192.0,nM,=,CHEMBL766727,CHEMBL230,6.72
CHEMBL120251,CCc1c(C)cnc2c(-c3ccc(F)cc3)c(-c3ccc(S(C)(=O)=O)cc3)nn12,Inhibition,100.0,%,=,CHEMBL763170,CHEMBL230,
CHEMBL120251,CCc1c(C)cnc2c(-c3ccc(F)cc3)c(-c3ccc(S(C)(=O)=O)cc3)nn12,Inhibition,62.3,%,=,CHEMBL839679,CHEMBL230,
CHEMBL321217,CC1(C)OC(=O)C(c2cccc(F)c2)=C1c1ccc(S(C)(=O)=O)cc1,IC50,40.0,nM,=,CHEMBL665721,CHEMBL230,7.40
CHEMBL321217,CC1(C)OC(=O)C(c2cccc(F)c2)=C1c1ccc(S(C)(=O)=O)cc1,IC50,300.0,nM,=,CHEMBL665720,CHEMBL230,6.52
CHEMBL67721,CS(=O)(=O)c1ccc(-c2nn(CC(=O)Nc3ccccc3)c(C(F)(F)F)c2-c2ccc(F)cc2)cc1,IC50,480.0,nM,=,CHEMBL763089,CHEMBL230,6.32
CHEMBL276976,Cc1ccncc1C1=C(c2ccc(S(C)(=O)=O)cc2)CCC1=O,IC50,440.0,nM,=,CHEMBL658503,CHEMBL230,6.36
CHEMBL276976,Cc1ccncc1C1=C(c2ccc(S(C)(=O)=O)cc2)CCC1=O,IC50,450.0,nM,=,CHEMBL658502,CHEMBL230,6.35
CHEMBL121325,CS(=O)(=O)c1ccc(-c2nn3c4c(cnc3c2-c2ccc(F)cc2)CCC4)cc1,Inhibition,90.4,%,=,CHEMBL763170,CHEMBL230,
CHEMBL121325,CS(=O)(=O)c1ccc(-c2nn3c4c(cnc3c2-c2ccc(F)cc2)CCC4)cc1,Inhibition,48.3,%,=,CHEMBL839679,CHEMBL230,
CHEMBL71179,CS(=O)(=O)c1ccc(-c2cc(/C=C/C[N+](=O)[O-])nn2CC2CCCCC2)cc1,Inhibition,75.0,%,=,CHEMBL878532,CHEMBL230,
CHEMBL71179,CS(=O)(=O)c1ccc(-c2cc(/C=C/C[N+](=O)[O-])nn2CC2CCCCC2)cc1,Inhibition,35.0,%,=,CHEMBL763205,CHEMBL230,
CHEMBL307092,CS(=O)(=O)c1ccc(-c2cc(CO[N+](=O)[O-])nn2C2CCCCCCC2)cc1,Inhibition,90.0,%,=,CHEMBL878532,CHEMBL230,
CHEMBL307092,CS(=O)(=O)c1ccc(-c2cc(CO[N+](=O)[O-])nn2C2CCCCCCC2)cc1,Inhibition,50.0,%,=,CHEMBL763205,CHEMBL230,
CHEMBL71778,CS(=O)(=O)c1ccc(-c2cc(CO[N+](=O)[O-])nn2C2CCS(=O)(=O)CC2)cc1,Inhibition,0.0,%,=,CHEMBL763206,CHEMBL230,
CHEMBL71778,CS(=O)(=O)c1ccc(-c2cc(CO[N+](=O)[O-])nn2C2CCS(=O)(=O)CC2)cc1,Inhibition,10.0,%,=,CHEMBL761116,CHEMBL230,
CHEMBL109177,CC1(C)OC(=O)C(Oc2ccccc2)=C1c1ccc(S(C)(=O)=O)cc1,IC50,20.0,nM,=,CHEMBL665721,CHEMBL230,7.70
CHEMBL109177,CC1(C)OC(=O)C(Oc2ccccc2)=C1c1ccc(S(C)(=O)=O)cc1,IC50,40.0,nM,=,CHEMBL665720,CHEMBL230,7.40
CHEMBL302527,C=CCn1cc(-c2ccc(F)cc2)c(-c2ccc(S(C)(=O)=O)cc2)n1,IC50,100000.0,nM,>,CHEMBL763089,CHEMBL230,
CHEMBL67659,CS(=O)(=O)c1ccc(-c2nn(CCc3ccccc3)c(C(F)(F)F)c2-c2ccc(F)cc2)cc1,IC50,45.0,nM,=,CHEMBL763089,CHEMBL230,7.35
CHEMBL278336,CS(=O)(=O)c1ccc(C2=C(C#Cc3ccccc3)C(=O)CC2)cc1,IC50,6.0,nM,=,CHEMBL658503,CHEMBL230,8.22
CHEMBL278336,CS(=O)(=O)c1ccc(C2=C(C#Cc3ccccc3)C(=O)CC2)cc1,IC50,640.0,nM,=,CHEMBL658502,CHEMBL230,6.19
CHEMBL332688,CCCc1ccnc2c(-c3ccc(F)cc3)c(-c3ccc(S(C)(=O)=O)cc3)nn12,Inhibition,56.1,%,=,CHEMBL763170,CHEMBL230,
CHEMBL332688,CCCc1ccnc2c(-c3ccc(F)cc3)c(-c3ccc(S(C)(=O)=O)cc3)nn12,Inhibition,32.2,%,=,CHEMBL839679,CHEMBL230,
CHEMBL290192,Cc1nc(-c2ccc(F)cc2)c(-c2ccc(S(N)(=O)=O)cc2)o1,IC50,20.0,nM,=,CHEMBL763083,CHEMBL230,7.70
CHEMBL71274,CS(=O)(=O)c1ccc(-c2cc(CO)nn2C2CCCCCC2)cc1,Inhibition,25.0,%,=,CHEMBL878532,CHEMBL230,
CHEMBL71274,CS(=O)(=O)c1ccc(-c2cc(CO)nn2C2CCCCCC2)cc1,Inhibition,10.0,%,=,CHEMBL763205,CHEMBL230,
CHEMBL122,CS(=O)(=O)c1ccc(C2=C(c3ccccc3)C(=O)OC2)cc1,IC50,20.0,nM,=,CHEMBL658503,CHEMBL230,7.70
CHEMBL122,CS(=O)(=O)c1ccc(C2=C(c3ccccc3)C(=O)OC2)cc1,IC50,500.0,nM,=,CHEMBL658502,CHEMBL230,6.30
CHEMBL330807,CS(=O)(=O)c1ccc(-c2nn3c4c(cnc3c2-c2ccc(F)cc2)CCCC4)cc1,Inhibition,100.0,%,=,CHEMBL763170,CHEMBL230,
CHEMBL330807,CS(=O)(=O)c1ccc(-c2nn3c4c(cnc3c2-c2ccc(F)cc2)CCCC4)cc1,Inhibition,57.7,%,=,CHEMBL839679,CHEMBL230,
CHEMBL306213,CC(C)CC(CC(C)C)n1nc(CO)cc1-c1ccc(S(C)(=O)=O)cc1,Inhibition,25.0,%,=,CHEMBL878532,CHEMBL230,
CHEMBL306213,CC(C)CC(CC(C)C)n1nc(CO)cc1-c1ccc(S(C)(=O)=O)cc1,Inhibition,10.0,%,=,CHEMBL763205,CHEMBL230,
CHEMBL304763,CS(=O)(=O)c1ccc(-c2cc(CCCO[N+](=O)[O-])nn2CC2CCCCC2)cc1,Inhibition,100.0,%,=,CHEMBL878532,CHEMBL230,
CHEMBL304763,CS(=O)(=O)c1ccc(-c2cc(CCCO[N+](=O)[O-])nn2CC2CCCCC2)cc1,Inhibition,75.0,%,=,CHEMBL763205,CHEMBL230,
CHEMBL69321,CS(=O)(=O)c1ccc(-c2cc(/C(CCCCCO[N+](=O)[O-])=N\O)nn2C2CCCCC2)cc1,Inhibition,35.0,%,=,CHEMBL878532,CHEMBL230,
CHEMBL69321,CS(=O)(=O)c1ccc(-c2cc(/C(CCCCCO[N+](=O)[O-])=N\O)nn2C2CCCCC2)cc1,Inhibition,5.0,%,=,CHEMBL763205,CHEMBL230,
CHEMBL120608,Cc1ccnc2c(-c3ccc(F)cc3)c(-c3ccc(S(C)(=O)=O)cc3)nn12,Inhibition,97.2,%,=,CHEMBL763855,CHEMBL230,
CHEMBL120608,Cc1ccnc2c(-c3ccc(F)cc3)c(-c3ccc(S(C)(=O)=O)cc3)nn12,Inhibition,55.2,%,=,CHEMBL763171,CHEMBL230,
CHEMBL120608,Cc1ccnc2c(-c3ccc(F)cc3)c(-c3ccc(S(C)(=O)=O)cc3)nn12,IC50,12.0,nM,=,CHEMBL766727,CHEMBL230,7.92
CHEMBL118711,CS(=O)(=O)c1ccc(-c2nn3c(-c4ccccc4)ccnc3c2-c2ccc(F)cc2)cc1,Inhibition,90.4,%,=,CHEMBL763170,CHEMBL230,
CHEMBL118711,CS(=O)(=O)c1ccc(-c2nn3c(-c4ccccc4)ccnc3c2-c2ccc(F)cc2)cc1,Inhibition,0.0,%,=,CHEMBL839679,CHEMBL230,
CHEMBL120262,Cc1c(Br)cnc2c(-c3ccc(F)cc3)c(-c3ccc(S(C)(=O)=O)cc3)nn12,Inhibition,100.0,%,=,CHEMBL763170,CHEMBL230,
CHEMBL120262,Cc1c(Br)cnc2c(-c3ccc(F)cc3)c(-c3ccc(S(C)(=O)=O)cc3)nn12,Inhibition,84.3,%,=,CHEMBL839679,CHEMBL230,
CHEMBL332900,CS(=O)(=O)c1ccc(-c2nn3c4c(cnc3c2-c2ccc(F)cc2)C(=O)CCC4)cc1,Inhibition,95.3,%,=,CHEMBL763170,CHEMBL230,
CHEMBL332900,CS(=O)(=O)c1ccc(-c2nn3c4c(cnc3c2-c2ccc(F)cc2)C(=O)CCC4)cc1,Inhibition,30.4,%,=,CHEMBL839679,CHEMBL230,
CHEMBL2111538,CC/C=C\c1cc(-c2ccc(S(C)(=O)=O)cc2)n(C2CCCCC2)n1,Inhibition,80.0,%,=,CHEMBL878532,CHEMBL230,
CHEMBL2111538,CC/C=C\c1cc(-c2ccc(S(C)(=O)=O)cc2)n(C2CCCCC2)n1,Inhibition,30.0,%,=,CHEMBL763205,CHEMBL230,
CHEMBL278392,CS(=O)(=O)c1ccc(C2=C(c3cc(Cl)c(Cl)c(Cl)c3)C(=O)CC2)cc1,IC50,6.0,nM,=,CHEMBL658503,CHEMBL230,8.22
CHEMBL278392,CS(=O)(=O)c1ccc(C2=C(c3cc(Cl)c(Cl)c(Cl)c3)C(=O)CC2)cc1,IC50,930.0,nM,=,CHEMBL658502,CHEMBL230,6.03
CHEMBL436539,CC(C)(C)C#CC1=C(c2ccc(S(C)(=O)=O)cc2)CCC1=O,IC50,150.0,nM,=,CHEMBL658503,CHEMBL230,6.82
CHEMBL436539,CC(C)(C)C#CC1=C(c2ccc(S(C)(=O)=O)cc2)CCC1=O,IC50,5200.0,nM,=,CHEMBL658502,CHEMBL230,5.28
CHEMBL122,CS(=O)(=O)c1ccc(C2=C(c3ccccc3)C(=O)OC2)cc1,IC50,340.0,nM,=,CHEMBL768963,CHEMBL230,6.47
CHEMBL34913,Cc1nc(C2CCCCC2)c(-c2ccc(S(N)(=O)=O)c(F)c2)o1,IC50,85.0,nM,=,CHEMBL763083,CHEMBL230,7.07
CHEMBL110401,CC1(C)OC(=O)C(Oc2ccc(F)c(F)c2)=C1c1ccc(S(C)(=O)=O)cc1,IC50,10.0,nM,=,CHEMBL665721,CHEMBL230,8.00
CHEMBL110401,CC1(C)OC(=O)C(Oc2ccc(F)c(F)c2)=C1c1ccc(S(C)(=O)=O)cc1,IC50,60.0,nM,=,CHEMBL665720,CHEMBL230,7.22
CHEMBL324876,CC1(C)OC(=O)C(Oc2ccc(F)cc2)=C1c1ccc(S(C)(=O)=O)cc1,IC50,200.0,nM,=,CHEMBL665721,CHEMBL230,6.70
CHEMBL324876,CC1(C)OC(=O)C(Oc2ccc(F)cc2)=C1c1ccc(S(C)(=O)=O)cc1,IC50,50.0,nM,=,CHEMBL665720,CHEMBL230,7.30
CHEMBL306217,CS(=O)(=O)c1ccc(-c2[nH]nc(C(F)(F)F)c2-c2ccc(F)cc2)cc1,IC50,100000.0,nM,>,CHEMBL763089,CHEMBL230,
CHEMBL23556,CS(=O)(=O)c1ccc(C2=C(/C=C/c3ccc(F)cc3)C(=O)CC2)cc1,IC50,175.0,nM,=,CHEMBL658503,CHEMBL230,6.76
CHEMBL23556,CS(=O)(=O)c1ccc(C2=C(/C=C/c3ccc(F)cc3)C(=O)CC2)cc1,IC50,500.0,nM,=,CHEMBL658502,CHEMBL230,6.30
CHEMBL331619,Cc1cnc2c(-c3ccc(F)cc3F)c(-c3ccc(S(C)(=O)=O)cc3)nn2c1C,Inhibition,100.0,%,=,CHEMBL763170,CHEMBL230,
CHEMBL331619,Cc1cnc2c(-c3ccc(F)cc3F)c(-c3ccc(S(C)(=O)=O)cc3)nn2c1C,Inhibition,61.1,%,=,CHEMBL839679,CHEMBL230,
CHEMBL37481,CCc1nc(C2CCCCC2)c(-c2ccc(S(N)(=O)=O)c(F)c2)o1,IC50,120.0,nM,=,CHEMBL763083,CHEMBL230,6.92
CHEMBL304390,CS(=O)(=O)c1ccc(-c2cc(CO)nn2Cc2ccccc2)cc1,Inhibition,15.0,%,=,CHEMBL878532,CHEMBL230,
CHEMBL304390,CS(=O)(=O)c1ccc(-c2cc(CO)nn2Cc2ccccc2)cc1,Inhibition,10.0,%,=,CHEMBL763205,CHEMBL230,
CHEMBL69327,Cc1ccc(-n2nc(C(=O)CCCO[N+](=O)[O-])cc2-c2ccc(S(C)(=O)=O)cc2)cc1,Inhibition,95.0,%,=,CHEMBL878532,CHEMBL230,
CHEMBL69327,Cc1ccc(-n2nc(C(=O)CCCO[N+](=O)[O-])cc2-c2ccc(S(C)(=O)=O)cc2)cc1,Inhibition,70.0,%,=,CHEMBL763205,CHEMBL230,
CHEMBL122,CS(=O)(=O)c1ccc(C2=C(c3ccccc3)C(=O)OC2)cc1,IC50,20.0,nM,=,CHEMBL665721,CHEMBL230,7.70
CHEMBL122,CS(=O)(=O)c1ccc(C2=C(c3ccccc3)C(=O)OC2)cc1,IC50,500.0,nM,=,CHEMBL665720,CHEMBL230,6.30
CHEMBL303891,CS(=O)(=O)c1ccc(-c2[nH]ncc2-c2ccc(F)cc2)cc1,IC50,100000.0,nM,>,CHEMBL763089,CHEMBL230,
CHEMBL120729,CCc1cnc2c(-c3ccc(F)cc3)c(-c3ccc(S(C)(=O)=O)cc3)nn2c1C,Inhibition,100.0,%,=,CHEMBL763170,CHEMBL230,
CHEMBL120729,CCc1cnc2c(-c3ccc(F)cc3)c(-c3ccc(S(C)(=O)=O)cc3)nn2c1C,Inhibition,50.3,%,=,CHEMBL839679,CHEMBL230,
CHEMBL308663,CS(=O)(=O)c1ccc(-c2cc(CCCO)nn2CC2CCCCC2)cc1,Inhibition,90.0,%,=,CHEMBL878532,CHEMBL230,
CHEMBL308663,CS(=O)(=O)c1ccc(-c2cc(CCCO)nn2CC2CCCCC2)cc1,Inhibition,45.0,%,=,CHEMBL763205,CHEMBL230,
CHEMBL67581,COc1ccc(-n2nc(C(=O)CCCO[N+](=O)[O-])cc2-c2ccc(S(C)(=O)=O)cc2)cc1,Inhibition,100.0,%,=,CHEMBL878532,CHEMBL230,
CHEMBL67581,COc1ccc(-n2nc(C(=O)CCCO[N+](=O)[O-])cc2-c2ccc(S(C)(=O)=O)cc2)cc1,Inhibition,95.0,%,=,CHEMBL763205,CHEMBL230,
CHEMBL67581,COc1ccc(-n2nc(C(=O)CCCO[N+](=O)[O-])cc2-c2ccc(S(C)(=O)=O)cc2)cc1,IC50,2500.0,nM,=,CHEMBL760083,CHEMBL230,5.60
CHEMBL286490,CS(=O)(=O)c1ccc(C2=C(c3cncc(Cl)c3)C(=O)CC2)cc1,IC50,87.0,nM,=,CHEMBL658503,CHEMBL230,7.06
CHEMBL286490,CS(=O)(=O)c1ccc(C2=C(c3cncc(Cl)c3)C(=O)CC2)cc1,IC50,1500.0,nM,=,CHEMBL658502,CHEMBL230,5.82
CHEMBL331261,CC(=O)c1cnc2c(-c3ccc(F)cc3)c(-c3ccc(S(C)(=O)=O)cc3)nn2c1C,Inhibition,100.0,%,=,CHEMBL763170,CHEMBL230,
CHEMBL331261,CC(=O)c1cnc2c(-c3ccc(F)cc3)c(-c3ccc(S(C)(=O)=O)cc3)nn2c1C,Inhibition,60.8,%,=,CHEMBL839679,CHEMBL230,
CHEMBL122682,Cc1cnc2c(-c3ccc(F)cc3)c(-c3ccc(S(N)(=O)=O)cc3)nn2c1C,Inhibition,99.1,%,=,CHEMBL763170,CHEMBL230,
CHEMBL122682,Cc1cnc2c(-c3ccc(F)cc3)c(-c3ccc(S(N)(=O)=O)cc3)nn2c1C,Inhibition,22.5,%,=,CHEMBL839679,CHEMBL230,
CHEMBL2111537,CS(=O)(=O)c1ccc(-c2cc(/C=C\CC[N+](=O)[O-])nn2-c2ccccc2)cc1,Inhibition,100.0,%,=,CHEMBL878532,CHEMBL230,
CHEMBL2111537,CS(=O)(=O)c1ccc(-c2cc(/C=C\CC[N+](=O)[O-])nn2-c2ccccc2)cc1,Inhibition,95.0,%,=,CHEMBL763205,CHEMBL230,
CHEMBL2111536,CC/C=C\c1cc(-c2ccc(S(C)(=O)=O)cc2)n(-c2ccccc2)n1,Inhibition,90.0,%,=,CHEMBL878532,CHEMBL230,
CHEMBL2111536,CC/C=C\c1cc(-c2ccc(S(C)(=O)=O)cc2)n(-c2ccccc2)n1,Inhibition,30.0,%,=,CHEMBL763205,CHEMBL230,
CHEMBL6,COc1ccc2c(c1)c(CC(=O)O)c(C)n2C(=O)c1ccc(Cl)cc1,IC50,26.0,nM,=,CHEMBL665721,CHEMBL230,7.58
CHEMBL6,COc1ccc2c(c1)c(CC(=O)O)c(C)n2C(=O)c1ccc(Cl)cc1,IC50,500.0,nM,=,CHEMBL665720,CHEMBL230,6.30
CHEMBL324670,CC1(C)OC(=O)C(Sc2ccccc2)=C1c1ccc(S(C)(=O)=O)cc1,IC50,70.0,nM,=,CHEMBL665721,CHEMBL230,7.16
CHEMBL324670,CC1(C)OC(=O)C(Sc2ccccc2)=C1c1ccc(S(C)(=O)=O)cc1,IC50,1500.0,nM,=,CHEMBL665720,CHEMBL230,5.82
CHEMBL110392,Cc1cccc(OC2=C(c3ccc(S(C)(=O)=O)cc3)C(C)(C)OC2=O)c1,IC50,20.0,nM,=,CHEMBL665721,CHEMBL230,7.70
CHEMBL110392,Cc1cccc(OC2=C(c3ccc(S(C)(=O)=O)cc3)C(C)(C)OC2=O)c1,IC50,280.0,nM,=,CHEMBL665720,CHEMBL230,6.55
CHEMBL109047,Cc1ccccc1OC1=C(c2ccc(S(C)(=O)=O)cc2)C(C)(C)OC1=O,IC50,20.0,nM,=,CHEMBL665721,CHEMBL230,7.70
CHEMBL109047,Cc1ccccc1OC1=C(c2ccc(S(C)(=O)=O)cc2)C(C)(C)OC1=O,IC50,100.0,nM,=,CHEMBL665720,CHEMBL230,7.00
CHEMBL67519,CS(=O)(=O)c1ccc(-c2nn(CCc3ccccc3)cc2-c2ccc(F)cc2)cc1,IC50,530.0,nM,=,CHEMBL763089,CHEMBL230,6.28
CHEMBL274990,CS(=O)(=O)c1ccc(-n2nc(C(F)(F)F)cc2-c2ccc(F)cc2)cc1,IC50,100.0,nM,=,CHEMBL763089,CHEMBL230,7.00
CHEMBL24381,CS(=O)(=O)c1ccc(C2=C(c3cncc(Br)c3)C(=O)CC2)cc1,IC50,300.0,nM,=,CHEMBL658503,CHEMBL230,6.52
CHEMBL24381,CS(=O)(=O)c1ccc(C2=C(c3cncc(Br)c3)C(=O)CC2)cc1,IC50,1700.0,nM,=,CHEMBL658502,CHEMBL230,5.77
CHEMBL122308,CCCCc1cc(C)n2nc(-c3ccc(S(C)(=O)=O)cc3)c(-c3ccc(F)cc3)c2n1,Inhibition,100.0,%,=,CHEMBL763170,CHEMBL230,
CHEMBL122308,CCCCc1cc(C)n2nc(-c3ccc(S(C)(=O)=O)cc3)c(-c3ccc(F)cc3)c2n1,Inhibition,51.5,%,=,CHEMBL839679,CHEMBL230,
CHEMBL70132,CS(=O)(=O)c1ccc(-c2cc(CCCO)nn2C2CCCCC2)cc1,Inhibition,90.0,%,=,CHEMBL878532,CHEMBL230,
CHEMBL70132,CS(=O)(=O)c1ccc(-c2cc(CCCO)nn2C2CCCCC2)cc1,Inhibition,45.0,%,=,CHEMBL763205,CHEMBL230,
CHEMBL2111539,CS(=O)(=O)c1ccc(-c2cc(/C=C\CC[N+](=O)[O-])nn2C2CCCCC2)cc1,Inhibition,95.0,%,=,CHEMBL878532,CHEMBL230,
CHEMBL2111539,CS(=O)(=O)c1ccc(-c2cc(/C=C\CC[N+](=O)[O-])nn2C2CCCCC2)cc1,Inhibition,70.0,%,=,CHEMBL763205,CHEMBL230,
CHEMBL2111539,CS(=O)(=O)c1ccc(-c2cc(/C=C\CC[N+](=O)[O-])nn2C2CCCCC2)cc1,IC50,500.0,nM,=,CHEMBL760083,CHEMBL230,6.30
CHEMBL306937,CS(=O)(=O)c1ccc(-c2cc(/C=C/CC[N+](=O)[O-])nn2-c2ccccc2)cc1,Inhibition,90.0,%,=,CHEMBL878532,CHEMBL230,
CHEMBL306937,CS(=O)(=O)c1ccc(-c2cc(/C=C/CC[N+](=O)[O-])nn2-c2ccccc2)cc1,Inhibition,55.0,%,=,CHEMBL763205,CHEMBL230,
CHEMBL68127,CCn1nc(-c2ccc(S(C)(=O)=O)cc2)c(-c2ccc(F)cc2)c1C(F)(F)F,IC50,130.0,nM,=,CHEMBL763089,CHEMBL230,6.89
CHEMBL116768,Cc1c(CO)cnc2c(-c3ccc(F)cc3)c(-c3ccc(S(C)(=O)=O)cc3)nn12,Inhibition,77.7,%,=,CHEMBL763170,CHEMBL230,
CHEMBL116768,Cc1c(CO)cnc2c(-c3ccc(F)cc3)c(-c3ccc(S(C)(=O)=O)cc3)nn12,Inhibition,26.1,%,=,CHEMBL839679,CHEMBL230,
CHEMBL120613,Cc1cn2c(-c3ccc(F)cc3)c(-c3ccc(S(C)(=O)=O)cc3)nc2c(C)n1,Inhibition,82.4,%,=,CHEMBL763170,CHEMBL230,
CHEMBL120613,Cc1cn2c(-c3ccc(F)cc3)c(-c3ccc(S(C)(=O)=O)cc3)nc2c(C)n1,Inhibition,0.0,%,=,CHEMBL839679,CHEMBL230,
CHEMBL38368,Cc1nc(-c2ccc(C)s2)c(-c2ccc(S(N)(=O)=O)cc2)o1,IC50,12.0,nM,=,CHEMBL763083,CHEMBL230,7.92
CHEMBL71183,CS(=O)(=O)c1ccc(-c2cc(C(=O)CCCO[N+](=O)[O-])nn2-c2ccc(F)cc2)cc1,Inhibition,100.0,%,=,CHEMBL878532,CHEMBL230,
CHEMBL71183,CS(=O)(=O)c1ccc(-c2cc(C(=O)CCCO[N+](=O)[O-])nn2-c2ccc(F)cc2)cc1,Inhibition,55.0,%,=,CHEMBL763205,CHEMBL230,
CHEMBL70765,CS(=O)(=O)c1ccc(-c2cc(/C(CCCO[N+](=O)[O-])=N\O)nn2C2CCCCC2)cc1,Inhibition,100.0,%,=,CHEMBL878532,CHEMBL230,
CHEMBL70765,CS(=O)(=O)c1ccc(-c2cc(/C(CCCO[N+](=O)[O-])=N\O)nn2C2CCCCC2)cc1,Inhibition,55.0,%,=,CHEMBL763205,CHEMBL230,
CHEMBL302266,CCn1nc(-c2ccc(S(N)(=O)=O)cc2)c(-c2ccc(F)cc2)c1C(F)(F)F,IC50,33.0,nM,=,CHEMBL763089,CHEMBL230,7.48
CHEMBL22812,CS(=O)(=O)c1ccc(C2=C(c3ccc(F)cc3)C(=O)CC2)cc1,IC50,19.0,nM,=,CHEMBL658503,CHEMBL230,7.72
CHEMBL22812,CS(=O)(=O)c1ccc(C2=C(c3ccc(F)cc3)C(=O)CC2)cc1,IC50,80.0,nM,=,CHEMBL658502,CHEMBL230,7.10
CHEMBL23128,CS(=O)(=O)c1ccc(C2=C(c3ccccn3)C(=O)CC2)cc1,IC50,1530.0,nM,=,CHEMBL658503,CHEMBL230,5.82
CHEMBL23128,CS(=O)(=O)c1ccc(C2=C(c3ccccn3)C(=O)CC2)cc1,IC50,9800.0,nM,=,CHEMBL658502,CHEMBL230,5.01
CHEMBL120700,Cc1cc(C(=O)O)nc2c(-c3ccc(F)cc3)c(-c3ccc(S(C)(=O)=O)cc3)nn12,Inhibition,24.6,%,=,CHEMBL763170,CHEMBL230,
CHEMBL332507,CCCc1cnnc2c(-c3ccc(F)cc3)c(-c3ccc(S(C)(=O)=O)cc3)nn12,Inhibition,100.0,%,=,CHEMBL763170,CHEMBL230,
CHEMBL332507,CCCc1cnnc2c(-c3ccc(F)cc3)c(-c3ccc(S(C)(=O)=O)cc3)nn12,Inhibition,43.9,%,=,CHEMBL839679,CHEMBL230,
CHEMBL71398,CS(=O)(=O)c1ccc(-c2cc(C(=O)CCCCCO)nn2C2CCCCC2)cc1,Inhibition,80.0,%,=,CHEMBL878532,CHEMBL230,
CHEMBL71398,CS(=O)(=O)c1ccc(-c2cc(C(=O)CCCCCO)nn2C2CCCCC2)cc1,Inhibition,35.0,%,=,CHEMBL763205,CHEMBL230,
CHEMBL118,Cc1ccc(-c2cc(C(F)(F)F)nn2-c2ccc(S(N)(=O)=O)cc2)cc1,Inhibition,100.0,%,=,CHEMBL878532,CHEMBL230,
CHEMBL118,Cc1ccc(-c2cc(C(F)(F)F)nn2-c2ccc(S(N)(=O)=O)cc2)cc1,Inhibition,100.0,%,=,CHEMBL763206,CHEMBL230,
CHEMBL118,Cc1ccc(-c2cc(C(F)(F)F)nn2-c2ccc(S(N)(=O)=O)cc2)cc1,Inhibition,50.0,%,=,CHEMBL763205,CHEMBL230,
CHEMBL118,Cc1ccc(-c2cc(C(F)(F)F)nn2-c2ccc(S(N)(=O)=O)cc2)cc1,Inhibition,90.0,%,=,CHEMBL761116,CHEMBL230,
CHEMBL118,Cc1ccc(-c2cc(C(F)(F)F)nn2-c2ccc(S(N)(=O)=O)cc2)cc1,IC50,1200.0,nM,=,CHEMBL760083,CHEMBL230,5.92
CHEMBL108802,CC1(C)OC(=O)C(Cc2ccccc2)=C1c1ccc(S(C)(=O)=O)cc1,IC50,300.0,nM,=,CHEMBL665721,CHEMBL230,6.52
CHEMBL108802,CC1(C)OC(=O)C(Cc2ccccc2)=C1c1ccc(S(C)(=O)=O)cc1,IC50,2600.0,nM,=,CHEMBL665720,CHEMBL230,5.58
CHEMBL121302,COc1cc(C)nc2c(-c3ccc(F)cc3)c(-c3ccc(S(C)(=O)=O)cc3)nn12,Inhibition,0.0,%,=,CHEMBL763170,CHEMBL230,
CHEMBL35685,Cc1nc(C2CCCCC2)c(-c2ccc(S(N)(=O)=O)c(O)c2)o1,IC50,19700.0,nM,=,CHEMBL763083,CHEMBL230,4.71
CHEMBL36542,COc1cc(-c2oc(C)nc2C2CCCCC2)ccc1S(N)(=O)=O,IC50,100000.0,nM,>,CHEMBL763083,CHEMBL230,
CHEMBL305287,CS(=O)(=O)c1ccc(-c2cc(C(=O)CCCO)nn2-c2ccc(Cl)cc2)cc1,Inhibition,60.0,%,=,CHEMBL878532,CHEMBL230,
CHEMBL305287,CS(=O)(=O)c1ccc(-c2cc(C(=O)CCCO)nn2-c2ccc(Cl)cc2)cc1,Inhibition,30.0,%,=,CHEMBL763205,CHEMBL230,
CHEMBL282924,CS(=O)(=O)c1ccc(C2=C(c3cc(Cl)cc(Cl)c3)C(=O)CC2)cc1,IC50,14.0,nM,=,CHEMBL658503,CHEMBL230,7.85
CHEMBL282924,CS(=O)(=O)c1ccc(C2=C(c3cc(Cl)cc(Cl)c3)C(=O)CC2)cc1,IC50,280.0,nM,=,CHEMBL658502,CHEMBL230,6.55
CHEMBL23649,CS(=O)(=O)c1ccc(C2=C(Oc3ccccc3)C(=O)CC2)cc1,IC50,11.0,nM,=,CHEMBL658503,CHEMBL230,7.96
CHEMBL23649,CS(=O)(=O)c1ccc(C2=C(Oc3ccccc3)C(=O)CC2)cc1,IC50,980.0,nM,=,CHEMBL658502,CHEMBL230,6.01
CHEMBL70072,CS(=O)(=O)c1ccc(-c2cc(CO)nn2C2CCCCCCC2)cc1,Inhibition,75.0,%,=,CHEMBL878532,CHEMBL230,
CHEMBL70072,CS(=O)(=O)c1ccc(-c2cc(CO)nn2C2CCCCCCC2)cc1,Inhibition,35.0,%,=,CHEMBL763205,CHEMBL230,
CHEMBL305031,CS(=O)(=O)c1ccc(-c2cc(C(=O)CCCO)nn2-c2ccccc2)cc1,Inhibition,20.0,%,=,CHEMBL878532,CHEMBL230,
CHEMBL305031,CS(=O)(=O)c1ccc(-c2cc(C(=O)CCCO)nn2-c2ccccc2)cc1,Inhibition,10.0,%,=,CHEMBL763205,CHEMBL230,
CHEMBL71812,CS(=O)(=O)c1ccc(-c2cc(/C=C/CC[N+](=O)[O-])nn2C2CCCCC2)cc1,Inhibition,90.0,%,=,CHEMBL878532,CHEMBL230,
CHEMBL71812,CS(=O)(=O)c1ccc(-c2cc(/C=C/CC[N+](=O)[O-])nn2C2CCCCC2)cc1,Inhibition,45.0,%,=,CHEMBL763205,CHEMBL230,
CHEMBL410419,CC1(C)OC(=O)C(Nc2ccccc2)=C1c1ccc(S(C)(=O)=O)cc1,IC50,500.0,nM,=,CHEMBL665721,CHEMBL230,6.30
CHEMBL410419,CC1(C)OC(=O)C(Nc2ccccc2)=C1c1ccc(S(C)(=O)=O)cc1,IC50,4500.0,nM,=,CHEMBL665720,CHEMBL230,5.35
CHEMBL107088,Cc1ccc(OC2=C(c3ccc(S(C)(=O)=O)cc3)C(C)(C)OC2=O)cc1,IC50,20.0,nM,=,CHEMBL665721,CHEMBL230,7.70
CHEMBL107088,Cc1ccc(OC2=C(c3ccc(S(C)(=O)=O)cc3)C(C)(C)OC2=O)cc1,IC50,40.0,nM,=,CHEMBL665720,CHEMBL230,7.40
CHEMBL331905,CCCc1c(C(=O)O)cnc2c(-c3ccc(F)cc3)c(-c3ccc(S(C)(=O)=O)cc3)nn12,Inhibition,0.0,%,=,CHEMBL763170,CHEMBL230,
CHEMBL331905,CCCc1c(C(=O)O)cnc2c(-c3ccc(F)cc3)c(-c3ccc(S(C)(=O)=O)cc3)nn12,Inhibition,31.9,%,=,CHEMBL839679,CHEMBL230,
CHEMBL120495,Cc1cc2c(nc(-c3ccc(S(C)(=O)=O)cc3)n2-c2ccc(F)cc2)c(C)n1,Inhibition,4.3,%,=,CHEMBL763170,CHEMBL230,
CHEMBL290031,Cc1nc(C2CCCCC2)c(-c2ccc(S(N)(=O)=O)cc2)o1,IC50,70.0,nM,=,CHEMBL763083,CHEMBL230,7.16
CHEMBL71128,CS(=O)(=O)c1ccc(-c2cc(CO)nn2CC2CCCCC2)cc1,Inhibition,40.0,%,=,CHEMBL763206,CHEMBL230,
CHEMBL71128,CS(=O)(=O)c1ccc(-c2cc(CO)nn2CC2CCCCC2)cc1,Inhibition,0.0,%,=,CHEMBL761116,CHEMBL230,
CHEMBL70669,CS(=O)(=O)c1ccc(-c2cc(C(=O)CCCO[N+](=O)[O-])nn2C2CCCCC2)cc1,Inhibition,80.0,%,=,CHEMBL878532,CHEMBL230,
CHEMBL70669,CS(=O)(=O)c1ccc(-c2cc(C(=O)CCCO[N+](=O)[O-])nn2C2CCCCC2)cc1,Inhibition,55.0,%,=,CHEMBL763205,CHEMBL230,
CHEMBL69216,CS(=O)(=O)c1ccc(-c2cc(C(=O)CCCO)nn2C2CCCCC2)cc1,Inhibition,90.0,%,=,CHEMBL878532,CHEMBL230,
CHEMBL69216,CS(=O)(=O)c1ccc(-c2cc(C(=O)CCCO)nn2C2CCCCC2)cc1,Inhibition,80.0,%,=,CHEMBL763205,CHEMBL230,
CHEMBL71381,CS(=O)(=O)c1ccc(-c2cc(C(=O)CCCO[N+](=O)[O-])nn2-c2ccc(Cl)cc2)cc1,Inhibition,100.0,%,=,CHEMBL878532,CHEMBL230,
CHEMBL71381,CS(=O)(=O)c1ccc(-c2cc(C(=O)CCCO[N+](=O)[O-])nn2-c2ccc(Cl)cc2)cc1,Inhibition,30.0,%,=,CHEMBL763205,CHEMBL230,
CHEMBL154,COc1ccc2cc([C@H](C)C(=O)O)ccc2c1,IC50,2500.0,nM,=,CHEMBL766723,CHEMBL230,5.60
CHEMBL104147,CCOc1cc(OCC)cc(-c2ccc(C(C)C(=O)O)cc2)c1,IC50,320.0,nM,=,CHEMBL763084,CHEMBL230,6.50
CHEMBL338097,COc1ccc(-c2cc(C(F)(F)F)nn2-c2ccc(S(N)(=O)=O)c(F)c2)cc1,Inhibition,34.0,%,=,CHEMBL765001,CHEMBL230,
CHEMBL338097,COc1ccc(-c2cc(C(F)(F)F)nn2-c2ccc(S(N)(=O)=O)c(F)c2)cc1,IC50,13500.0,nM,=,CHEMBL762909,CHEMBL230,4.87
CHEMBL168339,COc1ccc2cc([C@H](C)N(O)C(N)=O)ccc2c1,Inhibition,0.0,%,=,CHEMBL763158,CHEMBL230,
CHEMBL122,CS(=O)(=O)c1ccc(C2=C(c3ccccc3)C(=O)OC2)cc1,Inhibition,100.0,%,=,CHEMBL765001,CHEMBL230,
CHEMBL118,Cc1ccc(-c2cc(C(F)(F)F)nn2-c2ccc(S(N)(=O)=O)cc2)cc1,Inhibition,100.0,%,=,CHEMBL765001,CHEMBL230,
CHEMBL118,Cc1ccc(-c2cc(C(F)(F)F)nn2-c2ccc(S(N)(=O)=O)cc2)cc1,Inhibition,98.0,%,=,CHEMBL765002,CHEMBL230,
CHEMBL118,Cc1ccc(-c2cc(C(F)(F)F)nn2-c2ccc(S(N)(=O)=O)cc2)cc1,IC50,70.0,nM,=,CHEMBL762909,CHEMBL230,7.16
CHEMBL131301,COc1ccc(-c2cc(C(F)(F)F)nn2-c2ccc(S(=O)(=O)[N-]C(=O)C(C)(C)C)cc2F)cc1.[Na+],Inhibition,15.0,%,=,CHEMBL765001,CHEMBL230,
CHEMBL128374,CCC(=O)[N-]S(=O)(=O)c1ccc(-n2nc(C(F)(F)F)cc2-c2ccc(C)cc2)cc1.[Na+],Inhibition,0.0,%,=,CHEMBL765001,CHEMBL230,
CHEMBL129021,COc1ccc(-c2cc(C(F)(F)F)nn2-c2ccc(S(N)(=O)=O)cc2F)cc1,Inhibition,75.0,%,=,CHEMBL765001,CHEMBL230,
CHEMBL129021,COc1ccc(-c2cc(C(F)(F)F)nn2-c2ccc(S(N)(=O)=O)cc2F)cc1,IC50,150.0,nM,=,CHEMBL762909,CHEMBL230,6.82
CHEMBL521,CC(C)Cc1ccc(C(C)C(=O)O)cc1,IC50,100.0,nM,=,CHEMBL766723,CHEMBL230,7.00
CHEMBL104422,Cc1cc(C)cc(-c2ccc(C(C)C(=O)O)cc2F)c1,IC50,19000.0,nM,=,CHEMBL763084,CHEMBL230,4.72
CHEMBL104592,CC(C(=O)O)c1ccc(-c2ccc3[nH]ccc3c2)cc1,IC50,190.0,nM,=,CHEMBL763084,CHEMBL230,6.72
CHEMBL7162,CS(=O)(=O)Nc1ccc([N+](=O)[O-])cc1OC1CCCCC1,IC50,90.0,nM,=,CHEMBL763084,CHEMBL230,7.05
CHEMBL104009,CCOc1cccc(-c2ccc(C(C)C(=O)O)cc2F)c1,IC50,14.0,nM,=,CHEMBL763084,CHEMBL230,7.85
CHEMBL341224,CCCC(=O)[N-]S(=O)(=O)c1ccc(-n2nc(C(F)(F)F)cc2-c2ccc(F)cc2)c(F)c1.[Na+],Inhibition,63.0,%,=,CHEMBL765001,CHEMBL230,
CHEMBL167577,CC(C)Cc1ccc(C(C)N(O)C(N)=O)cc1,Inhibition,0.0,%,=,CHEMBL763158,CHEMBL230,
CHEMBL107938,CCSc1cccc(-c2ccc(C(C)C(=O)O)cc2)c1,IC50,330.0,nM,=,CHEMBL763084,CHEMBL230,6.48
CHEMBL6,COc1ccc2c(c1)c(CC(=O)O)c(C)n2C(=O)c1ccc(Cl)cc1,IC50,560.0,nM,=,CHEMBL766723,CHEMBL230,6.25
CHEMBL42485,CS(=O)(=O)c1ccc(-c2cc(Br)sc2-c2ccc(F)cc2)cc1,IC50,190.0,nM,=,CHEMBL763084,CHEMBL230,6.72
CHEMBL339798,CSc1ccc(-c2cc(C(F)(F)F)nn2-c2ccc(S(N)(=O)=O)cc2F)cc1,Inhibition,88.0,%,=,CHEMBL765001,CHEMBL230,
CHEMBL339798,CSc1ccc(-c2cc(C(F)(F)F)nn2-c2ccc(S(N)(=O)=O)cc2F)cc1,IC50,34.0,nM,=,CHEMBL762909,CHEMBL230,7.47
CHEMBL335869,CC(=O)[N-]S(=O)(=O)c1ccc(-n2nc(C(F)(F)F)cc2-c2ccc(F)cc2)c(F)c1.[Na+],Inhibition,71.0,%,=,CHEMBL765001,CHEMBL230,
CHEMBL355423,COc1ccc2c(c1)c(CNC(=O)N(C)O)c(C)n2C(=O)c1ccc(Cl)cc1,Inhibition,88.0,%,=,CHEMBL763158,CHEMBL230,
CHEMBL128741,CCC(=O)[N-]S(=O)(=O)c1ccc(-n2nc(C(F)(F)F)cc2-c2ccc(OC)cc2)c(F)c1.[Na+],Inhibition,38.0,%,=,CHEMBL765001,CHEMBL230,
CHEMBL563,CC(C(=O)O)c1ccc(-c2ccccc2)c(F)c1,IC50,10.0,nM,=,CHEMBL763084,CHEMBL230,8.00
CHEMBL339578,COc1ccc(-c2cc(C(F)(F)F)nn2-c2ccc(S(N)(=O)=O)c(C)c2)cc1,Inhibition,79.0,%,=,CHEMBL765001,CHEMBL230,
CHEMBL132230,CCCC(=O)[N-]S(=O)(=O)c1ccc(-n2nc(C(F)(F)F)cc2-c2ccc(SC)cc2)c(F)c1.[Na+],Inhibition,4.0,%,=,CHEMBL765001,CHEMBL230,
CHEMBL325787,C=CCc1cccc(-c2ccc(C(C)C(=O)O)cc2)c1,IC50,150.0,nM,=,CHEMBL763084,CHEMBL230,6.82
CHEMBL316771,COc1cc(OC)cc(-c2ccc(C(C)C(=O)O)cc2F)c1,IC50,70.0,nM,=,CHEMBL763084,CHEMBL230,7.16
CHEMBL104336,C/C=C/c1cncc(-c2ccc(C(C)C(=O)O)cc2)c1,IC50,670.0,nM,=,CHEMBL763084,CHEMBL230,6.17
CHEMBL341340,CC(=O)[N-]S(=O)(=O)c1ccc(-n2nc(C(F)(F)F)cc2-c2ccc(C)cc2)cc1.[Na+],Inhibition,3.0,%,=,CHEMBL765001,CHEMBL230,
CHEMBL339573,CCCC(=O)[N-]S(=O)(=O)c1ccc(-n2nc(C(F)(F)F)cc2-c2ccc(OC)cc2)c(F)c1.[Na+],Inhibition,36.0,%,=,CHEMBL765001,CHEMBL230,
CHEMBL445386,COc1ccc2c(c1)c(CCN(O)C(N)=O)c(C)n2C(=O)c1ccc(Cl)cc1,Inhibition,48.0,%,=,CHEMBL763158,CHEMBL230,
CHEMBL166844,CC(C)Cc1ccc(C(C)NC(=O)NO)cc1,Inhibition,0.0,%,=,CHEMBL763158,CHEMBL230,
CHEMBL108281,CC(C)c1cccc(-c2ccc(C(C)C(=O)O)cc2F)c1,IC50,100000.0,nM,>,CHEMBL763084,CHEMBL230,
CHEMBL317434,CC(C(=O)O)c1ccc(-c2ccccc2)cc1,IC50,21.0,nM,=,CHEMBL763084,CHEMBL230,7.68
CHEMBL6,COc1ccc2c(c1)c(CC(=O)O)c(C)n2C(=O)c1ccc(Cl)cc1,Inhibition,97.0,%,=,CHEMBL765001,CHEMBL230,
CHEMBL6,COc1ccc2c(c1)c(CC(=O)O)c(C)n2C(=O)c1ccc(Cl)cc1,IC50,7800.0,nM,=,CHEMBL762909,CHEMBL230,5.11
CHEMBL166644,COc1ccc2cc([C@H](C)NC(=O)NO)ccc2c1,Inhibition,2.0,%,=,CHEMBL763158,CHEMBL230,
CHEMBL106828,C=Cc1cncc(-c2ccc(C(C)C(=O)O)cc2)c1,IC50,190.0,nM,=,CHEMBL763084,CHEMBL230,6.72
CHEMBL106445,Cc1cc2cc(-c3ccc(C(C)C(=O)O)cc3)ccc2[nH]1,IC50,230.0,nM,=,CHEMBL763084,CHEMBL230,6.64
CHEMBL107953,CCOc1cc(OCC)cc(-c2ccc(C(C)C(=O)O)cc2F)c1,IC50,100.0,nM,=,CHEMBL763084,CHEMBL230,7.00
CHEMBL132046,CCC(=O)[N-]S(=O)(=O)c1ccc(-n2nc(C(F)(F)F)cc2-c2ccc(F)cc2)c(F)c1.[Na+],Inhibition,32.0,%,=,CHEMBL765001,CHEMBL230,
CHEMBL432782,C=Cc1cccc(-c2ccc(C(C)C(=O)O)cc2)c1,IC50,730.0,nM,=,CHEMBL763084,CHEMBL230,6.14
CHEMBL106203,CCc1cccc(-c2ccc(C(C)C(=O)O)cc2)c1,IC50,2400.0,nM,=,CHEMBL763084,CHEMBL230,5.62
CHEMBL93,CC(c1cc2ccccc2s1)N(O)C(N)=O,Inhibition,0.0,%,=,CHEMBL763158,CHEMBL230,
CHEMBL336145,CCCC(=O)[N-]S(=O)(=O)c1ccc(-n2nc(C(F)(F)F)cc2-c2ccc(C)cc2)cc1.[Na+],Inhibition,0.0,%,=,CHEMBL765001,CHEMBL230,
CHEMBL39521,C=C[C@@H]1[C@@H](O)C[C@@H]2[C@]3(CC[C@]4(C)[C@@H]([C@H](C)CCC=C(C)C)CC[C@@]24C)C[C@]13CCC(=O)O,IC50,4700.0,nM,=,CHEMBL765775,CHEMBL230,5.33
CHEMBL40159,C[C@H](CC[C@H](O)C(C)(C)O)[C@H]1CC[C@@]2(C)[C@@H]3CCC4[C@@]5(CC[C@H](O)[C@@]4(C)C(=O)O)C[C@@]35CC[C@]12C,IC50,,nM,,CHEMBL765774,CHEMBL230,
CHEMBL275650,CC1(O)OC(=O)C(c2cccs2)=C1c1ccc(S(C)(=O)=O)cc1,IC50,1900.0,nM,=,CHEMBL767761,CHEMBL230,5.72
CHEMBL275650,CC1(O)OC(=O)C(c2cccs2)=C1c1ccc(S(C)(=O)=O)cc1,IC50,33000.0,nM,>,CHEMBL769650,CHEMBL230,
CHEMBL278738,CC1(O)OC(=O)C(c2ccc(O)cc2)=C1c1ccc(S(C)(=O)=O)cc1,IC50,5000.0,nM,>,CHEMBL767761,CHEMBL230,
CHEMBL278738,CC1(O)OC(=O)C(c2ccc(O)cc2)=C1c1ccc(S(C)(=O)=O)cc1,IC50,33000.0,nM,>,CHEMBL769650,CHEMBL230,
CHEMBL18040,CC1(O)OC(=O)C(c2ccc(F)cc2)=C1c1ccc(S(C)(=O)=O)cc1,IC50,380.0,nM,=,CHEMBL767761,CHEMBL230,6.42
CHEMBL18040,CC1(O)OC(=O)C(c2ccc(F)cc2)=C1c1ccc(S(C)(=O)=O)cc1,IC50,1800.0,nM,=,CHEMBL769649,CHEMBL230,5.75
CHEMBL19056,CC1(O)OC(=O)C(c2ccsc2)=C1c1ccc(S(C)(=O)=O)cc1,IC50,110.0,nM,=,CHEMBL767761,CHEMBL230,6.96
CHEMBL19056,CC1(O)OC(=O)C(c2ccsc2)=C1c1ccc(S(C)(=O)=O)cc1,IC50,24000.0,nM,=,CHEMBL769650,CHEMBL230,4.62
CHEMBL118,Cc1ccc(-c2cc(C(F)(F)F)nn2-c2ccc(S(N)(=O)=O)cc2)cc1,IC50,2.0,nM,=,CHEMBL767761,CHEMBL230,8.70
CHEMBL118,Cc1ccc(-c2cc(C(F)(F)F)nn2-c2ccc(S(N)(=O)=O)cc2)cc1,IC50,1000.0,nM,=,CHEMBL845857,CHEMBL230,6.00
CHEMBL18498,COC1(C)OC(=O)C(c2ccc(F)cc2)=C1c1ccc(S(C)(=O)=O)cc1,IC50,69.0,nM,=,CHEMBL767761,CHEMBL230,7.16
CHEMBL18498,COC1(C)OC(=O)C(c2ccc(F)cc2)=C1c1ccc(S(C)(=O)=O)cc1,IC50,100.0,nM,=,CHEMBL769649,CHEMBL230,7.00
CHEMBL18377,CC1(O)OC(=O)C(Sc2ccccc2)=C1c1ccc(S(C)(=O)=O)cc1,IC50,5000.0,nM,>,CHEMBL767761,CHEMBL230,
CHEMBL18377,CC1(O)OC(=O)C(Sc2ccccc2)=C1c1ccc(S(C)(=O)=O)cc1,IC50,10000.0,nM,>,CHEMBL769650,CHEMBL230,
CHEMBL277519,CC1(O)OC(=O)C(c2cc3ccccc3s2)=C1c1ccc(S(C)(=O)=O)cc1,IC50,650.0,nM,=,CHEMBL767761,CHEMBL230,6.19
CHEMBL277519,CC1(O)OC(=O)C(c2cc3ccccc3s2)=C1c1ccc(S(C)(=O)=O)cc1,IC50,3200.0,nM,=,CHEMBL769650,CHEMBL230,5.50
CHEMBL122,CS(=O)(=O)c1ccc(C2=C(c3ccccc3)C(=O)OC2)cc1,IC50,20.0,nM,=,CHEMBL767761,CHEMBL230,7.70
CHEMBL122,CS(=O)(=O)c1ccc(C2=C(c3ccccc3)C(=O)OC2)cc1,IC50,500.0,nM,=,CHEMBL769650,CHEMBL230,6.30
CHEMBL18790,CC1(OCC(F)(F)F)OC(=O)C(c2ccc(F)cc2)=C1c1ccc(S(C)(=O)=O)cc1,IC50,320.0,nM,=,CHEMBL767761,CHEMBL230,6.50
CHEMBL18790,CC1(OCC(F)(F)F)OC(=O)C(c2ccc(F)cc2)=C1c1ccc(S(C)(=O)=O)cc1,IC50,400.0,nM,=,CHEMBL769650,CHEMBL230,6.40
CHEMBL416363,CC1(O)OC(=O)C(c2cc(F)cc(F)c2)=C1c1ccc(S(C)(=O)=O)cc1,IC50,550.0,nM,=,CHEMBL767761,CHEMBL230,6.26
CHEMBL416363,CC1(O)OC(=O)C(c2cc(F)cc(F)c2)=C1c1ccc(S(C)(=O)=O)cc1,IC50,13400.0,nM,=,CHEMBL769650,CHEMBL230,4.87
CHEMBL279268,CC1(O)OC(=O)C(c2ccc(F)c(Cl)c2)=C1c1ccc(S(C)(=O)=O)cc1,IC50,110.0,nM,=,CHEMBL767761,CHEMBL230,6.96
CHEMBL279268,CC1(O)OC(=O)C(c2ccc(F)c(Cl)c2)=C1c1ccc(S(C)(=O)=O)cc1,IC50,2200.0,nM,=,CHEMBL769650,CHEMBL230,5.66
CHEMBL18312,CC1(O)OC(=O)C(c2ccc3ccccc3c2)=C1c1ccc(S(C)(=O)=O)cc1,IC50,450.0,nM,=,CHEMBL767761,CHEMBL230,6.35
CHEMBL18312,CC1(O)OC(=O)C(c2ccc3ccccc3c2)=C1c1ccc(S(C)(=O)=O)cc1,IC50,3200.0,nM,=,CHEMBL769650,CHEMBL230,5.50
CHEMBL278231,CCOC1(C)OC(=O)C(c2ccc(F)cc2)=C1c1ccc(S(C)(=O)=O)cc1,IC50,500.0,nM,=,CHEMBL769650,CHEMBL230,6.30
CHEMBL275664,CC1(O)OC(=O)C(c2ccc(Cl)cc2)=C1c1ccc(S(C)(=O)=O)cc1,IC50,110.0,nM,=,CHEMBL767761,CHEMBL230,6.96
CHEMBL275664,CC1(O)OC(=O)C(c2ccc(Cl)cc2)=C1c1ccc(S(C)(=O)=O)cc1,IC50,1700.0,nM,=,CHEMBL769650,CHEMBL230,5.77
CHEMBL273340,CC1(O)OC(=O)C(c2cccc(F)c2)=C1c1ccc(S(C)(=O)=O)cc1,IC50,250.0,nM,=,CHEMBL767761,CHEMBL230,6.60
CHEMBL273340,CC1(O)OC(=O)C(c2cccc(F)c2)=C1c1ccc(S(C)(=O)=O)cc1,IC50,12800.0,nM,=,CHEMBL769650,CHEMBL230,4.89
CHEMBL18089,CC(C)OC1(C)OC(=O)C(c2ccc(F)cc2)=C1c1ccc(S(C)(=O)=O)cc1,IC50,800.0,nM,=,CHEMBL769650,CHEMBL230,6.10
CHEMBL18316,CC1(O)OC(=O)C(c2ccccc2)=C1c1ccc(S(C)(=O)=O)cc1,IC50,160.0,nM,=,CHEMBL767761,CHEMBL230,6.80
CHEMBL18316,CC1(O)OC(=O)C(c2ccccc2)=C1c1ccc(S(C)(=O)=O)cc1,IC50,1200.0,nM,=,CHEMBL769650,CHEMBL230,5.92
CHEMBL277118,CSc1ccc(C2=C(c3ccc(S(C)(=O)=O)cc3)C(C)(O)OC2=O)cc1,IC50,310.0,nM,=,CHEMBL767761,CHEMBL230,6.51
CHEMBL277118,CSc1ccc(C2=C(c3ccc(S(C)(=O)=O)cc3)C(C)(O)OC2=O)cc1,IC50,1700.0,nM,=,CHEMBL769650,CHEMBL230,5.77
CHEMBL18867,CC(C)c1ccc(C2=C(c3ccc(S(C)(=O)=O)cc3)C(C)(O)OC2=O)cc1,IC50,410.0,nM,=,CHEMBL767761,CHEMBL230,6.39
CHEMBL18867,CC(C)c1ccc(C2=C(c3ccc(S(C)(=O)=O)cc3)C(C)(O)OC2=O)cc1,IC50,4300.0,nM,=,CHEMBL769650,CHEMBL230,5.37
CHEMBL273815,CC1(O)OC(=O)C(c2ccc(Br)cc2)=C1c1ccc(S(C)(=O)=O)cc1,IC50,140.0,nM,=,CHEMBL767761,CHEMBL230,6.85
CHEMBL273815,CC1(O)OC(=O)C(c2ccc(Br)cc2)=C1c1ccc(S(C)(=O)=O)cc1,IC50,1700.0,nM,=,CHEMBL769650,CHEMBL230,5.77
CHEMBL18796,CC1(O)OC(=O)C(Oc2ccc(F)c(F)c2)=C1c1ccc(S(C)(=O)=O)cc1,IC50,5000.0,nM,>,CHEMBL767761,CHEMBL230,
CHEMBL18796,CC1(O)OC(=O)C(Oc2ccc(F)c(F)c2)=C1c1ccc(S(C)(=O)=O)cc1,IC50,33000.0,nM,>,CHEMBL769650,CHEMBL230,
CHEMBL18254,CC1(O)OC(=O)C(c2ccc(Cl)cc2Cl)=C1c1ccc(S(C)(=O)=O)cc1,IC50,1200.0,nM,=,CHEMBL767761,CHEMBL230,5.92
CHEMBL18254,CC1(O)OC(=O)C(c2ccc(Cl)cc2Cl)=C1c1ccc(S(C)(=O)=O)cc1,IC50,7500.0,nM,=,CHEMBL769650,CHEMBL230,5.12
CHEMBL18251,CC1(O)OC(=O)C(c2ccc(Cl)c(Cl)c2)=C1c1ccc(S(C)(=O)=O)cc1,IC50,70.0,nM,=,CHEMBL767761,CHEMBL230,7.16
CHEMBL18251,CC1(O)OC(=O)C(c2ccc(Cl)c(Cl)c2)=C1c1ccc(S(C)(=O)=O)cc1,IC50,850.0,nM,=,CHEMBL769650,CHEMBL230,6.07
CHEMBL280009,CC1(O)OC(=O)C(c2ccc(F)c(F)c2)=C1c1ccc(S(C)(=O)=O)cc1,IC50,200.0,nM,=,CHEMBL767761,CHEMBL230,6.70
CHEMBL280009,CC1(O)OC(=O)C(c2ccc(F)c(F)c2)=C1c1ccc(S(C)(=O)=O)cc1,IC50,6300.0,nM,=,CHEMBL769650,CHEMBL230,5.20
CHEMBL141429,CS(=O)(=O)c1ccc(C(=O)C(Nc2nccs2)c2ccccc2)cc1,Inhibition,83.0,%,=,CHEMBL763162,CHEMBL230,
CHEMBL101152,Cc1nn(-c2ccccc2)c2c1c(O)nc1ccccc12,Inhibition,4.0,%,=,CHEMBL763162,CHEMBL230,
CHEMBL276436,CC(C)CCCC(=O)c1cc(C(C)(C)C)c2c(c1)C(C)(C)CO2,IC50,4500.0,nM,=,CHEMBL766988,CHEMBL230,5.35
CHEMBL13661,CCCCC(=O)c1cc(C(C)(C)C)c2c(c1)C(C)(C)CO2,IC50,40.0,nM,=,CHEMBL766988,CHEMBL230,7.40
CHEMBL13920,C#CCCCC(=O)c1cc(C(C)(C)C)c2c(c1)C(C)(C)CO2,IC50,15.0,nM,=,CHEMBL766988,CHEMBL230,7.82
CHEMBL14266,CN(CC(=O)c1cc(C(C)(C)C)c2c(c1)C(C)(C)CO2)CC1CC1,IC50,2500.0,nM,=,CHEMBL766988,CHEMBL230,5.60
CHEMBL14420,CC(C)(Cl)CC(=O)c1cc(C(C)(C)C)c2c(c1)C(C)(C)CO2,IC50,100.0,nM,=,CHEMBL766988,CHEMBL230,7.00
CHEMBL141369,C[S+]([O-])c1ccc(C(=O)C(Nc2nccs2)c2ccccc2)cc1,Inhibition,93.0,%,=,CHEMBL763162,CHEMBL230,
CHEMBL414437,Cc1nn(-c2ccc(S(N)(=O)=O)cc2)c2c1c(O)nc1ccc([N+](=O)[O-])cc12,Inhibition,100.0,%,=,CHEMBL763162,CHEMBL230,
CHEMBL414437,Cc1nn(-c2ccc(S(N)(=O)=O)cc2)c2c1c(O)nc1ccc([N+](=O)[O-])cc12,IC50,240.0,nM,=,CHEMBL768685,CHEMBL230,6.62
CHEMBL343372,Cc1nn(-c2ccc(S(N)(=O)=O)c(CO)c2)c2c1c(O)nc1ccccc12,Inhibition,50.0,%,=,CHEMBL763162,CHEMBL230,
CHEMBL13988,CC(C)(C)c1cc(C(=O)/C=C/CC2CC2)cc2c1OCC2(C)C,IC50,250.0,nM,=,CHEMBL766988,CHEMBL230,6.60
CHEMBL13878,C#CCCCC(=O)c1cc(C(C)(C)C)c(O)c(C(C)(C)C)c1,IC50,100.0,nM,=,CHEMBL766988,CHEMBL230,7.00
CHEMBL275120,CC(C)(C)c1cc(C(=O)c2ccccc2)cc2c1OCC2(C)C,IC50,7.0,nM,=,CHEMBL766988,CHEMBL230,8.15
CHEMBL13980,CCCC(=O)c1cc(C(C)(C)C)c2c(c1)C(C)(C)CO2,IC50,95.0,nM,=,CHEMBL766988,CHEMBL230,7.02
CHEMBL13623,CC(C)(C)c1cc(C(=O)CCCC2CC2)cc2c1OCC2(C)C,IC50,220.0,nM,=,CHEMBL766988,CHEMBL230,6.66
CHEMBL521,CC(C)Cc1ccc(C(C)C(=O)O)cc1,IC50,30000.0,nM,=,CHEMBL766988,CHEMBL230,4.52
CHEMBL138732,Cc1nn(-c2ccc(S(N)(=O)=O)c(CO)c2)c2c1c(O)nc1ccc([N+](=O)[O-])cc12,Inhibition,30.0,%,=,CHEMBL763162,CHEMBL230,
CHEMBL138627,NS(=O)(=O)c1ccc(C(Nc2ccccn2)C(=O)c2ccc(F)cc2)cc1,Inhibition,92.0,%,=,CHEMBL763162,CHEMBL230,
CHEMBL274811,CC(C)(C)c1cc(C(=O)C[S+]([O-])CC2CC2)cc2c1OCC2(C)C,IC50,4000.0,nM,=,CHEMBL766988,CHEMBL230,5.40
CHEMBL142117,NS(=O)(=O)c1ccc(C(Nc2nccs2)C(=O)c2ccc(F)cc2)cc1,Inhibition,75.0,%,=,CHEMBL763162,CHEMBL230,
CHEMBL345108,Cc1nn(-c2ccccc2)c2c1c(O)nc1ccc([N+](=O)[O-])cc12,Inhibition,100.0,%,=,CHEMBL763162,CHEMBL230,
CHEMBL345108,Cc1nn(-c2ccccc2)c2c1c(O)nc1ccc([N+](=O)[O-])cc12,IC50,550.0,nM,=,CHEMBL768685,CHEMBL230,6.26
CHEMBL137914,Cc1nn(-c2ccc(S(=O)(=O)NCc3ccccc3)cc2)c2c1c(O)nc1ccc([N+](=O)[O-])cc12,Inhibition,36.0,%,=,CHEMBL763162,CHEMBL230,
CHEMBL266858,CC(C)(C)c1cc(C(=O)CS(=O)(=O)CC2CC2)cc2c1OCC2(C)C,IC50,2000.0,nM,=,CHEMBL766988,CHEMBL230,5.70
CHEMBL141113,C[S+]([O-])c1ccc(C(Nc2nccs2)C(=O)c2ccc(F)cc2)cc1,Inhibition,93.0,%,=,CHEMBL763162,CHEMBL230,
CHEMBL141113,C[S+]([O-])c1ccc(C(Nc2nccs2)C(=O)c2ccc(F)cc2)cc1,IC50,2100.0,nM,=,CHEMBL768684,CHEMBL230,5.68
CHEMBL336462,CS(=O)(=O)c1ccc(C(Nc2nccs2)C(=O)c2ccc(F)cc2)cc1,Inhibition,83.0,%,=,CHEMBL763162,CHEMBL230,
CHEMBL276663,CCCCCC(=O)c1cc(C(C)(C)C)c2c(c1)C(C)(C)CO2,IC50,90.0,nM,=,CHEMBL766988,CHEMBL230,7.05
CHEMBL342890,Cc1nn(-c2ccc(S(N)(=O)=O)cc2)c2c1c(O)nc1ccccc12,Inhibition,90.0,%,=,CHEMBL763162,CHEMBL230,
CHEMBL139171,NS(=O)(=O)c1ccc(C(Nc2ncccn2)C(=O)c2ccc(F)cc2)cc1,Inhibition,60.0,%,=,CHEMBL763162,CHEMBL230,
CHEMBL138191,C[S+]([O-])c1ccc(C(Nc2cccnc2)C(=O)c2ccc(F)cc2)cc1,Inhibition,100.0,%,=,CHEMBL763162,CHEMBL230,
CHEMBL138191,C[S+]([O-])c1ccc(C(Nc2cccnc2)C(=O)c2ccc(F)cc2)cc1,IC50,500.0,nM,=,CHEMBL768684,CHEMBL230,6.30
CHEMBL417254,CC(C)(C)c1cc(C(=O)CSCC2CC2)cc2c1OCC2(C)C,IC50,400.0,nM,=,CHEMBL766988,CHEMBL230,6.40
CHEMBL138574,NS(=O)(=O)c1ccc(C(Nc2nc3ccccc3s2)C(=O)c2ccc(F)cc2)cc1,Inhibition,61.0,%,=,CHEMBL763162,CHEMBL230,
CHEMBL274893,CS(=O)(=O)c1ccc(C2=C(c3ccc(F)cc3)CCC2)cc1,IC50,300.0,nM,<,CHEMBL766988,CHEMBL230,
CHEMBL139283,CSc1ccc(C(=O)C(Nc2ncccc2Cl)c2ccccc2)cc1,Inhibition,100.0,%,=,CHEMBL763162,CHEMBL230,
CHEMBL10345,CC(C)OC1=C(c2ccc(S(C)(=O)=O)cc2)C(C)(C)OC1=O,IC50,300.0,nM,=,CHEMBL768958,CHEMBL230,6.52
CHEMBL92759,CS(=O)(=O)c1ccc(-c2cc(C(F)(F)F)cnc2-c2cccnc2)cc1,IC50,90.0,nM,=,CHEMBL762908,CHEMBL230,7.05
CHEMBL92759,CS(=O)(=O)c1ccc(-c2cc(C(F)(F)F)cnc2-c2cccnc2)cc1,IC50,1800.0,nM,=,CHEMBL768682,CHEMBL230,5.75
CHEMBL70104,CC1(C)OC(=O)C(OC2CCCCC2)=C1c1ccc(S(C)(=O)=O)cc1,IC50,40.0,nM,=,CHEMBL762911,CHEMBL230,7.40
CHEMBL118,Cc1ccc(-c2cc(C(F)(F)F)nn2-c2ccc(S(N)(=O)=O)cc2)cc1,IC50,1000.0,nM,=,CHEMBL768958,CHEMBL230,6.00
CHEMBL69998,CC1(C)OC(=O)C(OCC2CC2)=C1c1ccc(S(C)(=O)=O)cc1,IC50,140.0,nM,=,CHEMBL768958,CHEMBL230,6.85
CHEMBL431546,NS(=O)(=O)c1ccc(C2=C(c3ccc(F)cc3)C(=O)OC2)cc1,IC50,800.0,nM,=,CHEMBL763081,CHEMBL230,6.10
CHEMBL94939,CS(=O)(=O)c1ccc(-c2cc(Cl)cnc2-c2ccccn2)cc1,IC50,68.0,nM,=,CHEMBL762908,CHEMBL230,7.17
CHEMBL94939,CS(=O)(=O)c1ccc(-c2cc(Cl)cnc2-c2ccccn2)cc1,IC50,5800.0,nM,=,CHEMBL768682,CHEMBL230,5.24
CHEMBL420628,Cc1ccc(-c2ncc(Cl)cc2-c2ccc(S(N)(=O)=O)cc2)cn1,IC50,23.0,nM,=,CHEMBL762908,CHEMBL230,7.64
CHEMBL420628,Cc1ccc(-c2ncc(Cl)cc2-c2ccc(S(N)(=O)=O)cc2)cn1,IC50,2400.0,nM,=,CHEMBL768682,CHEMBL230,5.62
CHEMBL52285,CS(=O)(=O)c1ccc(C2=C(c3cccc(F)c3)C(=O)OC2)cc1,IC50,1800.0,nM,=,CHEMBL763081,CHEMBL230,5.75
CHEMBL52285,CS(=O)(=O)c1ccc(C2=C(c3cccc(F)c3)C(=O)OC2)cc1,IC50,20.0,nM,=,CHEMBL763082,CHEMBL230,7.70
CHEMBL96098,CCc1ccc(-c2ncc(Cl)cc2-c2ccc(S(C)(=O)=O)cc2)cn1,IC50,50.0,nM,=,CHEMBL762908,CHEMBL230,7.30
CHEMBL96098,CCc1ccc(-c2ncc(Cl)cc2-c2ccc(S(C)(=O)=O)cc2)cn1,IC50,1700.0,nM,=,CHEMBL768682,CHEMBL230,5.77
CHEMBL95156,CS(=O)(=O)c1ccc(-c2cc(Cl)cnc2-c2ccc(C3CC3)nc2)cc1,IC50,16.0,nM,=,CHEMBL762908,CHEMBL230,7.80
CHEMBL95156,CS(=O)(=O)c1ccc(-c2cc(Cl)cnc2-c2ccc(C3CC3)nc2)cc1,IC50,1800.0,nM,=,CHEMBL768682,CHEMBL230,5.75
CHEMBL122,CS(=O)(=O)c1ccc(C2=C(c3ccccc3)C(=O)OC2)cc1,IC50,500.0,nM,=,CHEMBL763081,CHEMBL230,6.30
CHEMBL122,CS(=O)(=O)c1ccc(C2=C(c3ccccc3)C(=O)OC2)cc1,IC50,20.0,nM,=,CHEMBL763082,CHEMBL230,7.70
CHEMBL329120,Cc1cnc(-c2cccnc2)c(-c2ccc(S(C)(=O)=O)cc2)c1,IC50,350.0,nM,=,CHEMBL762908,CHEMBL230,6.46
CHEMBL329120,Cc1cnc(-c2cccnc2)c(-c2ccc(S(C)(=O)=O)cc2)c1,IC50,2100.0,nM,=,CHEMBL768682,CHEMBL230,5.68
CHEMBL304982,CCC(C)OC1=C(c2ccc(S(C)(=O)=O)cc2)C(C)(C)OC1=O,IC50,40.0,nM,=,CHEMBL768958,CHEMBL230,7.40
CHEMBL599,Cc1cnc(NC(=O)C2=C(O)c3ccccc3S(=O)(=O)N2C)s1,IC50,700.0,nM,=,CHEMBL763081,CHEMBL230,6.16
CHEMBL307602,CC1(C)OC(=O)C(OC2CCCC2)=C1c1ccc(S(C)(=O)=O)cc1,IC50,400.0,nM,<,CHEMBL768958,CHEMBL230,
CHEMBL92233,Cc1ccncc1-c1ncc(Cl)cc1-c1ccc(S(C)(=O)=O)cc1,IC50,830.0,nM,=,CHEMBL762908,CHEMBL230,6.08
CHEMBL92233,Cc1ccncc1-c1ncc(Cl)cc1-c1ccc(S(C)(=O)=O)cc1,IC50,2700.0,nM,=,CHEMBL768682,CHEMBL230,5.57
CHEMBL139,O=C(O)Cc1ccccc1Nc1c(Cl)cccc1Cl,IC50,50.0,nM,=,CHEMBL763081,CHEMBL230,7.30
CHEMBL6,COc1ccc2c(c1)c(CC(=O)O)c(C)n2C(=O)c1ccc(Cl)cc1,IC50,500.0,nM,=,CHEMBL763081,CHEMBL230,6.30
CHEMBL6,COc1ccc2c(c1)c(CC(=O)O)c(C)n2C(=O)c1ccc(Cl)cc1,IC50,30.0,nM,=,CHEMBL763082,CHEMBL230,7.52
CHEMBL118,Cc1ccc(-c2cc(C(F)(F)F)nn2-c2ccc(S(N)(=O)=O)cc2)cc1,IC50,1000.0,nM,=,CHEMBL763081,CHEMBL230,6.00
CHEMBL42485,CS(=O)(=O)c1ccc(-c2cc(Br)sc2-c2ccc(F)cc2)cc1,IC50,2.0,nM,=,CHEMBL762908,CHEMBL230,8.70
CHEMBL42485,CS(=O)(=O)c1ccc(-c2cc(Br)sc2-c2ccc(F)cc2)cc1,IC50,60.0,nM,=,CHEMBL768682,CHEMBL230,7.22
CHEMBL18264,CS(=O)(=O)c1ccc(C2=C(c3ccc(F)c(F)c3)C(=O)OC2)cc1,IC50,900.0,nM,=,CHEMBL763081,CHEMBL230,6.05
CHEMBL18264,CS(=O)(=O)c1ccc(C2=C(c3ccc(F)c(F)c3)C(=O)OC2)cc1,IC50,30.0,nM,=,CHEMBL763082,CHEMBL230,7.52
CHEMBL329419,CS(=O)(=O)c1ccc(-c2cccnc2-c2cccnc2)cc1,IC50,610.0,nM,=,CHEMBL762908,CHEMBL230,6.21
CHEMBL329419,CS(=O)(=O)c1ccc(-c2cccnc2-c2cccnc2)cc1,IC50,33000.0,nM,>,CHEMBL768682,CHEMBL230,
CHEMBL96947,Cc1cncc(-c2ncc(Cl)cc2-c2ccc(S(C)(=O)=O)cc2)c1,IC50,87.0,nM,=,CHEMBL762908,CHEMBL230,7.06
CHEMBL96947,Cc1cncc(-c2ncc(Cl)cc2-c2ccc(S(C)(=O)=O)cc2)c1,IC50,3800.0,nM,=,CHEMBL768682,CHEMBL230,5.42
CHEMBL70681,CCOC1=C(c2ccc(S(C)(=O)=O)cc2)C(C)(C)OC1=O,IC50,23000.0,nM,=,CHEMBL768958,CHEMBL230,4.64
CHEMBL50198,CS(=O)(=O)c1ccc(C2=C(c3cccnc3)C(=O)OC2)cc1,IC50,33000.0,nM,>,CHEMBL763081,CHEMBL230,
CHEMBL50198,CS(=O)(=O)c1ccc(C2=C(c3cccnc3)C(=O)OC2)cc1,IC50,5000.0,nM,>,CHEMBL763082,CHEMBL230,
CHEMBL6,COc1ccc2c(c1)c(CC(=O)O)c(C)n2C(=O)c1ccc(Cl)cc1,IC50,400.0,nM,=,CHEMBL768958,CHEMBL230,6.40
CHEMBL68365,CCC(CC)OC1=C(c2ccc(S(C)(=O)=O)cc2)C(C)(C)OC1=O,IC50,400.0,nM,<,CHEMBL768958,CHEMBL230,
CHEMBL92793,CS(=O)(=O)c1ccc(-c2cc(Cl)cnc2-c2ccncc2)cc1,IC50,101.0,nM,=,CHEMBL762908,CHEMBL230,7.00
CHEMBL92793,CS(=O)(=O)c1ccc(-c2cc(Cl)cnc2-c2ccncc2)cc1,IC50,7000.0,nM,=,CHEMBL768682,CHEMBL230,5.16
CHEMBL94938,CS(=O)(=O)c1ccc(-c2cc(Cl)cnc2-c2cccnc2)cc1,IC50,34.0,nM,=,CHEMBL762908,CHEMBL230,7.47
CHEMBL94938,CS(=O)(=O)c1ccc(-c2cc(Cl)cnc2-c2cccnc2)cc1,IC50,900.0,nM,=,CHEMBL768682,CHEMBL230,6.05
CHEMBL122,CS(=O)(=O)c1ccc(C2=C(c3ccccc3)C(=O)OC2)cc1,IC50,500.0,nM,=,CHEMBL768958,CHEMBL230,6.30
CHEMBL96842,CS(=O)(=O)c1ccc(-c2cccnc2-c2ccccc2)cc1,IC50,60.0,nM,=,CHEMBL762908,CHEMBL230,7.22
CHEMBL96842,CS(=O)(=O)c1ccc(-c2cccnc2-c2ccccc2)cc1,IC50,7900.0,nM,=,CHEMBL768682,CHEMBL230,5.10
CHEMBL416146,Cc1ccc(-c2ncc(Cl)cc2-c2ccc(S(C)(=O)=O)cc2)cn1,IC50,81.0,nM,=,CHEMBL762908,CHEMBL230,7.09
CHEMBL416146,Cc1ccc(-c2ncc(Cl)cc2-c2ccc(S(C)(=O)=O)cc2)cn1,IC50,1100.0,nM,=,CHEMBL768682,CHEMBL230,5.96
CHEMBL122,CS(=O)(=O)c1ccc(C2=C(c3ccccc3)C(=O)OC2)cc1,IC50,500.0,nM,=,CHEMBL763081,CHEMBL230,6.30
CHEMBL96950,Cc1ncccc1-c1ncc(Cl)cc1-c1ccc(S(C)(=O)=O)cc1,IC50,1330.0,nM,=,CHEMBL762908,CHEMBL230,5.88
CHEMBL96950,Cc1ncccc1-c1ncc(Cl)cc1-c1ccc(S(C)(=O)=O)cc1,IC50,2600.0,nM,=,CHEMBL768682,CHEMBL230,5.58
CHEMBL71916,CC1(C)OC(=O)C(OC2CCC2)=C1c1ccc(S(C)(=O)=O)cc1,IC50,400.0,nM,<,CHEMBL768958,CHEMBL230,
CHEMBL304967,COC1=C(c2ccc(S(C)(=O)=O)cc2)C(C)(C)OC1=O,IC50,33000.0,nM,=,CHEMBL768958,CHEMBL230,4.48
CHEMBL34913,Cc1nc(C2CCCCC2)c(-c2ccc(S(N)(=O)=O)c(F)c2)o1,Inhibition,42.0,%,=,CHEMBL878533,CHEMBL230,
CHEMBL73997,CC1(C)OC(=O)C(OC2CC2)=C1c1ccc(S(C)(=O)=O)cc1,IC50,5200.0,nM,=,CHEMBL768958,CHEMBL230,5.28
CHEMBL6,COc1ccc2c(c1)c(CC(=O)O)c(C)n2C(=O)c1ccc(Cl)cc1,IC50,26.0,nM,=,CHEMBL762908,CHEMBL230,7.58
CHEMBL6,COc1ccc2c(c1)c(CC(=O)O)c(C)n2C(=O)c1ccc(Cl)cc1,IC50,500.0,nM,=,CHEMBL768682,CHEMBL230,6.30
CHEMBL51434,CS(=O)(=O)c1ccc(C2=C(c3ccc(F)cc3)C(=O)OC2)cc1,IC50,600.0,nM,=,CHEMBL763081,CHEMBL230,6.22
CHEMBL51434,CS(=O)(=O)c1ccc(C2=C(c3ccc(F)cc3)C(=O)OC2)cc1,IC50,10.0,nM,=,CHEMBL763082,CHEMBL230,8.00
CHEMBL305507,CC(OC1=C(c2ccc(S(C)(=O)=O)cc2)C(C)(C)OC1=O)C1CC1,IC50,80.0,nM,=,CHEMBL768958,CHEMBL230,7.10
CHEMBL278492,Cc1nc(-c2ccc(Cl)cc2)c(-c2ccc(S(N)(=O)=O)cc2)s1,IC50,5.0,nM,=,CHEMBL760087,CHEMBL230,8.30
CHEMBL17101,Cc1nc(-c2ccccc2)c(-c2ccc(S(N)(=O)=O)cc2)s1,IC50,38.0,nM,=,CHEMBL760087,CHEMBL230,7.42
CHEMBL280093,Cc1nc(-c2ccc(S(N)(=O)=O)cc2)c(-c2ccc(Br)cc2)s1,IC50,24.0,nM,=,CHEMBL760087,CHEMBL230,7.62
CHEMBL276762,COc1ccc(-c2nc(-c3ccccc3Cl)sc2-c2ccc(S(N)(=O)=O)cc2)cc1F,IC50,2480.0,nM,=,CHEMBL760087,CHEMBL230,5.61
CHEMBL416902,COc1ccc(-c2nc(C)sc2-c2ccc(S(N)(=O)=O)cc2)cc1F,IC50,28.0,nM,=,CHEMBL760087,CHEMBL230,7.55
CHEMBL16996,COc1ccc(-c2nc(NCc3ccccc3)sc2-c2ccc(S(N)(=O)=O)cc2)cc1F,IC50,59.0,nM,=,CHEMBL760087,CHEMBL230,7.23
CHEMBL154,COc1ccc2cc([C@H](C)C(=O)O)ccc2c1,IC50,24300.0,nM,=,CHEMBL763347,CHEMBL230,4.61
CHEMBL72986,COc1ccc2cc(C(C)P(=O)(O)O)ccc2c1,Inhibition,32.0,%,=,CHEMBL763862,CHEMBL230,
CHEMBL17739,NS(=O)(=O)c1ccc(-c2sc(-c3ccccc3Cl)nc2-c2ccc(F)cc2)cc1,IC50,13.0,nM,=,CHEMBL760087,CHEMBL230,7.89
CHEMBL118,Cc1ccc(-c2cc(C(F)(F)F)nn2-c2ccc(S(N)(=O)=O)cc2)cc1,IC50,40.0,nM,=,CHEMBL760086,CHEMBL230,7.40
CHEMBL17062,Cc1nc(-c2ccc(S(N)(=O)=O)cc2)c(-c2ccccc2)s1,IC50,29.0,nM,=,CHEMBL760087,CHEMBL230,7.54
CHEMBL276324,NS(=O)(=O)c1ccc(-c2sc(COc3cc(Cl)cc(Cl)c3)nc2-c2ccc(F)cc2)cc1,IC50,9.0,nM,=,CHEMBL760087,CHEMBL230,8.05
CHEMBL17075,Cc1nc(-c2ccc(S(N)(=O)=O)cc2)c(-c2ccc(Cl)cc2)s1,IC50,18.0,nM,=,CHEMBL760087,CHEMBL230,7.75
CHEMBL17184,NS(=O)(=O)c1ccc(C2=C(c3ccc(F)cc3)CC3(CC3)C2)cc1,IC50,3.0,nM,=,CHEMBL760086,CHEMBL230,8.52
CHEMBL75986,CC(c1ccc2cc(O)ccc2c1)P(=O)(O)O,Inhibition,31.0,%,=,CHEMBL763862,CHEMBL230,
CHEMBL345333,CS(=O)(=O)c1ccc(-c2c(-c3ccccc3)nc3scc(C(=O)O)n23)cc1,IC50,5000.0,nM,>,CHEMBL665718,CHEMBL230,
CHEMBL423576,CS(=O)(=O)c1ccc(-c2c(-c3ccc(F)c(F)c3)nc3sccn23)cc1,IC50,12.0,nM,=,CHEMBL665718,CHEMBL230,7.92
CHEMBL423576,CS(=O)(=O)c1ccc(-c2c(-c3ccc(F)c(F)c3)nc3sccn23)cc1,IC50,2200.0,nM,=,CHEMBL664077,CHEMBL230,5.66
CHEMBL150006,CS(=O)(=O)c1ccc(-c2nc3sccn3c2-c2ccccc2)cc1,IC50,3210.0,nM,=,CHEMBL665718,CHEMBL230,5.49
CHEMBL42485,CS(=O)(=O)c1ccc(-c2cc(Br)sc2-c2ccc(F)cc2)cc1,IC50,2.0,nM,=,CHEMBL665718,CHEMBL230,8.70
CHEMBL44141,CS(=O)(=O)c1ccc(C2=C3c4ccccc4CCC3OC2=O)cc1,Inhibition,100.0,%,=,CHEMBL765004,CHEMBL230,
CHEMBL44141,CS(=O)(=O)c1ccc(C2=C3c4ccccc4CCC3OC2=O)cc1,IC50,562.0,nM,=,CHEMBL763085,CHEMBL230,6.25
CHEMBL149167,Cc1csc2nc(-c3ccc(S(C)(=O)=O)cc3)c(-c3ccccc3)n12,IC50,1000.0,nM,=,CHEMBL665718,CHEMBL230,6.00
CHEMBL295640,CSc1ccc(C2=C3c4ccccc4CCC3(O)OC2=O)cc1,Inhibition,71.0,%,=,CHEMBL765004,CHEMBL230,
CHEMBL295640,CSc1ccc(C2=C3c4ccccc4CCC3(O)OC2=O)cc1,IC50,850.0,nM,=,CHEMBL763085,CHEMBL230,6.07
CHEMBL148976,CS(=O)(=O)c1ccc(-c2c(-c3ccc(F)cc3)nc3sccn23)cc1,IC50,14.0,nM,=,CHEMBL665718,CHEMBL230,7.85
CHEMBL148976,CS(=O)(=O)c1ccc(-c2c(-c3ccc(F)cc3)nc3sccn23)cc1,IC50,400.0,nM,=,CHEMBL664077,CHEMBL230,6.40
CHEMBL42011,CSc1ccc(C2=C3c4ccccc4CCC3OC2=O)cc1,Inhibition,100.0,%,=,CHEMBL765004,CHEMBL230,
CHEMBL42011,CSc1ccc(C2=C3c4ccccc4CCC3OC2=O)cc1,IC50,827.0,nM,=,CHEMBL763085,CHEMBL230,6.08
CHEMBL6,COc1ccc2c(c1)c(CC(=O)O)c(C)n2C(=O)c1ccc(Cl)cc1,IC50,26.0,nM,=,CHEMBL665718,CHEMBL230,7.58
CHEMBL149040,Cc1cn2c(-c3ccccc3)c(-c3ccc(S(C)(=O)=O)cc3)nc2s1,IC50,140.0,nM,=,CHEMBL665718,CHEMBL230,6.85
CHEMBL149076,Cc1csc2nc(-c3ccccc3)c(-c3ccc(S(C)(=O)=O)cc3)n12,IC50,3000.0,nM,=,CHEMBL665718,CHEMBL230,5.52
CHEMBL149597,CS(=O)(=O)c1ccc(-c2c(-c3ccc(Cl)cc3)nc3sc(Cl)c(Cl)n23)cc1,IC50,3600.0,nM,=,CHEMBL665718,CHEMBL230,5.44
CHEMBL149936,CCOC(=O)c1csc2nc(-c3ccccc3)c(-c3ccc(S(C)(=O)=O)cc3)n12,IC50,900.0,nM,=,CHEMBL665718,CHEMBL230,6.05
CHEMBL148708,CS(=O)(=O)c1ccc(-c2c(-c3ccc(Cl)cc3)nc3sc(Cl)cn23)cc1,IC50,16.0,nM,=,CHEMBL665718,CHEMBL230,7.80
CHEMBL358482,Cc1sc2nc(-c3ccccc3)c(-c3ccc(S(C)(=O)=O)cc3)n2c1C,IC50,5000.0,nM,=,CHEMBL665718,CHEMBL230,5.30
CHEMBL358609,Cc1cn2c(-c3ccc(S(C)(=O)=O)cc3)c(-c3ccccc3)nc2s1,IC50,12.0,nM,=,CHEMBL665718,CHEMBL230,7.92
CHEMBL358609,Cc1cn2c(-c3ccc(S(C)(=O)=O)cc3)c(-c3ccccc3)nc2s1,IC50,17500.0,nM,=,CHEMBL664077,CHEMBL230,4.76
CHEMBL356206,CS(=O)(=O)c1ccc(-c2nc3sc4ccccc4n3c2-c2ccccc2)cc1,IC50,5000.0,nM,>,CHEMBL665718,CHEMBL230,
CHEMBL424313,CS(=O)(=O)c1ccc(-c2c(-c3ccccc3)nc3sc4ccccc4n23)cc1,IC50,5000.0,nM,>,CHEMBL665718,CHEMBL230,
CHEMBL359143,CSc1ccc(-c2c(-c3ccccc3)nc3sccn23)cc1,IC50,420.0,nM,=,CHEMBL665718,CHEMBL230,6.38
CHEMBL43442,C[S+]([O-])c1ccc(C2=C3c4ccccc4CCC3(O)OC2=O)cc1,Inhibition,0.0,%,=,CHEMBL765004,CHEMBL230,
CHEMBL43442,C[S+]([O-])c1ccc(C2=C3c4ccccc4CCC3(O)OC2=O)cc1,IC50,,nM,,CHEMBL763086,CHEMBL230,
CHEMBL146742,CS(=O)(=O)c1ccc(-c2c(-c3ccccc3)nc3sccn23)cc1,IC50,16.0,nM,=,CHEMBL665718,CHEMBL230,7.80
CHEMBL146742,CS(=O)(=O)c1ccc(-c2c(-c3ccccc3)nc3sccn23)cc1,IC50,900.0,nM,=,CHEMBL664077,CHEMBL230,6.05
CHEMBL289447,Cc1ccc2c(c1)C1=C(c3ccc(S(C)(=O)=O)cc3)C(=O)OC1CC2,Inhibition,92.0,%,=,CHEMBL765004,CHEMBL230,
CHEMBL289447,Cc1ccc2c(c1)C1=C(c3ccc(S(C)(=O)=O)cc3)C(=O)OC1CC2,IC50,665.0,nM,=,CHEMBL763085,CHEMBL230,6.18
CHEMBL118,Cc1ccc(-c2cc(C(F)(F)F)nn2-c2ccc(S(N)(=O)=O)cc2)cc1,IC50,36.0,nM,=,CHEMBL763085,CHEMBL230,7.44
CHEMBL358666,Cc1sc2nc(-c3ccc(S(C)(=O)=O)cc3)c(-c3ccccc3)n2c1C,IC50,5000.0,nM,>,CHEMBL665718,CHEMBL230,
CHEMBL44142,CSc1ccc(C2=C3c4cc(C)ccc4CCC3OC2=O)cc1,Inhibition,86.0,%,=,CHEMBL765004,CHEMBL230,
CHEMBL44142,CSc1ccc(C2=C3c4cc(C)ccc4CCC3OC2=O)cc1,IC50,971.0,nM,=,CHEMBL763085,CHEMBL230,6.01
CHEMBL148666,CSc1ccc(-c2nc3sccn3c2-c2ccccc2)cc1,IC50,5000.0,nM,=,CHEMBL665718,CHEMBL230,5.30
CHEMBL288423,CSc1ccc(C2=C3c4cc(C)ccc4CCC3(O)OC2=O)cc1,Inhibition,88.0,%,=,CHEMBL765004,CHEMBL230,
CHEMBL288423,CSc1ccc(C2=C3c4cc(C)ccc4CCC3(O)OC2=O)cc1,IC50,670.0,nM,=,CHEMBL763085,CHEMBL230,6.17
CHEMBL297772,CS(=O)(=O)c1ccc(C2=C3c4ccccc4CCC3(O)OC2=O)cc1,Inhibition,0.0,%,=,CHEMBL765004,CHEMBL230,
CHEMBL297772,CS(=O)(=O)c1ccc(C2=C3c4ccccc4CCC3(O)OC2=O)cc1,IC50,,nM,,CHEMBL763087,CHEMBL230,
CHEMBL122,CS(=O)(=O)c1ccc(C2=C(c3ccccc3)C(=O)OC2)cc1,IC50,329.0,nM,=,CHEMBL763085,CHEMBL230,6.48
CHEMBL2114342,COc1ccc2c(c1)c(CC(=O)NN1CCC[C@H]1CO)c(C)n2C(=O)c1ccc(Cl)cc1,IC50,1800.0,nM,=,CHEMBL769646,CHEMBL230,5.75
CHEMBL69261,Cc1ccccc1-n1c(-c2ccc(S(N)(=O)=O)cc2)coc1=O,IC50,9700.0,nM,=,CHEMBL768956,CHEMBL230,5.01
CHEMBL69557,NS(=O)(=O)c1ccc(-c2coc(=O)n2-c2ccc(F)cc2F)cc1,IC50,2300.0,nM,=,CHEMBL768956,CHEMBL230,5.64
CHEMBL154,COc1ccc2cc([C@H](C)C(=O)O)ccc2c1,IC50,18900.0,nM,=,CHEMBL768956,CHEMBL230,4.72
CHEMBL29717,NS(=O)(=O)c1ccc(-n2nc(C(F)(F)F)cc2-c2ccc(Cl)c(Cl)c2)cc1,IC50,15.0,nM,=,CHEMBL763093,CHEMBL230,7.82
CHEMBL29662,NS(=O)(=O)c1ccc(-n2nccc2-c2ccc(F)cc2)cc1,IC50,100000.0,nM,>,CHEMBL763093,CHEMBL230,
CHEMBL281457,COc1ccc2c(c1)c(CC(=O)NCCCCCCO)c(C)n2C(=O)c1ccc(Cl)cc1,IC50,210.0,nM,=,CHEMBL769646,CHEMBL230,6.68
CHEMBL285828,COc1ccc2c(c1)c(CC(=O)N[C@@H](CO)C(C)C)c(C)n2C(=O)c1ccc(Cl)cc1,IC50,110.0,nM,=,CHEMBL769646,CHEMBL230,6.96
CHEMBL29941,CCCc1c(C(F)(F)F)nn(-c2ccc(S(N)(=O)=O)cc2)c1-c1ccc(F)cc1,IC50,100000.0,nM,>,CHEMBL763093,CHEMBL230,
CHEMBL28491,COC(=O)c1nn(-c2ccc(S(N)(=O)=O)cc2)c(-c2ccc(Cl)cc2)c1Cl,IC50,160.0,nM,=,CHEMBL763093,CHEMBL230,6.80
CHEMBL281847,COc1ccc2c(c1)c(CC(=O)N[C@@H](C)CO)c(C)n2C(=O)c1ccc(Cl)cc1,IC50,270.0,nM,=,CHEMBL769646,CHEMBL230,6.57
CHEMBL412307,COc1ccc2c(c1)c(CC(=O)N[C@H](CO)Cc1ccccc1)c(C)n2C(=O)c1ccc(Cl)cc1,IC50,85.0,nM,=,CHEMBL769646,CHEMBL230,7.07
CHEMBL29533,NS(=O)(=O)c1ccc(-n2nc(C(F)(F)F)cc2-c2ccccc2Cl)cc1,IC50,56.0,nM,=,CHEMBL763093,CHEMBL230,7.25
CHEMBL29942,COc1ccccc1-c1cc(C(F)(F)F)nn1-c1ccc(S(N)(=O)=O)cc1,IC50,290.0,nM,=,CHEMBL763093,CHEMBL230,6.54
CHEMBL29839,COc1ccc(-c2cc(C(F)(F)F)nn2-c2ccc(S(N)(=O)=O)cc2)cc1,IC50,8.0,nM,=,CHEMBL763093,CHEMBL230,8.10
CHEMBL286953,COc1ccc(-c2cc(C(F)F)nn2-c2ccc(S(N)(=O)=O)cc2)cc1Cl,IC50,27.0,nM,=,CHEMBL763093,CHEMBL230,7.57
CHEMBL29842,COc1c(C(F)(F)F)nn(-c2ccc(S(N)(=O)=O)cc2)c1-c1ccccc1,IC50,80.0,nM,=,CHEMBL763093,CHEMBL230,7.10
CHEMBL29583,COc1ccc(-n2nc(C(F)(F)F)cc2-c2ccc(S(N)(=O)=O)cc2)cc1,IC50,6.7,nM,=,CHEMBL763093,CHEMBL230,8.17
CHEMBL24869,COc1ccc2c(c1)c(CC(=O)NCCCCCO)c(C)n2C(=O)c1ccc(Cl)cc1,IC50,290.0,nM,=,CHEMBL769646,CHEMBL230,6.54
CHEMBL29943,NS(=O)(=O)c1ccc(-n2nc(C(=O)O)cc2-c2ccc(F)cc2)cc1,IC50,100000.0,nM,>,CHEMBL763093,CHEMBL230,
CHEMBL29575,NC(=O)c1cc(-c2ccc(F)cc2)n(-c2ccc(S(N)(=O)=O)cc2)n1,IC50,100000.0,nM,>,CHEMBL763093,CHEMBL230,
CHEMBL29257,NS(=O)(=O)c1ccc(-c2cc(C(F)(F)F)nn2-c2ccc(F)cc2)cc1,IC50,10.0,nM,=,CHEMBL763093,CHEMBL230,8.00
CHEMBL29439,CNc1ccc(-c2cc(C(F)(F)F)nn2-c2ccc(S(N)(=O)=O)cc2)cc1,IC50,16.0,nM,=,CHEMBL763093,CHEMBL230,7.80
CHEMBL268470,CS(=O)(=O)c1ccc(-c2cc(Cl)cnc2-c2ccc(C(=O)O)nc2)cc1,IC50,21000.0,nM,=,CHEMBL856205,CHEMBL230,4.68
CHEMBL71052,NS(=O)(=O)c1ccc(-c2coc(=O)n2-c2ccccc2)cc1,IC50,2400.0,nM,=,CHEMBL768956,CHEMBL230,5.62
CHEMBL307197,NS(=O)(=O)c1ccc(-c2coc(=O)n2-c2cccc(Cl)c2)cc1,IC50,1500.0,nM,=,CHEMBL768956,CHEMBL230,5.82
CHEMBL70588,Cc1ccc(-n2c(-c3ccc(S(N)(=O)=O)cc3)coc2=O)cc1,IC50,790.0,nM,=,CHEMBL768956,CHEMBL230,6.10
CHEMBL305505,NS(=O)(=O)c1ccc(-c2coc(=O)n2-c2cccc3ccccc23)cc1,IC50,4700.0,nM,=,CHEMBL768956,CHEMBL230,5.33
CHEMBL281975,Cc1ccc(-c2cc(C(F)F)nn2-c2ccc(S(N)(=O)=O)cc2)cc1,IC50,13.0,nM,=,CHEMBL763093,CHEMBL230,7.89
CHEMBL282390,NS(=O)(=O)c1ccc(-n2nc(C(F)(F)F)cc2-c2ccc(O)cc2)cc1,IC50,100000.0,nM,>,CHEMBL763093,CHEMBL230,
CHEMBL283177,NS(=O)(=O)c1ccc(-n2nc(C(F)(F)F)cc2-c2ccc(Cl)s2)cc1,IC50,26.0,nM,=,CHEMBL763093,CHEMBL230,7.58
CHEMBL29469,NS(=O)(=O)c1ccc(-n2nc(C(F)(F)F)cc2-c2ccc3c(c2)CCCS3)cc1,IC50,230.0,nM,=,CHEMBL763093,CHEMBL230,6.64
CHEMBL284914,FC(F)(F)c1cc(-c2ccc(Cl)cc2)n(-c2ccc(Cl)cc2)n1,IC50,4790.0,nM,=,CHEMBL763093,CHEMBL230,5.32
CHEMBL24415,COc1ccc2c(c1)c(CC(=O)NCCO)c(C)n2C(=O)c1ccc(Cl)cc1,IC50,160.0,nM,=,CHEMBL769646,CHEMBL230,6.80
CHEMBL281653,COc1ccc2c(c1)c(CC(=O)NC[C@@H](C)O)c(C)n2C(=O)c1ccc(Cl)cc1,IC50,330.0,nM,=,CHEMBL769646,CHEMBL230,6.48
CHEMBL118,Cc1ccc(-c2cc(C(F)(F)F)nn2-c2ccc(S(N)(=O)=O)cc2)cc1,IC50,40.0,nM,=,CHEMBL763093,CHEMBL230,7.40
CHEMBL28913,CSc1ccc(-c2cc(C(F)(F)F)nn2-c2ccc(S(N)(=O)=O)cc2)cc1C,IC50,3.7,nM,=,CHEMBL763093,CHEMBL230,8.43
CHEMBL29075,NS(=O)(=O)c1ccc(-n2nc(C(F)(F)F)cc2-c2ccccn2)cc1,IC50,45600.0,nM,=,CHEMBL763093,CHEMBL230,4.34
CHEMBL283633,NS(=O)(=O)c1ccc(-n2nc(-c3ccc(Cl)s3)cc2-c2ccc(Cl)cc2)cc1,IC50,52.0,nM,=,CHEMBL763093,CHEMBL230,7.28
CHEMBL285567,O=C(c1ccc(-n2nc(C(F)(F)F)cc2-c2ccc(F)cc2)cc1)C(F)(F)F,IC50,100000.0,nM,>,CHEMBL763093,CHEMBL230,
CHEMBL25030,COc1ccc2c(c1)c(CC(=O)N[C@H](CO)C(C)C)c(C)n2C(=O)c1ccc(Cl)cc1,IC50,370.0,nM,=,CHEMBL769646,CHEMBL230,6.43
CHEMBL25371,COc1ccc2c(c1)c(CC(=O)NC[C@H](C)O)c(C)n2C(=O)c1ccc(Cl)cc1,IC50,320.0,nM,=,CHEMBL769646,CHEMBL230,6.50
CHEMBL29887,COc1ccc(-c2cc(C(F)(F)F)nn2-c2ccc(S(N)(=O)=O)cc2)cc1C,IC50,9.3,nM,=,CHEMBL763093,CHEMBL230,8.03
CHEMBL281978,NS(=O)(=O)c1ccc(-n2nc(C(F)(F)F)cc2-c2ccc(Cl)cc2Cl)cc1,IC50,56.0,nM,=,CHEMBL763093,CHEMBL230,7.25
CHEMBL283497,NS(=O)(=O)c1ccc(-n2nc(C(=O)Nc3cccc(Cl)c3)cc2-c2ccc(F)cc2)cc1,IC50,56.0,nM,=,CHEMBL763093,CHEMBL230,7.25
CHEMBL27975,NS(=O)(=O)c1ccc(-n2ncc(Br)c2-c2ccc(Cl)cc2)cc1,IC50,31.0,nM,=,CHEMBL763093,CHEMBL230,7.51
CHEMBL304810,NS(=O)(=O)c1ccc(-c2coc(=O)n2-c2ccc(C(F)(F)F)cc2)cc1,IC50,2000.0,nM,=,CHEMBL768956,CHEMBL230,5.70
CHEMBL29920,NS(=O)(=O)c1ccc(-n2nc(C(F)(F)F)cc2-c2ccccc2)cc1,IC50,32.0,nM,=,CHEMBL763093,CHEMBL230,7.50
CHEMBL285831,NS(=O)(=O)c1ccc(-n2nc(C(F)(F)F)cc2-c2ccc(C(F)(F)F)cc2)cc1,IC50,8230.0,nM,=,CHEMBL763093,CHEMBL230,5.08
CHEMBL29899,CN(C)c1ccc(-c2cc(C(F)(F)F)nn2-c2ccc(S(N)(=O)=O)cc2)cc1F,IC50,5.7,nM,=,CHEMBL763093,CHEMBL230,8.24
CHEMBL281694,NS(=O)(=O)c1ccc(-n2nc(C(F)F)cc2-c2ccc3c(c2)OCO3)cc1,IC50,24.0,nM,=,CHEMBL763093,CHEMBL230,7.62
CHEMBL29424,NS(=O)(=O)c1ccc(-n2nc(COCc3ccccc3)cc2-c2ccc(Cl)cc2)cc1,IC50,29.0,nM,=,CHEMBL763093,CHEMBL230,7.54
CHEMBL279265,COc1ccc2c(c1)c(CC(=O)N[C@H](CO)CC(C)C)c(C)n2C(=O)c1ccc(Cl)cc1,IC50,170.0,nM,=,CHEMBL769646,CHEMBL230,6.77
CHEMBL432260,COc1ccc2c(c1)c(CC(=O)N[C@@H](CO)CCSC)c(C)n2C(=O)c1ccc(Cl)cc1,IC50,250.0,nM,=,CHEMBL769646,CHEMBL230,6.60
CHEMBL277006,COc1ccc2c(c1)c(CC(=O)N[C@H](CO)c1ccccc1)c(C)n2C(=O)c1ccc(Cl)cc1,IC50,85.0,nM,=,CHEMBL769646,CHEMBL230,7.07
CHEMBL24288,COC[C@H](C)NC(=O)Cc1c(C)n(C(=O)c2ccc(Cl)cc2)c2ccc(OC)cc12,IC50,240.0,nM,=,CHEMBL769646,CHEMBL230,6.62
CHEMBL433427,COc1ccc2c(c1)c(CC(=O)NC(C)(C)CO)c(C)n2C(=O)c1ccc(Cl)cc1,IC50,190.0,nM,=,CHEMBL769646,CHEMBL230,6.72
CHEMBL70158,CS(=O)(=O)c1ccc(-c2coc(=O)n2-c2ccccc2F)cc1,IC50,660.0,nM,=,CHEMBL768956,CHEMBL230,6.18
CHEMBL30091,NS(=O)(=O)c1ccc(-n2nc(C(F)(F)F)cc2C2=CCCCC2)cc1,IC50,84.0,nM,=,CHEMBL763093,CHEMBL230,7.08
CHEMBL282838,NS(=O)(=O)c1ccc(-n2nc(CO)cc2-c2ccc(Cl)cc2)cc1,IC50,830.0,nM,=,CHEMBL763093,CHEMBL230,6.08
CHEMBL280636,NS(=O)(=O)c1ccc(-n2nc(C(F)(F)F)c(Cl)c2-c2ccc(Cl)cc2)cc1,IC50,5.3,nM,=,CHEMBL763093,CHEMBL230,8.28
CHEMBL24363,COc1ccc2c(c1)c(CC(=O)N[C@@H](CO)Cc1ccccc1)c(C)n2C(=O)c1ccc(Cl)cc1,IC50,220.0,nM,=,CHEMBL769646,CHEMBL230,6.66
CHEMBL24798,CCC(C)[C@@H](CO)NC(=O)Cc1c(C)n(C(=O)c2ccc(Cl)cc2)c2ccc(OC)cc12,IC50,110.0,nM,=,CHEMBL769646,CHEMBL230,6.96
CHEMBL274841,Cc1ccc(-c2ncc(Cl)cc2-c2ccc(S(C)(=O)=O)cc2)c[n+]1[O-],IC50,18000.0,nM,=,CHEMBL856205,CHEMBL230,4.75
CHEMBL72859,Cc1oc(=O)n(-c2ccccc2)c1-c1ccc(S(N)(=O)=O)cc1,IC50,1800.0,nM,=,CHEMBL768956,CHEMBL230,5.75
CHEMBL281504,N#Cc1ccc(-c2cc(C(F)F)nn2-c2ccc(S(N)(=O)=O)cc2)cc1,IC50,29700.0,nM,=,CHEMBL763093,CHEMBL230,4.53
CHEMBL280772,Cc1ccc(C)c(-c2cc(C(F)F)nn2-c2ccc(S(N)(=O)=O)cc2)c1,IC50,100000.0,nM,>,CHEMBL763093,CHEMBL230,
CHEMBL283425,NS(=O)(=O)c1ccc(-n2nc(C(F)(F)F)cc2-c2ccncc2)cc1,IC50,64700.0,nM,=,CHEMBL763093,CHEMBL230,4.19
CHEMBL286277,NS(=O)(=O)c1ccc(-n2ncc(F)c2-c2ccccc2)cc1,IC50,4660.0,nM,=,CHEMBL763093,CHEMBL230,5.33
CHEMBL28528,Cc1ccc(-c2c(C#N)cnn2-c2ccc(S(N)(=O)=O)cc2)cc1,IC50,76.0,nM,=,CHEMBL763093,CHEMBL230,7.12
CHEMBL28216,COc1ccc2c(c1)c(CC(=O)N[C@@H](CO)CC(C)C)c(C)n2C(=O)c1ccc(Cl)cc1,IC50,500.0,nM,=,CHEMBL769646,CHEMBL230,6.30
CHEMBL71022,CS(=O)(=O)c1ccc(-c2coc(=O)n2-c2ccccc2)cc1,IC50,1600.0,nM,=,CHEMBL768956,CHEMBL230,5.80
CHEMBL70921,NS(=O)(=O)c1ccc(-c2coc(=O)n2-c2ccc(F)cc2)cc1,IC50,1500.0,nM,=,CHEMBL768956,CHEMBL230,5.82
CHEMBL29423,COc1ccc(-c2cc(-c3ccc(Cl)cc3)n(-c3ccc(S(N)(=O)=O)cc3)n2)cc1,IC50,100.0,nM,=,CHEMBL763093,CHEMBL230,7.00
CHEMBL283086,Cc1nn(-c2ccc(S(N)(=O)=O)cc2)c(-c2ccccc2)c1Cl,IC50,28.0,nM,=,CHEMBL763093,CHEMBL230,7.55
CHEMBL287170,NC(=O)c1nn(-c2ccc(S(N)(=O)=O)cc2)c(-c2ccc(Cl)cc2)c1Cl,IC50,1090.0,nM,=,CHEMBL763093,CHEMBL230,5.96
CHEMBL29697,O=[N+]([O-])c1ccc(-n2nc(C(F)(F)F)cc2-c2ccc(F)cc2)cc1,IC50,100000.0,nM,>,CHEMBL763093,CHEMBL230,
CHEMBL29204,COc1ccc(-c2cc(C(F)(F)F)nn2-c2ccc(OC)cc2)cc1,IC50,750.0,nM,=,CHEMBL763093,CHEMBL230,6.12
CHEMBL307766,CS(=O)(=O)c1ccc(-c2coc(=O)n2-c2ccc(F)cc2F)cc1,IC50,1350.0,nM,=,CHEMBL768956,CHEMBL230,5.87
CHEMBL304560,NS(=O)(=O)c1ccc(-c2coc(=O)n2-c2ccc(Cl)c(Cl)c2)cc1,IC50,400.0,nM,=,CHEMBL768956,CHEMBL230,6.40
CHEMBL29620,NS(=O)(=O)c1ccc(-n2nc(C(F)(F)F)cc2-c2cccc(F)c2)cc1,IC50,7730.0,nM,=,CHEMBL763093,CHEMBL230,5.11
CHEMBL743,NS(=O)(=O)c1ccc(-n2nc(C(F)(F)F)cc2-c2ccc(C(=O)O)cc2)cc1,IC50,11200.0,nM,=,CHEMBL763093,CHEMBL230,4.95
CHEMBL282360,COc1ccc(-c2cc(C(F)(F)F)nn2-c2ccc(S(N)(=O)=O)cc2)cc1OC,IC50,600.0,nM,=,CHEMBL763093,CHEMBL230,6.22
CHEMBL287447,NS(=O)(=O)c1ccc(-n2nc(CO)c(Cl)c2-c2ccc(Cl)cc2)cc1,IC50,340.0,nM,=,CHEMBL763093,CHEMBL230,6.47
CHEMBL282093,NS(=O)(=O)c1ccc(-n2nc(C(F)(F)F)cc2-c2ccc(Cl)cc2)cc1,IC50,10.0,nM,=,CHEMBL763093,CHEMBL230,8.00
CHEMBL282085,COc1ccc(-c2cc(C(F)F)nn2-c2ccc(S(N)(=O)=O)cc2)cc1,IC50,15.0,nM,=,CHEMBL763093,CHEMBL230,7.82
CHEMBL283178,CSc1ccc(-c2cc(C(F)(F)F)nn2-c2ccc(S(N)(=O)=O)cc2)cc1,IC50,9.0,nM,=,CHEMBL763093,CHEMBL230,8.05
CHEMBL69667,CS(=O)(=O)c1ccc(-c2coc(=O)n2-c2ccc(Cl)cc2)cc1,IC50,320.0,nM,=,CHEMBL768956,CHEMBL230,6.50
CHEMBL29923,Cc1cccc(-c2cc(C(F)(F)F)nn2-c2ccc(S(N)(=O)=O)cc2)c1,IC50,110.0,nM,=,CHEMBL763093,CHEMBL230,6.96
CHEMBL282391,CN(C)S(=O)(=O)c1ccc(-n2nc(C(F)(F)F)cc2-c2ccc(F)cc2)cc1,IC50,100000.0,nM,>,CHEMBL763093,CHEMBL230,
CHEMBL26509,COc1ccc2c(c1)c(CC(=O)N[C@@H](CO)c1ccccc1)c(C)n2C(=O)c1ccc(Cl)cc1,IC50,440.0,nM,=,CHEMBL769646,CHEMBL230,6.36
CHEMBL441769,COc1ccc2c(c1)c(CC(=O)NC[C@@H](O)c1ccccc1)c(C)n2C(=O)c1ccc(Cl)cc1,IC50,47.0,nM,=,CHEMBL769646,CHEMBL230,7.33
CHEMBL28881,CN(C)c1ccc(-c2cc(C(F)(F)F)nn2-c2ccc(S(N)(=O)=O)cc2)cc1,IC50,4.7,nM,=,CHEMBL763093,CHEMBL230,8.33
CHEMBL282752,NS(=O)(=O)c1ccc(-n2nc(C(F)(F)F)c(O)c2-c2ccccc2)cc1,IC50,3580.0,nM,=,CHEMBL763093,CHEMBL230,5.45
CHEMBL10042,CS(=O)(=O)c1ccc(-c2cc(Cl)cnc2-c2ccc(CO)nc2)cc1,IC50,33000.0,nM,>,CHEMBL856205,CHEMBL230,
CHEMBL72515,COc1ccc(-n2c(-c3ccc(S(N)(=O)=O)cc3)coc2=O)cc1Cl,IC50,780.0,nM,=,CHEMBL768956,CHEMBL230,6.11
CHEMBL29456,COc1c(F)cc(-c2cc(C(F)F)nn2-c2ccc(S(N)(=O)=O)cc2)cc1F,IC50,350.0,nM,=,CHEMBL763093,CHEMBL230,6.46
CHEMBL283038,Cc1ccc(-c2cc(C(F)(F)F)nn2-c2ccc(S(N)(=O)=O)cc2)c(C)c1,IC50,120.0,nM,=,CHEMBL763093,CHEMBL230,6.92
CHEMBL29472,NS(=O)(=O)c1ccc(-n2nc(C(F)(F)F)cc2-c2ccc(Br)s2)cc1,IC50,12.0,nM,=,CHEMBL763093,CHEMBL230,7.92
CHEMBL281379,COc1ccc2c(c1)c(CC(=O)N[C@H](CO)CCSC)c(C)n2C(=O)c1ccc(Cl)cc1,IC50,1000.0,nM,=,CHEMBL769646,CHEMBL230,6.00
CHEMBL418574,NS(=O)(=O)c1ccc(-n2nc(C(F)(F)F)cc2-c2ccccc2F)cc1,IC50,58.0,nM,=,CHEMBL763093,CHEMBL230,7.24
CHEMBL283388,CCOc1ccc(-c2cc(C(F)(F)F)nn2-c2ccc(S(N)(=O)=O)cc2)cc1,IC50,640.0,nM,=,CHEMBL763093,CHEMBL230,6.19
CHEMBL29492,Cc1cc(-c2ccccc2)n(-c2ccc(S(N)(=O)=O)cc2)n1,IC50,62800.0,nM,=,CHEMBL763093,CHEMBL230,4.20
CHEMBL29136,N#Cc1cc(-c2ccc(F)cc2)n(-c2ccc(S(N)(=O)=O)cc2)n1,IC50,340.0,nM,=,CHEMBL763093,CHEMBL230,6.47
CHEMBL29083,CCc1c(C(F)(F)F)nn(-c2ccc(S(N)(=O)=O)cc2)c1-c1ccc(Cl)cc1,IC50,28.0,nM,=,CHEMBL763093,CHEMBL230,7.55
CHEMBL71010,NS(=O)(=O)c1ccc(-c2coc(=O)n2-c2ccccc2Cl)cc1,IC50,6500.0,nM,=,CHEMBL768956,CHEMBL230,5.19
CHEMBL286756,N#CCc1cc(-c2ccc(Cl)cc2)n(-c2ccc(S(N)(=O)=O)cc2)n1,IC50,120.0,nM,=,CHEMBL763093,CHEMBL230,6.92
CHEMBL282301,NS(=O)(=O)c1ccc(-n2ncc(Cl)c2-c2ccccc2)cc1,IC50,49.0,nM,=,CHEMBL763093,CHEMBL230,7.31
CHEMBL70478,COc1ccc(-n2c(-c3ccc(S(N)(=O)=O)cc3)coc2=O)cc1,IC50,210.0,nM,=,CHEMBL768956,CHEMBL230,6.68
CHEMBL28599,Cc1ccccc1-c1cc(C(F)(F)F)nn1-c1ccc(S(N)(=O)=O)cc1,IC50,69.0,nM,=,CHEMBL763093,CHEMBL230,7.16
CHEMBL28084,CS(=O)(=O)c1ccc(-c2cc(C(F)F)nn2-c2ccc(S(N)(=O)=O)cc2)cc1,IC50,100000.0,nM,>,CHEMBL763093,CHEMBL230,
CHEMBL30084,CNc1ccc(-c2cc(C(F)(F)F)nn2-c2ccc(S(N)(=O)=O)cc2)cc1Cl,IC50,27.0,nM,=,CHEMBL763093,CHEMBL230,7.57
CHEMBL29397,NS(=O)(=O)c1ccc(-n2nc(C(F)(F)F)cc2-c2csc3ccccc23)cc1,IC50,350.0,nM,=,CHEMBL763093,CHEMBL230,6.46
CHEMBL29562,NS(=O)(=O)c1ccc(-n2nc(C(F)(F)F)cc2-c2cc3ccccc3o2)cc1,IC50,890.0,nM,=,CHEMBL763093,CHEMBL230,6.05
CHEMBL416146,Cc1ccc(-c2ncc(Cl)cc2-c2ccc(S(C)(=O)=O)cc2)cn1,IC50,1100.0,nM,=,CHEMBL856205,CHEMBL230,5.96
CHEMBL304054,Cc1cccc(-n2c(-c3ccc(S(N)(=O)=O)cc3)coc2=O)c1,IC50,510.0,nM,=,CHEMBL768956,CHEMBL230,6.29
CHEMBL29500,NS(=O)(=O)c1ccc(-n2nc(C(F)(F)F)cc2-c2ccc3c(c2)CCC3)cc1,IC50,31.0,nM,=,CHEMBL763093,CHEMBL230,7.51
CHEMBL30200,CNS(=O)(=O)c1ccc(-n2nc(C(F)(F)F)cc2-c2ccc(F)cc2)cc1,IC50,100000.0,nM,>,CHEMBL763093,CHEMBL230,
CHEMBL432335,NS(=O)(=O)c1ccc(-c2coc(=O)n2C2CCCCC2)cc1,IC50,18900.0,nM,=,CHEMBL768956,CHEMBL230,4.72
CHEMBL72294,Cc1ccc(-n2c(-c3ccc(S(N)(=O)=O)cc3)c(C)oc2=O)cc1,IC50,1700.0,nM,=,CHEMBL768956,CHEMBL230,5.77
CHEMBL286256,NS(=O)(=O)c1ccc(-n2nc(C(F)(F)F)cc2-c2cc(Cl)ccc2Cl)cc1,IC50,100000.0,nM,>,CHEMBL763093,CHEMBL230,
CHEMBL285335,NS(=O)(=O)c1ccc(-n2nc(CF)cc2-c2ccccc2)cc1,IC50,200.0,nM,=,CHEMBL763093,CHEMBL230,6.70
CHEMBL303728,COc1ccc(-n2c(-c3ccc(S(N)(=O)=O)cc3)coc2=O)cc1F,IC50,1130.0,nM,=,CHEMBL768956,CHEMBL230,5.95
CHEMBL28527,NS(=O)(=O)c1ccc(-n2nc(C(F)(F)F)cc2-c2ccc(F)cc2)cc1,IC50,41.0,nM,=,CHEMBL763093,CHEMBL230,7.39
CHEMBL282839,NS(=O)(=O)c1ccc(-n2nc(C(F)(F)F)cc2-c2ccc3c(c2)CCO3)cc1,IC50,21.0,nM,=,CHEMBL763093,CHEMBL230,7.68
CHEMBL29403,Cc1cc(-c2cc(C(F)(F)F)nn2-c2ccc(S(N)(=O)=O)cc2)cc2c1OCO2,IC50,52.0,nM,=,CHEMBL763093,CHEMBL230,7.28
CHEMBL28487,Nc1cnn(-c2ccc(S(N)(=O)=O)cc2)c1-c1ccccc1,IC50,29700.0,nM,=,CHEMBL763093,CHEMBL230,4.53
CHEMBL24874,COc1ccc2c(c1)c(CC(=O)N[C@H](C)CO)c(C)n2C(=O)c1ccc(Cl)cc1,IC50,170.0,nM,=,CHEMBL769646,CHEMBL230,6.77
CHEMBL286282,COc1ccc2c(c1)c(CC(=O)NC[C@H](O)c1ccccc1)c(C)n2C(=O)c1ccc(Cl)cc1,IC50,210.0,nM,=,CHEMBL769646,CHEMBL230,6.68
CHEMBL745,NS(=O)(=O)c1ccc(-n2nc(C(F)(F)F)cc2-c2ccc(CO)cc2)cc1,IC50,93300.0,nM,=,CHEMBL763093,CHEMBL230,4.03
CHEMBL28636,COc1ccc(-c2cc(C(F)F)nn2-c2ccc(S(N)(=O)=O)cc2)cc1F,IC50,50.0,nM,=,CHEMBL763093,CHEMBL230,7.30
CHEMBL430728,CS(=O)(=O)Nc1ccc(-n2nc(C(F)(F)F)cc2-c2ccc(F)cc2)cc1,IC50,100000.0,nM,>,CHEMBL763093,CHEMBL230,
CHEMBL433428,NS(=O)(=O)c1ccc(-n2nc(C(F)F)cc2-c2ccc(Cl)cc2)cc1,IC50,10.0,nM,=,CHEMBL763093,CHEMBL230,8.00
CHEMBL29766,NS(=O)(=O)c1ccc(-n2nc(C(F)(F)F)c(F)c2-c2ccccc2)cc1,IC50,1.7,nM,=,CHEMBL763093,CHEMBL230,8.77
CHEMBL29840,N#Cc1nn(-c2ccc(S(N)(=O)=O)cc2)c(-c2ccc(Cl)cc2)c1Cl,IC50,10.0,nM,=,CHEMBL763093,CHEMBL230,8.00
CHEMBL282084,Nc1ccc(-c2cc(C(F)(F)F)nn2-c2ccc(S(N)(=O)=O)cc2)cc1,IC50,340.0,nM,=,CHEMBL763093,CHEMBL230,6.47
CHEMBL29576,COC(=O)c1cc(-c2ccc(F)cc2)n(-c2ccc(S(N)(=O)=O)cc2)n1,IC50,100000.0,nM,=,CHEMBL763093,CHEMBL230,4.00
CHEMBL280573,Cc1cnn(-c2ccc(S(N)(=O)=O)cc2)c1-c1ccccc1,IC50,47100.0,nM,=,CHEMBL763093,CHEMBL230,4.33
CHEMBL25035,CC[C@@H](C)NC(=O)Cc1c(C)n(C(=O)c2ccc(Cl)cc2)c2ccc(OC)cc12,IC50,130.0,nM,=,CHEMBL769646,CHEMBL230,6.89
CHEMBL70858,NS(=O)(=O)c1ccc(-c2coc(=O)n2-c2ccc(Cl)cc2)cc1,IC50,1200.0,nM,=,CHEMBL768956,CHEMBL230,5.92
CHEMBL307606,NS(=O)(=O)c1ccc(-c2coc(=O)n2-c2ccc(C(=O)O)cc2)cc1,IC50,59000.0,nM,=,CHEMBL768956,CHEMBL230,4.23
CHEMBL71372,Cc1oc(=O)n(-c2ccc(F)cc2)c1-c1ccc(S(N)(=O)=O)cc1,IC50,510.0,nM,=,CHEMBL768956,CHEMBL230,6.29
CHEMBL419268,Cc1oc(=O)n(-c2ccc(Cl)c(Cl)c2)c1-c1ccc(S(N)(=O)=O)cc1,IC50,230.0,nM,=,CHEMBL768956,CHEMBL230,6.64
CHEMBL27733,CN(C)c1ccccc1-c1cc(C(F)(F)F)nn1-c1ccc(S(N)(=O)=O)cc1,IC50,14300.0,nM,=,CHEMBL763093,CHEMBL230,4.84
CHEMBL281001,CS(=O)(=O)c1cnn(-c2ccc(S(N)(=O)=O)cc2)c1-c1ccc(Cl)cc1,IC50,19800.0,nM,=,CHEMBL763093,CHEMBL230,4.70
CHEMBL28662,FC(F)(F)c1cc(-c2ccccc2)n(-c2ccccc2)n1,IC50,100000.0,nM,>,CHEMBL763093,CHEMBL230,
CHEMBL25725,COc1ccc2c(c1)c(CC(=O)NCCCO)c(C)n2C(=O)c1ccc(Cl)cc1,IC50,220.0,nM,=,CHEMBL769646,CHEMBL230,6.66
CHEMBL27784,CC[C@@H](CO)NC(=O)Cc1c(C)n(C(=O)c2ccc(Cl)cc2)c2ccc(OC)cc12,IC50,280.0,nM,=,CHEMBL769646,CHEMBL230,6.55
CHEMBL71455,CCc1ccc(-n2c(-c3ccc(S(N)(=O)=O)cc3)coc2=O)cc1,IC50,1560.0,nM,=,CHEMBL768956,CHEMBL230,5.81
CHEMBL29844,COc1c(C)cc(-c2cc(C(F)(F)F)nn2-c2ccc(S(N)(=O)=O)cc2)cc1Cl,IC50,66.0,nM,=,CHEMBL763093,CHEMBL230,7.18
CHEMBL29847,Cc1ccc(-c2cc(C(F)F)nn2-c2ccc(S(N)(=O)=O)cc2)o1,IC50,3290.0,nM,=,CHEMBL763093,CHEMBL230,5.48
CHEMBL416394,COc1cc(-c2ccccc2)n(-c2ccc(S(N)(=O)=O)cc2)n1,IC50,100000.0,nM,>,CHEMBL763093,CHEMBL230,
CHEMBL28545,NS(=O)(=O)c1ccc(-n2nc(C(=O)O)c(Cl)c2-c2ccc(Cl)cc2)cc1,IC50,70000.0,nM,=,CHEMBL763093,CHEMBL230,4.16
CHEMBL24837,COc1ccc2c(c1)c(CC(=O)NCCCCO)c(C)n2C(=O)c1ccc(Cl)cc1,IC50,280.0,nM,=,CHEMBL769646,CHEMBL230,6.55
CHEMBL25288,CC[C@H](C)NC(=O)Cc1c(C)n(C(=O)c2ccc(Cl)cc2)c2ccc(OC)cc12,IC50,110.0,nM,=,CHEMBL769646,CHEMBL230,6.96
CHEMBL72093,NS(=O)(=O)c1ccc(-c2coc(=O)n2-c2cccc(C(=O)O)c2)cc1,IC50,100000.0,nM,>,CHEMBL768956,CHEMBL230,
CHEMBL28664,NS(=O)(=O)c1ccc(-n2nc(C(F)(F)F)cc2-c2ccc([N+](=O)[O-])cc2)cc1,IC50,2630.0,nM,=,CHEMBL763093,CHEMBL230,5.58
CHEMBL29445,NS(=O)(=O)c1ccc(-n2nc(C(F)F)cc2-c2ccccc2)cc1,IC50,130.0,nM,=,CHEMBL763093,CHEMBL230,6.89
CHEMBL2115305,COc1ccc2c(c1)c(CC(=O)NN1CCC[C@@H]1CO)c(C)n2C(=O)c1ccc(Cl)cc1,IC50,1700.0,nM,=,CHEMBL769646,CHEMBL230,5.77
CHEMBL302771,CS(=O)(=O)c1ccc(-c2coc(=O)n2-c2ccc(F)cc2)cc1,IC50,510.0,nM,=,CHEMBL768956,CHEMBL230,6.29
CHEMBL306232,Cc1ccc(-n2c(-c3ccc(S(C)(=O)=O)cc3)coc2=O)cc1,IC50,480.0,nM,=,CHEMBL768956,CHEMBL230,6.32
CHEMBL430783,NS(=O)(=O)c1ccc(-c2coc(=O)n2-c2ccccc2F)cc1,IC50,2200.0,nM,=,CHEMBL768956,CHEMBL230,5.66
CHEMBL287646,COc1c(Cl)cc(-c2cc(C(F)F)nn2-c2ccc(S(N)(=O)=O)cc2)cc1Cl,IC50,21.0,nM,=,CHEMBL763093,CHEMBL230,7.68
CHEMBL2303835,CS(=O)(=O)c1ccc(-c2cc(Cl)cnc2-c2ccc(CO[C@@H]3O[C@@H](C(=O)O)[C@@H](O)[C@H](O)[C@@H]3O)nc2)cc1,IC50,33000.0,nM,>,CHEMBL856205,CHEMBL230,
CHEMBL307233,CS(=O)(=O)c1ccc(-c2coc(=O)n2-c2ccc(C(F)(F)F)cc2)cc1,IC50,2000.0,nM,=,CHEMBL768956,CHEMBL230,5.70
CHEMBL6,COc1ccc2c(c1)c(CC(=O)O)c(C)n2C(=O)c1ccc(Cl)cc1,IC50,220.0,nM,=,CHEMBL768956,CHEMBL230,6.66
CHEMBL303023,Cc1cccc(-n2c(-c3ccc(S(N)(=O)=O)cc3)c(C)oc2=O)c1,IC50,930.0,nM,=,CHEMBL768956,CHEMBL230,6.03
CHEMBL28801,CCc1ccc(-c2cc(C(F)(F)F)nn2-c2ccc(S(N)(=O)=O)cc2)cc1,IC50,860.0,nM,=,CHEMBL763093,CHEMBL230,6.07
CHEMBL29333,NC(=O)c1ccc(-c2cc(C(F)F)nn2-c2ccc(S(N)(=O)=O)cc2)cc1,IC50,100000.0,nM,>,CHEMBL763093,CHEMBL230,
CHEMBL280601,NS(=O)(=O)c1ccc(-n2ncc([N+](=O)[O-])c2-c2ccccc2)cc1,IC50,290.0,nM,=,CHEMBL763093,CHEMBL230,6.54
CHEMBL274990,CS(=O)(=O)c1ccc(-n2nc(C(F)(F)F)cc2-c2ccc(F)cc2)cc1,IC50,100.0,nM,=,CHEMBL763093,CHEMBL230,7.00
CHEMBL30011,COc1ccc(-c2cc(C(F)(F)F)nn2-c2ccc(Cl)cc2)cc1,IC50,750.0,nM,=,CHEMBL763093,CHEMBL230,6.12
CHEMBL24957,CC[C@H](CO)NC(=O)Cc1c(C)n(C(=O)c2ccc(Cl)cc2)c2ccc(OC)cc12,IC50,100.0,nM,=,CHEMBL769646,CHEMBL230,7.00
CHEMBL24349,COC[C@@H](C)NC(=O)Cc1c(C)n(C(=O)c2ccc(Cl)cc2)c2ccc(OC)cc12,IC50,140.0,nM,=,CHEMBL769646,CHEMBL230,6.85
CHEMBL306716,CCc1ccc(-n2c(-c3ccc(S(C)(=O)=O)cc3)coc2=O)cc1,IC50,690.0,nM,=,CHEMBL768956,CHEMBL230,6.16
CHEMBL118,Cc1ccc(-c2cc(C(F)(F)F)nn2-c2ccc(S(N)(=O)=O)cc2)cc1,IC50,1100.0,nM,=,CHEMBL768956,CHEMBL230,5.96
CHEMBL440798,NS(=O)(=O)c1ccc(-n2nc(C(F)F)cc2-c2ccc(C(=O)O)cc2)cc1,IC50,46800.0,nM,=,CHEMBL763093,CHEMBL230,4.33
CHEMBL30236,CCc1cc(-c2cc(C(F)(F)F)nn2-c2ccc(S(N)(=O)=O)cc2)ccc1OC,IC50,430.0,nM,=,CHEMBL763093,CHEMBL230,6.37
CHEMBL406140,NS(=O)(=O)c1ccc(-n2nc(C(F)(F)F)cc2-c2cccnc2)cc1,IC50,45000.0,nM,=,CHEMBL763093,CHEMBL230,4.35
CHEMBL29133,Cc1c(C(F)(F)F)nn(-c2ccc(S(N)(=O)=O)cc2)c1-c1ccc(Cl)cc1,IC50,22.0,nM,=,CHEMBL763093,CHEMBL230,7.66
CHEMBL26915,COc1ccc(-n2nc(C(F)(F)F)cc2-c2ccc(Cl)cc2)cc1,IC50,74900.0,nM,=,CHEMBL763093,CHEMBL230,4.13
CHEMBL174713,CN1C(C(=O)Nc2ccccn2)=C(O)c2c(c3cc(Cl)ccc3n2C)S1(=O)=O,Inhibition,4.0,%,=,CHEMBL763161,CHEMBL230,
CHEMBL174713,CN1C(C(=O)Nc2ccccn2)=C(O)c2c(c3cc(Cl)ccc3n2C)S1(=O)=O,Inhibition,-20.0,%,=,CHEMBL763160,CHEMBL230,
CHEMBL174713,CN1C(C(=O)Nc2ccccn2)=C(O)c2c(c3cc(Cl)ccc3n2C)S1(=O)=O,Inhibition,-14.0,%,=,CHEMBL763159,CHEMBL230,
CHEMBL174777,CN1C(O)=C(C(=O)Nc2ccc(Cl)cc2Cl)c2cc(Cl)ccc2S1(=O)=O,Inhibition,100.0,%,=,CHEMBL763161,CHEMBL230,
CHEMBL174777,CN1C(O)=C(C(=O)Nc2ccc(Cl)cc2Cl)c2cc(Cl)ccc2S1(=O)=O,Inhibition,100.0,%,=,CHEMBL763160,CHEMBL230,
CHEMBL174777,CN1C(O)=C(C(=O)Nc2ccc(Cl)cc2Cl)c2cc(Cl)ccc2S1(=O)=O,Inhibition,96.0,%,=,CHEMBL763159,CHEMBL230,
CHEMBL174777,CN1C(O)=C(C(=O)Nc2ccc(Cl)cc2Cl)c2cc(Cl)ccc2S1(=O)=O,IC50,9.0,nM,=,CHEMBL762903,CHEMBL230,8.05
CHEMBL174777,CN1C(O)=C(C(=O)Nc2ccc(Cl)cc2Cl)c2cc(Cl)ccc2S1(=O)=O,Imax,90.0,%,=,CHEMBL762256,CHEMBL230,
CHEMBL177093,CN1C(C(=O)Nc2ccccc2)=C(O)c2ccccc2S1(=O)=O,Inhibition,-18.0,%,=,CHEMBL763161,CHEMBL230,
CHEMBL177093,CN1C(C(=O)Nc2ccccc2)=C(O)c2ccccc2S1(=O)=O,Inhibition,-19.0,%,=,CHEMBL763160,CHEMBL230,
CHEMBL177093,CN1C(C(=O)Nc2ccccc2)=C(O)c2ccccc2S1(=O)=O,Inhibition,-1.0,%,=,CHEMBL763159,CHEMBL230,
CHEMBL177082,Cc1ccc2c(c1)C(O)=C(C(=O)Nc1ncc(C)s1)N(C)S2(=O)=O,Inhibition,50.0,%,=,CHEMBL763161,CHEMBL230,
CHEMBL177082,Cc1ccc2c(c1)C(O)=C(C(=O)Nc1ncc(C)s1)N(C)S2(=O)=O,Inhibition,42.0,%,=,CHEMBL763160,CHEMBL230,
CHEMBL177082,Cc1ccc2c(c1)C(O)=C(C(=O)Nc1ncc(C)s1)N(C)S2(=O)=O,Inhibition,5.0,%,=,CHEMBL763159,CHEMBL230,
CHEMBL176920,O=C1/C(=C(/O)Nc2ccc(Cl)cc2Cl)c2cc(Cl)ccc2C(=O)N1Cc1ccccc1,Inhibition,96.0,%,=,CHEMBL763161,CHEMBL230,
CHEMBL176920,O=C1/C(=C(/O)Nc2ccc(Cl)cc2Cl)c2cc(Cl)ccc2C(=O)N1Cc1ccccc1,Inhibition,60.0,%,=,CHEMBL763160,CHEMBL230,
CHEMBL176920,O=C1/C(=C(/O)Nc2ccc(Cl)cc2Cl)c2cc(Cl)ccc2C(=O)N1Cc1ccccc1,Inhibition,0.0,%,=,CHEMBL763159,CHEMBL230,
CHEMBL175187,O=C(Nc1cccc(Cl)c1)C1=C(O)c2ccccc2SC1,Inhibition,81.0,%,=,CHEMBL763161,CHEMBL230,
CHEMBL175187,O=C(Nc1cccc(Cl)c1)C1=C(O)c2ccccc2SC1,Inhibition,79.0,%,=,CHEMBL763160,CHEMBL230,
CHEMBL175187,O=C(Nc1cccc(Cl)c1)C1=C(O)c2ccccc2SC1,Inhibition,36.0,%,=,CHEMBL763159,CHEMBL230,
CHEMBL147165,O=S(=O)(Nc1ccncc1Oc1ccccc1)C(F)(F)F,IC50,400.0,nM,=,CHEMBL765813,CHEMBL230,6.40
CHEMBL369226,Cc1cnc(NC(=O)C2=C(O)c3sc4cc(Cl)ccc4c3S(=O)(=O)N2C)s1,Inhibition,75.0,%,=,CHEMBL763161,CHEMBL230,
CHEMBL369226,Cc1cnc(NC(=O)C2=C(O)c3sc4cc(Cl)ccc4c3S(=O)(=O)N2C)s1,Inhibition,41.0,%,=,CHEMBL763160,CHEMBL230,
CHEMBL369226,Cc1cnc(NC(=O)C2=C(O)c3sc4cc(Cl)ccc4c3S(=O)(=O)N2C)s1,Inhibition,46.0,%,=,CHEMBL763159,CHEMBL230,
CHEMBL174889,Cc1ccc2c(c1)/C(=C(\O)Nc1ncc(C)s1)C(=O)N(C)C2=O,Inhibition,-10.0,%,=,CHEMBL763161,CHEMBL230,
CHEMBL174889,Cc1ccc2c(c1)/C(=C(\O)Nc1ncc(C)s1)C(=O)N(C)C2=O,Inhibition,3.0,%,=,CHEMBL763160,CHEMBL230,
CHEMBL174889,Cc1ccc2c(c1)/C(=C(\O)Nc1ncc(C)s1)C(=O)N(C)C2=O,Inhibition,5.0,%,=,CHEMBL763159,CHEMBL230,
CHEMBL173012,Cc1cnc(NC(=O)C2=C(O)c3ccc(F)cc3S(=O)(=O)N2C)s1,Inhibition,72.0,%,=,CHEMBL763161,CHEMBL230,
CHEMBL173012,Cc1cnc(NC(=O)C2=C(O)c3ccc(F)cc3S(=O)(=O)N2C)s1,Inhibition,70.0,%,=,CHEMBL763160,CHEMBL230,
CHEMBL173012,Cc1cnc(NC(=O)C2=C(O)c3ccc(F)cc3S(=O)(=O)N2C)s1,Inhibition,39.0,%,=,CHEMBL763159,CHEMBL230,
CHEMBL173233,COc1ccc2c(c1)c1c(n2C)C(O)=C(C(=O)Nc2ccccn2)N(C)S1(=O)=O,Inhibition,7.0,%,=,CHEMBL763161,CHEMBL230,
CHEMBL173233,COc1ccc2c(c1)c1c(n2C)C(O)=C(C(=O)Nc2ccccn2)N(C)S1(=O)=O,Inhibition,6.0,%,=,CHEMBL763160,CHEMBL230,
CHEMBL173233,COc1ccc2c(c1)c1c(n2C)C(O)=C(C(=O)Nc2ccccn2)N(C)S1(=O)=O,Inhibition,11.0,%,=,CHEMBL763159,CHEMBL230,
CHEMBL367880,COc1ccc2c(c1)c1c(n2C)C(O)=C(C(=O)Nc2ccccc2)N(C)S1(=O)=O,Inhibition,35.0,%,=,CHEMBL763161,CHEMBL230,
CHEMBL367880,COc1ccc2c(c1)c1c(n2C)C(O)=C(C(=O)Nc2ccccc2)N(C)S1(=O)=O,Inhibition,3.0,%,=,CHEMBL763160,CHEMBL230,
CHEMBL367880,COc1ccc2c(c1)c1c(n2C)C(O)=C(C(=O)Nc2ccccc2)N(C)S1(=O)=O,Inhibition,-1.0,%,=,CHEMBL763159,CHEMBL230,
CHEMBL175284,O=C(Nc1ccc(Cl)cc1Cl)C1=C(O)N(Cc2ccccc2)S(=O)(=O)c2ccc(Cl)cc21,Inhibition,92.0,%,=,CHEMBL763161,CHEMBL230,
CHEMBL175284,O=C(Nc1ccc(Cl)cc1Cl)C1=C(O)N(Cc2ccccc2)S(=O)(=O)c2ccc(Cl)cc21,Inhibition,22.0,%,=,CHEMBL763160,CHEMBL230,
CHEMBL175284,O=C(Nc1ccc(Cl)cc1Cl)C1=C(O)N(Cc2ccccc2)S(=O)(=O)c2ccc(Cl)cc21,Inhibition,-15.0,%,=,CHEMBL763159,CHEMBL230,
CHEMBL176216,O=C(Nc1ccc(Cl)cc1Cl)C1=C(O)N(C2CC2)S(=O)(=O)c2ccc(Cl)cc21,Inhibition,100.0,%,=,CHEMBL763161,CHEMBL230,
CHEMBL176216,O=C(Nc1ccc(Cl)cc1Cl)C1=C(O)N(C2CC2)S(=O)(=O)c2ccc(Cl)cc21,Inhibition,76.0,%,=,CHEMBL763160,CHEMBL230,
CHEMBL176216,O=C(Nc1ccc(Cl)cc1Cl)C1=C(O)N(C2CC2)S(=O)(=O)c2ccc(Cl)cc21,Inhibition,59.0,%,=,CHEMBL763159,CHEMBL230,
CHEMBL174888,CN1C(=O)/C(=C(/O)Nc2ccccc2)c2cc(Cl)ccc2C1=O,Inhibition,11.0,%,=,CHEMBL763161,CHEMBL230,
CHEMBL174888,CN1C(=O)/C(=C(/O)Nc2ccccc2)c2cc(Cl)ccc2C1=O,Inhibition,7.0,%,=,CHEMBL763160,CHEMBL230,
CHEMBL174888,CN1C(=O)/C(=C(/O)Nc2ccccc2)c2cc(Cl)ccc2C1=O,Inhibition,11.0,%,=,CHEMBL763159,CHEMBL230,
CHEMBL367970,CN1C(C(=O)Nc2ccccc2)=C(O)c2c(c3cc(Cl)ccc3n2C)S1(=O)=O,Inhibition,-8.0,%,=,CHEMBL763161,CHEMBL230,
CHEMBL367970,CN1C(C(=O)Nc2ccccc2)=C(O)c2c(c3cc(Cl)ccc3n2C)S1(=O)=O,Inhibition,2.0,%,=,CHEMBL763160,CHEMBL230,
CHEMBL367970,CN1C(C(=O)Nc2ccccc2)=C(O)c2c(c3cc(Cl)ccc3n2C)S1(=O)=O,Inhibition,-3.0,%,=,CHEMBL763159,CHEMBL230,
CHEMBL274990,CS(=O)(=O)c1ccc(-n2nc(C(F)(F)F)cc2-c2ccc(F)cc2)cc1,IC50,90.0,nM,=,CHEMBL768683,CHEMBL230,7.05
CHEMBL367235,Cc1ccc2c(c1)C(O)=C(C(=O)Nc1ccccn1)N(C)S2(=O)=O,Inhibition,29.0,%,=,CHEMBL763161,CHEMBL230,
CHEMBL367235,Cc1ccc2c(c1)C(O)=C(C(=O)Nc1ccccn1)N(C)S2(=O)=O,Inhibition,16.0,%,=,CHEMBL763160,CHEMBL230,
CHEMBL367235,Cc1ccc2c(c1)C(O)=C(C(=O)Nc1ccccn1)N(C)S2(=O)=O,Inhibition,7.0,%,=,CHEMBL763159,CHEMBL230,
CHEMBL174341,CC1(C)Sc2ccccc2C(O)=C1C(=O)Nc1cccc(Cl)c1,Inhibition,33.0,%,=,CHEMBL763161,CHEMBL230,
CHEMBL174341,CC1(C)Sc2ccccc2C(O)=C1C(=O)Nc1cccc(Cl)c1,Inhibition,29.0,%,=,CHEMBL763160,CHEMBL230,
CHEMBL174341,CC1(C)Sc2ccccc2C(O)=C1C(=O)Nc1cccc(Cl)c1,Inhibition,28.0,%,=,CHEMBL763159,CHEMBL230,
CHEMBL173072,CN1C(O)=C(C(=O)Nc2ccccc2Cl)c2cc(Cl)ccc2S1(=O)=O,Inhibition,100.0,%,=,CHEMBL763161,CHEMBL230,
CHEMBL173072,CN1C(O)=C(C(=O)Nc2ccccc2Cl)c2cc(Cl)ccc2S1(=O)=O,Inhibition,94.0,%,=,CHEMBL763160,CHEMBL230,
CHEMBL173072,CN1C(O)=C(C(=O)Nc2ccccc2Cl)c2cc(Cl)ccc2S1(=O)=O,Inhibition,83.0,%,=,CHEMBL763159,CHEMBL230,
CHEMBL173072,CN1C(O)=C(C(=O)Nc2ccccc2Cl)c2cc(Cl)ccc2S1(=O)=O,IC50,8.0,nM,=,CHEMBL762905,CHEMBL230,8.10
CHEMBL179105,Cc1cnc(NC(=O)C2=C(O)N(C)S(=O)(=O)c3ccc(Cl)cc32)s1,Inhibition,73.0,%,=,CHEMBL763161,CHEMBL230,
CHEMBL179105,Cc1cnc(NC(=O)C2=C(O)N(C)S(=O)(=O)c3ccc(Cl)cc32)s1,Inhibition,9.0,%,=,CHEMBL763160,CHEMBL230,
CHEMBL179105,Cc1cnc(NC(=O)C2=C(O)N(C)S(=O)(=O)c3ccc(Cl)cc32)s1,Inhibition,-2.0,%,=,CHEMBL763159,CHEMBL230,
CHEMBL366747,CN1C(C(=O)Nc2nc(C(F)(F)F)cs2)=C(O)c2ccccc2S1(=O)=O,Inhibition,-52.0,%,=,CHEMBL763161,CHEMBL230,
CHEMBL366747,CN1C(C(=O)Nc2nc(C(F)(F)F)cs2)=C(O)c2ccccc2S1(=O)=O,Inhibition,-49.0,%,=,CHEMBL763160,CHEMBL230,
CHEMBL366747,CN1C(C(=O)Nc2nc(C(F)(F)F)cs2)=C(O)c2ccccc2S1(=O)=O,Inhibition,-39.0,%,=,CHEMBL763159,CHEMBL230,
CHEMBL369702,CN1C(C(=O)Nc2ccccn2)=C(O)c2cc(F)ccc2S1(=O)=O,Inhibition,58.0,%,=,CHEMBL763161,CHEMBL230,
CHEMBL369702,CN1C(C(=O)Nc2ccccn2)=C(O)c2cc(F)ccc2S1(=O)=O,Inhibition,46.0,%,=,CHEMBL763160,CHEMBL230,
CHEMBL369702,CN1C(C(=O)Nc2ccccn2)=C(O)c2cc(F)ccc2S1(=O)=O,Inhibition,20.0,%,=,CHEMBL763159,CHEMBL230,
CHEMBL426222,CCn1c2c(c3ccccc31)S(=O)(=O)N(C)C(C(=O)Nc1ccccc1)=C2O,Inhibition,9.0,%,=,CHEMBL763161,CHEMBL230,
CHEMBL426222,CCn1c2c(c3ccccc31)S(=O)(=O)N(C)C(C(=O)Nc1ccccc1)=C2O,Inhibition,4.0,%,=,CHEMBL763160,CHEMBL230,
CHEMBL426222,CCn1c2c(c3ccccc31)S(=O)(=O)N(C)C(C(=O)Nc1ccccc1)=C2O,Inhibition,5.0,%,=,CHEMBL763159,CHEMBL230,
CHEMBL368916,O=C(Nc1cccc(Cl)c1)C1=C(O)c2cc(Cl)ccc2[S+]([O-])C1,Inhibition,-40.0,%,=,CHEMBL763161,CHEMBL230,
CHEMBL368916,O=C(Nc1cccc(Cl)c1)C1=C(O)c2cc(Cl)ccc2[S+]([O-])C1,Inhibition,-9.0,%,=,CHEMBL763160,CHEMBL230,
CHEMBL368916,O=C(Nc1cccc(Cl)c1)C1=C(O)c2cc(Cl)ccc2[S+]([O-])C1,Inhibition,-7.0,%,=,CHEMBL763159,CHEMBL230,
CHEMBL149871,CS(=O)(=O)Nc1cccnc1Oc1ccccc1,Inhibition,,%,,CHEMBL763871,CHEMBL230,
CHEMBL369840,CN1C(O)=C(C(=O)Nc2ccc(Cl)cc2Cl)c2c(ccc(Cl)c2Cl)S1(=O)=O,Inhibition,68.0,%,=,CHEMBL763161,CHEMBL230,
CHEMBL369840,CN1C(O)=C(C(=O)Nc2ccc(Cl)cc2Cl)c2c(ccc(Cl)c2Cl)S1(=O)=O,Inhibition,39.0,%,=,CHEMBL763160,CHEMBL230,
CHEMBL369840,CN1C(O)=C(C(=O)Nc2ccc(Cl)cc2Cl)c2c(ccc(Cl)c2Cl)S1(=O)=O,Inhibition,28.0,%,=,CHEMBL763159,CHEMBL230,
CHEMBL173246,COc1ccc2c(c1)C(O)=C(C(=O)Nc1ncc(C)s1)N(C)S2(=O)=O,Inhibition,40.0,%,=,CHEMBL763161,CHEMBL230,
CHEMBL173246,COc1ccc2c(c1)C(O)=C(C(=O)Nc1ncc(C)s1)N(C)S2(=O)=O,Inhibition,33.0,%,=,CHEMBL763160,CHEMBL230,
CHEMBL173246,COc1ccc2c(c1)C(O)=C(C(=O)Nc1ncc(C)s1)N(C)S2(=O)=O,Inhibition,22.0,%,=,CHEMBL763159,CHEMBL230,
CHEMBL368037,COc1ccc2c(c1)S(=O)(=O)N(C)C(C(=O)Nc1ccccn1)=C2O,Inhibition,51.0,%,=,CHEMBL763161,CHEMBL230,
CHEMBL368037,COc1ccc2c(c1)S(=O)(=O)N(C)C(C(=O)Nc1ccccn1)=C2O,Inhibition,37.0,%,=,CHEMBL763160,CHEMBL230,
CHEMBL368037,COc1ccc2c(c1)S(=O)(=O)N(C)C(C(=O)Nc1ccccn1)=C2O,Inhibition,14.0,%,=,CHEMBL763159,CHEMBL230,
CHEMBL175063,O=C(Nc1ccccn1)C1=C(O)c2ccccc2SC1,Inhibition,63.0,%,=,CHEMBL763161,CHEMBL230,
CHEMBL175063,O=C(Nc1ccccn1)C1=C(O)c2ccccc2SC1,Inhibition,22.0,%,=,CHEMBL763160,CHEMBL230,
CHEMBL175063,O=C(Nc1ccccn1)C1=C(O)c2ccccc2SC1,Inhibition,-9.0,%,=,CHEMBL763159,CHEMBL230,
CHEMBL180584,Cc1cnc(NC(=O)C2=C(O)c3cc(Cl)ccc3SC2)s1,Inhibition,-7.0,%,=,CHEMBL763161,CHEMBL230,
CHEMBL180584,Cc1cnc(NC(=O)C2=C(O)c3cc(Cl)ccc3SC2)s1,Inhibition,16.0,%,=,CHEMBL763160,CHEMBL230,
CHEMBL180584,Cc1cnc(NC(=O)C2=C(O)c3cc(Cl)ccc3SC2)s1,Inhibition,6.0,%,=,CHEMBL763159,CHEMBL230,
CHEMBL175080,Cc1cc2c(s1)S(=O)(=O)N(C)C(C(=O)Nc1ccccc1F)=C2O,Inhibition,70.0,%,=,CHEMBL763161,CHEMBL230,
CHEMBL175080,Cc1cc2c(s1)S(=O)(=O)N(C)C(C(=O)Nc1ccccc1F)=C2O,Inhibition,37.0,%,=,CHEMBL763160,CHEMBL230,
CHEMBL175080,Cc1cc2c(s1)S(=O)(=O)N(C)C(C(=O)Nc1ccccc1F)=C2O,Inhibition,25.0,%,=,CHEMBL763159,CHEMBL230,
CHEMBL178020,Cc1ccc2c(c1)S(=O)(=O)N(C)C(O)=C2C(=O)Nc1ccccc1Cl,Inhibition,-2.0,%,=,CHEMBL763161,CHEMBL230,
CHEMBL178020,Cc1ccc2c(c1)S(=O)(=O)N(C)C(O)=C2C(=O)Nc1ccccc1Cl,Inhibition,17.0,%,=,CHEMBL763160,CHEMBL230,
CHEMBL178020,Cc1ccc2c(c1)S(=O)(=O)N(C)C(O)=C2C(=O)Nc1ccccc1Cl,Inhibition,33.0,%,=,CHEMBL763159,CHEMBL230,
CHEMBL368769,Cc1ccc2c(c1)C(O)=C(C(=O)Nc1ccccc1)N(C)S2(=O)=O,Inhibition,3.0,%,=,CHEMBL763161,CHEMBL230,
CHEMBL368769,Cc1ccc2c(c1)C(O)=C(C(=O)Nc1ccccc1)N(C)S2(=O)=O,Inhibition,14.0,%,=,CHEMBL763160,CHEMBL230,
CHEMBL368769,Cc1ccc2c(c1)C(O)=C(C(=O)Nc1ccccc1)N(C)S2(=O)=O,Inhibition,37.0,%,=,CHEMBL763159,CHEMBL230,
CHEMBL368958,CN1C(O)=C(C(=O)Nc2ccccn2)c2ccc(Cl)cc2S1(=O)=O,Inhibition,-12.0,%,=,CHEMBL763161,CHEMBL230,
CHEMBL368958,CN1C(O)=C(C(=O)Nc2ccccn2)c2ccc(Cl)cc2S1(=O)=O,Inhibition,-19.0,%,=,CHEMBL763160,CHEMBL230,
CHEMBL368958,CN1C(O)=C(C(=O)Nc2ccccn2)c2ccc(Cl)cc2S1(=O)=O,Inhibition,-17.0,%,=,CHEMBL763159,CHEMBL230,
CHEMBL174794,Cc1cnc(NC(=O)C2=C(O)c3ccccc3SC2)s1,Inhibition,7.0,%,=,CHEMBL763161,CHEMBL230,
CHEMBL174794,Cc1cnc(NC(=O)C2=C(O)c3ccccc3SC2)s1,Inhibition,23.0,%,=,CHEMBL763160,CHEMBL230,
CHEMBL174794,Cc1cnc(NC(=O)C2=C(O)c3ccccc3SC2)s1,Inhibition,15.0,%,=,CHEMBL763159,CHEMBL230,
CHEMBL176868,Cc1cnc(NC(=O)C2=C(O)c3cc(Cl)ccc3SC2C)s1,Inhibition,60.0,%,=,CHEMBL763161,CHEMBL230,
CHEMBL176868,Cc1cnc(NC(=O)C2=C(O)c3cc(Cl)ccc3SC2C)s1,Inhibition,56.0,%,=,CHEMBL763160,CHEMBL230,
CHEMBL176868,Cc1cnc(NC(=O)C2=C(O)c3cc(Cl)ccc3SC2C)s1,Inhibition,19.0,%,=,CHEMBL763159,CHEMBL230,
CHEMBL366601,CN1C(C(=O)Nc2ccccc2)=C(O)c2c(c3ccccc3n2C)S1(=O)=O,Inhibition,4.0,%,=,CHEMBL763161,CHEMBL230,
CHEMBL366601,CN1C(C(=O)Nc2ccccc2)=C(O)c2c(c3ccccc3n2C)S1(=O)=O,Inhibition,-7.0,%,=,CHEMBL763160,CHEMBL230,
CHEMBL366601,CN1C(C(=O)Nc2ccccc2)=C(O)c2c(c3ccccc3n2C)S1(=O)=O,Inhibition,8.0,%,=,CHEMBL763159,CHEMBL230,
CHEMBL368808,CN1C(C(=O)Nc2ccc(Cl)cc2)=C(O)c2cc(Cl)ccc2S1(=O)=O,Inhibition,-34.0,%,=,CHEMBL763161,CHEMBL230,
CHEMBL368808,CN1C(C(=O)Nc2ccc(Cl)cc2)=C(O)c2cc(Cl)ccc2S1(=O)=O,Inhibition,-33.0,%,=,CHEMBL763160,CHEMBL230,
CHEMBL368808,CN1C(C(=O)Nc2ccc(Cl)cc2)=C(O)c2cc(Cl)ccc2S1(=O)=O,Inhibition,-6.0,%,=,CHEMBL763159,CHEMBL230,
CHEMBL175326,Cc1cnc(NC(=O)C2=C(O)c3cc(F)ccc3S(=O)(=O)N2C)s1,Inhibition,72.0,%,=,CHEMBL763161,CHEMBL230,
CHEMBL175326,Cc1cnc(NC(=O)C2=C(O)c3cc(F)ccc3S(=O)(=O)N2C)s1,Inhibition,65.0,%,=,CHEMBL763160,CHEMBL230,
CHEMBL175326,Cc1cnc(NC(=O)C2=C(O)c3cc(F)ccc3S(=O)(=O)N2C)s1,Inhibition,27.0,%,=,CHEMBL763159,CHEMBL230,
CHEMBL424788,CN1C(O)=C(C(=O)Nc2nccs2)c2ccc(Cl)cc2S1(=O)=O,Inhibition,37.0,%,=,CHEMBL763161,CHEMBL230,
CHEMBL424788,CN1C(O)=C(C(=O)Nc2nccs2)c2ccc(Cl)cc2S1(=O)=O,Inhibition,-14.0,%,=,CHEMBL763160,CHEMBL230,
CHEMBL424788,CN1C(O)=C(C(=O)Nc2nccs2)c2ccc(Cl)cc2S1(=O)=O,Inhibition,-49.0,%,=,CHEMBL763159,CHEMBL230,
CHEMBL174877,CC1(C)Sc2ccccc2C(O)=C1C(=O)Nc1ccccn1,Inhibition,26.0,%,=,CHEMBL763161,CHEMBL230,
CHEMBL174877,CC1(C)Sc2ccccc2C(O)=C1C(=O)Nc1ccccn1,Inhibition,23.0,%,=,CHEMBL763160,CHEMBL230,
CHEMBL174877,CC1(C)Sc2ccccc2C(O)=C1C(=O)Nc1ccccn1,Inhibition,20.0,%,=,CHEMBL763159,CHEMBL230,
CHEMBL176475,Cc1coc(NC(=O)C2=C(O)c3ccccc3S(=O)(=O)N2C)n1,Inhibition,-7.0,%,=,CHEMBL763161,CHEMBL230,
CHEMBL176475,Cc1coc(NC(=O)C2=C(O)c3ccccc3S(=O)(=O)N2C)n1,Inhibition,4.0,%,=,CHEMBL763160,CHEMBL230,
CHEMBL176475,Cc1coc(NC(=O)C2=C(O)c3ccccc3S(=O)(=O)N2C)n1,Inhibition,13.0,%,=,CHEMBL763159,CHEMBL230,
CHEMBL369144,Cc1ccc2c(c1)C(O)=C(C(=O)Nc1ccc(Cl)cc1)N(C)S2(=O)=O,Inhibition,-12.0,%,=,CHEMBL763161,CHEMBL230,
CHEMBL369144,Cc1ccc2c(c1)C(O)=C(C(=O)Nc1ccc(Cl)cc1)N(C)S2(=O)=O,Inhibition,6.0,%,=,CHEMBL763160,CHEMBL230,
CHEMBL369144,Cc1ccc2c(c1)C(O)=C(C(=O)Nc1ccc(Cl)cc1)N(C)S2(=O)=O,Inhibition,9.0,%,=,CHEMBL763159,CHEMBL230,
CHEMBL173890,COc1ccc2c(c1)S(=O)(=O)N(C)C(C(=O)Nc1ccccc1)=C2O,Inhibition,1.0,%,=,CHEMBL763161,CHEMBL230,
CHEMBL173890,COc1ccc2c(c1)S(=O)(=O)N(C)C(C(=O)Nc1ccccc1)=C2O,Inhibition,0.0,%,=,CHEMBL763160,CHEMBL230,
CHEMBL173890,COc1ccc2c(c1)S(=O)(=O)N(C)C(C(=O)Nc1ccccc1)=C2O,Inhibition,6.0,%,=,CHEMBL763159,CHEMBL230,
CHEMBL176621,Cc1cc2c(s1)C(C(=O)Nc1ccc(Cl)cc1)=C(O)N(S)S2(=O)=O,Inhibition,57.0,%,=,CHEMBL763161,CHEMBL230,
CHEMBL176621,Cc1cc2c(s1)C(C(=O)Nc1ccc(Cl)cc1)=C(O)N(S)S2(=O)=O,Inhibition,31.0,%,=,CHEMBL763160,CHEMBL230,
CHEMBL176621,Cc1cc2c(s1)C(C(=O)Nc1ccc(Cl)cc1)=C(O)N(S)S2(=O)=O,Inhibition,-5.0,%,=,CHEMBL763159,CHEMBL230,
CHEMBL177956,CN1C(c2c[nH]c3ccccc23)=C(O)c2ccccc2S1(=O)=O,Inhibition,11.0,%,=,CHEMBL763161,CHEMBL230,
CHEMBL177956,CN1C(c2c[nH]c3ccccc23)=C(O)c2ccccc2S1(=O)=O,Inhibition,16.0,%,=,CHEMBL763160,CHEMBL230,
CHEMBL177956,CN1C(c2c[nH]c3ccccc23)=C(O)c2ccccc2S1(=O)=O,Inhibition,36.0,%,=,CHEMBL763159,CHEMBL230,
CHEMBL362013,CN1C(C(=O)Nc2nccs2)=C(O)c2c(c3cc(Cl)ccc3n2C)S1(=O)=O,Inhibition,3.0,%,=,CHEMBL763161,CHEMBL230,
CHEMBL362013,CN1C(C(=O)Nc2nccs2)=C(O)c2c(c3cc(Cl)ccc3n2C)S1(=O)=O,Inhibition,-12.0,%,=,CHEMBL763160,CHEMBL230,
CHEMBL362013,CN1C(C(=O)Nc2nccs2)=C(O)c2c(c3cc(Cl)ccc3n2C)S1(=O)=O,Inhibition,-13.0,%,=,CHEMBL763159,CHEMBL230,
CHEMBL366878,CN1C(O)=C(C(=O)Nc2ccc(Br)cc2)c2ccccc2S1(=O)=O,Inhibition,41.0,%,=,CHEMBL763161,CHEMBL230,
CHEMBL366878,CN1C(O)=C(C(=O)Nc2ccc(Br)cc2)c2ccccc2S1(=O)=O,Inhibition,2.0,%,=,CHEMBL763160,CHEMBL230,
CHEMBL366878,CN1C(O)=C(C(=O)Nc2ccc(Br)cc2)c2ccccc2S1(=O)=O,Inhibition,-9.0,%,=,CHEMBL763159,CHEMBL230,
CHEMBL179715,CN1C(O)=C(C(=O)Nc2ccc(Br)cc2)c2ccc(Cl)cc2S1(=O)=O,Inhibition,100.0,%,=,CHEMBL763161,CHEMBL230,
CHEMBL179715,CN1C(O)=C(C(=O)Nc2ccc(Br)cc2)c2ccc(Cl)cc2S1(=O)=O,Inhibition,56.0,%,=,CHEMBL763160,CHEMBL230,
CHEMBL179715,CN1C(O)=C(C(=O)Nc2ccc(Br)cc2)c2ccc(Cl)cc2S1(=O)=O,Inhibition,1.0,%,=,CHEMBL763159,CHEMBL230,
CHEMBL368468,CN1C(=O)/C(=C(/O)Nc2ccccc2)c2ccccc2C1=O,Inhibition,75.0,%,=,CHEMBL763161,CHEMBL230,
CHEMBL368468,CN1C(=O)/C(=C(/O)Nc2ccccc2)c2ccccc2C1=O,Inhibition,93.0,%,=,CHEMBL763160,CHEMBL230,
CHEMBL368468,CN1C(=O)/C(=C(/O)Nc2ccccc2)c2ccccc2C1=O,Inhibition,68.0,%,=,CHEMBL763159,CHEMBL230,
CHEMBL368468,CN1C(=O)/C(=C(/O)Nc2ccccc2)c2ccccc2C1=O,IC50,170.0,nM,=,CHEMBL762905,CHEMBL230,6.77
CHEMBL368468,CN1C(=O)/C(=C(/O)Nc2ccccc2)c2ccccc2C1=O,Imax,90.0,%,=,CHEMBL762256,CHEMBL230,
CHEMBL369021,CN1C(O)=C(C(=O)Nc2ccc(Br)cc2)c2cc(Cl)ccc2S1(=O)=O,Inhibition,100.0,%,=,CHEMBL763161,CHEMBL230,
CHEMBL369021,CN1C(O)=C(C(=O)Nc2ccc(Br)cc2)c2cc(Cl)ccc2S1(=O)=O,Inhibition,100.0,%,=,CHEMBL763160,CHEMBL230,
CHEMBL369021,CN1C(O)=C(C(=O)Nc2ccc(Br)cc2)c2cc(Cl)ccc2S1(=O)=O,Inhibition,87.0,%,=,CHEMBL763159,CHEMBL230,
CHEMBL177083,COc1ccc2c(c1)C(O)=C(C(=O)Nc1ccc(Cl)cc1)N(C)S2(=O)=O,Inhibition,5.0,%,=,CHEMBL763161,CHEMBL230,
CHEMBL177083,COc1ccc2c(c1)C(O)=C(C(=O)Nc1ccc(Cl)cc1)N(C)S2(=O)=O,Inhibition,-9.0,%,=,CHEMBL763160,CHEMBL230,
CHEMBL177083,COc1ccc2c(c1)C(O)=C(C(=O)Nc1ccc(Cl)cc1)N(C)S2(=O)=O,Inhibition,14.0,%,=,CHEMBL763159,CHEMBL230,
CHEMBL177288,Cc1cnc(NC(=O)C2=C(O)c3cc(Cl)ccc3S(=O)(=O)N2C)s1,Inhibition,76.0,%,=,CHEMBL763161,CHEMBL230,
CHEMBL177288,Cc1cnc(NC(=O)C2=C(O)c3cc(Cl)ccc3S(=O)(=O)N2C)s1,Inhibition,74.0,%,=,CHEMBL763160,CHEMBL230,
CHEMBL177288,Cc1cnc(NC(=O)C2=C(O)c3cc(Cl)ccc3S(=O)(=O)N2C)s1,Inhibition,41.0,%,=,CHEMBL763159,CHEMBL230,
CHEMBL177982,CN1C(C(=O)Nc2nccs2)=C(O)c2ccc3ccccc3c2S1(=O)=O,Inhibition,43.0,%,=,CHEMBL763161,CHEMBL230,
CHEMBL177982,CN1C(C(=O)Nc2nccs2)=C(O)c2ccc3ccccc3c2S1(=O)=O,Inhibition,23.0,%,=,CHEMBL763160,CHEMBL230,
CHEMBL177982,CN1C(C(=O)Nc2nccs2)=C(O)c2ccc3ccccc3c2S1(=O)=O,Inhibition,8.0,%,=,CHEMBL763159,CHEMBL230,
CHEMBL177606,CN1C(O)=C(C(=O)Nc2ccc(F)cc2F)c2cc(Cl)ccc2S1(=O)=O,Inhibition,99.0,%,=,CHEMBL763161,CHEMBL230,
CHEMBL177606,CN1C(O)=C(C(=O)Nc2ccc(F)cc2F)c2cc(Cl)ccc2S1(=O)=O,Inhibition,82.0,%,=,CHEMBL763160,CHEMBL230,
CHEMBL177606,CN1C(O)=C(C(=O)Nc2ccc(F)cc2F)c2cc(Cl)ccc2S1(=O)=O,Inhibition,61.0,%,=,CHEMBL763159,CHEMBL230,
CHEMBL177606,CN1C(O)=C(C(=O)Nc2ccc(F)cc2F)c2cc(Cl)ccc2S1(=O)=O,IC50,300.0,nM,=,CHEMBL762905,CHEMBL230,6.52
CHEMBL177606,CN1C(O)=C(C(=O)Nc2ccc(F)cc2F)c2cc(Cl)ccc2S1(=O)=O,Imax,90.0,%,=,CHEMBL762256,CHEMBL230,
CHEMBL177933,CC1Sc2ccc(Cl)cc2C(O)=C1C(=O)Nc1cccc(Cl)c1,Inhibition,23.0,%,=,CHEMBL763161,CHEMBL230,
CHEMBL177933,CC1Sc2ccc(Cl)cc2C(O)=C1C(=O)Nc1cccc(Cl)c1,Inhibition,21.0,%,=,CHEMBL763160,CHEMBL230,
CHEMBL177933,CC1Sc2ccc(Cl)cc2C(O)=C1C(=O)Nc1cccc(Cl)c1,Inhibition,28.0,%,=,CHEMBL763159,CHEMBL230,
CHEMBL369200,CN1C(C(=O)Nc2nccs2)=C(O)c2c(c3ccccc3n2C)S1(=O)=O,Inhibition,-1.0,%,=,CHEMBL763161,CHEMBL230,
CHEMBL369200,CN1C(C(=O)Nc2nccs2)=C(O)c2c(c3ccccc3n2C)S1(=O)=O,Inhibition,-18.0,%,=,CHEMBL763160,CHEMBL230,
CHEMBL369200,CN1C(C(=O)Nc2nccs2)=C(O)c2c(c3ccccc3n2C)S1(=O)=O,Inhibition,-7.0,%,=,CHEMBL763159,CHEMBL230,
CHEMBL367212,Cc1cnc(NC(=O)C2=C(O)c3c(c4ccccc4n3C)S(=O)(=O)N2C)s1,Inhibition,23.0,%,=,CHEMBL763161,CHEMBL230,
CHEMBL367212,Cc1cnc(NC(=O)C2=C(O)c3c(c4ccccc4n3C)S(=O)(=O)N2C)s1,Inhibition,8.0,%,=,CHEMBL763160,CHEMBL230,
CHEMBL367212,Cc1cnc(NC(=O)C2=C(O)c3c(c4ccccc4n3C)S(=O)(=O)N2C)s1,Inhibition,-3.0,%,=,CHEMBL763159,CHEMBL230,
CHEMBL368508,Cc1ccc2c(c1)S(=O)(=O)N(C)C(C(=O)Nc1ccccc1)=C2O,Inhibition,-6.0,%,=,CHEMBL763161,CHEMBL230,
CHEMBL368508,Cc1ccc2c(c1)S(=O)(=O)N(C)C(C(=O)Nc1ccccc1)=C2O,Inhibition,31.0,%,=,CHEMBL763160,CHEMBL230,
CHEMBL368508,Cc1ccc2c(c1)S(=O)(=O)N(C)C(C(=O)Nc1ccccc1)=C2O,Inhibition,38.0,%,=,CHEMBL763159,CHEMBL230,
CHEMBL368613,Cc1cnc(NC(=O)C2=C(O)c3ccc(Cl)cc3S(=O)(=O)N2C)s1,Inhibition,66.0,%,=,CHEMBL763161,CHEMBL230,
CHEMBL368613,Cc1cnc(NC(=O)C2=C(O)c3ccc(Cl)cc3S(=O)(=O)N2C)s1,Inhibition,67.0,%,=,CHEMBL763160,CHEMBL230,
CHEMBL368613,Cc1cnc(NC(=O)C2=C(O)c3ccc(Cl)cc3S(=O)(=O)N2C)s1,Inhibition,46.0,%,=,CHEMBL763159,CHEMBL230,
CHEMBL177501,CN1C(O)=C(C(=O)Nc2ccc(Cl)cc2Cl)c2cc(F)ccc2S1(=O)=O,Inhibition,95.0,%,=,CHEMBL763161,CHEMBL230,
CHEMBL177501,CN1C(O)=C(C(=O)Nc2ccc(Cl)cc2Cl)c2cc(F)ccc2S1(=O)=O,Inhibition,72.0,%,=,CHEMBL763160,CHEMBL230,
CHEMBL177501,CN1C(O)=C(C(=O)Nc2ccc(Cl)cc2Cl)c2cc(F)ccc2S1(=O)=O,Inhibition,62.0,%,=,CHEMBL763159,CHEMBL230,
CHEMBL174990,CN1C(=O)/C(=C(/O)Nc2ccc(Cl)cc2)c2ccccc2C1=O,Inhibition,60.0,%,=,CHEMBL763161,CHEMBL230,
CHEMBL174990,CN1C(=O)/C(=C(/O)Nc2ccc(Cl)cc2)c2ccccc2C1=O,Inhibition,79.0,%,=,CHEMBL763160,CHEMBL230,
CHEMBL174990,CN1C(=O)/C(=C(/O)Nc2ccc(Cl)cc2)c2ccccc2C1=O,Inhibition,76.0,%,=,CHEMBL763159,CHEMBL230,
CHEMBL174990,CN1C(=O)/C(=C(/O)Nc2ccc(Cl)cc2)c2ccccc2C1=O,IC50,46.0,nM,=,CHEMBL762905,CHEMBL230,7.34
CHEMBL174990,CN1C(=O)/C(=C(/O)Nc2ccc(Cl)cc2)c2ccccc2C1=O,Imax,90.0,%,=,CHEMBL762256,CHEMBL230,
CHEMBL173830,CCc1cnc(NC(=O)C2=C(O)c3ccccc3S(=O)(=O)N2C)s1,Inhibition,1.0,%,=,CHEMBL763161,CHEMBL230,
CHEMBL173830,CCc1cnc(NC(=O)C2=C(O)c3ccccc3S(=O)(=O)N2C)s1,Inhibition,20.0,%,=,CHEMBL763160,CHEMBL230,
CHEMBL173830,CCc1cnc(NC(=O)C2=C(O)c3ccccc3S(=O)(=O)N2C)s1,Inhibition,9.0,%,=,CHEMBL763159,CHEMBL230,
CHEMBL369843,CN1C(C(=O)Nc2ccc(Cl)cc2)=C(O)c2cc(F)ccc2S1(=O)=O,Inhibition,-42.0,%,=,CHEMBL763161,CHEMBL230,
CHEMBL369843,CN1C(C(=O)Nc2ccc(Cl)cc2)=C(O)c2cc(F)ccc2S1(=O)=O,Inhibition,-28.0,%,=,CHEMBL763160,CHEMBL230,
CHEMBL369843,CN1C(C(=O)Nc2ccc(Cl)cc2)=C(O)c2cc(F)ccc2S1(=O)=O,Inhibition,6.0,%,=,CHEMBL763159,CHEMBL230,
CHEMBL172305,Cc1cc2c(s1)C(C(=O)Nc1ccccn1)=C(O)N(S)S2(=O)=O,Inhibition,25.0,%,=,CHEMBL763161,CHEMBL230,
CHEMBL172305,Cc1cc2c(s1)C(C(=O)Nc1ccccn1)=C(O)N(S)S2(=O)=O,Inhibition,31.0,%,=,CHEMBL763160,CHEMBL230,
CHEMBL172305,Cc1cc2c(s1)C(C(=O)Nc1ccccn1)=C(O)N(S)S2(=O)=O,Inhibition,5.0,%,=,CHEMBL763159,CHEMBL230,
CHEMBL176988,O=C(Nc1ccccn1)C1=C(O)c2cc(Cl)ccc2SC1,Inhibition,66.0,%,=,CHEMBL763161,CHEMBL230,
CHEMBL176988,O=C(Nc1ccccn1)C1=C(O)c2cc(Cl)ccc2SC1,Inhibition,39.0,%,=,CHEMBL763160,CHEMBL230,
CHEMBL176988,O=C(Nc1ccccn1)C1=C(O)c2cc(Cl)ccc2SC1,Inhibition,20.0,%,=,CHEMBL763159,CHEMBL230,
CHEMBL174925,CN1C(c2nc3ccccc3[nH]2)=C(O)c2ccccc2S1(=O)=O,Inhibition,22.0,%,=,CHEMBL763161,CHEMBL230,
CHEMBL174925,CN1C(c2nc3ccccc3[nH]2)=C(O)c2ccccc2S1(=O)=O,Inhibition,0.0,%,=,CHEMBL763160,CHEMBL230,
CHEMBL174925,CN1C(c2nc3ccccc3[nH]2)=C(O)c2ccccc2S1(=O)=O,Inhibition,-5.0,%,=,CHEMBL763159,CHEMBL230,
CHEMBL353327,CCN1C(O)=C(C(=O)Nc2ccc(Cl)cc2Cl)c2cc(Cl)ccc2S1(=O)=O,Inhibition,100.0,%,=,CHEMBL763161,CHEMBL230,
CHEMBL353327,CCN1C(O)=C(C(=O)Nc2ccc(Cl)cc2Cl)c2cc(Cl)ccc2S1(=O)=O,Inhibition,66.0,%,=,CHEMBL763160,CHEMBL230,
CHEMBL353327,CCN1C(O)=C(C(=O)Nc2ccc(Cl)cc2Cl)c2cc(Cl)ccc2S1(=O)=O,Inhibition,37.0,%,=,CHEMBL763159,CHEMBL230,
CHEMBL175703,Cc1cnc(NC(=O)C2=C(O)c3ccccc3S(=O)(=O)N2Cc2ccccc2)s1,Inhibition,22.0,%,=,CHEMBL763161,CHEMBL230,
CHEMBL175703,Cc1cnc(NC(=O)C2=C(O)c3ccccc3S(=O)(=O)N2Cc2ccccc2)s1,Inhibition,-3.0,%,=,CHEMBL763160,CHEMBL230,
CHEMBL175703,Cc1cnc(NC(=O)C2=C(O)c3ccccc3S(=O)(=O)N2Cc2ccccc2)s1,Inhibition,0.0,%,=,CHEMBL763159,CHEMBL230,
CHEMBL20634,CN1C(C(=O)Nc2nccs2)=C(O)c2ccccc2S1(=O)=O,Inhibition,35.0,%,=,CHEMBL763161,CHEMBL230,
CHEMBL20634,CN1C(C(=O)Nc2nccs2)=C(O)c2ccccc2S1(=O)=O,Inhibition,23.0,%,=,CHEMBL763160,CHEMBL230,
CHEMBL20634,CN1C(C(=O)Nc2nccs2)=C(O)c2ccccc2S1(=O)=O,Inhibition,3.0,%,=,CHEMBL763159,CHEMBL230,
CHEMBL366449,Cc1cnc(NC(=O)C2=C(O)c3cc(C)sc3S(=O)(=O)N2C)s1,Inhibition,-10.0,%,=,CHEMBL763161,CHEMBL230,
CHEMBL366449,Cc1cnc(NC(=O)C2=C(O)c3cc(C)sc3S(=O)(=O)N2C)s1,Inhibition,-15.0,%,=,CHEMBL763160,CHEMBL230,
CHEMBL366449,Cc1cnc(NC(=O)C2=C(O)c3cc(C)sc3S(=O)(=O)N2C)s1,Inhibition,3.0,%,=,CHEMBL763159,CHEMBL230,
CHEMBL367739,Cc1cnc(NC(=O)C2=C(O)c3sccc3S(=O)(=O)N2C)s1,Inhibition,77.0,%,=,CHEMBL763161,CHEMBL230,
CHEMBL367739,Cc1cnc(NC(=O)C2=C(O)c3sccc3S(=O)(=O)N2C)s1,Inhibition,73.0,%,=,CHEMBL763160,CHEMBL230,
CHEMBL367739,Cc1cnc(NC(=O)C2=C(O)c3sccc3S(=O)(=O)N2C)s1,Inhibition,27.0,%,=,CHEMBL763159,CHEMBL230,
CHEMBL367739,Cc1cnc(NC(=O)C2=C(O)c3sccc3S(=O)(=O)N2C)s1,IC50,510.0,nM,=,CHEMBL762904,CHEMBL230,6.29
CHEMBL367739,Cc1cnc(NC(=O)C2=C(O)c3sccc3S(=O)(=O)N2C)s1,Imax,80.0,%,=,CHEMBL762255,CHEMBL230,
CHEMBL176508,CN1C(O)=C(C(=O)Nc2ccccc2)c2ccccc2S1(=O)=O,Inhibition,23.0,%,=,CHEMBL763161,CHEMBL230,
CHEMBL176508,CN1C(O)=C(C(=O)Nc2ccccc2)c2ccccc2S1(=O)=O,Inhibition,31.0,%,=,CHEMBL763160,CHEMBL230,
CHEMBL176508,CN1C(O)=C(C(=O)Nc2ccccc2)c2ccccc2S1(=O)=O,Inhibition,10.0,%,=,CHEMBL763159,CHEMBL230,
CHEMBL172077,O=C(Nc1cccc(Cl)c1)C1=C(O)c2ccccc2[S+]([O-])C1,Inhibition,17.0,%,=,CHEMBL763161,CHEMBL230,
CHEMBL172077,O=C(Nc1cccc(Cl)c1)C1=C(O)c2ccccc2[S+]([O-])C1,Inhibition,15.0,%,=,CHEMBL763160,CHEMBL230,
CHEMBL172077,O=C(Nc1cccc(Cl)c1)C1=C(O)c2ccccc2[S+]([O-])C1,Inhibition,29.0,%,=,CHEMBL763159,CHEMBL230,
CHEMBL175299,CN1C(O)=C(C(=O)Nc2ccc(Cl)cc2)c2cc3ccccc3cc2S1(=O)=O,Inhibition,93.0,%,=,CHEMBL763161,CHEMBL230,
CHEMBL175299,CN1C(O)=C(C(=O)Nc2ccc(Cl)cc2)c2cc3ccccc3cc2S1(=O)=O,Inhibition,30.0,%,=,CHEMBL763160,CHEMBL230,
CHEMBL175299,CN1C(O)=C(C(=O)Nc2ccc(Cl)cc2)c2cc3ccccc3cc2S1(=O)=O,Inhibition,-44.0,%,=,CHEMBL763159,CHEMBL230,
CHEMBL367929,CN1C(O)=C(C(=O)Nc2ccc(F)cc2F)c2cc(F)ccc2S1(=O)=O,Inhibition,56.0,%,=,CHEMBL763161,CHEMBL230,
CHEMBL367929,CN1C(O)=C(C(=O)Nc2ccc(F)cc2F)c2cc(F)ccc2S1(=O)=O,Inhibition,-2.0,%,=,CHEMBL763160,CHEMBL230,
CHEMBL367929,CN1C(O)=C(C(=O)Nc2ccc(F)cc2F)c2cc(F)ccc2S1(=O)=O,Inhibition,-40.0,%,=,CHEMBL763159,CHEMBL230,
CHEMBL174386,Cc1ccc2c(c1)/C(=C(\O)Nc1ccc(Cl)cc1Cl)C(=O)N(C)C2=O,Inhibition,100.0,%,=,CHEMBL763161,CHEMBL230,
CHEMBL174386,Cc1ccc2c(c1)/C(=C(\O)Nc1ccc(Cl)cc1Cl)C(=O)N(C)C2=O,Inhibition,89.0,%,=,CHEMBL763160,CHEMBL230,
CHEMBL174386,Cc1ccc2c(c1)/C(=C(\O)Nc1ccc(Cl)cc1Cl)C(=O)N(C)C2=O,Inhibition,46.0,%,=,CHEMBL763159,CHEMBL230,
CHEMBL177412,CN1C(O)=C(C(=O)Nc2ccccc2Cl)c2cc(Cl)c(Cl)cc2S1(=O)=O,Inhibition,99.0,%,=,CHEMBL763161,CHEMBL230,
CHEMBL177412,CN1C(O)=C(C(=O)Nc2ccccc2Cl)c2cc(Cl)c(Cl)cc2S1(=O)=O,Inhibition,58.0,%,=,CHEMBL763160,CHEMBL230,
CHEMBL177412,CN1C(O)=C(C(=O)Nc2ccccc2Cl)c2cc(Cl)c(Cl)cc2S1(=O)=O,Inhibition,15.0,%,=,CHEMBL763159,CHEMBL230,
CHEMBL599,Cc1cnc(NC(=O)C2=C(O)c3ccccc3S(=O)(=O)N2C)s1,Inhibition,77.0,%,=,CHEMBL763161,CHEMBL230,
CHEMBL599,Cc1cnc(NC(=O)C2=C(O)c3ccccc3S(=O)(=O)N2C)s1,Inhibition,72.0,%,=,CHEMBL763160,CHEMBL230,
CHEMBL599,Cc1cnc(NC(=O)C2=C(O)c3ccccc3S(=O)(=O)N2C)s1,Inhibition,24.0,%,=,CHEMBL763159,CHEMBL230,
CHEMBL599,Cc1cnc(NC(=O)C2=C(O)c3ccccc3S(=O)(=O)N2C)s1,IC50,490.0,nM,=,CHEMBL762903,CHEMBL230,6.31
CHEMBL599,Cc1cnc(NC(=O)C2=C(O)c3ccccc3S(=O)(=O)N2C)s1,Imax,80.0,%,=,CHEMBL762255,CHEMBL230,
CHEMBL175208,COc1ccc2c(c1)C(O)=C(C(=O)Nc1ccccc1)N(C)S2(=O)=O,Inhibition,24.0,%,=,CHEMBL763161,CHEMBL230,
CHEMBL175208,COc1ccc2c(c1)C(O)=C(C(=O)Nc1ccccc1)N(C)S2(=O)=O,Inhibition,19.0,%,=,CHEMBL763160,CHEMBL230,
CHEMBL175208,COc1ccc2c(c1)C(O)=C(C(=O)Nc1ccccc1)N(C)S2(=O)=O,Inhibition,25.0,%,=,CHEMBL763159,CHEMBL230,
CHEMBL366813,CN1C(C(=O)Nc2ccccc2)=C(O)c2cc(Cl)ccc2S1(=O)=O,Inhibition,-6.0,%,=,CHEMBL763161,CHEMBL230,
CHEMBL366813,CN1C(C(=O)Nc2ccccc2)=C(O)c2cc(Cl)ccc2S1(=O)=O,Inhibition,-6.0,%,=,CHEMBL763160,CHEMBL230,
CHEMBL366813,CN1C(C(=O)Nc2ccccc2)=C(O)c2cc(Cl)ccc2S1(=O)=O,Inhibition,4.0,%,=,CHEMBL763159,CHEMBL230,
CHEMBL177856,CN1C(O)=C(C(=O)Nc2ccccn2)c2ccccc2S1(=O)=O,Inhibition,1.0,%,=,CHEMBL763161,CHEMBL230,
CHEMBL177856,CN1C(O)=C(C(=O)Nc2ccccn2)c2ccccc2S1(=O)=O,Inhibition,8.0,%,=,CHEMBL763160,CHEMBL230,
CHEMBL177856,CN1C(O)=C(C(=O)Nc2ccccn2)c2ccccc2S1(=O)=O,Inhibition,-11.0,%,=,CHEMBL763159,CHEMBL230,
CHEMBL174680,CN1C(C(=O)Nc2ccccc2)=C(O)c2c(ccc3ccccc23)S1(=O)=O,Inhibition,-5.0,%,=,CHEMBL763161,CHEMBL230,
CHEMBL174680,CN1C(C(=O)Nc2ccccc2)=C(O)c2c(ccc3ccccc23)S1(=O)=O,Inhibition,4.0,%,=,CHEMBL763160,CHEMBL230,
CHEMBL174680,CN1C(C(=O)Nc2ccccc2)=C(O)c2c(ccc3ccccc23)S1(=O)=O,Inhibition,16.0,%,=,CHEMBL763159,CHEMBL230,
CHEMBL299339,Cc1cnc(NC(=O)C2=C(O)c3ccccc3S(=O)(=O)N2)s1,Inhibition,31.0,%,=,CHEMBL763161,CHEMBL230,
CHEMBL299339,Cc1cnc(NC(=O)C2=C(O)c3ccccc3S(=O)(=O)N2)s1,Inhibition,31.0,%,=,CHEMBL763160,CHEMBL230,
CHEMBL299339,Cc1cnc(NC(=O)C2=C(O)c3ccccc3S(=O)(=O)N2)s1,Inhibition,19.0,%,=,CHEMBL763159,CHEMBL230,
CHEMBL177879,CN1C(O)=C(C(=O)Nc2ccccc2Cl)c2cc(F)ccc2S1(=O)=O,Inhibition,85.0,%,=,CHEMBL763161,CHEMBL230,
CHEMBL177879,CN1C(O)=C(C(=O)Nc2ccccc2Cl)c2cc(F)ccc2S1(=O)=O,Inhibition,38.0,%,=,CHEMBL763160,CHEMBL230,
CHEMBL177879,CN1C(O)=C(C(=O)Nc2ccccc2Cl)c2cc(F)ccc2S1(=O)=O,Inhibition,20.0,%,=,CHEMBL763159,CHEMBL230,
CHEMBL368422,Cc1cnc(N/C(O)=C2\C(=O)N(C)C(=O)c3ccc(Cl)cc32)s1,Inhibition,13.0,%,=,CHEMBL763161,CHEMBL230,
CHEMBL368422,Cc1cnc(N/C(O)=C2\C(=O)N(C)C(=O)c3ccc(Cl)cc32)s1,Inhibition,2.0,%,=,CHEMBL763160,CHEMBL230,
CHEMBL368422,Cc1cnc(N/C(O)=C2\C(=O)N(C)C(=O)c3ccc(Cl)cc32)s1,Inhibition,4.0,%,=,CHEMBL763159,CHEMBL230,
CHEMBL174930,CN1C(O)=C(C(=O)Nc2ccccn2)c2cc(Cl)ccc2S1(=O)=O,Inhibition,42.0,%,=,CHEMBL763161,CHEMBL230,
CHEMBL174930,CN1C(O)=C(C(=O)Nc2ccccn2)c2cc(Cl)ccc2S1(=O)=O,Inhibition,13.0,%,=,CHEMBL763160,CHEMBL230,
CHEMBL174930,CN1C(O)=C(C(=O)Nc2ccccn2)c2cc(Cl)ccc2S1(=O)=O,Inhibition,-13.0,%,=,CHEMBL763159,CHEMBL230,
CHEMBL176504,CN1C(O)=C(C(=O)Nc2nccs2)c2cc3ccccc3cc2S1(=O)=O,Inhibition,6.0,%,=,CHEMBL763161,CHEMBL230,
CHEMBL176504,CN1C(O)=C(C(=O)Nc2nccs2)c2cc3ccccc3cc2S1(=O)=O,Inhibition,0.0,%,=,CHEMBL763160,CHEMBL230,
CHEMBL176504,CN1C(O)=C(C(=O)Nc2nccs2)c2cc3ccccc3cc2S1(=O)=O,Inhibition,13.0,%,=,CHEMBL763159,CHEMBL230,
CHEMBL366429,Cc1ccc2c(c1)S(=O)(=O)N(C)C(C(=O)Nc1ncc(C)s1)=C2O,Inhibition,68.0,%,=,CHEMBL763161,CHEMBL230,
CHEMBL366429,Cc1ccc2c(c1)S(=O)(=O)N(C)C(C(=O)Nc1ncc(C)s1)=C2O,Inhibition,62.0,%,=,CHEMBL763160,CHEMBL230,
CHEMBL366429,Cc1ccc2c(c1)S(=O)(=O)N(C)C(C(=O)Nc1ncc(C)s1)=C2O,Inhibition,35.0,%,=,CHEMBL763159,CHEMBL230,
CHEMBL177273,Cc1cnc(NC(=O)C2=C(O)N(C)S(=O)(=O)c3cc(Cl)ccc32)s1,Inhibition,52.0,%,=,CHEMBL763161,CHEMBL230,
CHEMBL177273,Cc1cnc(NC(=O)C2=C(O)N(C)S(=O)(=O)c3cc(Cl)ccc32)s1,Inhibition,-22.0,%,=,CHEMBL763160,CHEMBL230,
CHEMBL177273,Cc1cnc(NC(=O)C2=C(O)N(C)S(=O)(=O)c3cc(Cl)ccc32)s1,Inhibition,2.0,%,=,CHEMBL763159,CHEMBL230,
CHEMBL56367,CS(=O)(=O)Nc1ccc([N+](=O)[O-])cc1Oc1ccccc1,IC50,1300.0,nM,=,CHEMBL765813,CHEMBL230,5.89
CHEMBL177808,CN1C(=O)/C(=C(/O)Nc2ccc(Cl)cc2Cl)c2cc(Cl)ccc2C1=O,Inhibition,100.0,%,=,CHEMBL763161,CHEMBL230,
CHEMBL177808,CN1C(=O)/C(=C(/O)Nc2ccc(Cl)cc2Cl)c2cc(Cl)ccc2C1=O,Inhibition,100.0,%,=,CHEMBL763160,CHEMBL230,
CHEMBL177808,CN1C(=O)/C(=C(/O)Nc2ccc(Cl)cc2Cl)c2cc(Cl)ccc2C1=O,Inhibition,77.0,%,=,CHEMBL763159,CHEMBL230,
CHEMBL177808,CN1C(=O)/C(=C(/O)Nc2ccc(Cl)cc2Cl)c2cc(Cl)ccc2C1=O,IC50,200.0,nM,=,CHEMBL762905,CHEMBL230,6.70
CHEMBL177808,CN1C(=O)/C(=C(/O)Nc2ccc(Cl)cc2Cl)c2cc(Cl)ccc2C1=O,Imax,90.0,%,=,CHEMBL762256,CHEMBL230,
CHEMBL174718,Cc1ccc2c(c1)/C(=C(\O)Nc1ccccn1)C(=O)N(C)C2=O,Inhibition,28.0,%,=,CHEMBL763161,CHEMBL230,
CHEMBL174718,Cc1ccc2c(c1)/C(=C(\O)Nc1ccccn1)C(=O)N(C)C2=O,Inhibition,38.0,%,=,CHEMBL763160,CHEMBL230,
CHEMBL174718,Cc1ccc2c(c1)/C(=C(\O)Nc1ccccn1)C(=O)N(C)C2=O,Inhibition,9.0,%,=,CHEMBL763159,CHEMBL230,
CHEMBL527,CN1C(C(=O)Nc2ccccn2)=C(O)c2ccccc2S1(=O)=O,Inhibition,62.0,%,=,CHEMBL763161,CHEMBL230,
CHEMBL527,CN1C(C(=O)Nc2ccccn2)=C(O)c2ccccc2S1(=O)=O,Inhibition,58.0,%,=,CHEMBL763160,CHEMBL230,
CHEMBL527,CN1C(C(=O)Nc2ccccn2)=C(O)c2ccccc2S1(=O)=O,Inhibition,25.0,%,=,CHEMBL763159,CHEMBL230,
CHEMBL527,CN1C(C(=O)Nc2ccccn2)=C(O)c2ccccc2S1(=O)=O,Inhibition,59.0,%,=,CHEMBL763169,CHEMBL230,
CHEMBL148542,CS(=O)(=O)Nc1ccncc1Oc1ccccc1,IC50,37500.0,nM,=,CHEMBL765813,CHEMBL230,4.43
CHEMBL175974,CN1C(C(=O)Nc2ccccn2)=C(O)c2c(ccc3ccccc23)S1(=O)=O,Inhibition,-3.0,%,=,CHEMBL763161,CHEMBL230,
CHEMBL175974,CN1C(C(=O)Nc2ccccn2)=C(O)c2c(ccc3ccccc23)S1(=O)=O,Inhibition,1.0,%,=,CHEMBL763160,CHEMBL230,
CHEMBL175974,CN1C(C(=O)Nc2ccccn2)=C(O)c2c(ccc3ccccc23)S1(=O)=O,Inhibition,-14.0,%,=,CHEMBL763159,CHEMBL230,
CHEMBL177580,Cc1cnc(NC(=O)C2=C(O)c3sc(C)cc3S(=O)(=O)N2C)s1,Inhibition,58.0,%,=,CHEMBL763161,CHEMBL230,
CHEMBL177580,Cc1cnc(NC(=O)C2=C(O)c3sc(C)cc3S(=O)(=O)N2C)s1,Inhibition,43.0,%,=,CHEMBL763160,CHEMBL230,
CHEMBL177580,Cc1cnc(NC(=O)C2=C(O)c3sc(C)cc3S(=O)(=O)N2C)s1,Inhibition,3.0,%,=,CHEMBL763159,CHEMBL230,
CHEMBL362460,Cc1cc2c(o1)C(C(=O)Nc1ccc(Cl)cc1)=C(O)N(O)S2(=O)=O,Inhibition,33.0,%,=,CHEMBL763865,CHEMBL230,
CHEMBL362460,Cc1cc2c(o1)C(C(=O)Nc1ccc(Cl)cc1)=C(O)N(O)S2(=O)=O,Inhibition,51.0,%,=,CHEMBL763864,CHEMBL230,
CHEMBL362460,Cc1cc2c(o1)C(C(=O)Nc1ccc(Cl)cc1)=C(O)N(O)S2(=O)=O,Inhibition,24.0,%,=,CHEMBL763863,CHEMBL230,
CHEMBL368628,O=C(Nc1ccc(Cl)cc1Cl)C1=C(O)N(Cc2ccccc2)S(=O)(=O)c2ccc(F)cc21,Inhibition,85.0,%,=,CHEMBL763161,CHEMBL230,
CHEMBL368628,O=C(Nc1ccc(Cl)cc1Cl)C1=C(O)N(Cc2ccccc2)S(=O)(=O)c2ccc(F)cc21,Inhibition,23.0,%,=,CHEMBL763160,CHEMBL230,
CHEMBL368628,O=C(Nc1ccc(Cl)cc1Cl)C1=C(O)N(Cc2ccccc2)S(=O)(=O)c2ccc(F)cc21,Inhibition,-9.0,%,=,CHEMBL763159,CHEMBL230,
CHEMBL177313,O=C(Nc1cccc(Cl)c1)C1=C(O)c2cc(Cl)ccc2S(=O)(=O)C1,Inhibition,56.0,%,=,CHEMBL763161,CHEMBL230,
CHEMBL177313,O=C(Nc1cccc(Cl)c1)C1=C(O)c2cc(Cl)ccc2S(=O)(=O)C1,Inhibition,24.0,%,=,CHEMBL763160,CHEMBL230,
CHEMBL177313,O=C(Nc1cccc(Cl)c1)C1=C(O)c2cc(Cl)ccc2S(=O)(=O)C1,Inhibition,0.0,%,=,CHEMBL763159,CHEMBL230,
CHEMBL368377,CN1C(C(=O)Nc2nccs2)=C(O)c2sc3cc(Cl)ccc3c2S1(=O)=O,Inhibition,37.0,%,=,CHEMBL763161,CHEMBL230,
CHEMBL368377,CN1C(C(=O)Nc2nccs2)=C(O)c2sc3cc(Cl)ccc3c2S1(=O)=O,Inhibition,8.0,%,=,CHEMBL763160,CHEMBL230,
CHEMBL368377,CN1C(C(=O)Nc2nccs2)=C(O)c2sc3cc(Cl)ccc3c2S1(=O)=O,Inhibition,-9.0,%,=,CHEMBL763159,CHEMBL230,
CHEMBL368523,Cc1cnc(NC(=O)C2=C(O)N(C)S(=O)(=O)c3ccccc32)s1,Inhibition,10.0,%,=,CHEMBL763161,CHEMBL230,
CHEMBL368523,Cc1cnc(NC(=O)C2=C(O)N(C)S(=O)(=O)c3ccccc32)s1,Inhibition,5.0,%,=,CHEMBL763160,CHEMBL230,
CHEMBL368523,Cc1cnc(NC(=O)C2=C(O)N(C)S(=O)(=O)c3ccccc32)s1,Inhibition,-5.0,%,=,CHEMBL763159,CHEMBL230,
CHEMBL175847,CN1C(O)=C(C(=O)Nc2nccs2)c2cc(Cl)ccc2S1(=O)=O,Inhibition,88.0,%,=,CHEMBL763161,CHEMBL230,
CHEMBL175847,CN1C(O)=C(C(=O)Nc2nccs2)c2cc(Cl)ccc2S1(=O)=O,Inhibition,42.0,%,=,CHEMBL763160,CHEMBL230,
CHEMBL175847,CN1C(O)=C(C(=O)Nc2nccs2)c2cc(Cl)ccc2S1(=O)=O,Inhibition,18.0,%,=,CHEMBL763159,CHEMBL230,
CHEMBL173889,O=C(Nc1cccc(Cl)c1)C1=C(O)c2ccccc2S(=O)(=O)C1,Inhibition,28.0,%,=,CHEMBL763161,CHEMBL230,
CHEMBL173889,O=C(Nc1cccc(Cl)c1)C1=C(O)c2ccccc2S(=O)(=O)C1,Inhibition,19.0,%,=,CHEMBL763160,CHEMBL230,
CHEMBL173889,O=C(Nc1cccc(Cl)c1)C1=C(O)c2ccccc2S(=O)(=O)C1,Inhibition,15.0,%,=,CHEMBL763159,CHEMBL230,
CHEMBL177915,COc1ccc2c(c1)C(O)=C(C(=O)Nc1ccccn1)N(C)S2(=O)=O,Inhibition,26.0,%,=,CHEMBL763161,CHEMBL230,
CHEMBL177915,COc1ccc2c(c1)C(O)=C(C(=O)Nc1ccccn1)N(C)S2(=O)=O,Inhibition,19.0,%,=,CHEMBL763160,CHEMBL230,
CHEMBL177915,COc1ccc2c(c1)C(O)=C(C(=O)Nc1ccccn1)N(C)S2(=O)=O,Inhibition,19.0,%,=,CHEMBL763159,CHEMBL230,
CHEMBL367858,COc1ccc2c(c1)S(=O)(=O)N(C)C(C(=O)Nc1ncc(C)s1)=C2O,Inhibition,70.0,%,=,CHEMBL763161,CHEMBL230,
CHEMBL367858,COc1ccc2c(c1)S(=O)(=O)N(C)C(C(=O)Nc1ncc(C)s1)=C2O,Inhibition,60.0,%,=,CHEMBL763160,CHEMBL230,
CHEMBL367858,COc1ccc2c(c1)S(=O)(=O)N(C)C(C(=O)Nc1ncc(C)s1)=C2O,Inhibition,30.0,%,=,CHEMBL763159,CHEMBL230,
CHEMBL177503,CN1C(O)=C(C(=O)Nc2nccs2)c2c(ccc3ccccc23)S1(=O)=O,Inhibition,-3.0,%,=,CHEMBL763161,CHEMBL230,
CHEMBL177503,CN1C(O)=C(C(=O)Nc2nccs2)c2c(ccc3ccccc23)S1(=O)=O,Inhibition,0.0,%,=,CHEMBL763160,CHEMBL230,
CHEMBL177503,CN1C(O)=C(C(=O)Nc2nccs2)c2c(ccc3ccccc23)S1(=O)=O,Inhibition,-18.0,%,=,CHEMBL763159,CHEMBL230,
CHEMBL174739,Cc1cnc(NC(=O)C2=C(O)c3ccccc3SC2(C)C)s1,Inhibition,28.0,%,=,CHEMBL763161,CHEMBL230,
CHEMBL174739,Cc1cnc(NC(=O)C2=C(O)c3ccccc3SC2(C)C)s1,Inhibition,20.0,%,=,CHEMBL763160,CHEMBL230,
CHEMBL174739,Cc1cnc(NC(=O)C2=C(O)c3ccccc3SC2(C)C)s1,Inhibition,10.0,%,=,CHEMBL763159,CHEMBL230,
CHEMBL174722,CN1C(C(=O)Nc2ccccc2)=C(O)c2ccc3ccccc3c2S1(=O)=O,Inhibition,-29.0,%,=,CHEMBL763161,CHEMBL230,
CHEMBL174722,CN1C(C(=O)Nc2ccccc2)=C(O)c2ccc3ccccc3c2S1(=O)=O,Inhibition,-33.0,%,=,CHEMBL763160,CHEMBL230,
CHEMBL174722,CN1C(C(=O)Nc2ccccc2)=C(O)c2ccc3ccccc3c2S1(=O)=O,Inhibition,-17.0,%,=,CHEMBL763159,CHEMBL230,
CHEMBL177483,CN1C(C(=O)Nc2ccccn2)=C(O)c2c(c3ccccc3n2C)S1(=O)=O,Inhibition,-11.0,%,=,CHEMBL763161,CHEMBL230,
CHEMBL177483,CN1C(C(=O)Nc2ccccn2)=C(O)c2c(c3ccccc3n2C)S1(=O)=O,Inhibition,-4.0,%,=,CHEMBL763160,CHEMBL230,
CHEMBL177483,CN1C(C(=O)Nc2ccccn2)=C(O)c2c(c3ccccc3n2C)S1(=O)=O,Inhibition,1.0,%,=,CHEMBL763159,CHEMBL230,
CHEMBL441496,CCn1c2c(c3ccccc31)S(=O)(=O)N(C)C(C(=O)Nc1ccccn1)=C2O,Inhibition,-3.0,%,=,CHEMBL763161,CHEMBL230,
CHEMBL441496,CCn1c2c(c3ccccc31)S(=O)(=O)N(C)C(C(=O)Nc1ccccn1)=C2O,Inhibition,9.0,%,=,CHEMBL763160,CHEMBL230,
CHEMBL441496,CCn1c2c(c3ccccc31)S(=O)(=O)N(C)C(C(=O)Nc1ccccn1)=C2O,Inhibition,23.0,%,=,CHEMBL763159,CHEMBL230,
CHEMBL425136,Cc1nnc(NC(=O)C2=C(O)c3ccccc3S(=O)(=O)N2C)s1,Inhibition,23.0,%,=,CHEMBL763161,CHEMBL230,
CHEMBL425136,Cc1nnc(NC(=O)C2=C(O)c3ccccc3S(=O)(=O)N2C)s1,Inhibition,14.0,%,=,CHEMBL763160,CHEMBL230,
CHEMBL425136,Cc1nnc(NC(=O)C2=C(O)c3ccccc3S(=O)(=O)N2C)s1,Inhibition,0.0,%,=,CHEMBL763159,CHEMBL230,
CHEMBL176955,CN1C(C(=O)Nc2ccccn2)=C(O)c2ccc(F)cc2S1(=O)=O,Inhibition,62.0,%,=,CHEMBL763161,CHEMBL230,
CHEMBL176955,CN1C(C(=O)Nc2ccccn2)=C(O)c2ccc(F)cc2S1(=O)=O,Inhibition,56.0,%,=,CHEMBL763160,CHEMBL230,
CHEMBL176955,CN1C(C(=O)Nc2ccccn2)=C(O)c2ccc(F)cc2S1(=O)=O,Inhibition,16.0,%,=,CHEMBL763159,CHEMBL230,
CHEMBL367411,Cc1cnc(NC(=O)C2=C(O)c3ccc4ccccc4c3S(=O)(=O)N2C)s1,Inhibition,67.0,%,=,CHEMBL763161,CHEMBL230,
CHEMBL367411,Cc1cnc(NC(=O)C2=C(O)c3ccc4ccccc4c3S(=O)(=O)N2C)s1,Inhibition,6.0,%,=,CHEMBL763160,CHEMBL230,
CHEMBL367411,Cc1cnc(NC(=O)C2=C(O)c3ccc4ccccc4c3S(=O)(=O)N2C)s1,Inhibition,44.0,%,=,CHEMBL763159,CHEMBL230,
CHEMBL174792,CCn1c2c(c3ccccc31)S(=O)(=O)N(C)C(C(=O)Nc1nccs1)=C2O,Inhibition,17.0,%,=,CHEMBL763161,CHEMBL230,
CHEMBL174792,CCn1c2c(c3ccccc31)S(=O)(=O)N(C)C(C(=O)Nc1nccs1)=C2O,Inhibition,13.0,%,=,CHEMBL763160,CHEMBL230,
CHEMBL174792,CCn1c2c(c3ccccc31)S(=O)(=O)N(C)C(C(=O)Nc1nccs1)=C2O,Inhibition,10.0,%,=,CHEMBL763159,CHEMBL230,
CHEMBL17956,Cc1cnc(N/C(O)=C2\C(=O)N(Cc3ccccc3)C(=O)c3ccc(Cl)cc32)s1,Inhibition,75.0,%,=,CHEMBL763161,CHEMBL230,
CHEMBL17956,Cc1cnc(N/C(O)=C2\C(=O)N(Cc3ccccc3)C(=O)c3ccc(Cl)cc32)s1,Inhibition,61.0,%,=,CHEMBL763160,CHEMBL230,
CHEMBL17956,Cc1cnc(N/C(O)=C2\C(=O)N(Cc3ccccc3)C(=O)c3ccc(Cl)cc32)s1,Inhibition,7.0,%,=,CHEMBL763159,CHEMBL230,
CHEMBL178073,CC1Sc2ccc(Cl)cc2C(O)=C1C(=O)Nc1ccccn1,Inhibition,0.0,%,=,CHEMBL763161,CHEMBL230,
CHEMBL178073,CC1Sc2ccc(Cl)cc2C(O)=C1C(=O)Nc1ccccn1,Inhibition,-13.0,%,=,CHEMBL763160,CHEMBL230,
CHEMBL178073,CC1Sc2ccc(Cl)cc2C(O)=C1C(=O)Nc1ccccn1,Inhibition,-11.0,%,=,CHEMBL763159,CHEMBL230,
CHEMBL176357,CN1C(C(=O)Nc2ccccn2)=C(O)c2sc3cc(Cl)ccc3c2S1(=O)=O,Inhibition,-17.0,%,=,CHEMBL763161,CHEMBL230,
CHEMBL176357,CN1C(C(=O)Nc2ccccn2)=C(O)c2sc3cc(Cl)ccc3c2S1(=O)=O,Inhibition,6.0,%,=,CHEMBL763160,CHEMBL230,
CHEMBL176357,CN1C(C(=O)Nc2ccccn2)=C(O)c2sc3cc(Cl)ccc3c2S1(=O)=O,Inhibition,6.0,%,=,CHEMBL763159,CHEMBL230,
CHEMBL176189,CCN1C(C(=O)Nc2ncc(C)s2)=C(O)c2ccccc2S1(=O)=O,Inhibition,30.0,%,=,CHEMBL763161,CHEMBL230,
CHEMBL176189,CCN1C(C(=O)Nc2ncc(C)s2)=C(O)c2ccccc2S1(=O)=O,Inhibition,14.0,%,=,CHEMBL763160,CHEMBL230,
CHEMBL176189,CCN1C(C(=O)Nc2ncc(C)s2)=C(O)c2ccccc2S1(=O)=O,Inhibition,3.0,%,=,CHEMBL763159,CHEMBL230,
CHEMBL2371669,CCC[C@H](NC(=O)[C@@H]1[C@@H](CC)CCN1C(=O)[C@H](NC(=O)[C@H](NC(=O)c1cnccn1)C1CCCCC1)C(C)(C)C)C(=O)C(=O)NC1CC1,Inhibition,72.0,%,=,CHEMBL763161,CHEMBL230,
CHEMBL2371669,CCC[C@H](NC(=O)[C@@H]1[C@@H](CC)CCN1C(=O)[C@H](NC(=O)[C@H](NC(=O)c1cnccn1)C1CCCCC1)C(C)(C)C)C(=O)C(=O)NC1CC1,Inhibition,59.0,%,=,CHEMBL763160,CHEMBL230,
CHEMBL2371669,CCC[C@H](NC(=O)[C@@H]1[C@@H](CC)CCN1C(=O)[C@H](NC(=O)[C@H](NC(=O)c1cnccn1)C1CCCCC1)C(C)(C)C)C(=O)C(=O)NC1CC1,Inhibition,18.0,%,=,CHEMBL763159,CHEMBL230,
CHEMBL174494,O=C(Nc1cccc(Cl)c1)C1=C(O)c2cc(Cl)ccc2SC1,Inhibition,52.0,%,=,CHEMBL763161,CHEMBL230,
CHEMBL174494,O=C(Nc1cccc(Cl)c1)C1=C(O)c2cc(Cl)ccc2SC1,Inhibition,51.0,%,=,CHEMBL763160,CHEMBL230,
CHEMBL174494,O=C(Nc1cccc(Cl)c1)C1=C(O)c2cc(Cl)ccc2SC1,Inhibition,38.0,%,=,CHEMBL763159,CHEMBL230,
CHEMBL177433,Cc1cc2c(s1)S(=O)(=O)N(C)C(C(=O)Nc1nccs1)=C2O,Inhibition,-7.0,%,=,CHEMBL763161,CHEMBL230,
CHEMBL177433,Cc1cc2c(s1)S(=O)(=O)N(C)C(C(=O)Nc1nccs1)=C2O,Inhibition,-9.0,%,=,CHEMBL763160,CHEMBL230,
CHEMBL177433,Cc1cc2c(s1)S(=O)(=O)N(C)C(C(=O)Nc1nccs1)=C2O,Inhibition,-7.0,%,=,CHEMBL763159,CHEMBL230,
CHEMBL176485,Cc1cc2c(o1)C(O)=C(C(=O)Nc1ncc(C)s1)N(C)S2(=O)=O,Inhibition,-12.0,%,=,CHEMBL763161,CHEMBL230,
CHEMBL176485,Cc1cc2c(o1)C(O)=C(C(=O)Nc1ncc(C)s1)N(C)S2(=O)=O,Inhibition,3.0,%,=,CHEMBL763160,CHEMBL230,
CHEMBL176485,Cc1cc2c(o1)C(O)=C(C(=O)Nc1ncc(C)s1)N(C)S2(=O)=O,Inhibition,-11.0,%,=,CHEMBL763159,CHEMBL230,
CHEMBL173724,CN1C(O)=C(C(=O)Nc2ccc(Br)cc2Br)c2cc(Cl)ccc2S1(=O)=O,Inhibition,97.0,%,=,CHEMBL763161,CHEMBL230,
CHEMBL173724,CN1C(O)=C(C(=O)Nc2ccc(Br)cc2Br)c2cc(Cl)ccc2S1(=O)=O,Inhibition,97.0,%,=,CHEMBL763160,CHEMBL230,
CHEMBL173724,CN1C(O)=C(C(=O)Nc2ccc(Br)cc2Br)c2cc(Cl)ccc2S1(=O)=O,Inhibition,90.0,%,=,CHEMBL763159,CHEMBL230,
CHEMBL173724,CN1C(O)=C(C(=O)Nc2ccc(Br)cc2Br)c2cc(Cl)ccc2S1(=O)=O,IC50,7.0,nM,=,CHEMBL762905,CHEMBL230,8.15
CHEMBL173724,CN1C(O)=C(C(=O)Nc2ccc(Br)cc2Br)c2cc(Cl)ccc2S1(=O)=O,Imax,90.0,%,=,CHEMBL762256,CHEMBL230,
CHEMBL175412,CN1C(C(=O)Nc2ccccc2)=C(O)c2cc(F)ccc2S1(=O)=O,Inhibition,-39.0,%,=,CHEMBL763161,CHEMBL230,
CHEMBL175412,CN1C(C(=O)Nc2ccccc2)=C(O)c2cc(F)ccc2S1(=O)=O,Inhibition,-43.0,%,=,CHEMBL763160,CHEMBL230,
CHEMBL175412,CN1C(C(=O)Nc2ccccc2)=C(O)c2cc(F)ccc2S1(=O)=O,Inhibition,-13.0,%,=,CHEMBL763159,CHEMBL230,
CHEMBL425509,Cc1nc(NC(=O)C2=C(O)c3ccccc3S(=O)(=O)N2C)sc1C,Inhibition,74.0,%,=,CHEMBL763161,CHEMBL230,
CHEMBL425509,Cc1nc(NC(=O)C2=C(O)c3ccccc3S(=O)(=O)N2C)sc1C,Inhibition,66.0,%,=,CHEMBL763160,CHEMBL230,
CHEMBL425509,Cc1nc(NC(=O)C2=C(O)c3ccccc3S(=O)(=O)N2C)sc1C,Inhibition,30.0,%,=,CHEMBL763159,CHEMBL230,
CHEMBL175001,CN1C(C(=O)Nc2nccs2)=C(O)c2c(ccc3ccccc23)S1(=O)=O,Inhibition,1.0,%,=,CHEMBL763865,CHEMBL230,
CHEMBL175001,CN1C(C(=O)Nc2nccs2)=C(O)c2c(ccc3ccccc23)S1(=O)=O,Inhibition,-3.0,%,=,CHEMBL763160,CHEMBL230,
CHEMBL175001,CN1C(C(=O)Nc2nccs2)=C(O)c2c(ccc3ccccc23)S1(=O)=O,Inhibition,-28.0,%,=,CHEMBL763159,CHEMBL230,
CHEMBL172491,CN1C(C(=O)Nc2ccccn2)=C(O)c2ccc3ccccc3c2S1(=O)=O,Inhibition,16.0,%,=,CHEMBL763161,CHEMBL230,
CHEMBL172491,CN1C(C(=O)Nc2ccccn2)=C(O)c2ccc3ccccc3c2S1(=O)=O,Inhibition,22.0,%,=,CHEMBL763160,CHEMBL230,
CHEMBL172491,CN1C(C(=O)Nc2ccccn2)=C(O)c2ccc3ccccc3c2S1(=O)=O,Inhibition,30.0,%,=,CHEMBL763159,CHEMBL230,
CHEMBL367864,Cc1csc(NC(=O)C2=C(O)c3ccccc3S(=O)(=O)N2C)n1,Inhibition,71.0,%,=,CHEMBL763161,CHEMBL230,
CHEMBL367864,Cc1csc(NC(=O)C2=C(O)c3ccccc3S(=O)(=O)N2C)n1,Inhibition,67.0,%,=,CHEMBL763160,CHEMBL230,
CHEMBL367864,Cc1csc(NC(=O)C2=C(O)c3ccccc3S(=O)(=O)N2C)n1,Inhibition,37.0,%,=,CHEMBL763159,CHEMBL230,
CHEMBL367864,Cc1csc(NC(=O)C2=C(O)c3ccccc3S(=O)(=O)N2C)n1,IC50,830.0,nM,=,CHEMBL762903,CHEMBL230,6.08
CHEMBL367864,Cc1csc(NC(=O)C2=C(O)c3ccccc3S(=O)(=O)N2C)n1,Imax,70.0,%,=,CHEMBL762254,CHEMBL230,
CHEMBL367612,COc1ccc2c(c1)c1c(n2C)C(O)=C(C(=O)Nc2nccs2)N(C)S1(=O)=O,Inhibition,1.0,%,=,CHEMBL763161,CHEMBL230,
CHEMBL367612,COc1ccc2c(c1)c1c(n2C)C(O)=C(C(=O)Nc2nccs2)N(C)S1(=O)=O,Inhibition,-5.0,%,=,CHEMBL763160,CHEMBL230,
CHEMBL367612,COc1ccc2c(c1)c1c(n2C)C(O)=C(C(=O)Nc2nccs2)N(C)S1(=O)=O,Inhibition,-1.0,%,=,CHEMBL763159,CHEMBL230,
CHEMBL175524,Cn1c(C(=O)Nc2nccs2)c(O)c2ccccc2c1=O,Inhibition,-5.0,%,=,CHEMBL763161,CHEMBL230,
CHEMBL175524,Cn1c(C(=O)Nc2nccs2)c(O)c2ccccc2c1=O,Inhibition,3.0,%,=,CHEMBL763160,CHEMBL230,
CHEMBL175524,Cn1c(C(=O)Nc2nccs2)c(O)c2ccccc2c1=O,Inhibition,-15.0,%,=,CHEMBL763159,CHEMBL230,
CHEMBL369850,Cc1ccc2c(c1)/C(=C(\O)Nc1ccccc1)C(=O)N(C)C2=O,Inhibition,2.0,%,=,CHEMBL763161,CHEMBL230,
CHEMBL369850,Cc1ccc2c(c1)/C(=C(\O)Nc1ccccc1)C(=O)N(C)C2=O,Inhibition,37.0,%,=,CHEMBL763160,CHEMBL230,
CHEMBL369850,Cc1ccc2c(c1)/C(=C(\O)Nc1ccccc1)C(=O)N(C)C2=O,Inhibition,6.0,%,=,CHEMBL763159,CHEMBL230,
CHEMBL369492,CN1C(O)=C(C(=O)Nc2ccc(Cl)cc2)c2cc(Cl)ccc2S1(=O)=O,Inhibition,100.0,%,=,CHEMBL763161,CHEMBL230,
CHEMBL369492,CN1C(O)=C(C(=O)Nc2ccc(Cl)cc2)c2cc(Cl)ccc2S1(=O)=O,Inhibition,95.0,%,=,CHEMBL763160,CHEMBL230,
CHEMBL369492,CN1C(O)=C(C(=O)Nc2ccc(Cl)cc2)c2cc(Cl)ccc2S1(=O)=O,Inhibition,82.0,%,=,CHEMBL763159,CHEMBL230,
CHEMBL369492,CN1C(O)=C(C(=O)Nc2ccc(Cl)cc2)c2cc(Cl)ccc2S1(=O)=O,IC50,64.0,nM,=,CHEMBL762905,CHEMBL230,7.19
CHEMBL369492,CN1C(O)=C(C(=O)Nc2ccc(Cl)cc2)c2cc(Cl)ccc2S1(=O)=O,Imax,90.0,%,=,CHEMBL762256,CHEMBL230,
CHEMBL265405,CN1C(C(=O)Nc2ccccn2)=C(O)c2cc(Cl)ccc2S1(=O)=O,Inhibition,39.0,%,=,CHEMBL763161,CHEMBL230,
CHEMBL265405,CN1C(C(=O)Nc2ccccn2)=C(O)c2cc(Cl)ccc2S1(=O)=O,Inhibition,42.0,%,=,CHEMBL763160,CHEMBL230,
CHEMBL265405,CN1C(C(=O)Nc2ccccn2)=C(O)c2cc(Cl)ccc2S1(=O)=O,Inhibition,7.0,%,=,CHEMBL763159,CHEMBL230,
CHEMBL367899,CCCc1csc(NC(=O)C2=C(O)c3ccccc3S(=O)(=O)N2C)n1,Inhibition,20.0,%,=,CHEMBL763161,CHEMBL230,
CHEMBL367899,CCCc1csc(NC(=O)C2=C(O)c3ccccc3S(=O)(=O)N2C)n1,Inhibition,17.0,%,=,CHEMBL763160,CHEMBL230,
CHEMBL367899,CCCc1csc(NC(=O)C2=C(O)c3ccccc3S(=O)(=O)N2C)n1,Inhibition,1.0,%,=,CHEMBL763159,CHEMBL230,
CHEMBL368506,CN1C(C(=O)Nc2ncc(-c3ccccc3)s2)=C(O)c2ccccc2S1(=O)=O,Inhibition,19.0,%,=,CHEMBL763161,CHEMBL230,
CHEMBL368506,CN1C(C(=O)Nc2ncc(-c3ccccc3)s2)=C(O)c2ccccc2S1(=O)=O,Inhibition,0.0,%,=,CHEMBL763160,CHEMBL230,
CHEMBL368506,CN1C(C(=O)Nc2ncc(-c3ccccc3)s2)=C(O)c2ccccc2S1(=O)=O,Inhibition,-22.0,%,=,CHEMBL763159,CHEMBL230,
CHEMBL262701,CN1C(C(=O)Nc2nc3ccccc3s2)=C(O)c2ccccc2S1(=O)=O,Inhibition,57.0,%,=,CHEMBL763161,CHEMBL230,
CHEMBL262701,CN1C(C(=O)Nc2nc3ccccc3s2)=C(O)c2ccccc2S1(=O)=O,Inhibition,45.0,%,=,CHEMBL763160,CHEMBL230,
CHEMBL262701,CN1C(C(=O)Nc2nc3ccccc3s2)=C(O)c2ccccc2S1(=O)=O,Inhibition,30.0,%,=,CHEMBL763159,CHEMBL230,
CHEMBL56367,CS(=O)(=O)Nc1ccc([N+](=O)[O-])cc1Oc1ccccc1,IC50,9400.0,nM,=,CHEMBL768683,CHEMBL230,5.03
CHEMBL174451,CN1C(C(=O)Nc2ccc(Cl)cc2)=C(O)c2ccc3ccccc3c2S1(=O)=O,Inhibition,-10.0,%,=,CHEMBL763161,CHEMBL230,
CHEMBL174451,CN1C(C(=O)Nc2ccc(Cl)cc2)=C(O)c2ccc3ccccc3c2S1(=O)=O,Inhibition,-9.0,%,=,CHEMBL763160,CHEMBL230,
CHEMBL174451,CN1C(C(=O)Nc2ccc(Cl)cc2)=C(O)c2ccc3ccccc3c2S1(=O)=O,Inhibition,-5.0,%,=,CHEMBL763159,CHEMBL230,
CHEMBL53292,Cc1cc(NC(=O)C2=C(O)c3ccccc3S(=O)(=O)N2C)no1,Inhibition,9.0,%,=,CHEMBL763161,CHEMBL230,
CHEMBL53292,Cc1cc(NC(=O)C2=C(O)c3ccccc3S(=O)(=O)N2C)no1,Inhibition,10.0,%,=,CHEMBL763160,CHEMBL230,
CHEMBL53292,Cc1cc(NC(=O)C2=C(O)c3ccccc3S(=O)(=O)N2C)no1,Inhibition,9.0,%,=,CHEMBL763159,CHEMBL230,
CHEMBL441497,O=C(Nc1ccc(Cl)cc1Cl)C1=C(O)N(S)S(=O)(=O)c2cc(Cl)sc21,Inhibition,74.0,%,=,CHEMBL763161,CHEMBL230,
CHEMBL441497,O=C(Nc1ccc(Cl)cc1Cl)C1=C(O)N(S)S(=O)(=O)c2cc(Cl)sc21,Inhibition,18.0,%,=,CHEMBL763160,CHEMBL230,
CHEMBL441497,O=C(Nc1ccc(Cl)cc1Cl)C1=C(O)N(S)S(=O)(=O)c2cc(Cl)sc21,Inhibition,-5.0,%,=,CHEMBL763159,CHEMBL230,
CHEMBL148527,CN(c1ccc([N+](=O)[O-])cc1Oc1ccccc1)S(C)(=O)=O,NI,,,,CHEMBL879224,CHEMBL230,
CHEMBL367118,Cc1ccc2c(c1)S(=O)(=O)N(C)C(C(=O)Nc1ccccn1)=C2O,Inhibition,39.0,%,=,CHEMBL763161,CHEMBL230,
CHEMBL367118,Cc1ccc2c(c1)S(=O)(=O)N(C)C(C(=O)Nc1ccccn1)=C2O,Inhibition,33.0,%,=,CHEMBL763160,CHEMBL230,
CHEMBL367118,Cc1ccc2c(c1)S(=O)(=O)N(C)C(C(=O)Nc1ccccn1)=C2O,Inhibition,8.0,%,=,CHEMBL763159,CHEMBL230,
CHEMBL175457,CN1C(O)=C(C(=O)Nc2ccccc2)c2c(ccc3ccccc23)S1(=O)=O,Inhibition,13.0,%,=,CHEMBL763161,CHEMBL230,
CHEMBL175457,CN1C(O)=C(C(=O)Nc2ccccc2)c2c(ccc3ccccc23)S1(=O)=O,Inhibition,39.0,%,=,CHEMBL763160,CHEMBL230,
CHEMBL175457,CN1C(O)=C(C(=O)Nc2ccccc2)c2c(ccc3ccccc23)S1(=O)=O,Inhibition,13.0,%,=,CHEMBL763159,CHEMBL230,
CHEMBL176095,Cc1cc2c(s1)S(=O)(=O)NC(O)=C2C(=O)Nc1ccc(Cl)cc1,Inhibition,96.0,%,=,CHEMBL763161,CHEMBL230,
CHEMBL176095,Cc1cc2c(s1)S(=O)(=O)NC(O)=C2C(=O)Nc1ccc(Cl)cc1,Inhibition,42.0,%,=,CHEMBL763160,CHEMBL230,
CHEMBL176095,Cc1cc2c(s1)S(=O)(=O)NC(O)=C2C(=O)Nc1ccc(Cl)cc1,Inhibition,8.0,%,=,CHEMBL763159,CHEMBL230,
CHEMBL175720,Cn1c(C(=O)Nc2ccccn2)c(O)c2ccccc2c1=O,Inhibition,60.0,%,=,CHEMBL763161,CHEMBL230,
CHEMBL175720,Cn1c(C(=O)Nc2ccccn2)c(O)c2ccccc2c1=O,Inhibition,-4.0,%,=,CHEMBL763160,CHEMBL230,
CHEMBL175720,Cn1c(C(=O)Nc2ccccn2)c(O)c2ccccc2c1=O,Inhibition,-15.0,%,=,CHEMBL763159,CHEMBL230,
CHEMBL361563,CS(=O)(=O)Nc1cc2c(cc1Sc1cccc(F)c1F)C(=O)CC2,IC50,50.0,nM,=,CHEMBL768683,CHEMBL230,7.30
CHEMBL47638,CS(=O)(=O)Nc1ccc(-c2cc(C(F)(F)F)nn2-c2ccc(Cl)cc2)cc1,Inhibition,100.0,%,=,CHEMBL765003,CHEMBL230,
CHEMBL47638,CS(=O)(=O)Nc1ccc(-c2cc(C(F)(F)F)nn2-c2ccc(Cl)cc2)cc1,IC50,30.0,nM,=,CHEMBL762918,CHEMBL230,7.52
CHEMBL47487,CS(=O)(=O)Nc1ccc(-c2cc(C(F)F)nn2-c2ccccc2Cl)cc1,Inhibition,22.0,%,=,CHEMBL765003,CHEMBL230,
CHEMBL6,COc1ccc2c(c1)c(CC(=O)O)c(C)n2C(=O)c1ccc(Cl)cc1,Inhibition,97.0,%,=,CHEMBL765003,CHEMBL230,
CHEMBL6,COc1ccc2c(c1)c(CC(=O)O)c(C)n2C(=O)c1ccc(Cl)cc1,IC50,7810.0,nM,=,CHEMBL762918,CHEMBL230,5.11
CHEMBL44678,Cc1cc(-c2ccc(NS(C)(=O)=O)cc2)n(-c2ccc(F)cc2)n1,Inhibition,25.0,%,=,CHEMBL765003,CHEMBL230,
CHEMBL119618,CCCN(C(=O)c1cc(C(C)(C)C)c2c(c1)C(C)(C)CO2)C1CC1,IC50,4000.0,nM,=,CHEMBL768957,CHEMBL230,5.40
CHEMBL44778,CS(=O)(=O)Nc1ccc(-c2cc(C(F)(F)F)nn2-c2cccc(F)c2)cc1,Inhibition,70.0,%,=,CHEMBL765003,CHEMBL230,
CHEMBL44716,CS(=O)(=O)Nc1ccc(-c2cc(C(F)F)nn2-c2ccc(S(N)(=O)=O)cc2CO)cc1,Inhibition,0.0,%,=,CHEMBL765003,CHEMBL230,
CHEMBL47687,COc1ccc(-n2nc(C(F)(F)F)cc2-c2ccc(N)cc2)cc1,Inhibition,100.0,%,=,CHEMBL765003,CHEMBL230,
CHEMBL47687,COc1ccc(-n2nc(C(F)(F)F)cc2-c2ccc(N)cc2)cc1,IC50,129.0,nM,=,CHEMBL762918,CHEMBL230,6.89
CHEMBL45331,Cc1cc(-c2ccc(NS(C)(=O)=O)cc2)n(-c2ccc(Br)cc2)n1,Inhibition,100.0,%,=,CHEMBL765003,CHEMBL230,
CHEMBL45331,Cc1cc(-c2ccc(NS(C)(=O)=O)cc2)n(-c2ccc(Br)cc2)n1,IC50,770.0,nM,=,CHEMBL762918,CHEMBL230,6.11
CHEMBL418516,CN(C)c1ccc(-n2nc(C(F)(F)F)cc2-c2ccc(NS(C)(=O)=O)cc2)cc1,Inhibition,100.0,%,=,CHEMBL765003,CHEMBL230,
CHEMBL418516,CN(C)c1ccc(-n2nc(C(F)(F)F)cc2-c2ccc(NS(C)(=O)=O)cc2)cc1,IC50,530.0,nM,=,CHEMBL762918,CHEMBL230,6.28
CHEMBL298229,CS(=O)(=O)Nc1ccc(-c2cc(C(F)F)nn2-c2ccc(Cl)c(Cl)c2)cc1,Inhibition,71.0,%,=,CHEMBL765003,CHEMBL230,
CHEMBL45387,Cc1cc(-c2ccc(NS(C)(=O)=O)cc2)n(-c2ccc(Cl)cc2)n1,Inhibition,88.0,%,=,CHEMBL765003,CHEMBL230,
CHEMBL45387,Cc1cc(-c2ccc(NS(C)(=O)=O)cc2)n(-c2ccc(Cl)cc2)n1,IC50,265.0,nM,=,CHEMBL762918,CHEMBL230,6.58
CHEMBL104502,Cc1ccc(-c2cc(C(F)(F)F)nn2-c2ccc(N=[N+]=[N-])cc2)cc1,IC50,1550.0,nM,=,CHEMBL767760,CHEMBL230,5.81
CHEMBL331749,CC(C)(C)c1cc(Nc2ccccc2C(=O)O)cc2c1OCC2(C)C,IC50,4000.0,nM,=,CHEMBL768957,CHEMBL230,5.40
CHEMBL332028,CC(C)(C)c1cc(-c2cn3ccsc3n2)cc2c1OCC2(C)C,IC50,15.0,nM,=,CHEMBL768957,CHEMBL230,7.82
CHEMBL298031,COc1ccc(-n2nc(C(F)(F)F)cc2-c2ccc(NS(C)(=O)=O)cc2)cc1,Inhibition,100.0,%,=,CHEMBL765003,CHEMBL230,
CHEMBL298031,COc1ccc(-n2nc(C(F)(F)F)cc2-c2ccc(NS(C)(=O)=O)cc2)cc1,IC50,960.0,nM,=,CHEMBL762918,CHEMBL230,6.02
CHEMBL442548,CS(=O)(=O)Nc1ccc(-c2cc(C(F)(F)F)nn2-c2ccc(F)cc2)cc1,Inhibition,65.0,%,=,CHEMBL765003,CHEMBL230,
CHEMBL442548,CS(=O)(=O)Nc1ccc(-c2cc(C(F)(F)F)nn2-c2ccc(F)cc2)cc1,IC50,760.0,nM,=,CHEMBL762918,CHEMBL230,6.12
CHEMBL297449,CNc1ccc(-n2nc(C(F)(F)F)cc2-c2ccc(NS(C)(=O)=O)cc2)cc1,Inhibition,42.0,%,=,CHEMBL765003,CHEMBL230,
CHEMBL296098,CS(=O)(=O)Nc1ccc(-c2cc(C(F)F)nn2-c2ccc(F)cc2)cc1,Inhibition,62.0,%,=,CHEMBL765003,CHEMBL230,
CHEMBL296098,CS(=O)(=O)Nc1ccc(-c2cc(C(F)F)nn2-c2ccc(F)cc2)cc1,IC50,8000.0,nM,=,CHEMBL762918,CHEMBL230,5.10
CHEMBL47447,CC(=O)Nc1ccc(-c2cc(C)nn2-c2ccc(Br)cc2)cc1,Inhibition,80.0,%,=,CHEMBL765003,CHEMBL230,
CHEMBL47447,CC(=O)Nc1ccc(-c2cc(C)nn2-c2ccc(Br)cc2)cc1,IC50,550.0,nM,=,CHEMBL762918,CHEMBL230,6.26
CHEMBL119170,CC(C)(C)c1cc(C(=O)NC2CC2)cc2c1OCC2(C)C,IC50,550.0,nM,=,CHEMBL768957,CHEMBL230,6.26
CHEMBL419947,COCCNC(=O)c1cc(C(C)(C)C)c2c(c1)C(C)(C)CO2,IC50,30.0,nM,=,CHEMBL768957,CHEMBL230,7.52
CHEMBL43778,CS(=O)(=O)Nc1ccc(-c2cc(C(F)(F)F)nn2-c2ccc(F)c(F)c2)cc1,Inhibition,59.0,%,=,CHEMBL765003,CHEMBL230,
CHEMBL296902,CS(=O)(=O)Nc1ccc(-c2cc(C(F)(F)F)nn2-c2ccc([N+](=O)[O-])cn2)cc1,Inhibition,13.0,%,=,CHEMBL765003,CHEMBL230,
CHEMBL47835,Cc1cc(-c2ccc(NS(C)(=O)=O)cc2)n(-c2ccc([N+](=O)[O-])cc2)n1,Inhibition,0.0,%,=,CHEMBL765003,CHEMBL230,
CHEMBL295086,Cc1ccc(S(=O)(=O)Nc2ccc(-c3cc(C(F)(F)F)nn3-c3ccc(Cl)cc3)cc2)cc1,Inhibition,70.0,%,=,CHEMBL765003,CHEMBL230,
CHEMBL2112567,CC(C)(C)c1cc(/C=C2\CCOC2=O)cc2c1OCC2(C)C,IC50,3.5,nM,=,CHEMBL768957,CHEMBL230,8.46
CHEMBL295885,CS(=O)(=O)Nc1ccc(-c2cc(C(F)(F)F)nn2-c2ccc(Cl)c(Cl)c2)cc1,Inhibition,70.0,%,=,CHEMBL765003,CHEMBL230,
CHEMBL43842,CC(=O)Nc1ccc(-c2cc(C(F)(F)F)nn2-c2ccc(Br)cc2)cc1,Inhibition,87.0,%,=,CHEMBL765003,CHEMBL230,
CHEMBL43842,CC(=O)Nc1ccc(-c2cc(C(F)(F)F)nn2-c2ccc(Br)cc2)cc1,IC50,70.0,nM,=,CHEMBL762918,CHEMBL230,7.16
CHEMBL117615,CCN(C)C(=O)c1cc(C(C)(C)C)c2c(c1)C(C)(C)CO2,IC50,4500.0,nM,=,CHEMBL768957,CHEMBL230,5.35
CHEMBL47492,CC(=O)Nc1ccc(-c2cc(C(F)(F)F)nn2-c2ccc(S(N)(=O)=O)cc2CO)cc1,Inhibition,0.0,%,=,CHEMBL765003,CHEMBL230,
CHEMBL102223,[N-]=[N+]=Nc1ccc(C2=C(c3ccccc3)C(=O)OC2)cc1,IC50,196.0,nM,=,CHEMBL767760,CHEMBL230,6.71
CHEMBL45303,CS(=O)(=O)N(c1ccc(-c2cc(C(F)(F)F)nn2-c2ccc(Cl)cc2)cc1)S(C)(=O)=O,Inhibition,13.0,%,=,CHEMBL765003,CHEMBL230,
CHEMBL295765,Cc1cc(-c2ccc(NS(C)(=O)=O)cc2)n(-c2ccc([N+](=O)[O-])cn2)n1,Inhibition,13.0,%,=,CHEMBL765003,CHEMBL230,
CHEMBL295432,CC(=O)N(c1ccc(-c2cc(C(F)(F)F)nn2-c2ccc(Cl)cc2)cc1)S(C)(=O)=O,Inhibition,63.0,%,=,CHEMBL765003,CHEMBL230,
CHEMBL118335,CCNC(=O)c1cc(C(C)(C)C)c2c(c1)C(C)(C)CO2,IC50,6000.0,nM,=,CHEMBL768957,CHEMBL230,5.22
CHEMBL297527,CS(=O)(=O)Nc1ccc(-c2cc(C(F)(F)F)nn2-c2ccc(N)cc2)cc1,Inhibition,69.0,%,=,CHEMBL765003,CHEMBL230,
CHEMBL297527,CS(=O)(=O)Nc1ccc(-c2cc(C(F)(F)F)nn2-c2ccc(N)cc2)cc1,IC50,2640.0,nM,=,CHEMBL762918,CHEMBL230,5.58
CHEMBL118,Cc1ccc(-c2cc(C(F)(F)F)nn2-c2ccc(S(N)(=O)=O)cc2)cc1,IC50,50.7,nM,=,CHEMBL767760,CHEMBL230,7.29
CHEMBL431335,CS(=O)(=O)Nc1ccc(-c2cc(C(F)F)nn2-c2ccccc2F)cc1,Inhibition,89.0,%,=,CHEMBL765003,CHEMBL230,
CHEMBL46816,CCCC(=O)N(c1ccc(-c2cc(C(F)(F)F)nn2-c2ccc(Cl)cc2)cc1)S(C)(=O)=O,Inhibition,62.0,%,=,CHEMBL765003,CHEMBL230,
CHEMBL46152,CCCC(=O)N(c1ccc(-c2cc(C(F)F)nn2-c2ccc(Cl)cc2)cc1)S(C)(=O)=O,Inhibition,42.0,%,=,CHEMBL765003,CHEMBL230,
CHEMBL119433,CN(C(=O)c1cc(C(C)(C)C)c2c(c1)C(C)(C)CO2)C1CC1,IC50,1000.0,nM,=,CHEMBL768957,CHEMBL230,6.00
CHEMBL118,Cc1ccc(-c2cc(C(F)(F)F)nn2-c2ccc(S(N)(=O)=O)cc2)cc1,Inhibition,100.0,%,=,CHEMBL765003,CHEMBL230,
CHEMBL118,Cc1ccc(-c2cc(C(F)(F)F)nn2-c2ccc(S(N)(=O)=O)cc2)cc1,IC50,36.0,nM,=,CHEMBL762918,CHEMBL230,7.44
CHEMBL421608,CC1(C)CC(c2cc(C(C)(C)C)c3c(c2)C(C)(C)CO3)=NO1,IC50,200.0,nM,=,CHEMBL768957,CHEMBL230,6.70
CHEMBL297788,CS(=O)(=O)Nc1ccc(-c2cc(C(F)(F)F)nn2-c2ccc(Br)cc2)cc1,Inhibition,100.0,%,=,CHEMBL765003,CHEMBL230,
CHEMBL297788,CS(=O)(=O)Nc1ccc(-c2cc(C(F)(F)F)nn2-c2ccc(Br)cc2)cc1,IC50,230.0,nM,=,CHEMBL762918,CHEMBL230,6.64
CHEMBL45247,CS(=O)(=O)Nc1ccc(-c2cc(C(F)F)nn2-c2ccc(Cl)cc2)cc1,Inhibition,100.0,%,=,CHEMBL765003,CHEMBL230,
CHEMBL45247,CS(=O)(=O)Nc1ccc(-c2cc(C(F)F)nn2-c2ccc(Cl)cc2)cc1,IC50,150.0,nM,=,CHEMBL762918,CHEMBL230,6.82
CHEMBL47724,CCC(=O)N(c1ccc(-c2cc(C(F)(F)F)nn2-c2ccc(Cl)cc2)cc1)S(C)(=O)=O,Inhibition,65.0,%,=,CHEMBL765003,CHEMBL230,
CHEMBL47594,CC(=O)N(c1ccc(-c2cc(C(F)F)nn2-c2ccc(Cl)cc2)cc1)S(C)(=O)=O,Inhibition,17.0,%,=,CHEMBL765003,CHEMBL230,
CHEMBL119472,CCCCNC(=O)c1cc(C(C)(C)C)c2c(c1)C(C)(C)CO2,IC50,220.0,nM,=,CHEMBL768957,CHEMBL230,6.66
CHEMBL326295,CC(C)(C)c1cc(NN2CCC=N2)cc2c1OCC2(C)C,IC50,100000.0,nM,>,CHEMBL768957,CHEMBL230,
CHEMBL118839,CC(C)(C)c1cc(-c2cccs2)cc2c1OCC2(C)C,IC50,70.0,nM,=,CHEMBL768957,CHEMBL230,7.16
CHEMBL274893,CS(=O)(=O)c1ccc(C2=C(c3ccc(F)cc3)CCC2)cc1,IC50,300.0,nM,<,CHEMBL768957,CHEMBL230,
CHEMBL46073,CCC(=O)N(c1ccc(-c2cc(C(F)F)nn2-c2ccc(Cl)cc2)cc1)S(C)(=O)=O,Inhibition,36.0,%,=,CHEMBL765003,CHEMBL230,
CHEMBL47359,Cc1cc(-c2ccc(NS(C)(=O)=O)cc2)n(-c2ccccc2)n1,Inhibition,7.0,%,=,CHEMBL765003,CHEMBL230,
CHEMBL119720,Cn1cccc1C(=O)c1cc(C(C)(C)C)c2c(c1)C(C)(C)CO2,IC50,45.0,nM,=,CHEMBL768957,CHEMBL230,7.35
CHEMBL45222,CS(=O)(=O)Nc1ccc(-c2cc(C(F)(F)F)nn2-c2cccc(Cl)c2)cc1,Inhibition,3.0,%,=,CHEMBL765003,CHEMBL230,
CHEMBL47897,CS(=O)(=O)Nc1ccc(-c2cc(C(F)F)nn2-c2ccccc2)cc1,Inhibition,31.0,%,=,CHEMBL765003,CHEMBL230,
CHEMBL422075,CC(C)(C)c1cc(C(=N)N2CCCC2)cc2c1OCC2(C)C,IC50,100000.0,nM,>,CHEMBL768957,CHEMBL230,
CHEMBL297159,CS(=O)(=O)Nc1ccc(-c2cc(C(F)(F)F)nn2-c2ccc([N+](=O)[O-])cc2)cc1,Inhibition,0.0,%,=,CHEMBL765003,CHEMBL230,
CHEMBL431333,COc1ccc(-n2nc(C(F)(F)F)cc2-c2ccc(NC(C)=O)cc2)cc1,Inhibition,64.0,%,=,CHEMBL765003,CHEMBL230,
CHEMBL122065,CCCNC(=O)c1cc(C(C)(C)C)c2c(c1)C(C)(C)CO2,IC50,950.0,nM,=,CHEMBL768957,CHEMBL230,6.02
CHEMBL44319,CS(=O)(=O)Nc1ccc(-c2cc(C(F)(F)F)nn2-c2ccccc2)cc1,Inhibition,100.0,%,=,CHEMBL765003,CHEMBL230,
CHEMBL44319,CS(=O)(=O)Nc1ccc(-c2cc(C(F)(F)F)nn2-c2ccccc2)cc1,IC50,2900.0,nM,=,CHEMBL762918,CHEMBL230,5.54
CHEMBL119418,CCCCCNC(=O)c1cc(C(C)(C)C)c2c(c1)C(C)(C)CO2,IC50,250.0,nM,=,CHEMBL768957,CHEMBL230,6.60
CHEMBL326365,CC(=O)Nc1cc(C(C)(C)C)c2c(c1)C(C)(C)CO2,IC50,3500.0,nM,=,CHEMBL768957,CHEMBL230,5.46
CHEMBL332937,CC(C)(C)c1cc(C(=O)c2cccs2)cc2c1OCC2(C)C,IC50,38.0,nM,=,CHEMBL768957,CHEMBL230,7.42
CHEMBL122,CS(=O)(=O)c1ccc(C2=C(c3ccccc3)C(=O)OC2)cc1,IC50,196.0,nM,=,CHEMBL767760,CHEMBL230,6.71
CHEMBL122,CS(=O)(=O)c1ccc(C2=C(c3ccccc3)C(=O)OC2)cc1,IC50,340.0,nM,=,CHEMBL760078,CHEMBL230,6.47
CHEMBL295833,CS(=O)(=O)Nc1ccc(-c2cc(C(F)(F)F)nn2-c2ccccc2F)cc1,Inhibition,89.0,%,=,CHEMBL765003,CHEMBL230,
CHEMBL47619,CS(=O)(=O)Nc1ccc(-c2cc(C(F)F)nn2-c2cccc(F)c2)cc1,Inhibition,67.0,%,=,CHEMBL765003,CHEMBL230,
CHEMBL117911,CC(C)(C)c1cc(/C=C\c2cccs2)cc2c1OCC2(C)C,IC50,35.0,nM,=,CHEMBL768957,CHEMBL230,7.46
CHEMBL521,CC(C)Cc1ccc(C(C)C(=O)O)cc1,IC50,30000.0,nM,=,CHEMBL768957,CHEMBL230,4.52
CHEMBL441972,CS(=O)(=O)Nc1ccc(-c2cc(C(F)(F)F)nn2-c2ccc(S(N)(=O)=O)cc2CO)cc1,Inhibition,12.0,%,=,CHEMBL765003,CHEMBL230,
CHEMBL47484,CS(=O)(=O)Nc1ccc(-c2cc(C(F)F)nn2-c2ccc(F)c(F)c2)cc1,Inhibition,36.0,%,=,CHEMBL765003,CHEMBL230,
CHEMBL13878,C#CCCCC(=O)c1cc(C(C)(C)C)c(O)c(C(C)(C)C)c1,IC50,100.0,nM,=,CHEMBL768957,CHEMBL230,7.00
CHEMBL320433,Cc1ccc(-c2cc(C(F)(F)F)n(-c3ccc(N=[N+]=[N-])cc3)n2)cc1,IC50,2630.0,nM,=,CHEMBL767760,CHEMBL230,5.58
CHEMBL117682,CC(C)(C)c1cc(-c2csc(N=C(N)N)n2)cc2c1OCC2(C)C,IC50,9000.0,nM,=,CHEMBL768957,CHEMBL230,5.05
CHEMBL326362,CC(C)(C)c1cc(/C=C2/SC(N)=NC2=O)cc2c1OCC2(C)C,IC50,3000.0,nM,=,CHEMBL768957,CHEMBL230,5.52
CHEMBL178489,NS(=O)(=O)c1ccc(Nc2nc(-c3ccccc3)cs2)cc1,Enzyme inhibition,29.0,%,=,CHEMBL832117,CHEMBL230,
CHEMBL178293,NS(=O)(=O)c1ccc(CCNS(=O)(=O)c2ccccc2[N+](=O)[O-])cc1,Enzyme inhibition,22.0,%,=,CHEMBL832117,CHEMBL230,
CHEMBL369286,NS(=O)(=O)c1ccc(N/C=C/C(=O)c2ccncc2)cc1,Enzyme inhibition,42.0,%,=,CHEMBL832117,CHEMBL230,
CHEMBL362197,Cc1onc(-c2ccccc2)c1C(=O)Nc1ccc(S(N)(=O)=O)cc1,Enzyme inhibition,48.0,%,=,CHEMBL832117,CHEMBL230,
CHEMBL178943,C/C(=N\Nc1ccc(S(N)(=O)=O)cc1)c1ccccn1,Enzyme inhibition,39.0,%,=,CHEMBL832117,CHEMBL230,
CHEMBL361609,NS(=O)(=O)c1ccc(Cl)c(C(=O)Nc2cccc([N+](=O)[O-])c2)c1,Enzyme inhibition,57.0,%,=,CHEMBL832117,CHEMBL230,
CHEMBL425334,NS(=O)(=O)c1ccc(CCNS(=O)(=O)c2ccc(Cl)cc2Cl)cc1,Enzyme inhibition,30.0,%,=,CHEMBL832117,CHEMBL230,
CHEMBL360884,NS(=O)(=O)c1ccc(CCNC(=O)c2ccccc2Br)cc1,Enzyme inhibition,10.0,%,=,CHEMBL832117,CHEMBL230,
CHEMBL175434,NS(=O)(=O)c1ccc(NC2=CC(=O)C(=O)c3ccccc32)cc1,Enzyme inhibition,27.0,%,=,CHEMBL832117,CHEMBL230,
CHEMBL178812,NS(=O)(=O)c1ccc(NCc2cnc3ccccc3n2)cc1,Enzyme inhibition,54.0,%,=,CHEMBL832117,CHEMBL230,
CHEMBL178095,CS(=O)(=O)c1cc(Nc2ccc(Br)cc2)ncn1,Enzyme inhibition,60.0,%,=,CHEMBL832117,CHEMBL230,
CHEMBL179559,NS(=O)(=O)c1ccc(NC(=S)NC(=O)c2ccc(Cl)cc2Cl)cc1,Enzyme inhibition,22.0,%,=,CHEMBL832117,CHEMBL230,
CHEMBL309156,CS(=O)(=O)c1ccc(-c2occ(Cl)c(=O)c2-c2ccccc2F)cc1,IC50,6309573.44,nM,=,CHEMBL875561,CHEMBL230,
CHEMBL306673,CS(=O)(=O)c1ccc(-c2occ(Cl)c(=O)c2-c2cccc(F)c2)cc1,IC50,1425607.59,nM,=,CHEMBL875561,CHEMBL230,
CHEMBL70296,CS(=O)(=O)c1ccc(-c2occ(Cl)c(=O)c2-c2ccc(Cl)cc2)cc1,IC50,936052.05,nM,=,CHEMBL875561,CHEMBL230,
CHEMBL68972,CS(=O)(=O)c1ccc(-c2occ(Cl)c(=O)c2-c2cccc(Cl)c2)cc1,IC50,1416772.11,nM,=,CHEMBL875561,CHEMBL230,
CHEMBL68873,CS(=O)(=O)c1ccc(-c2occ(Cl)c(=O)c2-c2cc(F)cc(F)c2)cc1,IC50,2343689.1,nM,=,CHEMBL875561,CHEMBL230,
CHEMBL410891,CS(=O)(=O)c1ccc(-c2occ(Cl)c(=O)c2-c2ccc(-c3ccccc3)cc2)cc1,pIC50,,,,CHEMBL875561,CHEMBL230,
CHEMBL304793,CCc1ccc(-c2c(-c3ccc(S(C)(=O)=O)cc3)occ(Cl)c2=O)cc1,IC50,720111.92,nM,=,CHEMBL875561,CHEMBL230,
CHEMBL69683,COc1ccc(-c2c(-c3ccc(S(C)(=O)=O)cc3)occ(Cl)c2=O)cc1,IC50,6870684.4,nM,=,CHEMBL875561,CHEMBL230,
CHEMBL1626804,Cc1cc[s+](-c2c(C3CCC(S(C)(=O)=O)CC3)occ(Cl)c2=O)c1,IC50,736037.6,nM,=,CHEMBL875561,CHEMBL230,
CHEMBL71423,Cc1ccc(-c2c(-c3ccc(S(C)(=O)=O)cc3)occ(Cl)c2=O)cc1,IC50,1760759.34,nM,=,CHEMBL875561,CHEMBL230,
CHEMBL308692,CS(=O)(=O)c1ccc(-c2occ(Cl)c(=O)c2-c2ccc(-c3ccccc3)c(F)c2)cc1,IC50,87902.25,nM,=,CHEMBL875561,CHEMBL230,4.06
CHEMBL69030,CS(=O)(=O)c1ccc(-c2occ(Cl)c(=O)c2-c2cccnc2)cc1,IC50,7048553.49,nM,=,CHEMBL875561,CHEMBL230,
CHEMBL306639,CS(=O)(=O)c1ccc(-c2occc(=O)c2-c2ccc(F)cc2)cc1,IC50,2236145.2,nM,=,CHEMBL875561,CHEMBL230,
CHEMBL69567,CS(=O)(=O)c1ccc(-c2occ(Cl)c(=S)c2-c2ccc(F)cc2)cc1,IC50,835795.45,nM,=,CHEMBL875561,CHEMBL230,
CHEMBL179512,COc1cc(/C=C/C(O)=C/C(=O)/C=C/c2ccc(O)cc2)ccc1O,IC50,21360.0,nM,=,CHEMBL825457,CHEMBL230,4.67
CHEMBL105350,O=C(/C=C/c1ccc(O)cc1)CC(=O)/C=C/c1ccc(O)cc1,IC50,36370.0,nM,=,CHEMBL825457,CHEMBL230,4.44
CHEMBL180239,COc1cc(/C=C/c2cc(/C=C/c3ccc(O)c(OC)c3)[nH]n2)ccc1O,IC50,9700.0,nM,=,CHEMBL825457,CHEMBL230,5.01
CHEMBL361141,COc1cc(/C=C/c2cc(/C=C/c3ccc(O)cc3)[nH]n2)ccc1O,IC50,15450.0,nM,=,CHEMBL825457,CHEMBL230,4.81
CHEMBL178383,Oc1ccc(/C=C/c2cc(/C=C/c3ccc(O)cc3)[nH]n2)cc1,IC50,32410.0,nM,=,CHEMBL825457,CHEMBL230,4.49
CHEMBL181529,COc1cc(/C=C/c2cc(/C=C/c3ccc(O)c(OC)c3)on2)ccc1O,IC50,10710.0,nM,=,CHEMBL825457,CHEMBL230,4.97
CHEMBL140,COc1cc(/C=C/C(=O)CC(=O)/C=C/c2ccc(O)c(OC)c2)ccc1O,IC50,11060.0,nM,=,CHEMBL825457,CHEMBL230,4.96
CHEMBL182033,COc1cc(/C=C/c2cc(/C=C/c3ccc(O)cc3)on2)ccc1O,IC50,18960.0,nM,=,CHEMBL825457,CHEMBL230,4.72
CHEMBL153,Cc1c(C)c2c(c(C)c1O)CCC(C)(C(=O)O)O2,IC50,13100.0,nM,=,CHEMBL828539,CHEMBL230,4.88
CHEMBL182793,CCCN1C(=O)CS/C1=N/c1ccccc1,Inhibition,0.0,%,=,CHEMBL836263,CHEMBL230,
CHEMBL127153,Cc1ccc(Oc2c(-c3ccc(S(C)(=O)=O)cc3)oc(C)cc2=O)c(Cl)c1,IC50,239.99,nM,=,CHEMBL875561,CHEMBL230,6.62
CHEMBL126991,Cc1cc(=O)c(Oc2ccc(Cl)cc2C)c(-c2ccc(S(C)(=O)=O)cc2)o1,IC50,190.11,nM,=,CHEMBL875561,CHEMBL230,6.72
CHEMBL126369,COc1ccc(Oc2c(-c3ccc(S(C)(=O)=O)cc3)oc(C)cc2=O)c(Cl)c1,IC50,180.01,nM,=,CHEMBL875561,CHEMBL230,6.75
CHEMBL127125,Cc1cc(=O)c(Oc2ccccc2)c(-c2ccc(S(C)(=O)=O)cc2)o1,IC50,1000.0,nM,=,CHEMBL875561,CHEMBL230,6.00
CHEMBL126303,Cc1cc(=O)c(Oc2ccccc2C)c(-c2ccc(S(C)(=O)=O)cc2)o1,IC50,170.02,nM,=,CHEMBL875561,CHEMBL230,6.77
CHEMBL126404,Cc1cccc(Oc2c(-c3ccc(S(C)(=O)=O)cc3)oc(C)cc2=O)c1,IC50,1349.9,nM,=,CHEMBL875561,CHEMBL230,5.87
CHEMBL127868,Cc1ccc(Oc2c(-c3ccc(S(C)(=O)=O)cc3)oc(C)cc2=O)cc1,IC50,209.99,nM,=,CHEMBL875561,CHEMBL230,6.68
CHEMBL341320,Cc1ccc(Oc2c(-c3ccc(S(C)(=O)=O)cc3)oc(C)cc2=O)c(F)c1,IC50,60.01,nM,=,CHEMBL875561,CHEMBL230,7.22
CHEMBL338347,Cc1cc(=O)c(Oc2ccc(N)cc2)c(-c2ccc(S(C)(=O)=O)cc2)o1,IC50,1480.13,nM,=,CHEMBL875561,CHEMBL230,5.83
CHEMBL127268,Cc1cc(=O)c(-c2ccccc2)c(-c2ccc(S(C)(=O)=O)cc2)o1,IC50,1840.77,nM,=,CHEMBL875561,CHEMBL230,5.74
CHEMBL126392,Cc1cc(=O)c(-c2ccccc2F)c(-c2ccc(S(C)(=O)=O)cc2)o1,IC50,1530.03,nM,=,CHEMBL875561,CHEMBL230,5.82
CHEMBL362626,CCCN1C(=O)/C(=C/c2cccc(OC)c2)S/C1=N/c1ccccc1,Inhibition,24.0,%,=,CHEMBL836263,CHEMBL230,
CHEMBL126244,Cc1cc(=O)c(-c2cccc(F)c2)c(-c2ccc(S(C)(=O)=O)cc2)o1,IC50,3369.77,nM,=,CHEMBL875561,CHEMBL230,5.47
CHEMBL338705,Cc1cc(=O)c(-c2ccc(F)cc2)c(-c2ccc(S(C)(=O)=O)cc2)o1,IC50,1069.05,nM,=,CHEMBL875561,CHEMBL230,5.97
CHEMBL126629,Cc1cc(=O)c(-c2ccc(Cl)cc2)c(-c2ccc(S(C)(=O)=O)cc2)o1,IC50,2147.83,nM,=,CHEMBL875561,CHEMBL230,5.67
CHEMBL338927,Cc1cc(=O)c(-c2ccc(Br)cc2)c(-c2ccc(S(C)(=O)=O)cc2)o1,IC50,1730.21,nM,=,CHEMBL875561,CHEMBL230,5.76
CHEMBL129613,Cc1cc(=O)c(-c2ccc(C(F)(F)F)cc2)c(-c2ccc(S(C)(=O)=O)cc2)o1,IC50,6919.9,nM,=,CHEMBL875561,CHEMBL230,5.16
CHEMBL126578,Cc1ccc(-c2c(-c3ccc(S(C)(=O)=O)cc3)oc(C)cc2=O)cc1,IC50,2182.73,nM,=,CHEMBL875561,CHEMBL230,5.66
CHEMBL127190,Cc1cc(=O)c(-c2ccc(Cl)c(Cl)c2)c(-c2ccc(S(C)(=O)=O)cc2)o1,IC50,680.77,nM,=,CHEMBL875561,CHEMBL230,6.17
CHEMBL126810,Cc1cc(=O)c(-c2ccc(F)cc2F)c(-c2ccc(S(C)(=O)=O)cc2)o1,IC50,1119.95,nM,=,CHEMBL875561,CHEMBL230,5.95
CHEMBL126979,Cc1cc(=O)c(-c2ccc(Cl)cc2F)c(-c2ccc(S(C)(=O)=O)cc2)o1,IC50,2050.22,nM,=,CHEMBL875561,CHEMBL230,5.69
CHEMBL127267,Cc1cc(=O)c(-c2ccc(S(C)(=O)=O)cc2)c(-c2ccc(F)cc2)o1,IC50,9770.12,nM,=,CHEMBL875561,CHEMBL230,5.01
CHEMBL339150,Cc1cc(=O)c(-c2ccccc2)c(-c2ccc(S(N)(=O)=O)cc2)o1,IC50,6889.7,nM,=,CHEMBL875561,CHEMBL230,5.16
CHEMBL72352,CS(=O)(=O)c1ccc(-c2occ(Cl)c(=O)c2-c2ccccc2)cc1,IC50,1080936.05,nM,=,CHEMBL875561,CHEMBL230,
CHEMBL68866,CS(=O)(=O)c1ccc(-c2occ(Cl)c(=O)c2-c2ccc(F)cc2)cc1,IC50,1478427.39,nM,=,CHEMBL875561,CHEMBL230,
CHEMBL67759,CS(=O)(=O)c1ccc(-c2occ(Cl)c(=O)c2-c2ccc(F)cc2F)cc1,IC50,1386117.35,nM,=,CHEMBL875561,CHEMBL230,
CHEMBL70264,CS(=O)(=O)c1ccc(-c2occ(Cl)c(=O)c2-c2ccc(F)c(F)c2)cc1,IC50,1234809.61,nM,=,CHEMBL875561,CHEMBL230,
CHEMBL183906,O=C1NC(=O)/C(=C/c2cccc(C(F)(F)F)c2)S1,Inhibition,0.0,%,=,CHEMBL836263,CHEMBL230,
CHEMBL362181,COC(=O)CN1C(=O)S/C(=C\c2cccc(C(F)(F)F)c2)C1=O,Inhibition,,%,,CHEMBL837491,CHEMBL230,
CHEMBL118,Cc1ccc(-c2cc(C(F)(F)F)nn2-c2ccc(S(N)(=O)=O)cc2)cc1,Inhibition,93.0,%,=,CHEMBL836263,CHEMBL230,
CHEMBL56367,CS(=O)(=O)Nc1ccc([N+](=O)[O-])cc1Oc1ccccc1,IC50,600.0,nM,=,CHEMBL877006,CHEMBL230,6.22
CHEMBL329688,COc1ccc(C2SCC(=O)N2CCN2C(=O)CSC2c2ccc(OC)cc2)cc1,IC50,1120.0,nM,=,CHEMBL877006,CHEMBL230,5.95
CHEMBL127084,Cc1cc(=O)c(Oc2ccc(F)cc2)c(-c2ccc(S(C)(=O)=O)cc2)o1,IC50,979.94,nM,=,CHEMBL875561,CHEMBL230,6.01
CHEMBL420351,Cc1cc(=O)c(Oc2ccc(Cl)cc2)c(-c2ccc(S(C)(=O)=O)cc2)o1,IC50,320.04,nM,=,CHEMBL875561,CHEMBL230,6.50
CHEMBL127514,Cc1cc(=O)c(Oc2ccc(Br)cc2)c(-c2ccc(S(C)(=O)=O)cc2)o1,IC50,359.75,nM,=,CHEMBL875561,CHEMBL230,6.44
CHEMBL126683,Cc1cc(=O)c(Oc2ccc(I)cc2)c(-c2ccc(S(C)(=O)=O)cc2)o1,IC50,410.02,nM,=,CHEMBL875561,CHEMBL230,6.39
CHEMBL339258,Cc1cc(=O)c(Oc2ccc(C(F)(F)F)cc2)c(-c2ccc(S(C)(=O)=O)cc2)o1,IC50,2449.06,nM,=,CHEMBL875561,CHEMBL230,5.61
CHEMBL127560,Cc1cc(=O)c(Oc2ccc(OC(F)(F)F)cc2)c(-c2ccc(S(C)(=O)=O)cc2)o1,IC50,2449.06,nM,=,CHEMBL875561,CHEMBL230,5.61
CHEMBL129473,Cc1cc(=O)c(Oc2ccc([N+](=O)[O-])cc2)c(-c2ccc(S(C)(=O)=O)cc2)o1,IC50,3990.25,nM,=,CHEMBL875561,CHEMBL230,5.40
CHEMBL127211,Cc1cc(=O)c(Oc2ccc(F)cc2F)c(-c2ccc(S(C)(=O)=O)cc2)o1,IC50,80.0,nM,=,CHEMBL875561,CHEMBL230,7.10
CHEMBL127210,Cc1cc(=O)c(Oc2ccc(F)c(F)c2)c(-c2ccc(S(C)(=O)=O)cc2)o1,IC50,4429.96,nM,=,CHEMBL875561,CHEMBL230,5.35
CHEMBL362149,Cc1cc(=O)c(Oc2ccc(Cl)cc2Cl)c(-c2ccc(S(C)(=O)=O)cc2)o1,IC50,3380.65,nM,=,CHEMBL875561,CHEMBL230,5.47
CHEMBL442767,Cc1cc(=O)c(Oc2ccc(Cl)cc2F)c(-c2ccc(S(C)(=O)=O)cc2)o1,IC50,199.99,nM,=,CHEMBL875561,CHEMBL230,6.70
CHEMBL125460,Cc1cc(=O)c(Oc2ccc(Br)cc2F)c(-c2ccc(S(C)(=O)=O)cc2)o1,IC50,149.97,nM,=,CHEMBL875561,CHEMBL230,6.82
CHEMBL338457,Cc1cc(=O)c(Oc2ccc(Br)cc2Cl)c(-c2ccc(S(C)(=O)=O)cc2)o1,IC50,310.03,nM,=,CHEMBL875561,CHEMBL230,6.51
CHEMBL129640,Cc1cc(=O)c(Oc2ccc(F)cc2C)c(-c2ccc(S(C)(=O)=O)cc2)o1,IC50,180.01,nM,=,CHEMBL875561,CHEMBL230,6.75
CHEMBL183279,COc1ccc(Sc2c(C#N)[nH]c3cc(S(C)(=O)=O)ccc23)c(Cl)c1,IC50,330.0,nM,=,CHEMBL830989,CHEMBL230,6.48
CHEMBL362290,Cc1[nH]c2cc(S(C)(=O)=O)ccc2c1Sc1ccc(F)cc1,IC50,20.0,nM,=,CHEMBL830989,CHEMBL230,7.70
CHEMBL362290,Cc1[nH]c2cc(S(C)(=O)=O)ccc2c1Sc1ccc(F)cc1,IC50,2200.0,nM,=,CHEMBL874565,CHEMBL230,5.66
CHEMBL363767,Cc1[nH]c2cc(S(C)(=O)=O)ccc2c1Sc1ccc(F)cc1F,IC50,,nM,,CHEMBL828611,CHEMBL230,
CHEMBL363767,Cc1[nH]c2cc(S(C)(=O)=O)ccc2c1Sc1ccc(F)cc1F,IC50,770.0,nM,=,CHEMBL874565,CHEMBL230,6.11
CHEMBL184281,COc1ccc(Sc2c(C)[nH]c3cc(S(C)(=O)=O)ccc23)cc1,IC50,470.0,nM,=,CHEMBL830989,CHEMBL230,6.33
CHEMBL184281,COc1ccc(Sc2c(C)[nH]c3cc(S(C)(=O)=O)ccc23)cc1,IC50,4800.0,nM,=,CHEMBL874565,CHEMBL230,5.32
CHEMBL183653,Cc1[nH]c2cc(S(C)(=O)=O)ccc2c1Sc1ccccn1,IC50,1780.0,nM,=,CHEMBL830989,CHEMBL230,5.75
CHEMBL183653,Cc1[nH]c2cc(S(C)(=O)=O)ccc2c1Sc1ccccn1,IC50,5200.0,nM,=,CHEMBL874565,CHEMBL230,5.28
CHEMBL362138,Cc1[nH]c2cc(S(C)(=O)=O)ccc2c1Cc1ccc(F)cc1,IC50,80.0,nM,=,CHEMBL830989,CHEMBL230,7.10
CHEMBL362138,Cc1[nH]c2cc(S(C)(=O)=O)ccc2c1Cc1ccc(F)cc1,IC50,11300.0,nM,=,CHEMBL874565,CHEMBL230,4.95
CHEMBL183970,Cc1[nH]c2cc(S(C)(=O)=O)ccc2c1Cc1ccc(F)cc1F,IC50,260.0,nM,=,CHEMBL830989,CHEMBL230,6.58
CHEMBL183970,Cc1[nH]c2cc(S(C)(=O)=O)ccc2c1Cc1ccc(F)cc1F,IC50,8400.0,nM,=,CHEMBL874565,CHEMBL230,5.08
CHEMBL185528,Cc1[nH]c2cc(S(C)(=O)=O)ccc2c1Cc1ccc(Cl)cc1,IC50,260.0,nM,=,CHEMBL830989,CHEMBL230,6.58
CHEMBL185528,Cc1[nH]c2cc(S(C)(=O)=O)ccc2c1Cc1ccc(Cl)cc1,IC50,5600.0,nM,=,CHEMBL874565,CHEMBL230,5.25
CHEMBL442036,COc1ccc(Cc2c(C)[nH]c3cc(S(C)(=O)=O)ccc23)cc1,IC50,270.0,nM,=,CHEMBL830989,CHEMBL230,6.57
CHEMBL442036,COc1ccc(Cc2c(C)[nH]c3cc(S(C)(=O)=O)ccc23)cc1,IC50,5100.0,nM,=,CHEMBL874565,CHEMBL230,5.29
CHEMBL363756,Cc1[nH]c2cc(S(C)(=O)=O)ccc2c1Cc1ccccc1Cl,IC50,70.0,nM,=,CHEMBL830989,CHEMBL230,7.16
CHEMBL363756,Cc1[nH]c2cc(S(C)(=O)=O)ccc2c1Cc1ccccc1Cl,IC50,5500.0,nM,=,CHEMBL874565,CHEMBL230,5.26
CHEMBL183930,Cc1[nH]c2cc(S(C)(=O)=O)ccc2c1[S+]([O-])c1ccc(F)cc1,IC50,40000.0,nM,>,CHEMBL830989,CHEMBL230,
CHEMBL183930,Cc1[nH]c2cc(S(C)(=O)=O)ccc2c1[S+]([O-])c1ccc(F)cc1,IC50,,nM,,CHEMBL829936,CHEMBL230,
CHEMBL366306,Cc1[nH]c2cc(S(C)(=O)=O)ccc2c1S(=O)(=O)c1ccc(F)cc1,IC50,40000.0,nM,>,CHEMBL830989,CHEMBL230,
CHEMBL366306,Cc1[nH]c2cc(S(C)(=O)=O)ccc2c1S(=O)(=O)c1ccc(F)cc1,IC50,,nM,,CHEMBL829936,CHEMBL230,
CHEMBL184039,COC(=O)c1[nH]c2cc(S(C)(=O)=O)ccc2c1Sc1ccc(F)cc1,IC50,800.0,nM,=,CHEMBL830989,CHEMBL230,6.10
CHEMBL184039,COC(=O)c1[nH]c2cc(S(C)(=O)=O)ccc2c1Sc1ccc(F)cc1,IC50,1100.0,nM,=,CHEMBL874565,CHEMBL230,5.96
CHEMBL185246,CS(=O)(=O)c1ccc2c(Sc3ccc(F)cc3)c(C(=O)O)[nH]c2c1,IC50,40000.0,nM,>,CHEMBL830989,CHEMBL230,
CHEMBL185246,CS(=O)(=O)c1ccc2c(Sc3ccc(F)cc3)c(C(=O)O)[nH]c2c1,IC50,,nM,,CHEMBL829936,CHEMBL230,
CHEMBL366121,CS(=O)(=O)c1ccc2c(Sc3ccc(F)cc3)c(C(N)=O)[nH]c2c1,IC50,1210.0,nM,=,CHEMBL830989,CHEMBL230,5.92
CHEMBL366121,CS(=O)(=O)c1ccc2c(Sc3ccc(F)cc3)c(C(N)=O)[nH]c2c1,IC50,40000.0,nM,>,CHEMBL874565,CHEMBL230,
CHEMBL433585,CS(=O)(=O)c1ccc2c(Sc3ccc(F)cc3)c(C#N)[nH]c2c1,IC50,1010.0,nM,=,CHEMBL830989,CHEMBL230,6.00
CHEMBL433585,CS(=O)(=O)c1ccc2c(Sc3ccc(F)cc3)c(C#N)[nH]c2c1,IC50,2300.0,nM,=,CHEMBL874565,CHEMBL230,5.64
CHEMBL183101,COC(=O)c1[nH]c2cc(S(C)(=O)=O)ccc2c1Sc1ccc(F)cc1F,IC50,380.0,nM,=,CHEMBL830989,CHEMBL230,6.42
CHEMBL183101,COC(=O)c1[nH]c2cc(S(C)(=O)=O)ccc2c1Sc1ccc(F)cc1F,IC50,380.0,nM,=,CHEMBL874565,CHEMBL230,6.42
CHEMBL363741,CS(=O)(=O)c1ccc2c(Sc3ccc(F)cc3F)c(C(N)=O)[nH]c2c1,IC50,2240.0,nM,=,CHEMBL830989,CHEMBL230,5.65
CHEMBL363741,CS(=O)(=O)c1ccc2c(Sc3ccc(F)cc3F)c(C(N)=O)[nH]c2c1,IC50,40000.0,nM,>,CHEMBL874565,CHEMBL230,
CHEMBL184436,CNC(=O)c1[nH]c2cc(S(C)(=O)=O)ccc2c1Sc1ccc(F)cc1F,IC50,40000.0,nM,>,CHEMBL830989,CHEMBL230,
CHEMBL184436,CNC(=O)c1[nH]c2cc(S(C)(=O)=O)ccc2c1Sc1ccc(F)cc1F,IC50,,nM,,CHEMBL829936,CHEMBL230,
CHEMBL184764,CS(=O)(=O)c1ccc2c(Sc3ccc(F)cc3F)c(C#N)[nH]c2c1,IC50,940.0,nM,=,CHEMBL830989,CHEMBL230,6.03
CHEMBL184764,CS(=O)(=O)c1ccc2c(Sc3ccc(F)cc3F)c(C#N)[nH]c2c1,IC50,1270.0,nM,=,CHEMBL874565,CHEMBL230,5.90
CHEMBL183294,CS(=O)(=O)c1ccc2c(Sc3ccccc3Cl)c(C#N)[nH]c2c1,IC50,130.0,nM,=,CHEMBL830989,CHEMBL230,6.89
CHEMBL183294,CS(=O)(=O)c1ccc2c(Sc3ccccc3Cl)c(C#N)[nH]c2c1,IC50,570.0,nM,=,CHEMBL874565,CHEMBL230,6.24
CHEMBL362093,Cc1[nH]c2cc(S(C)(=O)=O)ccc2c1Oc1ccc(F)cc1,IC50,30.0,nM,=,CHEMBL830989,CHEMBL230,7.52
CHEMBL362093,Cc1[nH]c2cc(S(C)(=O)=O)ccc2c1Oc1ccc(F)cc1,IC50,2000.0,nM,=,CHEMBL874565,CHEMBL230,5.70
CHEMBL183279,COc1ccc(Sc2c(C#N)[nH]c3cc(S(C)(=O)=O)ccc23)c(Cl)c1,IC50,1090.0,nM,=,CHEMBL874565,CHEMBL230,5.96
CHEMBL184022,CS(=O)(=O)c1ccc2c(Sc3ccc(F)cc3)c(CO)[nH]c2c1,IC50,420.0,nM,=,CHEMBL830989,CHEMBL230,6.38
CHEMBL184022,CS(=O)(=O)c1ccc2c(Sc3ccc(F)cc3)c(CO)[nH]c2c1,IC50,5900.0,nM,=,CHEMBL874565,CHEMBL230,5.23
CHEMBL365436,CC(=O)OCc1[nH]c2cc(S(C)(=O)=O)ccc2c1Sc1ccccc1Cl,IC50,40000.0,nM,>,CHEMBL830989,CHEMBL230,
CHEMBL365436,CC(=O)OCc1[nH]c2cc(S(C)(=O)=O)ccc2c1Sc1ccccc1Cl,IC50,,nM,,CHEMBL829936,CHEMBL230,
CHEMBL359563,Cc1[nH]c2cc(S(C)(=O)=O)ccc2c1Oc1ccc(F)cc1F,IC50,110.0,nM,=,CHEMBL830989,CHEMBL230,6.96
CHEMBL359563,Cc1[nH]c2cc(S(C)(=O)=O)ccc2c1Oc1ccc(F)cc1F,IC50,4100.0,nM,=,CHEMBL874565,CHEMBL230,5.39
CHEMBL184075,Cc1[nH]c2cc(S(C)(=O)=O)ccc2c1Oc1ccc(Cl)cc1,IC50,300.0,nM,=,CHEMBL830989,CHEMBL230,6.52
CHEMBL184075,Cc1[nH]c2cc(S(C)(=O)=O)ccc2c1Oc1ccc(Cl)cc1,IC50,3800.0,nM,=,CHEMBL874565,CHEMBL230,5.42
CHEMBL433756,COc1ccc(Oc2c(C)[nH]c3cc(S(C)(=O)=O)ccc23)cc1,IC50,200.0,nM,=,CHEMBL830989,CHEMBL230,6.70
CHEMBL433756,COc1ccc(Oc2c(C)[nH]c3cc(S(C)(=O)=O)ccc23)cc1,IC50,1600.0,nM,=,CHEMBL874565,CHEMBL230,5.80
CHEMBL183178,COc1ccc(Oc2c(C)[nH]c3cccc(S(C)(=O)=O)c23)cc1,IC50,200.0,nM,=,CHEMBL830989,CHEMBL230,6.70
CHEMBL183178,COc1ccc(Oc2c(C)[nH]c3cccc(S(C)(=O)=O)c23)cc1,IC50,1600.0,nM,=,CHEMBL874565,CHEMBL230,5.80
CHEMBL360343,Cc1[nH]c2cc(S(C)(=O)=O)ccc2c1Oc1ccc(Cl)cc1Cl,IC50,110.0,nM,=,CHEMBL830989,CHEMBL230,6.96
CHEMBL360343,Cc1[nH]c2cc(S(C)(=O)=O)ccc2c1Oc1ccc(Cl)cc1Cl,IC50,4100.0,nM,=,CHEMBL874565,CHEMBL230,5.39
CHEMBL361055,Cc1[nH]c2cc(S(C)(=O)=O)ccc2c1C(=O)c1ccc(F)cc1,IC50,660.0,nM,=,CHEMBL830989,CHEMBL230,6.18
CHEMBL361055,Cc1[nH]c2cc(S(C)(=O)=O)ccc2c1C(=O)c1ccc(F)cc1,IC50,1720.0,nM,=,CHEMBL874565,CHEMBL230,5.76
CHEMBL264503,CS(=O)(=O)Cc1[nH]c2cc(S(C)(=O)=O)ccc2c1Sc1ccccc1Cl,IC50,40000.0,nM,>,CHEMBL830989,CHEMBL230,
CHEMBL264503,CS(=O)(=O)Cc1[nH]c2cc(S(C)(=O)=O)ccc2c1Sc1ccccc1Cl,IC50,,nM,,CHEMBL829936,CHEMBL230,
CHEMBL183977,COc1ccc(C(=O)c2c(C)[nH]c3cc(S(C)(=O)=O)ccc23)cc1,IC50,1090.0,nM,=,CHEMBL830989,CHEMBL230,5.96
CHEMBL183977,COc1ccc(C(=O)c2c(C)[nH]c3cc(S(C)(=O)=O)ccc23)cc1,IC50,2600.0,nM,=,CHEMBL874565,CHEMBL230,5.58
CHEMBL183088,CS(=O)(=O)c1ccc(-c2ccc(F)c(F)c2-c2ccc(F)cc2)cc1,IC50,14.13,nM,=,CHEMBL827656,CHEMBL230,7.85
CHEMBL185163,NS(=O)(=O)c1ccc(-c2ccc(F)c(F)c2-c2ccc(F)cc2)cc1,IC50,3.981,nM,=,CHEMBL827656,CHEMBL230,8.40
CHEMBL185420,CS(=O)(=O)c1ccc(-c2ccc(F)c(F)c2-c2ccc(F)c(Cl)c2)cc1,IC50,10.0,nM,=,CHEMBL827656,CHEMBL230,8.00
CHEMBL362779,NS(=O)(=O)c1ccc(-c2ccc(F)c(F)c2-c2ccc(F)c(Cl)c2)cc1,IC50,1.995,nM,=,CHEMBL827656,CHEMBL230,8.70
CHEMBL188071,Cc1cc(-c2c(-c3ccc(S(C)(=O)=O)cc3)ccc(F)c2F)ccc1F,IC50,5.012,nM,=,CHEMBL827656,CHEMBL230,8.30
CHEMBL365301,Cc1cc(-c2c(-c3ccc(S(N)(=O)=O)cc3)ccc(F)c2F)ccc1F,IC50,1.995,nM,=,CHEMBL827656,CHEMBL230,8.70
CHEMBL365252,COc1ccc(-c2c(-c3ccc(S(C)(=O)=O)cc3)ccc(F)c2F)cc1F,IC50,20.89,nM,=,CHEMBL827656,CHEMBL230,7.68
CHEMBL182820,COc1ccc(-c2c(-c3ccc(S(N)(=O)=O)cc3)ccc(F)c2F)cc1F,IC50,12.88,nM,=,CHEMBL827656,CHEMBL230,7.89
CHEMBL185407,COc1ccc(-c2c(-c3ccc(S(C)(=O)=O)cc3)ccc(F)c2F)cc1Cl,IC50,19.05,nM,=,CHEMBL827656,CHEMBL230,7.72
CHEMBL184122,COc1ccc(-c2c(-c3ccc(S(N)(=O)=O)cc3)ccc(F)c2F)cc1Cl,IC50,12.88,nM,=,CHEMBL827656,CHEMBL230,7.89
CHEMBL359586,COc1c(Cl)cc(-c2c(-c3ccc(S(N)(=O)=O)cc3)ccc(F)c2F)cc1Cl,IC50,20.89,nM,=,CHEMBL827656,CHEMBL230,7.68
CHEMBL184498,COc1ccc(-c2c(-c3ccc(S(C)(=O)=O)cc3)ccc(F)c2F)cc1C,IC50,12.88,nM,=,CHEMBL827656,CHEMBL230,7.89
CHEMBL184341,COc1ccc(-c2c(-c3ccc(S(N)(=O)=O)cc3)ccc(F)c2F)cc1C,IC50,5.012,nM,=,CHEMBL827656,CHEMBL230,8.30
CHEMBL364166,COc1ccc(-c2c(-c3ccc(S(C)(=O)=O)cc3)ccc(F)c2F)cc1OC,IC50,338.84,nM,=,CHEMBL827656,CHEMBL230,6.47
CHEMBL184327,COc1ccc(-c2c(-c3ccc(S(N)(=O)=O)cc3)ccc(F)c2F)cc1OC,IC50,64.57,nM,=,CHEMBL827656,CHEMBL230,7.19
CHEMBL183515,CS(=O)(=O)c1ccc(-c2ccc(F)c(F)c2-c2ccc3c(c2)OCO3)cc1,IC50,12.02,nM,=,CHEMBL827656,CHEMBL230,7.92
CHEMBL365883,NS(=O)(=O)c1ccc(-c2ccc(F)c(F)c2-c2ccc3c(c2)OCO3)cc1,IC50,3.981,nM,=,CHEMBL827656,CHEMBL230,8.40
CHEMBL365622,Cc1ccc(-c2c(-c3ccc(S(C)(=O)=O)cc3)ccc(F)c2F)cc1,IC50,6.918,nM,=,CHEMBL827656,CHEMBL230,8.16
CHEMBL184076,Cc1ccc(-c2c(-c3ccc(S(N)(=O)=O)cc3)ccc(F)c2F)cc1,IC50,3.981,nM,=,CHEMBL827656,CHEMBL230,8.40
CHEMBL362137,Cc1ccc(-c2c(-c3ccc(S(C)(=O)=O)cc3)ccc(F)c2F)cc1Cl,IC50,12.88,nM,=,CHEMBL827656,CHEMBL230,7.89
CHEMBL185547,Cc1ccc(-c2c(-c3ccc(S(N)(=O)=O)cc3)ccc(F)c2F)cc1Cl,IC50,3.02,nM,=,CHEMBL827656,CHEMBL230,8.52
CHEMBL184389,Cc1ccc(-c2c(-c3ccc(S(C)(=O)=O)cc3)ccc(F)c2F)cc1C,IC50,22.91,nM,=,CHEMBL827656,CHEMBL230,7.64
CHEMBL184375,Cc1ccc(-c2c(-c3ccc(S(N)(=O)=O)cc3)ccc(F)c2F)cc1C,IC50,5.012,nM,=,CHEMBL827656,CHEMBL230,8.30
CHEMBL182695,Cc1cc(-c2c(-c3ccc(S(C)(=O)=O)cc3)ccc(F)c2F)ccc1Cl,IC50,6.026,nM,=,CHEMBL827656,CHEMBL230,8.22
CHEMBL185196,Cc1cc(-c2c(-c3ccc(S(N)(=O)=O)cc3)ccc(F)c2F)ccc1Cl,IC50,3.02,nM,=,CHEMBL827656,CHEMBL230,8.52
CHEMBL364598,CN(C)c1ccc(-c2c(-c3ccc(S(C)(=O)=O)cc3)ccc(F)c2F)cc1Cl,IC50,7.943,nM,=,CHEMBL827656,CHEMBL230,8.10
CHEMBL363270,CN(C)c1ccc(-c2c(-c3ccc(S(N)(=O)=O)cc3)ccc(F)c2F)cc1Cl,IC50,6.026,nM,=,CHEMBL827656,CHEMBL230,8.22
CHEMBL365890,CS(=O)(=O)c1ccc(-c2ccc(F)c(F)c2-c2ccc3c(c2)OCCO3)cc1,IC50,338.84,nM,=,CHEMBL827656,CHEMBL230,6.47
CHEMBL186634,NS(=O)(=O)c1ccc(-c2ccc(F)c(F)c2-c2ccc3c(c2)OCCO3)cc1,IC50,32.36,nM,=,CHEMBL827656,CHEMBL230,7.49
CHEMBL291912,CS(=O)(=O)c1ccc(-c2ccccc2-c2ccc(F)cc2)cc1,IC50,263.03,nM,=,CHEMBL827656,CHEMBL230,6.58
CHEMBL294715,NS(=O)(=O)c1ccc(-c2ccccc2-c2ccc(F)cc2)cc1,IC50,61.66,nM,=,CHEMBL827656,CHEMBL230,7.21
CHEMBL52454,CS(=O)(=O)c1ccc(-c2ccccc2-c2ccc(F)c(Cl)c2)cc1,IC50,363.08,nM,=,CHEMBL827656,CHEMBL230,6.44
CHEMBL54412,NS(=O)(=O)c1ccc(-c2ccccc2-c2ccc(F)c(Cl)c2)cc1,IC50,16.98,nM,=,CHEMBL827656,CHEMBL230,7.77
CHEMBL55188,CS(=O)(=O)c1ccc(-c2ccccc2-c2ccc(Cl)cc2)cc1,IC50,141.25,nM,=,CHEMBL827656,CHEMBL230,6.85
CHEMBL442166,COc1ccc(-c2ccccc2-c2ccc(S(N)(=O)=O)cc2)cc1F,IC50,33.11,nM,=,CHEMBL827656,CHEMBL230,7.48
CHEMBL54039,COc1ccc(-c2ccccc2-c2ccc(S(N)(=O)=O)cc2)cc1Cl,IC50,19.05,nM,=,CHEMBL827656,CHEMBL230,7.72
CHEMBL184145,CS(=O)(=O)c1ccc(-c2ccc(Cl)c(Cl)c2-c2ccc(F)cc2)cc1,IC50,239.88,nM,=,CHEMBL827656,CHEMBL230,6.62
CHEMBL365060,CS(=O)(=O)c1ccc(-c2ccc3c(c2-c2ccc(F)cc2)OCO3)cc1,IC50,83.18,nM,=,CHEMBL827656,CHEMBL230,7.08
CHEMBL363102,CS(=O)(=O)c1ccc(-c2c(-c3cccc(F)c3)nn3ncccc23)cc1,IC50,34.0,nM,=,CHEMBL833052,CHEMBL230,7.47
CHEMBL365865,CS(=O)(=O)c1ccc(-c2c(-c3ccccc3)nn3ncccc23)cc1,IC50,2.0,nM,=,CHEMBL833052,CHEMBL230,8.70
CHEMBL361472,Cc1ccc(-c2nn3ncccc3c2-c2ccc(S(C)(=O)=O)cc2)cc1,IC50,17.0,nM,=,CHEMBL833052,CHEMBL230,7.77
CHEMBL359775,COc1ccc(-c2nn3ncccc3c2-c2ccc(S(C)(=O)=O)cc2)cc1,IC50,10.0,nM,<,CHEMBL833052,CHEMBL230,
CHEMBL366102,NS(=O)(=O)c1ccc(-c2c(-c3ccc(F)cc3)nn3ncccc23)cc1,IC50,10.0,nM,<,CHEMBL833052,CHEMBL230,
CHEMBL186632,CCOc1ccc(-c2nn3ncccc3c2-c2ccc(S(N)(=O)=O)cc2)cc1,IC50,0.44,nM,=,CHEMBL833052,CHEMBL230,9.36
CHEMBL360182,NS(=O)(=O)c1ccc(-c2c(-c3ccc(OC(F)(F)F)cc3)nn3ncccc23)cc1,IC50,388.0,nM,=,CHEMBL833052,CHEMBL230,6.41
CHEMBL185621,Cc1ccc2c(-c3ccc(S(C)(=O)=O)cc3)c(-c3ccc(F)cc3)nn2n1,IC50,24.0,nM,=,CHEMBL833052,CHEMBL230,7.62
CHEMBL187468,CCc1ccc2c(-c3ccc(S(C)(=O)=O)cc3)c(-c3ccc(F)cc3)nn2n1,IC50,48.0,nM,=,CHEMBL833052,CHEMBL230,7.32
CHEMBL188115,COc1ccc2c(-c3ccc(S(C)(=O)=O)cc3)c(-c3ccc(F)cc3)nn2n1,IC50,51.0,nM,=,CHEMBL833052,CHEMBL230,7.29
CHEMBL365267,COc1ccc2c(-c3ccc(S(N)(=O)=O)cc3)c(-c3ccc(F)cc3)nn2n1,IC50,26.0,nM,=,CHEMBL833052,CHEMBL230,7.58
CHEMBL184613,Cc1ccc2c(-c3ccc(S(C)(=O)=O)cc3)c(-c3ccccc3)nn2n1,IC50,31.0,nM,<,CHEMBL833052,CHEMBL230,
CHEMBL184187,COc1ccc2c(-c3ccc(S(C)(=O)=O)cc3)c(-c3ccc(C)cc3)nn2n1,IC50,50.0,nM,=,CHEMBL833052,CHEMBL230,7.30
CHEMBL186709,CCOc1ccc(-c2nn3nc(SC)ccc3c2-c2ccc(S(N)(=O)=O)cc2)cc1,IC50,13.0,nM,=,CHEMBL833052,CHEMBL230,7.89
CHEMBL434520,CS(=O)(=O)c1ccc(-c2c(-c3ccc(F)cc3)nn3nc(S(C)(=O)=O)ccc23)cc1,IC50,370.0,nM,=,CHEMBL833052,CHEMBL230,6.43
CHEMBL361494,CCOc1ccc(-c2nn3nc(S(C)(=O)=O)ccc3c2-c2ccc(S(N)(=O)=O)cc2)cc1,IC50,264.0,nM,=,CHEMBL833052,CHEMBL230,6.58
CHEMBL183891,CCOc1ccc2c(-c3ccc(S(C)(=O)=O)cc3)c(-c3ccc(F)cc3)nn2n1,IC50,43.0,nM,=,CHEMBL833052,CHEMBL230,7.37
CHEMBL365473,CC(C)Oc1ccc2c(-c3ccc(S(C)(=O)=O)cc3)c(-c3ccc(F)cc3)nn2n1,IC50,57.0,nM,=,CHEMBL833052,CHEMBL230,7.24
CHEMBL118,Cc1ccc(-c2cc(C(F)(F)F)nn2-c2ccc(S(N)(=O)=O)cc2)cc1,IC50,68.0,nM,=,CHEMBL833052,CHEMBL230,7.17
CHEMBL122,CS(=O)(=O)c1ccc(C2=C(c3ccccc3)C(=O)OC2)cc1,IC50,32.0,nM,=,CHEMBL833052,CHEMBL230,7.50
CHEMBL865,Cc1onc(-c2ccccc2)c1-c1ccc(S(N)(=O)=O)cc1,IC50,183.0,nM,=,CHEMBL833052,CHEMBL230,6.74
CHEMBL416146,Cc1ccc(-c2ncc(Cl)cc2-c2ccc(S(C)(=O)=O)cc2)cn1,IC50,347.0,nM,=,CHEMBL833052,CHEMBL230,6.46
CHEMBL364804,CCOc1ccc(-c2nn3ncccc3c2-c2ccc(S(C)(=O)=O)cc2)cc1,IC50,3.0,nM,=,CHEMBL833052,CHEMBL230,8.52
CHEMBL359787,CS(=O)(=O)c1ccc(-c2c(-c3ccc(F)cc3)nn3ncccc23)cc1,IC50,39.0,nM,=,CHEMBL833052,CHEMBL230,7.41
CHEMBL434148,COC1(c2cc(-c3ccc(S(C)(=O)=O)cc3)n(-c3ccccc3)n2)CCCO1,Inhibition,65.0,%,=,CHEMBL832079,CHEMBL230,
CHEMBL434148,COC1(c2cc(-c3ccc(S(C)(=O)=O)cc3)n(-c3ccccc3)n2)CCCO1,Inhibition,30.0,%,=,CHEMBL831851,CHEMBL230,
CHEMBL190011,COC1(c2cc(-c3ccc(S(C)(=O)=O)cc3)n(-c3ccc(C)cc3)n2)CCCO1,Inhibition,90.0,%,=,CHEMBL832079,CHEMBL230,
CHEMBL190011,COC1(c2cc(-c3ccc(S(C)(=O)=O)cc3)n(-c3ccc(C)cc3)n2)CCCO1,Inhibition,55.0,%,=,CHEMBL831851,CHEMBL230,
CHEMBL190011,COC1(c2cc(-c3ccc(S(C)(=O)=O)cc3)n(-c3ccc(C)cc3)n2)CCCO1,IC50,1200.0,nM,=,CHEMBL827218,CHEMBL230,5.92
CHEMBL360198,COC1(c2cc(-c3ccc(S(C)(=O)=O)cc3)n(-c3ccc(C(F)(F)F)cc3)n2)CCCO1,Inhibition,70.0,%,=,CHEMBL832079,CHEMBL230,
CHEMBL360198,COC1(c2cc(-c3ccc(S(C)(=O)=O)cc3)n(-c3ccc(C(F)(F)F)cc3)n2)CCCO1,Inhibition,25.0,%,=,CHEMBL831851,CHEMBL230,
CHEMBL366066,COC1(c2cc(-c3ccc(S(C)(=O)=O)cc3)n(-c3ccc(F)cc3)n2)CCCO1,Inhibition,75.0,%,=,CHEMBL832079,CHEMBL230,
CHEMBL366066,COC1(c2cc(-c3ccc(S(C)(=O)=O)cc3)n(-c3ccc(F)cc3)n2)CCCO1,Inhibition,40.0,%,=,CHEMBL831851,CHEMBL230,
CHEMBL360594,COC1(c2cc(-c3ccc(S(C)(=O)=O)cc3)n(-c3ccc(Cl)cc3)n2)CCCO1,Inhibition,80.0,%,=,CHEMBL832079,CHEMBL230,
CHEMBL360594,COC1(c2cc(-c3ccc(S(C)(=O)=O)cc3)n(-c3ccc(Cl)cc3)n2)CCCO1,Inhibition,25.0,%,=,CHEMBL831851,CHEMBL230,
CHEMBL188718,COC1(c2cc(-c3ccc(S(C)(=O)=O)cc3)n(-c3ccc(Br)cc3)n2)CCCO1,Inhibition,84.0,%,=,CHEMBL832079,CHEMBL230,
CHEMBL188718,COC1(c2cc(-c3ccc(S(C)(=O)=O)cc3)n(-c3ccc(Br)cc3)n2)CCCO1,Inhibition,13.0,%,=,CHEMBL831851,CHEMBL230,
CHEMBL186294,COC1(c2cc(-c3ccc(S(C)(=O)=O)cc3)n(-c3ccc(C#N)cc3)n2)CCCO1,Inhibition,25.0,%,=,CHEMBL832079,CHEMBL230,
CHEMBL186294,COC1(c2cc(-c3ccc(S(C)(=O)=O)cc3)n(-c3ccc(C#N)cc3)n2)CCCO1,Inhibition,30.0,%,=,CHEMBL831851,CHEMBL230,
CHEMBL118,Cc1ccc(-c2cc(C(F)(F)F)nn2-c2ccc(S(N)(=O)=O)cc2)cc1,Inhibition,100.0,%,=,CHEMBL832079,CHEMBL230,
CHEMBL118,Cc1ccc(-c2cc(C(F)(F)F)nn2-c2ccc(S(N)(=O)=O)cc2)cc1,Inhibition,50.0,%,=,CHEMBL831851,CHEMBL230,
CHEMBL118,Cc1ccc(-c2cc(C(F)(F)F)nn2-c2ccc(S(N)(=O)=O)cc2)cc1,IC50,1200.0,nM,=,CHEMBL827218,CHEMBL230,5.92
CHEMBL122,CS(=O)(=O)c1ccc(C2=C(c3ccccc3)C(=O)OC2)cc1,Inhibition,100.0,%,=,CHEMBL832079,CHEMBL230,
CHEMBL122,CS(=O)(=O)c1ccc(C2=C(c3ccccc3)C(=O)OC2)cc1,Inhibition,75.0,%,=,CHEMBL831851,CHEMBL230,
CHEMBL122,CS(=O)(=O)c1ccc(C2=C(c3ccccc3)C(=O)OC2)cc1,IC50,300.0,nM,=,CHEMBL827218,CHEMBL230,6.52
CHEMBL365033,Cc1onc(-c2ccccc2)c1-c1ccccc1,IC50,2490.0,nM,=,CHEMBL830991,CHEMBL230,5.60
CHEMBL361504,CCc1onc(-c2ccccc2)c1-c1ccccc1,IC50,1490.0,nM,=,CHEMBL830991,CHEMBL230,5.83
CHEMBL442224,Cc1cc(C)c(-c2noc(C)c2-c2ccccc2)c(C)c1,IC50,100000.0,nM,>,CHEMBL830991,CHEMBL230,
CHEMBL363228,Cc1onc(-c2ccc(Cl)o2)c1-c1ccccc1,IC50,100000.0,nM,>,CHEMBL830991,CHEMBL230,
CHEMBL186764,COc1cc(OC)c(-c2noc(C)c2-c2ccccc2)c(OC)c1,IC50,100000.0,nM,>,CHEMBL830991,CHEMBL230,
CHEMBL188739,COc1cc(OC)c(-c2noc(C)c2-c2ccccc2)c(OC)c1Cl,IC50,100000.0,nM,>,CHEMBL830991,CHEMBL230,
CHEMBL865,Cc1onc(-c2ccccc2)c1-c1ccc(S(N)(=O)=O)cc1,IC50,570.0,nM,=,CHEMBL830991,CHEMBL230,6.24
CHEMBL185638,Cc1cc(C)c(S(N)(=O)=O)c(C)c1-c1noc(C)c1-c1ccccc1,IC50,100000.0,nM,>,CHEMBL830991,CHEMBL230,
CHEMBL185639,Cc1onc(-c2ccc(Cl)o2)c1-c1ccc(S(N)(=O)=O)cc1,IC50,100000.0,nM,>,CHEMBL830991,CHEMBL230,
CHEMBL186817,COc1cc(OC)c(-c2noc(C)c2-c2ccc(S(N)(=O)=O)cc2)c(OC)c1Cl,IC50,100000.0,nM,>,CHEMBL830991,CHEMBL230,
CHEMBL189701,Cc1cc(C)c(S(N)(=O)=O)c(C)c1-c1noc(C)c1-c1ccc(S(N)(=O)=O)cc1,IC50,100000.0,nM,>,CHEMBL830991,CHEMBL230,
CHEMBL18264,CS(=O)(=O)c1ccc(C2=C(c3ccc(F)c(F)c3)C(=O)OC2)cc1,IC50,900.0,nM,=,CHEMBL876993,CHEMBL230,6.05
CHEMBL18264,CS(=O)(=O)c1ccc(C2=C(c3ccc(F)c(F)c3)C(=O)OC2)cc1,Selectivity,15.0,,=,CHEMBL829659,CHEMBL230,
CHEMBL52285,CS(=O)(=O)c1ccc(C2=C(c3cccc(F)c3)C(=O)OC2)cc1,IC50,1300.0,nM,=,CHEMBL876993,CHEMBL230,5.89
CHEMBL52285,CS(=O)(=O)c1ccc(C2=C(c3cccc(F)c3)C(=O)OC2)cc1,Selectivity,50.0,,=,CHEMBL825468,CHEMBL230,
CHEMBL195550,CS(=O)(=O)c1ccc(C2=C(c3ccccc3)S(=O)OC2)cc1,IC50,100000.0,nM,>,CHEMBL874436,CHEMBL230,
CHEMBL195550,CS(=O)(=O)c1ccc(C2=C(c3ccccc3)S(=O)OC2)cc1,Inhibition,13.0,%,=,CHEMBL834726,CHEMBL230,
CHEMBL24874,COc1ccc2c(c1)c(CC(=O)N[C@H](C)CO)c(C)n2C(=O)c1ccc(Cl)cc1,IC50,170.0,nM,=,CHEMBL832746,CHEMBL230,6.77
CHEMBL281847,COc1ccc2c(c1)c(CC(=O)N[C@@H](C)CO)c(C)n2C(=O)c1ccc(Cl)cc1,IC50,270.0,nM,=,CHEMBL832746,CHEMBL230,6.57
CHEMBL285828,COc1ccc2c(c1)c(CC(=O)N[C@@H](CO)C(C)C)c(C)n2C(=O)c1ccc(Cl)cc1,IC50,110.0,nM,=,CHEMBL832746,CHEMBL230,6.96
CHEMBL25030,COc1ccc2c(c1)c(CC(=O)N[C@H](CO)C(C)C)c(C)n2C(=O)c1ccc(Cl)cc1,IC50,370.0,nM,=,CHEMBL832746,CHEMBL230,6.43
CHEMBL26509,COc1ccc2c(c1)c(CC(=O)N[C@@H](CO)c1ccccc1)c(C)n2C(=O)c1ccc(Cl)cc1,IC50,440.0,nM,=,CHEMBL832746,CHEMBL230,6.36
CHEMBL277006,COc1ccc2c(c1)c(CC(=O)N[C@H](CO)c1ccccc1)c(C)n2C(=O)c1ccc(Cl)cc1,IC50,85.0,nM,=,CHEMBL832746,CHEMBL230,7.07
CHEMBL433427,COc1ccc2c(c1)c(CC(=O)NC(C)(C)CO)c(C)n2C(=O)c1ccc(Cl)cc1,IC50,190.0,nM,=,CHEMBL832746,CHEMBL230,6.72
CHEMBL364966,CS(=O)(=O)c1ccc(-c2cc(C(F)(F)F)cnc2C(=O)c2ccccc2)cc1,IC50,250.0,nM,=,CHEMBL831135,CHEMBL230,6.60
CHEMBL416146,Cc1ccc(-c2ncc(Cl)cc2-c2ccc(S(C)(=O)=O)cc2)cn1,IC50,2000.0,nM,=,CHEMBL831135,CHEMBL230,5.70
CHEMBL118,Cc1ccc(-c2cc(C(F)(F)F)nn2-c2ccc(S(N)(=O)=O)cc2)cc1,IC50,1200.0,nM,=,CHEMBL831135,CHEMBL230,5.92
CHEMBL122,CS(=O)(=O)c1ccc(C2=C(c3ccccc3)C(=O)OC2)cc1,IC50,500.0,nM,=,CHEMBL831135,CHEMBL230,6.30
CHEMBL329919,NS(=O)(=O)c1ccc(-n2nc(C(F)(F)F)c3c2-c2ccccc2CS3)cc1,IC50,19.95,nM,=,CHEMBL875560,CHEMBL230,7.70
CHEMBL94935,NS(=O)(=O)c1ccc(-n2nc(C(F)(F)F)c3c2-c2ccccc2CC3)cc1,IC50,1096.48,nM,=,CHEMBL875560,CHEMBL230,5.96
CHEMBL273420,NS(=O)(=O)c1ccc(-n2nc(C(F)(F)F)c3c2-c2ccccc2SC3)cc1,IC50,457.09,nM,=,CHEMBL875560,CHEMBL230,6.34
CHEMBL95021,NS(=O)(=O)c1ccc(-n2nc(C(F)(F)F)c3c2-c2ccccc2OC3)cc1,IC50,1318.26,nM,=,CHEMBL875560,CHEMBL230,5.88
CHEMBL328906,Cc1ccc2c(c1)CSc1c(C(F)(F)F)nn(-c3ccc(S(N)(=O)=O)cc3)c1-2,IC50,21.88,nM,=,CHEMBL875560,CHEMBL230,7.66
CHEMBL319512,COc1ccc2c(c1)CSc1c(C(F)(F)F)nn(-c3ccc(S(N)(=O)=O)cc3)c1-2,IC50,12.88,nM,=,CHEMBL875560,CHEMBL230,7.89
CHEMBL365769,COc1ccc2c(c1F)CSc1c(C(F)(F)F)nn(-c3ccc(S(N)(=O)=O)cc3)c1-2,IC50,8.913,nM,=,CHEMBL875560,CHEMBL230,8.05
CHEMBL316455,NS(=O)(=O)c1ccc(-n2nc(C(F)(F)F)c3c2-c2ccc(F)cc2CS3)cc1,IC50,39.81,nM,=,CHEMBL875560,CHEMBL230,7.40
CHEMBL195825,Cc1ccc2c(c1F)CSc1c(C(F)(F)F)nn(-c3ccc(S(N)(=O)=O)cc3)c1-2,IC50,15.85,nM,=,CHEMBL875560,CHEMBL230,7.80
CHEMBL365778,NS(=O)(=O)c1ccc(-n2nc(C(F)(F)F)c3c2-c2cccc(F)c2CS3)cc1,IC50,20.89,nM,=,CHEMBL875560,CHEMBL230,7.68
CHEMBL363574,NS(=O)(=O)c1ccc(-n2nc(C(F)(F)F)c3c2-c2ccc(F)c(F)c2CS3)cc1,IC50,6.026,nM,=,CHEMBL875560,CHEMBL230,8.22
CHEMBL365603,COc1ccc2c(c1F)CSc1c(C(F)F)nn(-c3ccc(S(N)(=O)=O)cc3)c1-2,IC50,32.36,nM,=,CHEMBL875560,CHEMBL230,7.49
CHEMBL195894,COc1ccc2c(c1F)CSc1c(C(F)(F)F)nn(-c3ccc(S(C)(=O)=O)cc3)c1-2,IC50,75.86,nM,=,CHEMBL875560,CHEMBL230,7.12
CHEMBL611203,COc1ccc2c(c1F)C[S+]([O-])c1c(C(F)(F)F)nn(-c3ccc(S(N)(=O)=O)cc3)c1-2,IC50,1513.56,nM,=,CHEMBL875560,CHEMBL230,5.82
CHEMBL95022,N#Cc1nn(-c2ccc(S(N)(=O)=O)cc2)c2c1SCc1cc(F)ccc1-2,IC50,141.25,nM,=,CHEMBL875560,CHEMBL230,6.85
CHEMBL381680,CC1([O-])OC(=O)C(c2ccc(Cl)cc2)=C1c1ccc(S(C)(=O)=O)cc1.[Na+],IC50,1700.0,nM,=,CHEMBL832841,CHEMBL230,5.77
CHEMBL443278,CC[C@]1(C)OC(=O)C(OC(C)C)=C1c1ccc(S(C)(=O)=O)cc1,IC50,400.0,nM,=,CHEMBL832841,CHEMBL230,6.40
CHEMBL423638,COC1(c2cc(F)cc(OCc3cc(-c4ccccc4)n(-c4ccc(S(C)(=O)=O)cc4)n3)c2)CCOCC1,IC50,50.0,nM,=,CHEMBL884640,CHEMBL230,7.30
CHEMBL372838,Cc1onc(-c2ccc(F)cc2)c1-c1ccc(S(N)(=O)=O)cc1,IC50,,nM,,CHEMBL880608,CHEMBL230,
CHEMBL363180,Cc1onc(-c2ccccc2)c1-c1ccc(S(N)(=O)=O)c(F)c1,IC50,,nM,,CHEMBL880608,CHEMBL230,
CHEMBL865,Cc1onc(-c2ccccc2)c1-c1ccc(S(N)(=O)=O)cc1,IC50,5.0,nM,=,CHEMBL881226,CHEMBL230,8.30
CHEMBL300982,CC1(C)Cc2c(-c3ccccc3)c(-c3ccc(Cl)cc3)c(CC(=O)O)n2C1,IC50,370.0,nM,=,CHEMBL884640,CHEMBL230,6.43
CHEMBL370562,Oc1ccc(-c2cn(-c3ccc(O)cc3)c(-c3ccc(O)cc3)n2)cc1,IC50,,,,CHEMBL880237,CHEMBL230,
CHEMBL195887,Oc1ccc(-c2nc(-c3ccc(O)cc3Cl)cn2-c2ccc(O)cc2)cc1,IC50,11500.0,nM,=,CHEMBL880237,CHEMBL230,4.94
CHEMBL196263,Oc1ccc(-n2cc(-c3ccc(O)cc3Cl)nc2-c2ccc(O)cc2Cl)cc1,IC50,9400.0,nM,=,CHEMBL880237,CHEMBL230,5.03
CHEMBL195142,CCc1c(-c2ccc(O)cc2)nc(-c2ccc(O)cc2)n1-c1ccc(O)cc1,IC50,,,,CHEMBL880237,CHEMBL230,
CHEMBL196538,Oc1ccc(-c2nc(C(F)(F)F)cn2-c2ccc(O)cc2)cc1,IC50,,,,CHEMBL880237,CHEMBL230,
CHEMBL25,CC(=O)Oc1ccccc1C(=O)O,Inhibition,,%,,CHEMBL881866,CHEMBL230,
CHEMBL6,COc1ccc2c(c1)c(CC(=O)O)c(C)n2C(=O)c1ccc(Cl)cc1,Inhibition,100.0,%,=,CHEMBL881971,CHEMBL230,
CHEMBL190083,C[C@@H](C(=O)O)c1ccc(-c2ccccc2)c(F)c1,IC50,123000.0,nM,=,CHEMBL880660,CHEMBL230,
CHEMBL435298,C[C@H](C(=O)O)c1ccc(-c2ccccc2)c(F)c1,IC50,910.0,nM,=,CHEMBL880660,CHEMBL230,6.04
CHEMBL371849,COc1ccccc1-n1c(-c2ccc(S(N)(=O)=O)cc2)nc2ccccc21,IC50,8000.0,nM,=,CHEMBL881502,CHEMBL230,5.10
CHEMBL436116,NS(=O)(=O)c1ccc(-c2nc3ccccc3n2-c2ccc(Cl)cc2)cc1,IC50,200.0,nM,=,CHEMBL881502,CHEMBL230,6.70
CHEMBL139,O=C(O)Cc1ccccc1Nc1c(Cl)cccc1Cl,IC50,5.0,nM,=,CHEMBL881502,CHEMBL230,8.30
CHEMBL139,O=C(O)Cc1ccccc1Nc1c(Cl)cccc1Cl,IC50,26.0,nM,=,CHEMBL881280,CHEMBL230,7.58
CHEMBL118,Cc1ccc(-c2cc(C(F)(F)F)nn2-c2ccc(S(N)(=O)=O)cc2)cc1,IC50,6.0,nM,=,CHEMBL881502,CHEMBL230,8.22
CHEMBL118,Cc1ccc(-c2cc(C(F)(F)F)nn2-c2ccc(S(N)(=O)=O)cc2)cc1,IC50,6.8,nM,=,CHEMBL881280,CHEMBL230,8.17
CHEMBL122,CS(=O)(=O)c1ccc(C2=C(c3ccccc3)C(=O)OC2)cc1,IC50,15.0,nM,=,CHEMBL881502,CHEMBL230,7.82
CHEMBL122,CS(=O)(=O)c1ccc(C2=C(c3ccccc3)C(=O)OC2)cc1,IC50,25.0,nM,=,CHEMBL881280,CHEMBL230,7.60
CHEMBL371477,NS(=O)(=O)c1ccc(-c2c(-c3ccccc3)noc2CF)cc1,IC50,2.0,nM,=,CHEMBL881226,CHEMBL230,8.70
CHEMBL196041,NS(=O)(=O)c1ccc(-c2c(-c3ccccc3)noc2CCF)cc1,IC50,8.0,nM,=,CHEMBL881226,CHEMBL230,8.10
CHEMBL200812,C[C@@H]1CN(c2c(C#N)c(C(F)F)nn2-c2ccc(S(C)(=O)=O)cn2)C[C@H](C)O1,IC50,28.0,nM,=,CHEMBL863480,CHEMBL230,7.55
CHEMBL7162,CS(=O)(=O)Nc1ccc([N+](=O)[O-])cc1OC1CCCCC1,Activity,,,,CHEMBL864312,CHEMBL230,
CHEMBL202474,CCC(CC)Oc1cc([N+](=O)[O-])ccc1NS(C)(=O)=O,Activity,,,,CHEMBL864312,CHEMBL230,
CHEMBL437497,CS(=O)(=O)Nc1ccc([N+](=O)[O-])cc1OC1CCCC1,Activity,,,,CHEMBL864312,CHEMBL230,
CHEMBL204183,CN(c1ccc([N+](=O)[O-])cc1OC1CCCCC1)S(C)(=O)=O,Activity,,,,CHEMBL864312,CHEMBL230,
CHEMBL202030,CCC(CC)Oc1cc([N+](=O)[O-])ccc1N(C)S(C)(=O)=O,Activity,,,,CHEMBL864312,CHEMBL230,
CHEMBL202473,CN(c1ccc([N+](=O)[O-])cc1OC1CCCC1)S(C)(=O)=O,Activity,,,,CHEMBL864312,CHEMBL230,
CHEMBL204502,CN(c1ccc([N+](=O)[O-])cc1OCC1CCCCC1)S(C)(=O)=O,Activity,,,,CHEMBL864312,CHEMBL230,
CHEMBL204501,CS(=O)(=O)Nc1ccc([N+](=O)[O-])cc1OCC1CCCCC1,Activity,,,,CHEMBL864312,CHEMBL230,
CHEMBL25,CC(=O)Oc1ccccc1C(=O)O,Inhibition,15.7,%,=,CHEMBL870859,CHEMBL230,
CHEMBL521,CC(C)Cc1ccc(C(C)C(=O)O)cc1,Inhibition,6.33,%,=,CHEMBL870859,CHEMBL230,
CHEMBL380368,Nc1ccc2c(c1)CCN2C(=O)c1cc(Cl)cc(Cl)c1,Inhibition,22.5,%,=,CHEMBL870859,CHEMBL230,
CHEMBL379307,CC(C)(C)c1cc(C(=O)N2CCc3cc(N)ccc32)cc(C(C)(C)C)c1,Inhibition,35.0,%,=,CHEMBL870859,CHEMBL230,
CHEMBL210418,Nc1ccc2c(c1)CCN2C(=O)c1cc(C(F)(F)F)cc(C(F)(F)F)c1,Inhibition,20.1,%,=,CHEMBL870859,CHEMBL230,
CHEMBL26915,COc1ccc(-n2nc(C(F)(F)F)cc2-c2ccc(Cl)cc2)cc1,Inhibition,28.5,%,=,CHEMBL870859,CHEMBL230,
CHEMBL377851,O=C(c1cc(Cl)cc(Cl)c1)N1CCc2cc([N+](=O)[O-])ccc21,Inhibition,2.99,%,=,CHEMBL870859,CHEMBL230,
CHEMBL209300,CC(C)(C)c1cc(C(=O)N2CCc3cc([N+](=O)[O-])ccc32)cc(C(C)(C)C)c1,Inhibition,,%,,CHEMBL870859,CHEMBL230,
CHEMBL210654,O=C(c1cc(C(F)(F)F)cc(C(F)(F)F)c1)N1CCc2cc([N+](=O)[O-])ccc21,Inhibition,,%,,CHEMBL870859,CHEMBL230,
CHEMBL1162927,Cc1cc(C)cc(C(=O)N2CCc3cc([N+](=O)[O-])ccc32)c1,Inhibition,53.5,%,=,CHEMBL870859,CHEMBL230,
CHEMBL42485,CS(=O)(=O)c1ccc(-c2cc(Br)sc2-c2ccc(F)cc2)cc1,Inhibition,88.2,%,=,CHEMBL870859,CHEMBL230,
CHEMBL210801,Nc1ccc2c(ccn2C(=O)c2cc(Cl)cc(Cl)c2)c1,Inhibition,34.1,%,=,CHEMBL870859,CHEMBL230,
CHEMBL210982,CC(C)(C)c1cc(C(=O)n2ccc3cc(N)ccc32)cc(C(C)(C)C)c1,Inhibition,20.8,%,=,CHEMBL870859,CHEMBL230,
CHEMBL377887,Nc1ccc2c(ccn2C(=O)c2cc(C(F)(F)F)cc(C(F)(F)F)c2)c1,Inhibition,24.1,%,=,CHEMBL870859,CHEMBL230,
CHEMBL378735,Cc1cc(C)cc(C(=O)n2ccc3cc(N)ccc32)c1,Inhibition,13.8,%,=,CHEMBL870859,CHEMBL230,
CHEMBL380292,Cc1cc(C)cc(C(=O)N2CCc3cc(N)ccc32)c1,Inhibition,4.48,%,=,CHEMBL870859,CHEMBL230,
CHEMBL377429,Cc1cc(C)cc(N2CCc3cc(N)ccc32)c1,Inhibition,6.33,%,=,CHEMBL870859,CHEMBL230,
CHEMBL210379,Cc1cc(C)cc(C(=O)n2ccc3cc([N+](=O)[O-])ccc32)c1,Inhibition,6.33,%,=,CHEMBL870859,CHEMBL230,
CHEMBL210416,O=C(c1cc(Cl)cc(Cl)c1)n1ccc2cc([N+](=O)[O-])ccc21,Inhibition,24.1,%,=,CHEMBL870859,CHEMBL230,
CHEMBL210467,CC(C)(C)c1cc(C(=O)n2ccc3cc([N+](=O)[O-])ccc32)cc(C(C)(C)C)c1,Inhibition,28.2,%,=,CHEMBL870859,CHEMBL230,
CHEMBL378212,O=C(c1cc(C(F)(F)F)cc(C(F)(F)F)c1)n1ccc2cc([N+](=O)[O-])ccc21,Inhibition,17.6,%,=,CHEMBL870859,CHEMBL230,
CHEMBL207594,C[S+]([O-])c1ccc(C2=C(c3ccccc3)C(=O)OC2)cc1,IC50,4930.0,nM,=,CHEMBL863256,CHEMBL230,5.31
CHEMBL416146,Cc1ccc(-c2ncc(Cl)cc2-c2ccc(S(C)(=O)=O)cc2)cn1,IC50,810.0,nM,=,CHEMBL863256,CHEMBL230,6.09
CHEMBL2096829,Cc1ccc(-c2ncc(Cl)cc2-c2ccc([S@+](C)[O-])cc2)cn1,IC50,3500.0,nM,=,CHEMBL863256,CHEMBL230,5.46
CHEMBL383092,Cc1ccc(-c2ncc(Cl)cc2-c2ccc([S+](C)[O-])cc2)cn1,IC50,3700.0,nM,=,CHEMBL863256,CHEMBL230,5.43
CHEMBL122,CS(=O)(=O)c1ccc(C2=C(c3ccccc3)C(=O)OC2)cc1,IC50,760.0,nM,=,CHEMBL863256,CHEMBL230,6.12
CHEMBL3084325,C[S@+]([O-])c1ccc(C2=C(c3ccccc3)C(=O)OC2)cc1,IC50,2100.0,nM,=,CHEMBL863256,CHEMBL230,5.68
CHEMBL426856,C[S@@+]([O-])c1ccc(C2=C(c3ccccc3)C(=O)OC2)cc1,IC50,4220.0,nM,=,CHEMBL863256,CHEMBL230,5.38
CHEMBL207039,Cc1ccc(-c2ncc(Cl)cc2-c2ccc([S@@+](C)[O-])cc2)cn1,Inhibition,24.4,%,=,CHEMBL869328,CHEMBL230,
CHEMBL416146,Cc1ccc(-c2ncc(Cl)cc2-c2ccc(S(C)(=O)=O)cc2)cn1,IC50,810.0,nM,=,CHEMBL864093,CHEMBL230,6.09
CHEMBL122,CS(=O)(=O)c1ccc(C2=C(c3ccccc3)C(=O)OC2)cc1,IC50,760.0,nM,=,CHEMBL864093,CHEMBL230,6.12
CHEMBL209408,Cc1cc(=O)c(Oc2ccc(Br)cc2F)c(-c2ccc([S@+](C)[O-])cc2)o1,IC50,200.0,nM,=,CHEMBL864093,CHEMBL230,6.70
CHEMBL208704,Cc1cc(=O)c(Oc2ccc(Cl)cc2F)c(-c2ccc([S@+](C)[O-])cc2)o1,IC50,250.0,nM,=,CHEMBL864093,CHEMBL230,6.60
CHEMBL2096836,Cc1cc(=O)c(Oc2ccc(F)cc2F)c(-c2ccc([S@+](C)[O-])cc2)o1,IC50,270.0,nM,=,CHEMBL864093,CHEMBL230,6.57
CHEMBL2096835,Cc1cc(=O)c(Oc2ccc(Br)cc2F)c(-c2ccc([S@@+](C)[O-])cc2)o1,IC50,1580.0,nM,=,CHEMBL864093,CHEMBL230,5.80
CHEMBL2096834,Cc1cc(=O)c(Oc2ccc(Cl)cc2F)c(-c2ccc([S@@+](C)[O-])cc2)o1,IC50,2470.0,nM,=,CHEMBL864093,CHEMBL230,5.61
CHEMBL212527,Cc1cc(=O)c(Oc2ccc(F)cc2F)c(-c2ccc([S@@+](C)[O-])cc2)o1,IC50,2100.0,nM,=,CHEMBL864093,CHEMBL230,5.68
CHEMBL212463,Cc1cc(=O)c(Oc2ccc(Br)cc2F)c(-c2ccc([S+](C)[O-])cc2)o1,IC50,570.0,nM,=,CHEMBL864093,CHEMBL230,6.24
CHEMBL210897,Cc1cc(=O)c(Oc2ccc(Cl)cc2F)c(-c2ccc([S+](C)[O-])cc2)o1,IC50,670.0,nM,=,CHEMBL864093,CHEMBL230,6.17
CHEMBL209883,Cc1cc(=O)c(Oc2ccc(F)cc2F)c(-c2ccc([S+](C)[O-])cc2)o1,IC50,920.0,nM,=,CHEMBL864093,CHEMBL230,6.04
CHEMBL125460,Cc1cc(=O)c(Oc2ccc(Br)cc2F)c(-c2ccc(S(C)(=O)=O)cc2)o1,IC50,150.0,nM,=,CHEMBL864093,CHEMBL230,6.82
CHEMBL442767,Cc1cc(=O)c(Oc2ccc(Cl)cc2F)c(-c2ccc(S(C)(=O)=O)cc2)o1,IC50,200.0,nM,=,CHEMBL864093,CHEMBL230,6.70
CHEMBL127211,Cc1cc(=O)c(Oc2ccc(F)cc2F)c(-c2ccc(S(C)(=O)=O)cc2)o1,IC50,80.0,nM,=,CHEMBL864093,CHEMBL230,7.10
CHEMBL214268,O=C(N[C@H]1CN2CCC1CC2)c1cc2ccoc2cn1,Inhibition,14.0,%,=,CHEMBL854440,CHEMBL230,
CHEMBL209689,Cc1ccc2c(c1)c(-c1ccnc3c(C)cccc13)c(C)n2CC(=O)O,IC50,3000.0,nM,=,CHEMBL871490,CHEMBL230,5.52
CHEMBL211159,CCC(=O)[N-]S(=O)(=O)c1ccc(-n2nc(C(F)F)cc2-c2ccc(Br)cc2)cc1CO.[Na+],Inhibition,14.0,%,=,CHEMBL871459,CHEMBL230,
CHEMBL379962,CCC(=O)[N-]S(=O)(=O)c1ccc(-n2nc(C(F)F)cc2-c2ccc(Br)cc2)cc1COC(=O)CC.[Na+],Inhibition,12.0,%,=,CHEMBL871459,CHEMBL230,
CHEMBL336145,CCCC(=O)[N-]S(=O)(=O)c1ccc(-n2nc(C(F)(F)F)cc2-c2ccc(C)cc2)cc1.[Na+],Inhibition,2.0,%,=,CHEMBL871459,CHEMBL230,
CHEMBL296913,CCC(=O)[N-]S(=O)(=O)c1ccc(-c2c(-c3ccccc3)noc2C)cc1.[Na+],Inhibition,,%,,CHEMBL871459,CHEMBL230,
CHEMBL211695,CCC(=O)NS(=O)(=O)c1ccc(-n2nc(C(F)(F)F)cc2-c2ccc(SC)cc2)cc1COC(=O)CC,Inhibition,18.0,%,=,CHEMBL871459,CHEMBL230,
CHEMBL379578,CCC(=O)[N-]S(=O)(=O)c1ccc(-n2nc(C(F)(F)F)cc2-c2ccc(SC)cc2)cc1COC(=O)CC.[Na+],Inhibition,25.0,%,=,CHEMBL871459,CHEMBL230,
CHEMBL212398,CCC(=O)[N-]S(=O)(=O)c1ccc(-n2nc(C(F)(F)F)cc2-c2ccc(SC)cc2)cc1CO.[Na+],Inhibition,21.0,%,=,CHEMBL871459,CHEMBL230,
CHEMBL214210,CCC(=O)OCc1cc(-n2nc(C(F)(F)F)cc2-c2ccc(Br)cc2)ccc1S(N)(=O)=O,Inhibition,65.0,%,=,CHEMBL871459,CHEMBL230,
CHEMBL209797,CCC(=O)NS(=O)(=O)c1ccc(-n2nc(C(F)(F)F)cc2-c2ccc(Br)cc2)cc1COC(=O)CC,Inhibition,25.0,%,=,CHEMBL871459,CHEMBL230,
CHEMBL211478,CCC(=O)[N-]S(=O)(=O)c1ccc(-n2nc(C(F)(F)F)cc2-c2ccc(Br)cc2)cc1COC(=O)CC.[Na+],Inhibition,35.0,%,=,CHEMBL871459,CHEMBL230,
CHEMBL377899,CCC(=O)[N-]S(=O)(=O)c1ccc(-n2nc(C(F)(F)F)cc2-c2ccc(Br)cc2)cc1CO.[Na+],Inhibition,23.0,%,=,CHEMBL871459,CHEMBL230,
CHEMBL378049,CCC(=O)OCc1cc(-n2nc(C(F)F)cc2-c2ccc(Br)cc2)ccc1S(N)(=O)=O,Inhibition,55.0,%,=,CHEMBL871459,CHEMBL230,
CHEMBL379481,CCC(=O)NS(=O)(=O)c1ccc(-n2nc(C(F)F)cc2-c2ccc(Br)cc2)cc1COC(=O)CC,Inhibition,25.0,%,=,CHEMBL871459,CHEMBL230,
CHEMBL209160,CCC(=O)OCc1cc(-n2nc(C(F)(F)F)cc2-c2ccc(OC)c(C)c2)ccc1S(N)(=O)=O,Inhibition,2.5,%,=,CHEMBL871458,CHEMBL230,
CHEMBL213999,CCC(=O)NS(=O)(=O)c1ccc(-n2nc(C(F)(F)F)cc2-c2ccc(OC)c(C)c2)cc1COC(=O)CC,Inhibition,10.0,%,=,CHEMBL871459,CHEMBL230,
CHEMBL379183,CCC(=O)[N-]S(=O)(=O)c1ccc(-n2nc(C(F)(F)F)cc2-c2ccc(OC)c(C)c2)cc1COC(=O)CC.[Na+],Inhibition,5.0,%,=,CHEMBL871459,CHEMBL230,
CHEMBL210160,CCC(=O)[N-]S(=O)(=O)c1ccc(-n2nc(C(F)(F)F)cc2-c2ccc(OC)c(C)c2)cc1CO.[Na+],Inhibition,15.0,%,=,CHEMBL871459,CHEMBL230,
CHEMBL377558,CCC(=O)OCc1cc(-n2nc(C(F)F)cc2-c2ccc(OC)c(C)c2)ccc1S(N)(=O)=O,Inhibition,75.0,%,=,CHEMBL871459,CHEMBL230,
CHEMBL213603,CCC(=O)NS(=O)(=O)c1ccc(-n2nc(C(F)F)cc2-c2ccc(OC)c(C)c2)cc1COC(=O)CC,Inhibition,45.0,%,=,CHEMBL871459,CHEMBL230,
CHEMBL386511,CCC(=O)[N-]S(=O)(=O)c1ccc(-n2nc(C(F)F)cc2-c2ccc(OC)c(C)c2)cc1COC(=O)CC.[Na+],Inhibition,17.0,%,=,CHEMBL871459,CHEMBL230,
CHEMBL210119,CCC(=O)[N-]S(=O)(=O)c1ccc(-n2nc(C(F)F)cc2-c2ccc(OC)c(C)c2)cc1CO.[Na+],Inhibition,13.0,%,=,CHEMBL871459,CHEMBL230,
CHEMBL386241,CCC(=O)OCc1cc(-n2nc(C(F)(F)F)cc2-c2ccc3c(c2)CCO3)ccc1S(N)(=O)=O,Inhibition,61.0,%,=,CHEMBL871459,CHEMBL230,
CHEMBL211867,CCC(=O)NS(=O)(=O)c1ccc(-n2nc(C(F)(F)F)cc2-c2ccc3c(c2)CCO3)cc1COC(=O)CC,Inhibition,2.0,%,=,CHEMBL871459,CHEMBL230,
CHEMBL211308,CCC(=O)[N-]S(=O)(=O)c1ccc(-n2nc(C(F)(F)F)cc2-c2ccc3c(c2)CCO3)cc1COC(=O)CC.[Na+],Inhibition,12.0,%,=,CHEMBL871459,CHEMBL230,
CHEMBL211743,CCC(=O)[N-]S(=O)(=O)c1ccc(-n2nc(C(F)(F)F)cc2-c2ccc3c(c2)CCO3)cc1CO.[Na+],Inhibition,25.0,%,=,CHEMBL871459,CHEMBL230,
CHEMBL214265,CCC(=O)OCc1cc(-n2nc(C(F)(F)F)cc2-c2ccc3c(c2)CCC3)ccc1S(N)(=O)=O,Inhibition,57.0,%,=,CHEMBL871459,CHEMBL230,
CHEMBL438082,CCC(=O)NS(=O)(=O)c1ccc(-n2nc(C(F)(F)F)cc2-c2ccc3c(c2)CCC3)cc1COC(=O)CC,Inhibition,45.0,%,=,CHEMBL871459,CHEMBL230,
CHEMBL147607,NS(=O)(=O)c1ccc(-n2nc(C(F)(F)F)cc2-c2ccc(Br)cc2)cc1CO,Inhibition,0.592,%,=,CHEMBL871458,CHEMBL230,
CHEMBL377902,NS(=O)(=O)c1ccc(-n2nc(C(F)F)cc2-c2ccc(Br)cc2)cc1CO,Inhibition,0.458,%,=,CHEMBL871458,CHEMBL230,
CHEMBL377963,COc1ccc(-c2cc(C(F)(F)F)nn2-c2ccc(S(N)(=O)=O)c(CO)c2)cc1C,Inhibition,0.56,%,=,CHEMBL871458,CHEMBL230,
CHEMBL378413,COc1ccc(-c2cc(C(F)F)nn2-c2ccc(S(N)(=O)=O)c(CO)c2)cc1C,Inhibition,0.79,%,=,CHEMBL871458,CHEMBL230,
CHEMBL379482,NS(=O)(=O)c1ccc(-n2nc(C(F)(F)F)cc2-c2ccc3c(c2)CCO3)cc1CO,Inhibition,0.228,%,=,CHEMBL871458,CHEMBL230,
CHEMBL357002,CSc1ccc(-c2cc(C(F)(F)F)nn2-c2ccc(S(N)(=O)=O)c(CO)c2)cc1,Inhibition,0.235,%,=,CHEMBL871458,CHEMBL230,
CHEMBL118,Cc1ccc(-c2cc(C(F)(F)F)nn2-c2ccc(S(N)(=O)=O)cc2)cc1,Inhibition,0.076,%,=,CHEMBL871458,CHEMBL230,
CHEMBL209385,NS(=O)(=O)c1ccc(-n2nc(C(F)(F)F)cc2-c2ccc3c(c2)CCC3)cc1CO,Inhibition,0.295,%,=,CHEMBL871458,CHEMBL230,
CHEMBL212887,CCC(=O)[N-]S(=O)(=O)c1ccc(-n2nc(C(F)(F)F)cc2-c2ccc3c(c2)CCC3)cc1COC(=O)CC.[Na+],Inhibition,15.0,%,=,CHEMBL871459,CHEMBL230,
CHEMBL213792,CCC(=O)OCc1cc(-n2nc(C(F)(F)F)cc2-c2ccc(SC)cc2)ccc1S(N)(=O)=O,Inhibition,40.0,%,=,CHEMBL871459,CHEMBL230,
CHEMBL210170,CCC(=O)[N-]S(=O)(=O)c1ccc(-n2nc(C(F)(F)F)cc2-c2ccc3c(c2)CCC3)cc1CO.[Na+],Inhibition,22.0,%,=,CHEMBL871459,CHEMBL230,
CHEMBL379206,NS(=O)(=O)c1ccc(/N=N/c2ccc(O)cc2)cc1,IC50,,,,CHEMBL869264,CHEMBL230,
CHEMBL386992,NS(=O)(=O)c1ccc(/N=N/c2ccc(O)c(O)c2)cc1,IC50,12420.0,nM,=,CHEMBL869264,CHEMBL230,4.91
CHEMBL214710,COc1cc(/N=N/c2ccc(S(N)(=O)=O)cc2)ccc1O,IC50,16850.0,nM,=,CHEMBL869264,CHEMBL230,4.77
CHEMBL213266,COc1ccc(/N=N/c2ccc(S(N)(=O)=O)cc2)cc1O,IC50,,,,CHEMBL869264,CHEMBL230,
CHEMBL213267,COc1ccc(/N=N/c2ccc(S(N)(=O)=O)cc2)cc1,IC50,14630.0,nM,=,CHEMBL869264,CHEMBL230,4.83
CHEMBL213326,COc1ccc(/N=N/c2ccc(S(N)(=O)=O)cc2)cc1OC,IC50,4280.0,nM,=,CHEMBL869264,CHEMBL230,5.37
CHEMBL17161,CSc1cc(N)ccc1/N=N/c1ccc(S(N)(=O)=O)cc1,IC50,2040.0,nM,=,CHEMBL869264,CHEMBL230,5.69
CHEMBL377353,NS(=O)(=O)c1ccc(/N=N/c2ccc(O)c(C(=O)O)c2)cc1,IC50,8890.0,nM,=,CHEMBL869264,CHEMBL230,5.05
CHEMBL215872,NS(=O)(=O)c1ccc(/N=N/c2ccc(O)c(Cl)c2)cc1,IC50,11340.0,nM,=,CHEMBL869264,CHEMBL230,4.95
CHEMBL212918,NS(=O)(=O)c1ccc(/N=N/c2ccc(OC(=O)Nc3ccccc3)c(OC(=O)Nc3ccccc3)c2)cc1,IC50,11070.0,nM,=,CHEMBL869264,CHEMBL230,4.96
CHEMBL213939,CC(C)c1ccc(NC(=O)Oc2ccc(/N=N/c3ccc(S(N)(=O)=O)cc3)cc2OC(=O)Nc2ccc(C(C)C)cc2)cc1,IC50,12370.0,nM,=,CHEMBL869264,CHEMBL230,4.91
CHEMBL6,COc1ccc2c(c1)c(CC(=O)O)c(C)n2C(=O)c1ccc(Cl)cc1,IC50,36.0,nM,=,CHEMBL869264,CHEMBL230,7.44
CHEMBL165,Oc1ccc(/C=C/c2cc(O)cc(O)c2)cc1,IC50,33150.0,nM,=,CHEMBL869264,CHEMBL230,4.48
CHEMBL118,Cc1ccc(-c2cc(C(F)(F)F)nn2-c2ccc(S(N)(=O)=O)cc2)cc1,IC50,330.0,nM,=,CHEMBL869264,CHEMBL230,6.48
CHEMBL277836,CN(C)c1ccc(/N=N/c2ccc(S(N)(=O)=O)cc2)cc1,IC50,,,,CHEMBL869264,CHEMBL230,
CHEMBL214101,O=C1OCC(c2ccc(-c3nn[nH]n3)cc2)=C1c1ccccc1,IC50,1.8,nM,=,CHEMBL869874,CHEMBL230,8.74
CHEMBL213338,Cc1ccc(-c2cc(C(F)(F)F)nn2-c2ccc(-c3nn[nH]n3)cc2)cc1,IC50,1.9,nM,=,CHEMBL869874,CHEMBL230,8.72
CHEMBL118,Cc1ccc(-c2cc(C(F)(F)F)nn2-c2ccc(S(N)(=O)=O)cc2)cc1,IC50,2.2,nM,=,CHEMBL869874,CHEMBL230,8.66
CHEMBL296913,CCC(=O)[N-]S(=O)(=O)c1ccc(-c2c(-c3ccccc3)noc2C)cc1.[Na+],IC50,,,,CHEMBL869874,CHEMBL230,
CHEMBL1034,O=C([O-])Cc1ccccc1Nc1c(Cl)cccc1Cl.[Na+],IC50,,,,CHEMBL869874,CHEMBL230,
CHEMBL217053,O=C(O)COc1ccc(Br)cc1C(=O)c1cnn(-c2ccccc2)c1,Inhibition,20.0,%,<,CHEMBL908868,CHEMBL230,
CHEMBL269787,O=C(O)c1ccc(OCCc2c(CCNS(=O)(=O)Cc3ccc(Cl)c(Cl)c3)n(C(c3ccccc3)c3ccccc3)c3ccc(Cl)cc23)cc1,Activity,,,,CHEMBL918538,CHEMBL230,
CHEMBL118,Cc1ccc(-c2cc(C(F)(F)F)nn2-c2ccc(S(N)(=O)=O)cc2)cc1,IC50,1300.0,nM,=,CHEMBL917136,CHEMBL230,5.89
CHEMBL122,CS(=O)(=O)c1ccc(C2=C(c3ccccc3)C(=O)OC2)cc1,IC50,1500.0,nM,=,CHEMBL917136,CHEMBL230,5.82
CHEMBL435381,COc1ccc(-c2c(Cl)ncn2-c2ccc(S(N)(=O)=O)cc2)cc1F,IC50,100.0,nM,=,CHEMBL917136,CHEMBL230,7.00
CHEMBL117862,COc1ccc(-c2c(Cl)ncn2-c2ccc(S(C)(=O)=O)cc2)cc1F,IC50,90.0,nM,=,CHEMBL917136,CHEMBL230,7.05
CHEMBL223529,NS(=O)(=O)c1ccc(-n2cnc(Cl)c2-c2ccc(OCCO[N+](=O)[O-])c(F)c2)cc1,IC50,29000.0,nM,=,CHEMBL917136,CHEMBL230,4.54
CHEMBL220113,NS(=O)(=O)c1ccc(-n2cnc(Cl)c2-c2ccc(OCCO)c(F)c2)cc1,IC50,20000.0,nM,=,CHEMBL917136,CHEMBL230,4.70
CHEMBL376246,NS(=O)(=O)c1ccc(-n2cnc(Cl)c2-c2ccc(OCCCO[N+](=O)[O-])c(F)c2)cc1,IC50,16000.0,nM,=,CHEMBL917136,CHEMBL230,4.80
CHEMBL386006,NS(=O)(=O)c1ccc(-n2cnc(Cl)c2-c2ccc(OCCCO)c(F)c2)cc1,IC50,100000.0,nM,>,CHEMBL917136,CHEMBL230,
CHEMBL223619,CS(=O)(=O)c1ccc(-n2cnc(Cl)c2-c2ccc(OCCO[N+](=O)[O-])c(F)c2)cc1,IC50,6900.0,nM,=,CHEMBL917136,CHEMBL230,5.16
CHEMBL219893,CS(=O)(=O)c1ccc(-n2cnc(Cl)c2-c2ccc(OCCO)c(F)c2)cc1,IC50,56000.0,nM,=,CHEMBL917136,CHEMBL230,4.25
CHEMBL373819,CS(=O)(=O)c1ccc(-n2cnc(Cl)c2-c2ccc(OCCCO[N+](=O)[O-])c(F)c2)cc1,IC50,14000.0,nM,=,CHEMBL917136,CHEMBL230,4.85
CHEMBL219885,CS(=O)(=O)c1ccc(-n2cnc(Cl)c2-c2ccc(OCCCO)c(F)c2)cc1,IC50,100000.0,nM,>,CHEMBL917136,CHEMBL230,
CHEMBL373867,CS(=O)(=O)c1ccc(-n2cnc(Cl)c2-c2ccc(OCC(CO[N+](=O)[O-])O[N+](=O)[O-])c(F)c2)cc1,IC50,76000.0,nM,=,CHEMBL917136,CHEMBL230,4.12
CHEMBL423638,COC1(c2cc(F)cc(OCc3cc(-c4ccccc4)n(-c4ccc(S(C)(=O)=O)cc4)n3)c2)CCOCC1,IC50,45.0,nM,=,CHEMBL919560,CHEMBL230,7.35
CHEMBL20403,COC1(c2cc(F)cc(OCc3ccc4c(ccc(=O)n4C)c3)c2)CCOCC1,IC50,100000.0,nM,>,CHEMBL919560,CHEMBL230,
CHEMBL118,Cc1ccc(-c2cc(C(F)(F)F)nn2-c2ccc(S(N)(=O)=O)cc2)cc1,IC50,36.0,nM,=,CHEMBL919560,CHEMBL230,7.44
CHEMBL375309,COc1ccc(OCc2cc(-c3ccccc3)n(-c3ccc(S(C)(=O)=O)cc3)n2)cc1OC,IC50,700.0,nM,=,CHEMBL919560,CHEMBL230,6.16
CHEMBL222902,COc1cc(OC)cc(OCc2cc(-c3ccccc3)n(-c3ccc(S(C)(=O)=O)cc3)n2)c1,IC50,870.0,nM,=,CHEMBL919560,CHEMBL230,6.06
CHEMBL225463,CS(=O)(=O)c1ccc(-n2nc(COc3ccc4c(c3)OCO4)cc2-c2ccccc2)cc1,IC50,450.0,nM,=,CHEMBL919560,CHEMBL230,6.35
CHEMBL436494,CCOc1cccc(OCc2cc(-c3ccccc3)n(-c3ccc(S(C)(=O)=O)cc3)n2)c1,IC50,900.0,nM,=,CHEMBL919560,CHEMBL230,6.05
CHEMBL373434,COc1cc(OCc2cc(-c3ccccc3)n(-c3ccc(S(C)(=O)=O)cc3)n2)cc(OC)c1OC,IC50,220.0,nM,=,CHEMBL919560,CHEMBL230,6.66
CHEMBL373514,CS(=O)(=O)c1ccc(-n2nc(COc3cccc(N4CCOCC4)c3)cc2-c2ccccc2)cc1,IC50,920.0,nM,=,CHEMBL919560,CHEMBL230,6.04
CHEMBL376711,CS(=O)(=O)c1ccc(-n2nc(COc3cc(F)cc(C#N)c3)cc2-c2ccccc2)cc1,IC50,570.0,nM,=,CHEMBL919560,CHEMBL230,6.24
CHEMBL222531,CS(=O)(=O)c1ccc(-n2nc(COc3cccc([N+](=O)[O-])c3)cc2-c2ccccc2)cc1,IC50,740.0,nM,=,CHEMBL919560,CHEMBL230,6.13
CHEMBL375127,COc1cc(F)cc(OCc2cc(-c3ccccc3)n(-c3ccc(S(C)(=O)=O)cc3)n2)c1,IC50,310.0,nM,=,CHEMBL919560,CHEMBL230,6.51
CHEMBL426571,COC1(c2cc(F)cc(OCc3cc(-c4ccccc4)n(-c4ccc(Cl)c(Cl)c4)n3)c2)CCOCC1,IC50,700.0,nM,=,CHEMBL919560,CHEMBL230,6.16
CHEMBL222732,COC1(c2cc(F)cc(OCc3cc(-c4ccccc4)n(-c4ccc(C)c(C)c4)n3)c2)CCOCC1,IC50,410.0,nM,=,CHEMBL919560,CHEMBL230,6.39
CHEMBL374427,COC1(c2cc(F)cc(OCc3cc(-c4ccccc4)n(-c4ccc(S(N)(=O)=O)cc4)n3)c2)CCOCC1,IC50,100.0,nM,=,CHEMBL919560,CHEMBL230,7.00
CHEMBL222482,COC1(c2cc(F)cc(OCc3cc(-c4ccccc4)n(-c4ccc(OC(F)(F)F)cc4)n3)c2)CCOCC1,IC50,820.0,nM,=,CHEMBL919560,CHEMBL230,6.09
CHEMBL222480,COc1ccc(-n2nc(COc3cc(F)cc(C4(OC)CCOCC4)c3)cc2-c2ccccc2)cc1,IC50,300.0,nM,=,CHEMBL919560,CHEMBL230,6.52
CHEMBL384659,COC1(c2cc(F)cc(OCc3cc(-c4ccccc4)n(-c4ccc(C)cc4)n3)c2)CCOCC1,IC50,930.0,nM,=,CHEMBL919560,CHEMBL230,6.03
CHEMBL222146,COC1(c2cc(F)cc(OCc3cc(-c4ccccc4)n(-c4ccc(Cl)cc4)n3)c2)CCOCC1,IC50,930.0,nM,=,CHEMBL919560,CHEMBL230,6.03
CHEMBL375308,COC1(c2cc(F)cc(OCc3cc(-c4ccccc4)n(-c4ccc(F)cc4)n3)c2)CCOCC1,IC50,960.0,nM,=,CHEMBL919560,CHEMBL230,6.02
CHEMBL223691,COC1(c2cc(F)cc(OCc3cc(-c4ccccc4)n(-c4ccccc4)n3)c2)CCOCC1,IC50,610.0,nM,=,CHEMBL919560,CHEMBL230,6.21
CHEMBL388628,CS(=O)(=O)Nc1ccncc1Oc1ccccc1Cl,IC50,130.0,nM,=,CHEMBL916302,CHEMBL230,6.89
CHEMBL390317,CS(=O)(=O)Nc1ccncc1Oc1cc(Cl)cc(Cl)c1,IC50,100000.0,nM,>,CHEMBL916302,CHEMBL230,
CHEMBL148542,CS(=O)(=O)Nc1ccncc1Oc1ccccc1,IC50,100000.0,nM,>,CHEMBL916302,CHEMBL230,
CHEMBL224201,O=S(=O)(c1ccccc1)c1cnccc1NS(=O)(=O)C(F)(F)F,IC50,100000.0,nM,>,CHEMBL916302,CHEMBL230,
CHEMBL224693,O=S(=O)(Nc1ccncc1Oc1cccc(Cl)c1)C(F)(F)F,IC50,100000.0,nM,>,CHEMBL916302,CHEMBL230,
CHEMBL224256,CS(=O)(=O)Nc1ccncc1S(=O)(=O)c1ccccc1,IC50,100000.0,nM,>,CHEMBL916302,CHEMBL230,
CHEMBL389485,CCCS(=O)(=O)Nc1ccncc1Oc1ccccc1,IC50,100000.0,nM,>,CHEMBL916302,CHEMBL230,
CHEMBL225236,O=S(=O)(Nc1ccncc1Oc1cc(Cl)cc(Cl)c1)C(F)(F)F,IC50,100000.0,nM,>,CHEMBL916302,CHEMBL230,
CHEMBL224781,O=S(=O)(Nc1ccncc1[S+]([O-])c1ccccc1)C(F)(F)F,IC50,100000.0,nM,>,CHEMBL916302,CHEMBL230,
CHEMBL374169,CCCS(=O)(=O)Nc1ccncc1Oc1ccc(Cl)cc1,IC50,9690.0,nM,=,CHEMBL916302,CHEMBL230,5.01
CHEMBL118,Cc1ccc(-c2cc(C(F)(F)F)nn2-c2ccc(S(N)(=O)=O)cc2)cc1,IC50,350.0,nM,=,CHEMBL916302,CHEMBL230,6.46
CHEMBL56367,CS(=O)(=O)Nc1ccc([N+](=O)[O-])cc1Oc1ccccc1,IC50,700.0,nM,=,CHEMBL916302,CHEMBL230,6.16
CHEMBL224401,CN(c1ccccc1)c1cnccc1NS(=O)(=O)C(F)(F)F,IC50,47620.0,nM,=,CHEMBL916302,CHEMBL230,4.32
CHEMBL224400,O=S(=O)(Nc1ccncc1Nc1ccccc1)C(F)(F)F,IC50,90.0,nM,=,CHEMBL916302,CHEMBL230,7.05
CHEMBL224612,O=S(=O)(Nc1ccncc1Sc1ccccc1)C(F)(F)F,IC50,530.0,nM,=,CHEMBL916302,CHEMBL230,6.28
CHEMBL224122,CS(=O)(=O)Nc1ccncc1Sc1ccccc1,IC50,1190.0,nM,=,CHEMBL916302,CHEMBL230,5.92
CHEMBL223655,CCS(=O)(=O)Nc1ccncc1Oc1ccc(Cl)cc1,IC50,3280.0,nM,=,CHEMBL916302,CHEMBL230,5.48
CHEMBL376143,CCS(=O)(=O)Nc1ccncc1Oc1ccccc1,IC50,14110.0,nM,=,CHEMBL916302,CHEMBL230,4.85
CHEMBL387879,O=S(=O)(Nc1ccncc1Oc1ccc(Cl)cc1Cl)C(F)(F)F,IC50,2550.0,nM,=,CHEMBL916302,CHEMBL230,5.59
CHEMBL225092,COc1ccc(Oc2cnccc2NS(=O)(=O)C(F)(F)F)cc1,IC50,440.0,nM,=,CHEMBL916302,CHEMBL230,6.36
CHEMBL374168,O=S(=O)(Nc1ccncc1Oc1ccc(Br)cc1)C(F)(F)F,IC50,13840.0,nM,=,CHEMBL916302,CHEMBL230,4.86
CHEMBL225113,O=S(=O)(Nc1ccncc1Oc1ccc(Cl)cc1)C(F)(F)F,IC50,1530.0,nM,=,CHEMBL916302,CHEMBL230,5.82
CHEMBL224640,O=S(=O)(Nc1ccncc1Oc1ccccc1Cl)C(F)(F)F,IC50,150.0,nM,=,CHEMBL916302,CHEMBL230,6.82
CHEMBL147165,O=S(=O)(Nc1ccncc1Oc1ccccc1)C(F)(F)F,IC50,620.0,nM,=,CHEMBL916302,CHEMBL230,6.21
CHEMBL224136,CS(=O)(=O)Nc1ccncc1Oc1ccc(Cl)cc1Cl,IC50,120.0,nM,=,CHEMBL916302,CHEMBL230,6.92
CHEMBL224624,COc1ccc(Oc2cnccc2NS(C)(=O)=O)cc1,IC50,2360.0,nM,=,CHEMBL916302,CHEMBL230,5.63
CHEMBL224193,CS(=O)(=O)Nc1ccncc1Oc1ccc(Br)cc1,IC50,7600.0,nM,=,CHEMBL916302,CHEMBL230,5.12
CHEMBL388625,CS(=O)(=O)Nc1ccncc1Oc1ccc(Cl)cc1,IC50,1870.0,nM,=,CHEMBL916302,CHEMBL230,5.73
CHEMBL224192,CS(=O)(=O)Nc1ccncc1Oc1cccc(Cl)c1,IC50,1990.0,nM,=,CHEMBL916302,CHEMBL230,5.70
CHEMBL227135,O=C1O[C@H](c2ccc(O)c(O)c2)[C@H]2CO[C@H](c3ccc(O)c(O)c3)[C@@H]12,IC50,90200.0,nM,=,CHEMBL917000,CHEMBL230,4.04
CHEMBL122,CS(=O)(=O)c1ccc(C2=C(c3ccccc3)C(=O)OC2)cc1,IC50,120.0,nM,=,CHEMBL917000,CHEMBL230,6.92
CHEMBL390320,COc1cc2oc(=O)ccc2cc1O,IC50,100000.0,nM,>,CHEMBL917000,CHEMBL230,
CHEMBL71851,COc1cc2ccc(=O)oc2cc1O,IC50,100000.0,nM,>,CHEMBL917000,CHEMBL230,
CHEMBL150,O=c1c(O)c(-c2ccc(O)cc2)oc2cc(O)cc(O)c12,IC50,100000.0,nM,>,CHEMBL917000,CHEMBL230,
CHEMBL50,O=c1c(O)c(-c2ccc(O)c(O)c2)oc2cc(O)cc(O)c12,IC50,28600.0,nM,=,CHEMBL917000,CHEMBL230,4.54
CHEMBL227187,Oc1ccc([C@@H]2OC[C@@H]3[C@H]2CO[C@H]3c2ccc(O)c(O)c2)cc1O,IC50,100000.0,nM,>,CHEMBL917000,CHEMBL230,
CHEMBL460862,COc1cc([C@@H]2OC[C@H]3[C@@H]2CO[C@H]3c2ccc(O)c(OC)c2)ccc1O,IC50,100000.0,nM,>,CHEMBL917000,CHEMBL230,
CHEMBL436990,OC[C@@H]1[C@@H]([C@H](O)c2ccc(O)c(O)c2)CO[C@@H]1c1ccc(O)c(O)c1,IC50,73900.0,nM,=,CHEMBL917000,CHEMBL230,4.13
CHEMBL25,CC(=O)Oc1ccccc1C(=O)O,IC50,19800.0,nM,=,CHEMBL914259,CHEMBL230,4.70
CHEMBL226611,COc1cc2c(c(O)c1C)Oc1cccc(O)c1CC2,IC50,,,,CHEMBL914259,CHEMBL230,
CHEMBL389172,COc1cc(O)cc(CCc2ccccc2)c1,IC50,,,,CHEMBL914259,CHEMBL230,
CHEMBL228120,Oc1cc(O)cc(CCc2ccccc2)c1,IC50,46700.0,nM,>,CHEMBL914259,CHEMBL230,
CHEMBL228128,COc1cc(CCc2ccccc2O)c(O)c(OC)c1,IC50,,,,CHEMBL914259,CHEMBL230,
CHEMBL228127,COc1cc(CCc2ccccc2O)cc(OC)c1,IC50,,,,CHEMBL914259,CHEMBL230,
CHEMBL228126,COc1cc(O)cc(CCc2ccccc2O)c1,IC50,40900.0,nM,>,CHEMBL914259,CHEMBL230,
CHEMBL53439,Cc1c(O)c(C)c2c(c1O)C(=O)C[C@@H](c1ccccc1)O2,IC50,,,,CHEMBL914259,CHEMBL230,
CHEMBL227611,Cc1c(O)cc2c(c1O)C(=O)C[C@@H](c1ccccc1)O2,IC50,,,,CHEMBL914259,CHEMBL230,
CHEMBL390766,COc1cc(CCc2ccccc2O)cc(O)c1C,IC50,,,,CHEMBL914259,CHEMBL230,
CHEMBL227396,COC1=CC(=O)CC2(CCc3ccccc3O2)C1=O,IC50,,,,CHEMBL914259,CHEMBL230,
CHEMBL389399,COc1cc(OC)c(O)c([C@@H]2Cc3ccccc3O2)c1,IC50,,,,CHEMBL914259,CHEMBL230,
CHEMBL227903,COC1=CC(=O)C2=C(CCc3ccccc3O2)C1=O,IC50,,,,CHEMBL914259,CHEMBL230,
CHEMBL389398,COC1=C(C)C(=O)C2=C(CCc3cc(O)ccc3O2)C1=O,IC50,10100.0,nM,=,CHEMBL914259,CHEMBL230,5.00
CHEMBL389849,COC1=C(C)C(=O)C2=C(CCc3c(O)cccc3O2)C1=O,IC50,34900.0,nM,>,CHEMBL914259,CHEMBL230,
CHEMBL227741,COc1c(C)c(O)cc2c1Oc1ccccc1C(O)C2,IC50,,,,CHEMBL914259,CHEMBL230,
CHEMBL388606,COc1c(O)c(C)c(OC)c2c1CCc1c(O)cccc1O2,IC50,6900.0,nM,=,CHEMBL914259,CHEMBL230,5.16
CHEMBL227795,COc1c(C)c(OC)c2c(c1O)CCc1c(O)cccc1O2,IC50,33100.0,nM,>,CHEMBL914259,CHEMBL230,
CHEMBL227813,COc1c(C)c(O)cc2c1Oc1cccc(O)c1CC2,IC50,,,,CHEMBL914259,CHEMBL230,
CHEMBL229245,COc1ccc(C2=Cc3ccccc3CC2)c(OC)c1OC,IC50,660.0,nM,=,CHEMBL906707,CHEMBL230,6.18
CHEMBL25,CC(=O)Oc1ccccc1C(=O)O,IC50,100000.0,nM,=,CHEMBL906707,CHEMBL230,4.00
CHEMBL118,Cc1ccc(-c2cc(C(F)(F)F)nn2-c2ccc(S(N)(=O)=O)cc2)cc1,IC50,35.0,nM,=,CHEMBL906707,CHEMBL230,7.46
CHEMBL165,Oc1ccc(/C=C/c2cc(O)cc(O)c2)cc1,IC50,996.0,nM,=,CHEMBL906707,CHEMBL230,6.00
CHEMBL228561,COc1ccc(C2=Cc3ccccc3C2)c(OC)c1OC,IC50,1330.0,nM,=,CHEMBL906707,CHEMBL230,5.88
CHEMBL376583,COc1ccccc1C1=Cc2ccccc2C1,IC50,62300.0,nM,=,CHEMBL906707,CHEMBL230,4.21
CHEMBL229139,C1=C(c2ccc3c(c2)OCO3)Cc2ccccc21,IC50,100000.0,nM,>,CHEMBL906707,CHEMBL230,
CHEMBL229957,COc1ccc2c(c1)CCC(c1ccc(OC)c(OC)c1OC)=C2,IC50,100000.0,nM,>,CHEMBL906707,CHEMBL230,
CHEMBL229955,COc1ccc2c(c1)CCC(c1ccc(OC)c(OC)c1)=C2,IC50,30.0,nM,=,CHEMBL906707,CHEMBL230,7.52
CHEMBL229304,C1=C(c2ccc3c(c2)OCO3)CCc2ccccc21,IC50,100000.0,nM,>,CHEMBL906707,CHEMBL230,
CHEMBL390117,COc1ccc(C2=Cc3ccccc3CC2)cc1OC,IC50,100000.0,nM,>,CHEMBL906707,CHEMBL230,
CHEMBL244132,Cc1ccc(-c2cc(C(=O)O)nn2-c2ccc(S(N)(=O)=O)cc2)cc1,Inhibition,43.0,%,=,CHEMBL895877,CHEMBL230,
CHEMBL244131,Cc1ccc(-c2cc(C(F)(F)F)nn2-c2ccc(CC(=O)O)cc2)cc1,Inhibition,95.0,%,=,CHEMBL895877,CHEMBL230,
CHEMBL388226,O=C(O)Cc1ccc(-n2nc(C(F)(F)F)cc2-c2ccc(C(F)(F)F)cc2)cc1,Inhibition,93.0,%,=,CHEMBL895877,CHEMBL230,
CHEMBL244130,Cc1ccc(-c2cc(C(F)(F)F)nn2-c2ccc(C)cc2)cc1,Inhibition,98.0,%,=,CHEMBL895877,CHEMBL230,
CHEMBL285831,NS(=O)(=O)c1ccc(-n2nc(C(F)(F)F)cc2-c2ccc(C(F)(F)F)cc2)cc1,Inhibition,86.0,%,=,CHEMBL895877,CHEMBL230,
CHEMBL440055,CCOC(=O)c1ccc(-n2nc(C(F)(F)F)cc2-c2ccc(C)cc2)cc1,Inhibition,87.0,%,=,CHEMBL895877,CHEMBL230,
CHEMBL241971,CCOC(=O)c1ccc(-n2nc(C(F)(F)F)cc2-c2ccc(C(F)(F)F)cc2)cc1,Inhibition,96.0,%,=,CHEMBL895877,CHEMBL230,
CHEMBL241970,Cc1ccc(-c2cc(C(F)(F)F)nn2-c2ccc(S(C)(=O)=O)cc2)cc1,Inhibition,92.0,%,=,CHEMBL895877,CHEMBL230,
CHEMBL397230,Cc1ccc(-c2cc(C(F)(F)F)nn2-c2ccc([S+](C)[O-])cc2)cc1,Inhibition,99.0,%,=,CHEMBL895877,CHEMBL230,
CHEMBL241969,CSc1ccc(-n2nc(C(F)(F)F)cc2-c2ccc(C)cc2)cc1,Inhibition,99.0,%,=,CHEMBL895877,CHEMBL230,
CHEMBL245196,Cc1ccc(-c2cc(-c3ccccc3)nn2-c2ccc(S(N)(=O)=O)cc2)cc1,Inhibition,92.0,%,=,CHEMBL895877,CHEMBL230,
CHEMBL397229,Cc1ccc(-c2cc(C(F)(F)F)nn2-c2ccc(C(=O)O)cc2)cc1,Inhibition,26.0,%,=,CHEMBL895877,CHEMBL230,
CHEMBL242403,O=C(O)c1ccc(-n2nc(C(F)(F)F)cc2-c2ccc(C(F)(F)F)cc2)cc1,Inhibition,6.0,%,=,CHEMBL895877,CHEMBL230,
CHEMBL118,Cc1ccc(-c2cc(C(F)(F)F)nn2-c2ccc(S(N)(=O)=O)cc2)cc1,Inhibition,96.0,%,=,CHEMBL895877,CHEMBL230,
CHEMBL382482,CCCOc1cc([N+](=O)[O-])ccc1N(C)S(C)(=O)=O,Activity,,,,CHEMBL890014,CHEMBL230,
CHEMBL203869,CC(C)Oc1cc([N+](=O)[O-])ccc1N(C)S(C)(=O)=O,Activity,,,,CHEMBL890014,CHEMBL230,
CHEMBL202030,CCC(CC)Oc1cc([N+](=O)[O-])ccc1N(C)S(C)(=O)=O,Activity,,,,CHEMBL890014,CHEMBL230,
CHEMBL202473,CN(c1ccc([N+](=O)[O-])cc1OC1CCCC1)S(C)(=O)=O,Activity,,,,CHEMBL890014,CHEMBL230,
CHEMBL204183,CN(c1ccc([N+](=O)[O-])cc1OC1CCCCC1)S(C)(=O)=O,Activity,,,,CHEMBL890014,CHEMBL230,
CHEMBL414589,CN(c1ccc([N+](=O)[O-])cc1OCCC1CCCCC1)S(C)(=O)=O,Activity,,,,CHEMBL890014,CHEMBL230,
CHEMBL232615,C[C@@]1(CO)C=Cc2cc(O)ccc2O1,IC50,630.0,nM,=,CHEMBL892200,CHEMBL230,6.20
CHEMBL6,COc1ccc2c(c1)c(CC(=O)O)c(C)n2C(=O)c1ccc(Cl)cc1,IC50,77100.0,nM,=,CHEMBL892200,CHEMBL230,4.11
CHEMBL153,Cc1c(C)c2c(c(C)c1O)CCC(C)(C(=O)O)O2,IC50,150.0,nM,=,CHEMBL892200,CHEMBL230,6.82
CHEMBL521,CC(C)Cc1ccc(C(C)C(=O)O)cc1,IC50,6200.0,nM,=,CHEMBL898186,CHEMBL230,5.21
CHEMBL398087,O=C(O)Cc1ccn(-c2ccccc2F)c1,IC50,2400.0,nM,=,CHEMBL898186,CHEMBL230,5.62
CHEMBL236238,O=C(O)Cc1cccn1-c1ccccc1F,IC50,6200.0,nM,=,CHEMBL898186,CHEMBL230,5.21
CHEMBL396182,O=C(O)Cc1cccn1-c1ccc2c(c1)OCCO2,IC50,2200.0,nM,=,CHEMBL898186,CHEMBL230,5.66
CHEMBL236433,C[C@H](C(=O)O)c1ccc2c(c1)OCCO2,IC50,16500.0,nM,=,CHEMBL898186,CHEMBL230,4.78
CHEMBL235786,O=C(O)Cc1ccc2c(c1)OCCO2,IC50,100000.0,nM,>,CHEMBL898186,CHEMBL230,
CHEMBL237592,CCOC(=O)Cc1cc(-c2ccc(S(C)(=O)=O)cc2)n(-c2cccc(F)c2)c1C,IC50,2100.0,nM,=,CHEMBL900727,CHEMBL230,5.68
CHEMBL118,Cc1ccc(-c2cc(C(F)(F)F)nn2-c2ccc(S(N)(=O)=O)cc2)cc1,IC50,540.0,nM,=,CHEMBL900727,CHEMBL230,6.27
CHEMBL118,Cc1ccc(-c2cc(C(F)(F)F)nn2-c2ccc(S(N)(=O)=O)cc2)cc1,Inhibition,40.0,%,=,CHEMBL901504,CHEMBL230,
CHEMBL235973,COC(=O)C[C@@H](Cc1c[nH]c2ccccc12)NC(=O)[C@]12CC[C@](C)(C(=O)OC)C[C@H]1C1=CC[C@@H]3[C@@]4(C)C[C@H](O)[C@H](O[C@@H]5OC[C@@H](O[C@@H]6O[C@H](CO)[C@@H](O)[C@H](O)[C@H]6O)[C@H](O)[C@H]5O)[C@@](C)(CO)[C@@H]4CC[C@@]3(C)[C@]1(C)CC2,Inhibition,47.7,%,=,CHEMBL901504,CHEMBL230,
CHEMBL410790,COC(=O)[C@@H](Cc1c[nH]cn1)NC(=O)[C@]12CC[C@](C)(C(=O)OC)C[C@H]1C1=CC[C@@H]3[C@@]4(C)C[C@H](O)[C@H](O[C@@H]5OC[C@@H](O[C@@H]6O[C@H](CO)[C@@H](O)[C@H](O)[C@H]6O)[C@H](O)[C@H]5O)[C@@](C)(CO)[C@@H]4CC[C@@]3(C)[C@]1(C)CC2,Activity,,,,CHEMBL901504,CHEMBL230,
CHEMBL410789,COC(=O)[C@@H](Cc1ccccc1)NC(=O)[C@]12CC[C@](C)(C(=O)OC)C[C@H]1C1=CC[C@@H]3[C@@]4(C)C[C@H](O)[C@H](O[C@@H]5OC[C@@H](O[C@@H]6O[C@H](CO)[C@@H](O)[C@H](O)[C@H]6O)[C@H](O)[C@H]5O)[C@@](C)(CO)[C@@H]4CC[C@@]3(C)[C@]1(C)CC2,Activity,,,,CHEMBL901504,CHEMBL230,
CHEMBL396894,COC(=O)[C@@H](CCSC)NC(=O)[C@]12CC[C@](C)(C(=O)OC)C[C@H]1C1=CC[C@@H]3[C@@]4(C)C[C@H](O)[C@H](O[C@@H]5OC[C@@H](O[C@@H]6O[C@H](CO)[C@@H](O)[C@H](O)[C@H]6O)[C@H](O)[C@H]5O)[C@@](C)(CO)[C@@H]4CC[C@@]3(C)[C@]1(C)CC2,Activity,,,,CHEMBL901504,CHEMBL230,
CHEMBL269241,COC(=O)[C@H](NC(=O)[C@]12CC[C@](C)(C(=O)OC)C[C@H]1C1=CC[C@@H]3[C@@]4(C)C[C@H](O)[C@H](O[C@@H]5OC[C@@H](O[C@@H]6O[C@H](CO)[C@@H](O)[C@H](O)[C@H]6O)[C@H](O)[C@H]5O)[C@@](C)(CO)[C@@H]4CC[C@@]3(C)[C@]1(C)CC2)C(C)C,Activity,,,,CHEMBL901504,CHEMBL230,
CHEMBL396893,COC(=O)[C@@H](C)NC(=O)[C@]12CC[C@](C)(C(=O)OC)C[C@H]1C1=CC[C@@H]3[C@@]4(C)C[C@H](O)[C@H](O[C@@H]5OC[C@@H](O[C@@H]6O[C@H](CO)[C@@H](O)[C@H](O)[C@H]6O)[C@H](O)[C@H]5O)[C@@](C)(CO)[C@@H]4CC[C@@]3(C)[C@]1(C)CC2,Activity,,,,CHEMBL901504,CHEMBL230,
CHEMBL410788,COC(=O)[C@@]1(C)CC[C@]2(C(=O)NCc3ccc(OC)c(OC)c3)CC[C@]3(C)C(=CC[C@@H]4[C@@]5(C)C[C@H](O)[C@H](O[C@@H]6OC[C@@H](O[C@@H]7O[C@H](CO)[C@@H](O)[C@H](O)[C@H]7O)[C@H](O)[C@H]6O)[C@@](C)(CO)[C@@H]5CC[C@]43C)[C@@H]2C1,Inhibition,19.4,%,=,CHEMBL901504,CHEMBL230,
CHEMBL429089,COC(=O)[C@@]1(C)CC[C@]2(C(=O)NCc3ccc(OC)cc3)CC[C@]3(C)C(=CC[C@@H]4[C@@]5(C)C[C@H](O)[C@H](O[C@@H]6OC[C@@H](O[C@@H]7O[C@H](CO)[C@@H](O)[C@H](O)[C@H]7O)[C@H](O)[C@H]6O)[C@@](C)(CO)[C@@H]5CC[C@]43C)[C@@H]2C1,Inhibition,56.8,%,=,CHEMBL901504,CHEMBL230,
CHEMBL238099,COC(=O)[C@@]1(C)CC[C@]2(C(=O)NCc3ccc(F)cc3)CC[C@]3(C)C(=CC[C@@H]4[C@@]5(C)C[C@H](O)[C@H](O[C@@H]6OC[C@@H](O[C@@H]7O[C@H](CO)[C@@H](O)[C@H](O)[C@H]7O)[C@H](O)[C@H]6O)[C@@](C)(CO)[C@@H]5CC[C@]43C)[C@@H]2C1,Inhibition,58.1,%,=,CHEMBL901504,CHEMBL230,
CHEMBL269240,COC(=O)[C@@]1(C)CC[C@]2(C(=O)NCc3ccc(Cl)cc3)CC[C@]3(C)C(=CC[C@@H]4[C@@]5(C)C[C@H](O)[C@H](O[C@@H]6OC[C@@H](O[C@@H]7O[C@H](CO)[C@@H](O)[C@H](O)[C@H]7O)[C@H](O)[C@H]6O)[C@@](C)(CO)[C@@H]5CC[C@]43C)[C@@H]2C1,Inhibition,126.1,%,=,CHEMBL901504,CHEMBL230,
CHEMBL396892,COC(=O)[C@@]1(C)CC[C@]2(C(=O)NCc3ccccc3Cl)CC[C@]3(C)C(=CC[C@@H]4[C@@]5(C)C[C@H](O)[C@H](O[C@@H]6OC[C@@H](O[C@@H]7O[C@H](CO)[C@@H](O)[C@H](O)[C@H]7O)[C@H](O)[C@H]6O)[C@@](C)(CO)[C@@H]5CC[C@]43C)[C@@H]2C1,Inhibition,82.9,%,=,CHEMBL901504,CHEMBL230,
CHEMBL238098,COC(=O)[C@@]1(C)CC[C@]2(C(=O)NCCCc3ccccc3)CC[C@]3(C)C(=CC[C@@H]4[C@@]5(C)C[C@H](O)[C@H](O[C@@H]6OC[C@@H](O[C@@H]7O[C@H](CO)[C@@H](O)[C@H](O)[C@H]7O)[C@H](O)[C@H]6O)[C@@](C)(CO)[C@@H]5CC[C@]43C)[C@@H]2C1,Inhibition,158.2,%,=,CHEMBL901504,CHEMBL230,
CHEMBL396670,COC(=O)[C@@]1(C)CC[C@]2(C(=O)NCCc3ccccc3)CC[C@]3(C)C(=CC[C@@H]4[C@@]5(C)C[C@H](O)[C@H](O[C@@H]6OC[C@@H](O[C@@H]7O[C@H](CO)[C@@H](O)[C@H](O)[C@H]7O)[C@H](O)[C@H]6O)[C@@](C)(CO)[C@@H]5CC[C@]43C)[C@@H]2C1,Inhibition,94.7,%,=,CHEMBL901504,CHEMBL230,
CHEMBL238251,COC(=O)[C@@]1(C)CC[C@]2(C(=O)NCc3ccccc3)CC[C@]3(C)C(=CC[C@@H]4[C@@]5(C)C[C@H](O)[C@H](O[C@@H]6OC[C@@H](O[C@@H]7O[C@H](CO)[C@@H](O)[C@H](O)[C@H]7O)[C@H](O)[C@H]6O)[C@@](C)(CO)[C@@H]5CC[C@]43C)[C@@H]2C1,Inhibition,26.9,%,=,CHEMBL901504,CHEMBL230,
CHEMBL235765,COC(=O)[C@@]1(C)CC[C@]2(C(=O)NCCO)CC[C@]3(C)C(=CC[C@@H]4[C@@]5(C)C[C@H](O)[C@H](O[C@@H]6OC[C@@H](O[C@@H]7O[C@H](CO)[C@@H](O)[C@H](O)[C@H]7O)[C@H](O)[C@H]6O)[C@@](C)(CO)[C@@H]5CC[C@]43C)[C@@H]2C1,Activity,,,,CHEMBL901504,CHEMBL230,
CHEMBL238088,COC(=O)[C@@]1(C)CC[C@]2(C(=O)N3CCNCC3)CC[C@]3(C)C(=CC[C@@H]4[C@@]5(C)C[C@H](O)[C@H](O[C@@H]6OC[C@@H](O[C@@H]7O[C@H](CO)[C@@H](O)[C@H](O)[C@H]7O)[C@H](O)[C@H]6O)[C@@](C)(CO)[C@@H]5CC[C@]43C)[C@@H]2C1,Inhibition,4.6,%,=,CHEMBL901504,CHEMBL230,
CHEMBL235755,CCCCNC(=O)[C@]12CC[C@](C)(C(=O)OC)C[C@H]1C1=CC[C@@H]3[C@@]4(C)C[C@H](O)[C@H](O[C@@H]5OC[C@@H](O[C@@H]6O[C@H](CO)[C@@H](O)[C@H](O)[C@H]6O)[C@H](O)[C@H]5O)[C@@](C)(CO)[C@@H]4CC[C@@]3(C)[C@]1(C)CC2,Activity,,,,CHEMBL901504,CHEMBL230,
CHEMBL392453,CCCNC(=O)[C@]12CC[C@](C)(C(=O)OC)C[C@H]1C1=CC[C@@H]3[C@@]4(C)C[C@H](O)[C@H](O[C@@H]5OC[C@@H](O[C@@H]6O[C@H](CO)[C@@H](O)[C@H](O)[C@H]6O)[C@H](O)[C@H]5O)[C@@](C)(CO)[C@@H]4CC[C@@]3(C)[C@]1(C)CC2,Activity,,,,CHEMBL901504,CHEMBL230,
CHEMBL238261,CCNC(=O)[C@]12CC[C@](C)(C(=O)OC)C[C@H]1C1=CC[C@@H]3[C@@]4(C)C[C@H](O)[C@H](O[C@@H]5OC[C@@H](O[C@@H]6O[C@H](CO)[C@@H](O)[C@H](O)[C@H]6O)[C@H](O)[C@H]5O)[C@@](C)(CO)[C@@H]4CC[C@@]3(C)[C@]1(C)CC2,Activity,,,,CHEMBL901504,CHEMBL230,
CHEMBL392240,CNC(=O)[C@]12CC[C@](C)(C(=O)OC)C[C@H]1C1=CC[C@@H]3[C@@]4(C)C[C@H](O)[C@H](O[C@@H]5OC[C@@H](O[C@@H]6O[C@H](CO)[C@@H](O)[C@H](O)[C@H]6O)[C@H](O)[C@H]5O)[C@@](C)(CO)[C@@H]4CC[C@@]3(C)[C@]1(C)CC2,Activity,,,,CHEMBL901504,CHEMBL230,
CHEMBL392239,COC(=O)[C@@]1(C)CC[C@]2(C(=O)N(C(=O)NC3CCCCC3)C3CCCCC3)CC[C@]3(C)C(=CC[C@@H]4[C@@]5(C)C[C@H](O)[C@H](O[C@@H]6OC[C@@H](O[C@@H]7O[C@H](CO)[C@@H](O)[C@H](O)[C@H]7O)[C@H](O)[C@H]6O)[C@@](C)(CO)[C@@H]5CC[C@]43C)[C@@H]2C1,Inhibition,75.0,%,=,CHEMBL901504,CHEMBL230,
CHEMBL237886,COC(=O)[C@@]1(C)CC[C@]2(C(=O)On3nnc4ccccc43)CC[C@]3(C)C(=CC[C@@H]4[C@@]5(C)C[C@H](O)[C@H](O[C@@H]6OC[C@@H](O[C@@H]7O[C@H](CO)[C@@H](O)[C@H](O)[C@H]7O)[C@H](O)[C@H]6O)[C@@](C)(CO)[C@@H]5CC[C@]43C)[C@@H]2C1,Inhibition,,%,,CHEMBL901504,CHEMBL230,
CHEMBL237885,COC(=O)[C@@]1(C)CC[C@]2(C(=O)O)CC[C@]3(C)C(=CC[C@@H]4[C@@]5(C)C[C@H](O)[C@H](O[C@@H]6OC[C@@H](O[C@@H]7O[C@H](CO)[C@@H](O)[C@H](O)[C@H]7O)[C@H](O)[C@H]6O)[C@@](C)(CO)[C@@H]5CC[C@]43C)[C@@H]2C1,Inhibition,21.7,%,=,CHEMBL901504,CHEMBL230,
CHEMBL6,COc1ccc2c(c1)c(CC(=O)O)c(C)n2C(=O)c1ccc(Cl)cc1,IC50,700.0,nM,=,CHEMBL901402,CHEMBL230,6.16
CHEMBL393127,COc1ccc2c(c1)c(CC(=O)NOCCCO)c(C)n2C(=O)c1ccc(Cl)cc1,IC50,700.0,nM,=,CHEMBL901402,CHEMBL230,6.16
CHEMBL421385,COc1ccc2c(c1)c(CC(=O)NOCc1ccccc1)c(C)n2C(=O)c1ccc(Cl)cc1,Inhibition,11.0,%,=,CHEMBL901423,CHEMBL230,
CHEMBL421385,COc1ccc2c(c1)c(CC(=O)NOCc1ccccc1)c(C)n2C(=O)c1ccc(Cl)cc1,Inhibition,64.0,%,=,CHEMBL901422,CHEMBL230,
CHEMBL118,Cc1ccc(-c2cc(C(F)(F)F)nn2-c2ccc(S(N)(=O)=O)cc2)cc1,IC50,1200.0,nM,=,CHEMBL901402,CHEMBL230,5.92
CHEMBL237208,COc1ccc2c(c1)c(CCNS(=O)(=O)CCCO)c(C)n2C(=O)c1ccc(Cl)cc1,IC50,1100.0,nM,=,CHEMBL901402,CHEMBL230,5.96
CHEMBL237207,COc1ccc2c(c1)c(CCNS(=O)(=O)CCCO[N+](=O)[O-])c(C)n2C(=O)c1ccc(Cl)cc1,IC50,1200.0,nM,=,CHEMBL901402,CHEMBL230,5.92
CHEMBL237022,COc1ccc2c(c1)c(CCNC(=O)NCCCO[N+](=O)[O-])c(C)n2C(=O)c1ccc(Cl)cc1,IC50,10000.0,nM,=,CHEMBL901402,CHEMBL230,5.00
CHEMBL399198,COc1ccc2c(c1)c(CC(=O)NCC(C)(C)CO[N+](=O)[O-])c(C)n2C(=O)c1ccc(Cl)cc1,IC50,1200.0,nM,=,CHEMBL901402,CHEMBL230,5.92
CHEMBL237021,COc1ccc2c(c1)c(CC(=O)NCCCO[N+](=O)[O-])c(C)n2C(=O)c1ccc(Cl)cc1,IC50,1200.0,nM,=,CHEMBL901402,CHEMBL230,5.92
CHEMBL25725,COc1ccc2c(c1)c(CC(=O)NCCCO)c(C)n2C(=O)c1ccc(Cl)cc1,IC50,1800.0,nM,=,CHEMBL901402,CHEMBL230,5.75
CHEMBL24837,COc1ccc2c(c1)c(CC(=O)NCCCCO)c(C)n2C(=O)c1ccc(Cl)cc1,IC50,1200.0,nM,=,CHEMBL901402,CHEMBL230,5.92
CHEMBL237400,COc1cc2c(CC(=O)NCCCO[N+](=O)[O-])c(C)n(C(=O)c3ccc(Cl)cc3)c2cc1Cl,IC50,5800.0,nM,=,CHEMBL901402,CHEMBL230,5.24
CHEMBL237399,COc1cc2c(CC(=O)O)c(C)n(C(=O)c3ccc(Cl)cc3)c2cc1Cl,IC50,4100.0,nM,=,CHEMBL901402,CHEMBL230,5.39
CHEMBL237398,Cc1c(CC(=O)NCCCO)c2cc(O)ccc2n1C(=O)c1ccc(Cl)cc1,IC50,3000.0,nM,=,CHEMBL901402,CHEMBL230,5.52
CHEMBL237205,Cc1c(CC(=O)NCCCO[N+](=O)[O-])c2cc(OS(N)(=O)=O)ccc2n1C(=O)c1ccc(Cl)cc1,IC50,26300.0,nM,=,CHEMBL901402,CHEMBL230,4.58
CHEMBL237204,Cc1c(CC(=O)NCCCO[N+](=O)[O-])c2cc(O)ccc2n1C(=O)c1ccc(Cl)cc1,IC50,3500.0,nM,=,CHEMBL901402,CHEMBL230,5.46
CHEMBL800,Cc1c(CC(=O)O)c2cc(O)ccc2n1C(=O)c1ccc(Cl)cc1,IC50,5000.0,nM,=,CHEMBL901402,CHEMBL230,5.30
CHEMBL6,COc1ccc2c(c1)c(CC(=O)O)c(C)n2C(=O)c1ccc(Cl)cc1,Inhibition,94.0,%,=,CHEMBL901420,CHEMBL230,
CHEMBL6,COc1ccc2c(c1)c(CC(=O)O)c(C)n2C(=O)c1ccc(Cl)cc1,Inhibition,87.0,%,=,CHEMBL901421,CHEMBL230,
CHEMBL6,COc1ccc2c(c1)c(CC(=O)O)c(C)n2C(=O)c1ccc(Cl)cc1,Inhibition,74.0,%,=,CHEMBL901422,CHEMBL230,
CHEMBL6,COc1ccc2c(c1)c(CC(=O)O)c(C)n2C(=O)c1ccc(Cl)cc1,Inhibition,31.0,%,=,CHEMBL901423,CHEMBL230,
CHEMBL6,COc1ccc2c(c1)c(CC(=O)O)c(C)n2C(=O)c1ccc(Cl)cc1,Inhibition,8.0,%,=,CHEMBL901424,CHEMBL230,
CHEMBL800,Cc1c(CC(=O)O)c2cc(O)ccc2n1C(=O)c1ccc(Cl)cc1,Inhibition,94.0,%,=,CHEMBL901423,CHEMBL230,
CHEMBL800,Cc1c(CC(=O)O)c2cc(O)ccc2n1C(=O)c1ccc(Cl)cc1,Inhibition,57.0,%,=,CHEMBL901424,CHEMBL230,
CHEMBL800,Cc1c(CC(=O)O)c2cc(O)ccc2n1C(=O)c1ccc(Cl)cc1,Inhibition,39.0,%,=,CHEMBL901425,CHEMBL230,
CHEMBL800,Cc1c(CC(=O)O)c2cc(O)ccc2n1C(=O)c1ccc(Cl)cc1,Inhibition,0.0,%,=,CHEMBL901426,CHEMBL230,
CHEMBL237204,Cc1c(CC(=O)NCCCO[N+](=O)[O-])c2cc(O)ccc2n1C(=O)c1ccc(Cl)cc1,Inhibition,84.0,%,=,CHEMBL901422,CHEMBL230,
CHEMBL237204,Cc1c(CC(=O)NCCCO[N+](=O)[O-])c2cc(O)ccc2n1C(=O)c1ccc(Cl)cc1,Inhibition,71.0,%,=,CHEMBL901423,CHEMBL230,
CHEMBL237204,Cc1c(CC(=O)NCCCO[N+](=O)[O-])c2cc(O)ccc2n1C(=O)c1ccc(Cl)cc1,Inhibition,54.0,%,=,CHEMBL901424,CHEMBL230,
CHEMBL237204,Cc1c(CC(=O)NCCCO[N+](=O)[O-])c2cc(O)ccc2n1C(=O)c1ccc(Cl)cc1,Inhibition,16.0,%,=,CHEMBL901425,CHEMBL230,
CHEMBL237204,Cc1c(CC(=O)NCCCO[N+](=O)[O-])c2cc(O)ccc2n1C(=O)c1ccc(Cl)cc1,Inhibition,2.0,%,=,CHEMBL901426,CHEMBL230,
CHEMBL237205,Cc1c(CC(=O)NCCCO[N+](=O)[O-])c2cc(OS(N)(=O)=O)ccc2n1C(=O)c1ccc(Cl)cc1,Inhibition,84.0,%,=,CHEMBL901423,CHEMBL230,
CHEMBL237205,Cc1c(CC(=O)NCCCO[N+](=O)[O-])c2cc(OS(N)(=O)=O)ccc2n1C(=O)c1ccc(Cl)cc1,Inhibition,86.0,%,=,CHEMBL901424,CHEMBL230,
CHEMBL237205,Cc1c(CC(=O)NCCCO[N+](=O)[O-])c2cc(OS(N)(=O)=O)ccc2n1C(=O)c1ccc(Cl)cc1,Inhibition,71.0,%,=,CHEMBL901425,CHEMBL230,
CHEMBL237205,Cc1c(CC(=O)NCCCO[N+](=O)[O-])c2cc(OS(N)(=O)=O)ccc2n1C(=O)c1ccc(Cl)cc1,Inhibition,46.0,%,=,CHEMBL901426,CHEMBL230,
CHEMBL237398,Cc1c(CC(=O)NCCCO)c2cc(O)ccc2n1C(=O)c1ccc(Cl)cc1,Inhibition,72.0,%,=,CHEMBL901422,CHEMBL230,
CHEMBL237398,Cc1c(CC(=O)NCCCO)c2cc(O)ccc2n1C(=O)c1ccc(Cl)cc1,Inhibition,70.0,%,=,CHEMBL901423,CHEMBL230,
CHEMBL237398,Cc1c(CC(=O)NCCCO)c2cc(O)ccc2n1C(=O)c1ccc(Cl)cc1,Inhibition,50.0,%,=,CHEMBL901424,CHEMBL230,
CHEMBL237398,Cc1c(CC(=O)NCCCO)c2cc(O)ccc2n1C(=O)c1ccc(Cl)cc1,Inhibition,15.0,%,=,CHEMBL901425,CHEMBL230,
CHEMBL237398,Cc1c(CC(=O)NCCCO)c2cc(O)ccc2n1C(=O)c1ccc(Cl)cc1,Inhibition,4.0,%,=,CHEMBL901426,CHEMBL230,
CHEMBL237402,COc1ccc2c(c1Cl)c(CC(=O)OCc1ccccc1)c(C)n2C(=O)c1ccc(Cl)cc1,Inhibition,100.0,%,=,CHEMBL901423,CHEMBL230,
CHEMBL237402,COc1ccc2c(c1Cl)c(CC(=O)OCc1ccccc1)c(C)n2C(=O)c1ccc(Cl)cc1,Inhibition,99.0,%,=,CHEMBL901425,CHEMBL230,
CHEMBL400428,COc1cc2c(CC(=O)OCc3ccccc3)c(C)n(C(=O)c3ccc(Cl)cc3)c2cc1Cl,Inhibition,92.0,%,=,CHEMBL901423,CHEMBL230,
CHEMBL400428,COc1cc2c(CC(=O)OCc3ccccc3)c(C)n(C(=O)c3ccc(Cl)cc3)c2cc1Cl,Inhibition,84.0,%,=,CHEMBL901425,CHEMBL230,
CHEMBL237399,COc1cc2c(CC(=O)O)c(C)n(C(=O)c3ccc(Cl)cc3)c2cc1Cl,Inhibition,92.0,%,=,CHEMBL901422,CHEMBL230,
CHEMBL237399,COc1cc2c(CC(=O)O)c(C)n(C(=O)c3ccc(Cl)cc3)c2cc1Cl,Inhibition,85.0,%,=,CHEMBL901423,CHEMBL230,
CHEMBL237399,COc1cc2c(CC(=O)O)c(C)n(C(=O)c3ccc(Cl)cc3)c2cc1Cl,Inhibition,73.0,%,=,CHEMBL901424,CHEMBL230,
CHEMBL237399,COc1cc2c(CC(=O)O)c(C)n(C(=O)c3ccc(Cl)cc3)c2cc1Cl,Inhibition,32.0,%,=,CHEMBL901425,CHEMBL230,
CHEMBL237399,COc1cc2c(CC(=O)O)c(C)n(C(=O)c3ccc(Cl)cc3)c2cc1Cl,Inhibition,0.0,%,=,CHEMBL901426,CHEMBL230,
CHEMBL237400,COc1cc2c(CC(=O)NCCCO[N+](=O)[O-])c(C)n(C(=O)c3ccc(Cl)cc3)c2cc1Cl,Inhibition,92.0,%,=,CHEMBL901422,CHEMBL230,
CHEMBL237400,COc1cc2c(CC(=O)NCCCO[N+](=O)[O-])c(C)n(C(=O)c3ccc(Cl)cc3)c2cc1Cl,Inhibition,90.0,%,=,CHEMBL901423,CHEMBL230,
CHEMBL237400,COc1cc2c(CC(=O)NCCCO[N+](=O)[O-])c(C)n(C(=O)c3ccc(Cl)cc3)c2cc1Cl,Inhibition,79.0,%,=,CHEMBL901424,CHEMBL230,
CHEMBL237400,COc1cc2c(CC(=O)NCCCO[N+](=O)[O-])c(C)n(C(=O)c3ccc(Cl)cc3)c2cc1Cl,Inhibition,25.0,%,=,CHEMBL901425,CHEMBL230,
CHEMBL237400,COc1cc2c(CC(=O)NCCCO[N+](=O)[O-])c(C)n(C(=O)c3ccc(Cl)cc3)c2cc1Cl,Inhibition,3.0,%,=,CHEMBL901426,CHEMBL230,
CHEMBL237400,COc1cc2c(CC(=O)NCCCO[N+](=O)[O-])c(C)n(C(=O)c3ccc(Cl)cc3)c2cc1Cl,Inhibition,0.0,%,=,CHEMBL901427,CHEMBL230,
CHEMBL400429,CCOC(=O)Cc1c(C)n(CC2CCCCC2)c2ccc(OC)cc12,Inhibition,98.0,%,=,CHEMBL901423,CHEMBL230,
CHEMBL400429,CCOC(=O)Cc1c(C)n(CC2CCCCC2)c2ccc(OC)cc12,Inhibition,95.0,%,=,CHEMBL901425,CHEMBL230,
CHEMBL398603,COc1ccc2c(c1)c(CC(=O)O)c(C)n2Cc1ccc(S(C)(=O)=O)cc1,Inhibition,100.0,%,=,CHEMBL901423,CHEMBL230,
CHEMBL398603,COc1ccc2c(c1)c(CC(=O)O)c(C)n2Cc1ccc(S(C)(=O)=O)cc1,Inhibition,93.0,%,=,CHEMBL901425,CHEMBL230,
CHEMBL237211,COc1ccc2c(c1)c(CC(=O)O)c(C)n2CC1CCCCC1,Inhibition,92.0,%,=,CHEMBL901423,CHEMBL230,
CHEMBL237211,COc1ccc2c(c1)c(CC(=O)O)c(C)n2CC1CCCCC1,Inhibition,92.0,%,=,CHEMBL901425,CHEMBL230,
CHEMBL398604,COc1ccc2c(c1)c(CC(=O)NCCCO[N+](=O)[O-])c(C)n2Cc1ccc(S(C)(=O)=O)cc1,Inhibition,60.0,%,=,CHEMBL901423,CHEMBL230,
CHEMBL398604,COc1ccc2c(c1)c(CC(=O)NCCCO[N+](=O)[O-])c(C)n2Cc1ccc(S(C)(=O)=O)cc1,Inhibition,68.0,%,=,CHEMBL901425,CHEMBL230,
CHEMBL237406,COc1ccc2c(c1)c(CC(=O)NCCCO[N+](=O)[O-])c(C)n2CC1CCCCC1,Inhibition,95.0,%,=,CHEMBL901423,CHEMBL230,
CHEMBL237406,COc1ccc2c(c1)c(CC(=O)NCCCO[N+](=O)[O-])c(C)n2CC1CCCCC1,Inhibition,95.0,%,=,CHEMBL901425,CHEMBL230,
CHEMBL396129,COc1ccc2c(c1)c(CCO)c(C)n2CC1CCCCC1,Inhibition,88.0,%,=,CHEMBL901423,CHEMBL230,
CHEMBL396129,COc1ccc2c(c1)c(CCO)c(C)n2CC1CCCCC1,Inhibition,95.0,%,=,CHEMBL901425,CHEMBL230,
CHEMBL237028,COc1ccc2c(c1)c(CCO[N+](=O)[O-])c(C)n2CC1CCCCC1,Inhibition,82.0,%,=,CHEMBL901423,CHEMBL230,
CHEMBL237028,COc1ccc2c(c1)c(CCO[N+](=O)[O-])c(C)n2CC1CCCCC1,Inhibition,90.0,%,=,CHEMBL901425,CHEMBL230,
CHEMBL237021,COc1ccc2c(c1)c(CC(=O)NCCCO[N+](=O)[O-])c(C)n2C(=O)c1ccc(Cl)cc1,Inhibition,88.0,%,=,CHEMBL901421,CHEMBL230,
CHEMBL24837,COc1ccc2c(c1)c(CC(=O)NCCCCO)c(C)n2C(=O)c1ccc(Cl)cc1,Inhibition,59.0,%,=,CHEMBL901423,CHEMBL230,
CHEMBL24837,COc1ccc2c(c1)c(CC(=O)NCCCCO)c(C)n2C(=O)c1ccc(Cl)cc1,Inhibition,14.0,%,=,CHEMBL901424,CHEMBL230,
CHEMBL24837,COc1ccc2c(c1)c(CC(=O)NCCCCO)c(C)n2C(=O)c1ccc(Cl)cc1,Inhibition,0.0,%,=,CHEMBL901425,CHEMBL230,
CHEMBL25725,COc1ccc2c(c1)c(CC(=O)NCCCO)c(C)n2C(=O)c1ccc(Cl)cc1,Inhibition,83.0,%,=,CHEMBL901422,CHEMBL230,
CHEMBL25725,COc1ccc2c(c1)c(CC(=O)NCCCO)c(C)n2C(=O)c1ccc(Cl)cc1,Inhibition,61.0,%,=,CHEMBL901423,CHEMBL230,
CHEMBL25725,COc1ccc2c(c1)c(CC(=O)NCCCO)c(C)n2C(=O)c1ccc(Cl)cc1,Inhibition,31.0,%,=,CHEMBL901424,CHEMBL230,
CHEMBL25725,COc1ccc2c(c1)c(CC(=O)NCCCO)c(C)n2C(=O)c1ccc(Cl)cc1,Inhibition,3.0,%,=,CHEMBL901425,CHEMBL230,
CHEMBL25725,COc1ccc2c(c1)c(CC(=O)NCCCO)c(C)n2C(=O)c1ccc(Cl)cc1,Inhibition,0.0,%,=,CHEMBL901426,CHEMBL230,
CHEMBL237021,COc1ccc2c(c1)c(CC(=O)NCCCO[N+](=O)[O-])c(C)n2C(=O)c1ccc(Cl)cc1,Inhibition,70.0,%,=,CHEMBL901422,CHEMBL230,
CHEMBL237021,COc1ccc2c(c1)c(CC(=O)NCCCO[N+](=O)[O-])c(C)n2C(=O)c1ccc(Cl)cc1,Inhibition,65.0,%,=,CHEMBL901423,CHEMBL230,
CHEMBL237021,COc1ccc2c(c1)c(CC(=O)NCCCO[N+](=O)[O-])c(C)n2C(=O)c1ccc(Cl)cc1,Inhibition,13.0,%,=,CHEMBL901424,CHEMBL230,
CHEMBL237021,COc1ccc2c(c1)c(CC(=O)NCCCO[N+](=O)[O-])c(C)n2C(=O)c1ccc(Cl)cc1,Inhibition,3.0,%,=,CHEMBL901425,CHEMBL230,
CHEMBL237021,COc1ccc2c(c1)c(CC(=O)NCCCO[N+](=O)[O-])c(C)n2C(=O)c1ccc(Cl)cc1,Inhibition,1.0,%,=,CHEMBL901426,CHEMBL230,
CHEMBL399198,COc1ccc2c(c1)c(CC(=O)NCC(C)(C)CO[N+](=O)[O-])c(C)n2C(=O)c1ccc(Cl)cc1,Inhibition,74.0,%,=,CHEMBL901421,CHEMBL230,
CHEMBL399198,COc1ccc2c(c1)c(CC(=O)NCC(C)(C)CO[N+](=O)[O-])c(C)n2C(=O)c1ccc(Cl)cc1,Inhibition,64.0,%,=,CHEMBL901422,CHEMBL230,
CHEMBL399198,COc1ccc2c(c1)c(CC(=O)NCC(C)(C)CO[N+](=O)[O-])c(C)n2C(=O)c1ccc(Cl)cc1,Inhibition,60.0,%,=,CHEMBL901423,CHEMBL230,
CHEMBL399198,COc1ccc2c(c1)c(CC(=O)NCC(C)(C)CO[N+](=O)[O-])c(C)n2C(=O)c1ccc(Cl)cc1,Inhibition,27.0,%,=,CHEMBL901424,CHEMBL230,
CHEMBL399198,COc1ccc2c(c1)c(CC(=O)NCC(C)(C)CO[N+](=O)[O-])c(C)n2C(=O)c1ccc(Cl)cc1,Inhibition,1.0,%,=,CHEMBL901425,CHEMBL230,
CHEMBL393680,COc1ccc2c(c1)c(CC(=O)NC(CO[N+](=O)[O-])(CO[N+](=O)[O-])CO[N+](=O)[O-])c(C)n2C(=O)c1ccc(Cl)cc1,Inhibition,57.0,%,=,CHEMBL901423,CHEMBL230,
CHEMBL393680,COc1ccc2c(c1)c(CC(=O)NC(CO[N+](=O)[O-])(CO[N+](=O)[O-])CO[N+](=O)[O-])c(C)n2C(=O)c1ccc(Cl)cc1,Inhibition,15.0,%,=,CHEMBL901424,CHEMBL230,
CHEMBL393680,COc1ccc2c(c1)c(CC(=O)NC(CO[N+](=O)[O-])(CO[N+](=O)[O-])CO[N+](=O)[O-])c(C)n2C(=O)c1ccc(Cl)cc1,Inhibition,0.0,%,=,CHEMBL901425,CHEMBL230,
CHEMBL295829,COc1ccc2c(c1)c(CC(=O)NO)c(C)n2C(=O)c1ccc(Cl)cc1,Inhibition,77.0,%,=,CHEMBL901423,CHEMBL230,
CHEMBL295829,COc1ccc2c(c1)c(CC(=O)NO)c(C)n2C(=O)c1ccc(Cl)cc1,Inhibition,28.0,%,=,CHEMBL901425,CHEMBL230,
CHEMBL429267,COc1ccc2c(c1)c(CC(=O)NOC(C)=O)c(C)n2C(=O)c1ccc(Cl)cc1,Inhibition,95.0,%,=,CHEMBL901423,CHEMBL230,
CHEMBL429267,COc1ccc2c(c1)c(CC(=O)NOC(C)=O)c(C)n2C(=O)c1ccc(Cl)cc1,Inhibition,32.0,%,=,CHEMBL901425,CHEMBL230,
CHEMBL391223,COc1ccc2c(c1)c(CC(=O)N(OC(C)=O)C(C)=O)c(C)n2C(=O)c1ccc(Cl)cc1,Inhibition,67.0,%,=,CHEMBL901423,CHEMBL230,
CHEMBL391223,COc1ccc2c(c1)c(CC(=O)N(OC(C)=O)C(C)=O)c(C)n2C(=O)c1ccc(Cl)cc1,Inhibition,19.0,%,=,CHEMBL901425,CHEMBL230,
CHEMBL421385,COc1ccc2c(c1)c(CC(=O)NOCc1ccccc1)c(C)n2C(=O)c1ccc(Cl)cc1,Inhibition,0.0,%,=,CHEMBL901425,CHEMBL230,
CHEMBL237412,COc1ccc2c(c1)c(CC(=O)NOCCO)c(C)n2C(=O)c1ccc(Cl)cc1,Inhibition,41.0,%,=,CHEMBL901423,CHEMBL230,
CHEMBL237412,COc1ccc2c(c1)c(CC(=O)NOCCO)c(C)n2C(=O)c1ccc(Cl)cc1,Inhibition,0.0,%,=,CHEMBL901425,CHEMBL230,
CHEMBL393127,COc1ccc2c(c1)c(CC(=O)NOCCCO)c(C)n2C(=O)c1ccc(Cl)cc1,Inhibition,79.0,%,=,CHEMBL901422,CHEMBL230,
CHEMBL393127,COc1ccc2c(c1)c(CC(=O)NOCCCO)c(C)n2C(=O)c1ccc(Cl)cc1,Inhibition,37.0,%,=,CHEMBL901423,CHEMBL230,
CHEMBL393127,COc1ccc2c(c1)c(CC(=O)NOCCCO)c(C)n2C(=O)c1ccc(Cl)cc1,Inhibition,0.0,%,=,CHEMBL901425,CHEMBL230,
CHEMBL393127,COc1ccc2c(c1)c(CC(=O)NOCCCO)c(C)n2C(=O)c1ccc(Cl)cc1,IC50,700.0,nM,=,CHEMBL901402,CHEMBL230,6.16
CHEMBL237033,COc1ccc2c(c1)c(CCO)c(C)n2C(=O)c1ccc(Cl)cc1,Inhibition,70.0,%,=,CHEMBL901423,CHEMBL230,
CHEMBL237033,COc1ccc2c(c1)c(CCO)c(C)n2C(=O)c1ccc(Cl)cc1,Inhibition,61.0,%,=,CHEMBL901424,CHEMBL230,
CHEMBL237033,COc1ccc2c(c1)c(CCO)c(C)n2C(=O)c1ccc(Cl)cc1,Inhibition,0.0,%,=,CHEMBL901425,CHEMBL230,
CHEMBL237221,COc1ccc2c(c1)c(CCO[N+](=O)[O-])c(C)n2C(=O)c1ccc(Cl)cc1,Inhibition,90.0,%,=,CHEMBL901423,CHEMBL230,
CHEMBL237221,COc1ccc2c(c1)c(CCO[N+](=O)[O-])c(C)n2C(=O)c1ccc(Cl)cc1,Inhibition,64.0,%,=,CHEMBL901425,CHEMBL230,
CHEMBL237221,COc1ccc2c(c1)c(CCO[N+](=O)[O-])c(C)n2C(=O)c1ccc(Cl)cc1,IC50,10000.0,nM,>,CHEMBL901402,CHEMBL230,
CHEMBL393129,COc1ccc2c(c1)c(CCP(=O)(O)O)c(C)n2C(=O)c1ccc(Cl)cc1,Inhibition,95.0,%,=,CHEMBL901423,CHEMBL230,
CHEMBL393129,COc1ccc2c(c1)c(CCP(=O)(O)O)c(C)n2C(=O)c1ccc(Cl)cc1,Inhibition,95.0,%,=,CHEMBL901425,CHEMBL230,
CHEMBL429796,COc1ccc2c(c1)c(CCOC(=O)NS(=O)(=O)NCCCO[N+](=O)[O-])c(C)n2C(=O)c1ccc(Cl)cc1,Inhibition,73.0,%,=,CHEMBL901423,CHEMBL230,
CHEMBL429796,COc1ccc2c(c1)c(CCOC(=O)NS(=O)(=O)NCCCO[N+](=O)[O-])c(C)n2C(=O)c1ccc(Cl)cc1,Inhibition,91.0,%,=,CHEMBL901425,CHEMBL230,
CHEMBL235027,COc1ccc2c(c1)c(CCNS(=O)(=O)c1ccc(CO[N+](=O)[O-])cc1)c(C)n2C(=O)c1ccc(Cl)cc1,Inhibition,67.0,%,=,CHEMBL901425,CHEMBL230,
CHEMBL429796,COc1ccc2c(c1)c(CCOC(=O)NS(=O)(=O)NCCCO[N+](=O)[O-])c(C)n2C(=O)c1ccc(Cl)cc1,IC50,100000.0,nM,>,CHEMBL901402,CHEMBL230,
CHEMBL235332,COc1ccc2c(c1)c(CCOC(=O)NS(=O)(=O)OCCCO[N+](=O)[O-])c(C)n2C(=O)c1ccc(Cl)cc1,Inhibition,95.0,%,=,CHEMBL901423,CHEMBL230,
CHEMBL235332,COc1ccc2c(c1)c(CCOC(=O)NS(=O)(=O)OCCCO[N+](=O)[O-])c(C)n2C(=O)c1ccc(Cl)cc1,Inhibition,90.0,%,=,CHEMBL901425,CHEMBL230,
CHEMBL392569,COc1ccc2c(c1)c(CCOC(=O)NCCCO[N+](=O)[O-])c(C)n2C(=O)c1ccc(Cl)cc1,Inhibition,90.0,%,=,CHEMBL901423,CHEMBL230,
CHEMBL237207,COc1ccc2c(c1)c(CCNS(=O)(=O)CCCO[N+](=O)[O-])c(C)n2C(=O)c1ccc(Cl)cc1,IC50,1200.0,nM,=,CHEMBL901402,CHEMBL230,5.92
CHEMBL392569,COc1ccc2c(c1)c(CCOC(=O)NCCCO[N+](=O)[O-])c(C)n2C(=O)c1ccc(Cl)cc1,Inhibition,73.0,%,=,CHEMBL901425,CHEMBL230,
CHEMBL392569,COc1ccc2c(c1)c(CCOC(=O)NCCCO[N+](=O)[O-])c(C)n2C(=O)c1ccc(Cl)cc1,IC50,100000.0,nM,>,CHEMBL901402,CHEMBL230,
CHEMBL557174,COc1ccc2c(c1)c(CCN)c(C)n2C(=O)c1ccc(Cl)cc1.Cl,Inhibition,94.0,%,=,CHEMBL901423,CHEMBL230,
CHEMBL557174,COc1ccc2c(c1)c(CCN)c(C)n2C(=O)c1ccc(Cl)cc1.Cl,Inhibition,78.0,%,=,CHEMBL901426,CHEMBL230,
CHEMBL238240,COc1ccc2c(c1)c(CCNC(=O)c1ccc(O[N+](=O)[O-])cc1)c(C)n2C(=O)c1ccc(Cl)cc1,Inhibition,64.0,%,=,CHEMBL901423,CHEMBL230,
CHEMBL238240,COc1ccc2c(c1)c(CCNC(=O)c1ccc(O[N+](=O)[O-])cc1)c(C)n2C(=O)c1ccc(Cl)cc1,Inhibition,24.0,%,=,CHEMBL901424,CHEMBL230,
CHEMBL238240,COc1ccc2c(c1)c(CCNC(=O)c1ccc(O[N+](=O)[O-])cc1)c(C)n2C(=O)c1ccc(Cl)cc1,Inhibition,0.0,%,=,CHEMBL901425,CHEMBL230,
CHEMBL238240,COc1ccc2c(c1)c(CCNC(=O)c1ccc(O[N+](=O)[O-])cc1)c(C)n2C(=O)c1ccc(Cl)cc1,IC50,1500.0,nM,=,CHEMBL901402,CHEMBL230,5.82
CHEMBL235027,COc1ccc2c(c1)c(CCNS(=O)(=O)c1ccc(CO[N+](=O)[O-])cc1)c(C)n2C(=O)c1ccc(Cl)cc1,Inhibition,98.0,%,=,CHEMBL901423,CHEMBL230,
CHEMBL237207,COc1ccc2c(c1)c(CCNS(=O)(=O)CCCO[N+](=O)[O-])c(C)n2C(=O)c1ccc(Cl)cc1,Inhibition,85.0,%,=,CHEMBL901422,CHEMBL230,
CHEMBL237207,COc1ccc2c(c1)c(CCNS(=O)(=O)CCCO[N+](=O)[O-])c(C)n2C(=O)c1ccc(Cl)cc1,Inhibition,72.0,%,=,CHEMBL901423,CHEMBL230,
CHEMBL237207,COc1ccc2c(c1)c(CCNS(=O)(=O)CCCO[N+](=O)[O-])c(C)n2C(=O)c1ccc(Cl)cc1,Inhibition,31.0,%,=,CHEMBL901424,CHEMBL230,
CHEMBL237207,COc1ccc2c(c1)c(CCNS(=O)(=O)CCCO[N+](=O)[O-])c(C)n2C(=O)c1ccc(Cl)cc1,Inhibition,15.0,%,=,CHEMBL901425,CHEMBL230,
CHEMBL237207,COc1ccc2c(c1)c(CCNS(=O)(=O)CCCO[N+](=O)[O-])c(C)n2C(=O)c1ccc(Cl)cc1,Inhibition,7.0,%,=,CHEMBL901426,CHEMBL230,
CHEMBL237208,COc1ccc2c(c1)c(CCNS(=O)(=O)CCCO)c(C)n2C(=O)c1ccc(Cl)cc1,Inhibition,74.0,%,=,CHEMBL901422,CHEMBL230,
CHEMBL237208,COc1ccc2c(c1)c(CCNS(=O)(=O)CCCO)c(C)n2C(=O)c1ccc(Cl)cc1,Inhibition,54.0,%,=,CHEMBL901423,CHEMBL230,
CHEMBL237208,COc1ccc2c(c1)c(CCNS(=O)(=O)CCCO)c(C)n2C(=O)c1ccc(Cl)cc1,Inhibition,26.0,%,=,CHEMBL901424,CHEMBL230,
CHEMBL237208,COc1ccc2c(c1)c(CCNS(=O)(=O)CCCO)c(C)n2C(=O)c1ccc(Cl)cc1,Inhibition,3.0,%,=,CHEMBL901425,CHEMBL230,
CHEMBL237208,COc1ccc2c(c1)c(CCNS(=O)(=O)CCCO)c(C)n2C(=O)c1ccc(Cl)cc1,Inhibition,0.0,%,=,CHEMBL901426,CHEMBL230,
CHEMBL237208,COc1ccc2c(c1)c(CCNS(=O)(=O)CCCO)c(C)n2C(=O)c1ccc(Cl)cc1,IC50,1100.0,nM,=,CHEMBL901402,CHEMBL230,5.96
CHEMBL237022,COc1ccc2c(c1)c(CCNC(=O)NCCCO[N+](=O)[O-])c(C)n2C(=O)c1ccc(Cl)cc1,Inhibition,83.0,%,=,CHEMBL901423,CHEMBL230,
CHEMBL237022,COc1ccc2c(c1)c(CCNC(=O)NCCCO[N+](=O)[O-])c(C)n2C(=O)c1ccc(Cl)cc1,Inhibition,55.0,%,=,CHEMBL901425,CHEMBL230,
CHEMBL392028,CC(C)c1cc(C(C)C)c(S(=O)(=O)n2c3ccccc3c3ccc(OCC(=O)O)cc32)c(C(C)C)c1,Activity,,,,CHEMBL902182,CHEMBL230,
CHEMBL399878,CS(=O)(=O)c1ccc(C2SCC(=O)N2c2ccccc2)cc1,IC50,200.0,nM,=,CHEMBL941994,CHEMBL230,6.70
CHEMBL118,Cc1ccc(-c2cc(C(F)(F)F)nn2-c2ccc(S(N)(=O)=O)cc2)cc1,IC50,60.0,nM,=,CHEMBL941994,CHEMBL230,7.22
CHEMBL400080,COc1ccc(N2C(=O)CSC2c2ccc(S(C)(=O)=O)cc2)cc1,IC50,160.0,nM,=,CHEMBL941994,CHEMBL230,6.80
CHEMBL399879,Cc1ccc(N2C(=O)CSC2c2ccc(S(C)(=O)=O)cc2)cc1,IC50,150.0,nM,=,CHEMBL941994,CHEMBL230,6.82
CHEMBL249995,CS(=O)(=O)c1ccc(C2SCC(=O)N2c2ccc(F)cc2)cc1,IC50,120.0,nM,=,CHEMBL941994,CHEMBL230,6.92
CHEMBL865,Cc1onc(-c2ccccc2)c1-c1ccc(S(N)(=O)=O)cc1,IC50,40.0,nM,=,CHEMBL926304,CHEMBL230,7.40
CHEMBL254418,Cc1onc(-c2ccccc2)c1-c1ccc(S(=O)(=O)NO)cc1.O,IC50,1100.0,nM,=,CHEMBL926304,CHEMBL230,5.96
CHEMBL6,COc1ccc2c(c1)c(CC(=O)O)c(C)n2C(=O)c1ccc(Cl)cc1,IC50,10.0,nM,=,CHEMBL944174,CHEMBL230,8.00
CHEMBL95643,COc1ccc2c(c1)c(CC(=O)OCCc1ccccc1)c(C)n2C(=O)c1ccc(Cl)cc1,IC50,50.0,nM,=,CHEMBL944174,CHEMBL230,7.30
CHEMBL95311,COc1ccc2c(c1)c(CC(=O)NCCc1ccccc1)c(C)n2C(=O)c1ccc(Cl)cc1,IC50,60.0,nM,=,CHEMBL944174,CHEMBL230,7.22
CHEMBL404107,COc1ccc2c(c1)c(CCOC(=O)c1ccc(Cl)cc1)c(C)n2Cc1ccc(Br)cc1,IC50,50.0,nM,=,CHEMBL944174,CHEMBL230,7.30
CHEMBL254377,COc1ccc2c(c1)c(CCNC(=O)c1ccc(Cl)cc1)c(C)n2Cc1ccc(Br)cc1,IC50,50.0,nM,=,CHEMBL944174,CHEMBL230,7.30
CHEMBL139,O=C(O)Cc1ccccc1Nc1c(Cl)cccc1Cl,IC50,20.0,nM,=,CHEMBL944174,CHEMBL230,7.70
CHEMBL442441,C/C(=N/OCc1ccccc1Nc1c(Cl)cccc1Cl)C(=O)O,IC50,100.0,nM,=,CHEMBL944174,CHEMBL230,7.00
CHEMBL404108,Cc1ccc(Nc2c(F)cccc2Cl)c(CC(=O)O)c1,IC50,7.0,nM,=,CHEMBL944174,CHEMBL230,8.15
CHEMBL563,CC(C(=O)O)c1ccc(-c2ccccc2)c(F)c1,IC50,10.0,nM,=,CHEMBL944174,CHEMBL230,8.00
CHEMBL257539,CCOc1cccc(OCC)c1-c1ccc(C(C)C(=O)O)cc1F,IC50,100.0,nM,=,CHEMBL944174,CHEMBL230,7.00
CHEMBL402513,O=C(O)c1ccc(CCCc2c(CCNS(=O)(=O)c3c(F)cccc3C(F)(F)F)n(C(c3ccccc3)c3ccccc3)c3ccc(Cl)cc23)cc1,Inhibition,9.9,%,=,CHEMBL930888,CHEMBL230,
CHEMBL408619,NS(=O)(=O)c1ccc(/N=C/c2ccccc2)cc1,IC50,2870.0,nM,=,CHEMBL932255,CHEMBL230,5.54
CHEMBL255174,COC(=O)c1ccc(/N=C/c2ccc(S(N)(=O)=O)cc2)cc1,IC50,3720.0,nM,=,CHEMBL932255,CHEMBL230,5.43
CHEMBL446198,COC(=O)c1cc(/N=C/c2ccc(S(N)(=O)=O)cc2)ccc1O,IC50,3130.0,nM,=,CHEMBL932255,CHEMBL230,5.50
CHEMBL270886,COc1ccc(/N=C/c2ccc(S(N)(=O)=O)cc2)cc1OC,IC50,4280.0,nM,=,CHEMBL932255,CHEMBL230,5.37
CHEMBL257489,COc1ccc(/N=C/c2ccc(S(N)(=O)=O)cc2)cc1,IC50,4140.0,nM,=,CHEMBL932255,CHEMBL230,5.38
CHEMBL404476,NS(=O)(=O)c1ccc(/C=N/c2ccc(O)cc2)cc1,IC50,5090.0,nM,=,CHEMBL932255,CHEMBL230,5.29
CHEMBL408865,CN(C)c1ccc(/N=C/c2ccc(S(N)(=O)=O)cc2)cc1,IC50,1950.0,nM,=,CHEMBL932255,CHEMBL230,5.71
CHEMBL271754,NS(=O)(=O)c1ccc(/C=N/c2ccc(C(F)(F)F)cc2)cc1,IC50,6540.0,nM,=,CHEMBL932255,CHEMBL230,5.18
CHEMBL271962,Cc1ccc(/N=C/c2ccc(S(N)(=O)=O)cc2)cc1,IC50,4620.0,nM,=,CHEMBL932255,CHEMBL230,5.33
CHEMBL272622,NS(=O)(=O)c1ccc(/C=N/c2ccc(F)cc2)cc1,IC50,4380.0,nM,=,CHEMBL932255,CHEMBL230,5.36
CHEMBL407019,NS(=O)(=O)c1ccc(/C=N/c2ccccc2)cc1,IC50,3110.0,nM,=,CHEMBL932255,CHEMBL230,5.51
CHEMBL118,Cc1ccc(-c2cc(C(F)(F)F)nn2-c2ccc(S(N)(=O)=O)cc2)cc1,IC50,300.0,nM,=,CHEMBL932255,CHEMBL230,6.52
CHEMBL7162,CS(=O)(=O)Nc1ccc([N+](=O)[O-])cc1OC1CCCCC1,IC50,610.0,nM,=,CHEMBL932255,CHEMBL230,6.21
CHEMBL165,Oc1ccc(/C=C/c2cc(O)cc(O)c2)cc1,IC50,34610.0,nM,=,CHEMBL932255,CHEMBL230,4.46
CHEMBL270087,COc1cc(/C=N/c2ccc(S(N)(=O)=O)cc2)cc(OC)c1O,IC50,2710.0,nM,=,CHEMBL932255,CHEMBL230,5.57
CHEMBL404607,COc1cc(/C=N/c2ccc(S(N)(=O)=O)cc2)cc(OC)c1OC,IC50,2930.0,nM,=,CHEMBL932255,CHEMBL230,5.53
CHEMBL271561,COc1cc(/C=N/c2ccc(S(N)(=O)=O)cc2)cc(OC)c1,IC50,3400.0,nM,=,CHEMBL932255,CHEMBL230,5.47
CHEMBL271832,COc1ccc(/C=N/c2ccc(S(N)(=O)=O)cc2)cc1OC,IC50,3090.0,nM,=,CHEMBL932255,CHEMBL230,5.51
CHEMBL270043,COc1ccc(/C=N/c2ccc(S(N)(=O)=O)cc2)cc1O,IC50,3500.0,nM,=,CHEMBL932255,CHEMBL230,5.46
CHEMBL270256,CCOc1cc(/C=N/c2ccc(S(N)(=O)=O)cc2)ccc1O,IC50,3690.0,nM,=,CHEMBL932255,CHEMBL230,5.43
CHEMBL405744,NS(=O)(=O)c1ccc(/N=C/c2ccc(O)c(C(=O)O)c2)cc1,IC50,740.0,nM,=,CHEMBL932255,CHEMBL230,6.13
CHEMBL270264,COc1cc(/C=N/c2ccc(S(N)(=O)=O)cc2)ccc1O,IC50,2950.0,nM,=,CHEMBL932255,CHEMBL230,5.53
CHEMBL270263,NS(=O)(=O)c1ccc(/N=C/c2ccc(O)c(O)c2)cc1,IC50,2850.0,nM,=,CHEMBL932255,CHEMBL230,5.54
CHEMBL270243,NS(=O)(=O)c1ccc(/N=C/c2cccc(O)c2)cc1,IC50,2780.0,nM,=,CHEMBL932255,CHEMBL230,5.56
CHEMBL271930,COc1cccc(/C=N/c2ccc(S(N)(=O)=O)cc2)c1,IC50,5450.0,nM,=,CHEMBL932255,CHEMBL230,5.26
CHEMBL271911,COc1ccc(/C=N/c2ccc(S(N)(=O)=O)cc2)cc1,IC50,9880.0,nM,=,CHEMBL932255,CHEMBL230,5.00
CHEMBL429915,Cc1ccc(/C=N/c2ccc(S(N)(=O)=O)cc2)cc1,IC50,4940.0,nM,=,CHEMBL932255,CHEMBL230,5.31
CHEMBL270246,NS(=O)(=O)c1ccc(/N=C/c2ccc(C(F)(F)F)cc2)cc1,IC50,4600.0,nM,=,CHEMBL932255,CHEMBL230,5.34
CHEMBL270670,NS(=O)(=O)c1ccc(/N=C/c2ccc(O)cc2)cc1,IC50,3420.0,nM,=,CHEMBL932255,CHEMBL230,5.47
CHEMBL270671,CN(C)c1ccc(/C=N/c2ccc(S(N)(=O)=O)cc2)cc1,IC50,3360.0,nM,=,CHEMBL932255,CHEMBL230,5.47
CHEMBL404921,NS(=O)(=O)c1ccc(/N=C/c2cccc([N+](=O)[O-])c2)cc1,IC50,6750.0,nM,=,CHEMBL932255,CHEMBL230,5.17
CHEMBL255175,NS(=O)(=O)c1ccc(/N=C/c2ccc([N+](=O)[O-])cc2)cc1,IC50,3000.0,nM,=,CHEMBL932255,CHEMBL230,5.52
CHEMBL406434,COC(=O)c1ccc(/C=N/c2ccc(S(N)(=O)=O)cc2)cc1,IC50,2730.0,nM,=,CHEMBL932255,CHEMBL230,5.56
CHEMBL427835,NS(=O)(=O)c1ccc(/N=C/c2ccc(F)cc2)cc1,IC50,2220.0,nM,=,CHEMBL932255,CHEMBL230,5.65
CHEMBL410524,NS(=O)(=O)c1ccc(-c2nc(NCc3ccccc3)cc(C(F)(F)F)n2)cc1,IC50,3980.0,nM,=,CHEMBL947226,CHEMBL230,5.40
CHEMBL410524,NS(=O)(=O)c1ccc(-c2nc(NCc3ccccc3)cc(C(F)(F)F)n2)cc1,IC50,10000.0,nM,>,CHEMBL947228,CHEMBL230,
CHEMBL410524,NS(=O)(=O)c1ccc(-c2nc(NCc3ccccc3)cc(C(F)(F)F)n2)cc1,Ratio IC50,5.2,,=,CHEMBL947230,CHEMBL230,
CHEMBL122,CS(=O)(=O)c1ccc(C2=C(c3ccccc3)C(=O)OC2)cc1,IC50,292.0,nM,=,CHEMBL947226,CHEMBL230,6.54
CHEMBL257054,CS(=O)(=O)c1ccc(-c2nc(NCC3CC=CCC3)cc(C(F)(F)F)n2)cc1,IC50,43.1,nM,=,CHEMBL947226,CHEMBL230,7.37
CHEMBL257295,CS(=O)(=O)c1ccc(-c2nc(NC3CCCCC3)cc(C(F)(F)F)n2)cc1,IC50,252.6,nM,=,CHEMBL947226,CHEMBL230,6.60
CHEMBL257103,CS(=O)(=O)c1ccc(-c2nc(NC3CCCC3)cc(C(F)(F)F)n2)cc1,IC50,191.6,nM,=,CHEMBL947226,CHEMBL230,6.72
CHEMBL403828,CS(=O)(=O)c1ccc(-c2nc(NCC3CCCC3)cc(C(F)(F)F)n2)cc1,IC50,10000.0,nM,>,CHEMBL947226,CHEMBL230,
CHEMBL257483,CC(C)CNc1cc(C(F)(F)F)nc(-c2ccc(S(C)(=O)=O)cc2)n1,IC50,7760.0,nM,=,CHEMBL947226,CHEMBL230,5.11
CHEMBL257491,CCCCCNc1cc(C(F)(F)F)nc(-c2ccc(S(C)(=O)=O)cc2)n1,IC50,10000.0,nM,>,CHEMBL947226,CHEMBL230,
CHEMBL257301,CS(=O)(=O)c1ccc(-c2nc(NCc3nc4ccccc4[nH]3)cc(C(F)(F)F)n2)cc1,IC50,10000.0,nM,>,CHEMBL947226,CHEMBL230,
CHEMBL257493,CS(=O)(=O)c1ccc(-c2nc(NCc3ccc4ccccc4c3)cc(C(F)(F)F)n2)cc1,IC50,10000.0,nM,>,CHEMBL947226,CHEMBL230,
CHEMBL270730,Cn1cccc1CNc1cc(C(F)(F)F)nc(-c2ccc(S(C)(=O)=O)cc2)n1,IC50,177.8,nM,=,CHEMBL947226,CHEMBL230,6.75
CHEMBL405123,CS(=O)(=O)c1ccc(-c2nc(NCc3nccs3)cc(C(F)(F)F)n2)cc1,IC50,459.7,nM,=,CHEMBL947226,CHEMBL230,6.34
CHEMBL270111,CS(=O)(=O)c1ccc(-c2nc(NCC3CCCCC3)cc(C(F)(F)F)n2)cc1,IC50,10000.0,nM,>,CHEMBL947226,CHEMBL230,
CHEMBL408897,NS(=O)(=O)c1ccc(-c2nc(NCC3CCCCC3)cc(C(F)(F)F)n2)cc1,IC50,712.0,nM,=,CHEMBL947226,CHEMBL230,6.15
CHEMBL407951,CS(=O)(=O)c1ccc(-c2nc(NCc3csc4ccccc34)cc(C(F)(F)F)n2)cc1,IC50,10000.0,nM,=,CHEMBL947226,CHEMBL230,5.00
CHEMBL270351,NS(=O)(=O)c1ccc(-c2nc(NCc3csc4ccccc34)cc(C(F)(F)F)n2)cc1,IC50,10000.0,nM,=,CHEMBL947226,CHEMBL230,5.00
CHEMBL273118,CS(=O)(=O)c1ccc(-c2nc(NCc3cc4ccccc4s3)cc(C(F)(F)F)n2)cc1,IC50,5.92,nM,=,CHEMBL947226,CHEMBL230,8.23
CHEMBL442706,NS(=O)(=O)c1ccc(-c2nc(NCc3cc4ccccc4s3)cc(C(F)(F)F)n2)cc1,IC50,15.2,nM,=,CHEMBL947226,CHEMBL230,7.82
CHEMBL271551,CS(=O)(=O)c1ccc(-c2nc(NCc3ccco3)cc(C(F)(F)F)n2)cc1,IC50,200.7,nM,=,CHEMBL947226,CHEMBL230,6.70
CHEMBL409468,NS(=O)(=O)c1ccc(-c2nc(NCc3ccco3)cc(C(F)(F)F)n2)cc1,IC50,14.4,nM,=,CHEMBL947226,CHEMBL230,7.84
CHEMBL271763,CS(=O)(=O)c1ccc(-c2nc(NCc3ccncc3)cc(C(F)(F)F)n2)cc1,IC50,2950.0,nM,=,CHEMBL947226,CHEMBL230,5.53
CHEMBL406528,NS(=O)(=O)c1ccc(-c2nc(NCc3ccncc3)cc(C(F)(F)F)n2)cc1,IC50,1890.0,nM,=,CHEMBL947226,CHEMBL230,5.72
CHEMBL259680,CS(=O)(=O)c1ccc(-c2nc(NCc3cccnc3)cc(C(F)(F)F)n2)cc1,IC50,10000.0,nM,>,CHEMBL947226,CHEMBL230,
CHEMBL270036,NS(=O)(=O)c1ccc(-c2nc(NCc3cccnc3)cc(C(F)(F)F)n2)cc1,IC50,10000.0,nM,>,CHEMBL947226,CHEMBL230,
CHEMBL272626,CS(=O)(=O)c1ccc(-c2nc(NCc3ccccn3)cc(C(F)(F)F)n2)cc1,IC50,10000.0,nM,>,CHEMBL947226,CHEMBL230,
CHEMBL407712,NS(=O)(=O)c1ccc(-c2nc(NCc3ccccn3)cc(C(F)(F)F)n2)cc1,IC50,3000.0,nM,=,CHEMBL947226,CHEMBL230,5.52
CHEMBL272627,CS(=O)(=O)c1ccc(-c2nc(NCc3ccsc3)cc(C(F)(F)F)n2)cc1,IC50,17.6,nM,=,CHEMBL947226,CHEMBL230,7.75
CHEMBL408215,NS(=O)(=O)c1ccc(-c2nc(NCc3ccsc3)cc(C(F)(F)F)n2)cc1,IC50,72.0,nM,=,CHEMBL947226,CHEMBL230,7.14
CHEMBL271338,CS(=O)(=O)c1ccc(-c2nc(NCc3cccs3)cc(C(F)(F)F)n2)cc1,IC50,22.4,nM,=,CHEMBL947226,CHEMBL230,7.65
CHEMBL271337,NS(=O)(=O)c1ccc(-c2nc(NCc3cccs3)cc(C(F)(F)F)n2)cc1,IC50,22.3,nM,=,CHEMBL947226,CHEMBL230,7.65
CHEMBL271339,CS(=O)(=O)c1ccc(-c2nc(NCc3ccccc3)cc(C(F)(F)F)n2)cc1,IC50,140.0,nM,=,CHEMBL947226,CHEMBL230,6.85
CHEMBL122,CS(=O)(=O)c1ccc(C2=C(c3ccccc3)C(=O)OC2)cc1,IC50,211.0,nM,=,CHEMBL947228,CHEMBL230,6.68
CHEMBL257054,CS(=O)(=O)c1ccc(-c2nc(NCC3CC=CCC3)cc(C(F)(F)F)n2)cc1,IC50,32.9,nM,=,CHEMBL947228,CHEMBL230,7.48
CHEMBL257295,CS(=O)(=O)c1ccc(-c2nc(NC3CCCCC3)cc(C(F)(F)F)n2)cc1,IC50,238.5,nM,=,CHEMBL947228,CHEMBL230,6.62
CHEMBL257103,CS(=O)(=O)c1ccc(-c2nc(NC3CCCC3)cc(C(F)(F)F)n2)cc1,IC50,475.9,nM,=,CHEMBL947228,CHEMBL230,6.32
CHEMBL403828,CS(=O)(=O)c1ccc(-c2nc(NCC3CCCC3)cc(C(F)(F)F)n2)cc1,IC50,10000.0,nM,>,CHEMBL947228,CHEMBL230,
CHEMBL257483,CC(C)CNc1cc(C(F)(F)F)nc(-c2ccc(S(C)(=O)=O)cc2)n1,IC50,789.8,nM,=,CHEMBL947228,CHEMBL230,6.10
CHEMBL257491,CCCCCNc1cc(C(F)(F)F)nc(-c2ccc(S(C)(=O)=O)cc2)n1,IC50,728.6,nM,=,CHEMBL947228,CHEMBL230,6.14
CHEMBL257301,CS(=O)(=O)c1ccc(-c2nc(NCc3nc4ccccc4[nH]3)cc(C(F)(F)F)n2)cc1,IC50,10000.0,nM,>,CHEMBL947228,CHEMBL230,
CHEMBL257493,CS(=O)(=O)c1ccc(-c2nc(NCc3ccc4ccccc4c3)cc(C(F)(F)F)n2)cc1,IC50,10000.0,nM,>,CHEMBL947228,CHEMBL230,
CHEMBL270730,Cn1cccc1CNc1cc(C(F)(F)F)nc(-c2ccc(S(C)(=O)=O)cc2)n1,IC50,28.8,nM,=,CHEMBL947228,CHEMBL230,7.54
CHEMBL405123,CS(=O)(=O)c1ccc(-c2nc(NCc3nccs3)cc(C(F)(F)F)n2)cc1,IC50,83.6,nM,=,CHEMBL947228,CHEMBL230,7.08
CHEMBL270111,CS(=O)(=O)c1ccc(-c2nc(NCC3CCCCC3)cc(C(F)(F)F)n2)cc1,IC50,1480.0,nM,=,CHEMBL947228,CHEMBL230,5.83
CHEMBL408897,NS(=O)(=O)c1ccc(-c2nc(NCC3CCCCC3)cc(C(F)(F)F)n2)cc1,IC50,803.5,nM,=,CHEMBL947228,CHEMBL230,6.09
CHEMBL407951,CS(=O)(=O)c1ccc(-c2nc(NCc3csc4ccccc34)cc(C(F)(F)F)n2)cc1,IC50,10000.0,nM,>,CHEMBL947228,CHEMBL230,
CHEMBL270351,NS(=O)(=O)c1ccc(-c2nc(NCc3csc4ccccc34)cc(C(F)(F)F)n2)cc1,IC50,10000.0,nM,>,CHEMBL947228,CHEMBL230,
CHEMBL273118,CS(=O)(=O)c1ccc(-c2nc(NCc3cc4ccccc4s3)cc(C(F)(F)F)n2)cc1,IC50,293.4,nM,=,CHEMBL947228,CHEMBL230,6.53
CHEMBL442706,NS(=O)(=O)c1ccc(-c2nc(NCc3cc4ccccc4s3)cc(C(F)(F)F)n2)cc1,IC50,140.4,nM,=,CHEMBL947228,CHEMBL230,6.85
CHEMBL271551,CS(=O)(=O)c1ccc(-c2nc(NCc3ccco3)cc(C(F)(F)F)n2)cc1,IC50,140.0,nM,=,CHEMBL947228,CHEMBL230,6.85
CHEMBL409468,NS(=O)(=O)c1ccc(-c2nc(NCc3ccco3)cc(C(F)(F)F)n2)cc1,IC50,2790.0,nM,=,CHEMBL947228,CHEMBL230,5.55
CHEMBL271763,CS(=O)(=O)c1ccc(-c2nc(NCc3ccncc3)cc(C(F)(F)F)n2)cc1,IC50,298.5,nM,=,CHEMBL947228,CHEMBL230,6.53
CHEMBL406528,NS(=O)(=O)c1ccc(-c2nc(NCc3ccncc3)cc(C(F)(F)F)n2)cc1,IC50,3330.0,nM,=,CHEMBL947228,CHEMBL230,5.48
CHEMBL259680,CS(=O)(=O)c1ccc(-c2nc(NCc3cccnc3)cc(C(F)(F)F)n2)cc1,IC50,10000.0,nM,>,CHEMBL947228,CHEMBL230,
CHEMBL270036,NS(=O)(=O)c1ccc(-c2nc(NCc3cccnc3)cc(C(F)(F)F)n2)cc1,IC50,10000.0,nM,>,CHEMBL947228,CHEMBL230,
CHEMBL272626,CS(=O)(=O)c1ccc(-c2nc(NCc3ccccn3)cc(C(F)(F)F)n2)cc1,IC50,10000.0,nM,>,CHEMBL947228,CHEMBL230,
CHEMBL407712,NS(=O)(=O)c1ccc(-c2nc(NCc3ccccn3)cc(C(F)(F)F)n2)cc1,IC50,10000.0,nM,>,CHEMBL947228,CHEMBL230,
CHEMBL272627,CS(=O)(=O)c1ccc(-c2nc(NCc3ccsc3)cc(C(F)(F)F)n2)cc1,IC50,46.5,nM,=,CHEMBL947228,CHEMBL230,7.33
CHEMBL408215,NS(=O)(=O)c1ccc(-c2nc(NCc3ccsc3)cc(C(F)(F)F)n2)cc1,IC50,51.9,nM,=,CHEMBL947228,CHEMBL230,7.29
CHEMBL271338,CS(=O)(=O)c1ccc(-c2nc(NCc3cccs3)cc(C(F)(F)F)n2)cc1,IC50,2.1,nM,=,CHEMBL947228,CHEMBL230,8.68
CHEMBL271337,NS(=O)(=O)c1ccc(-c2nc(NCc3cccs3)cc(C(F)(F)F)n2)cc1,IC50,157.6,nM,=,CHEMBL947228,CHEMBL230,6.80
CHEMBL271339,CS(=O)(=O)c1ccc(-c2nc(NCc3ccccc3)cc(C(F)(F)F)n2)cc1,IC50,71.0,nM,=,CHEMBL947228,CHEMBL230,7.15
CHEMBL122,CS(=O)(=O)c1ccc(C2=C(c3ccccc3)C(=O)OC2)cc1,Ratio IC50,0.72,,=,CHEMBL947230,CHEMBL230,
CHEMBL257054,CS(=O)(=O)c1ccc(-c2nc(NCC3CC=CCC3)cc(C(F)(F)F)n2)cc1,Ratio IC50,0.76,,=,CHEMBL947230,CHEMBL230,
CHEMBL257295,CS(=O)(=O)c1ccc(-c2nc(NC3CCCCC3)cc(C(F)(F)F)n2)cc1,Ratio IC50,0.94,,=,CHEMBL947230,CHEMBL230,
CHEMBL257103,CS(=O)(=O)c1ccc(-c2nc(NC3CCCC3)cc(C(F)(F)F)n2)cc1,Ratio IC50,2.48,,=,CHEMBL947230,CHEMBL230,
CHEMBL257483,CC(C)CNc1cc(C(F)(F)F)nc(-c2ccc(S(C)(=O)=O)cc2)n1,Ratio IC50,0.1,,=,CHEMBL947230,CHEMBL230,
CHEMBL257491,CCCCCNc1cc(C(F)(F)F)nc(-c2ccc(S(C)(=O)=O)cc2)n1,Ratio IC50,0.07,,=,CHEMBL947230,CHEMBL230,
CHEMBL270730,Cn1cccc1CNc1cc(C(F)(F)F)nc(-c2ccc(S(C)(=O)=O)cc2)n1,Ratio IC50,0.16,,=,CHEMBL947230,CHEMBL230,
CHEMBL405123,CS(=O)(=O)c1ccc(-c2nc(NCc3nccs3)cc(C(F)(F)F)n2)cc1,Ratio IC50,0.18,,=,CHEMBL947230,CHEMBL230,
CHEMBL270111,CS(=O)(=O)c1ccc(-c2nc(NCC3CCCCC3)cc(C(F)(F)F)n2)cc1,Ratio IC50,0.053,,=,CHEMBL947230,CHEMBL230,
CHEMBL408897,NS(=O)(=O)c1ccc(-c2nc(NCC3CCCCC3)cc(C(F)(F)F)n2)cc1,Ratio IC50,1.1,,=,CHEMBL947230,CHEMBL230,
CHEMBL273118,CS(=O)(=O)c1ccc(-c2nc(NCc3cc4ccccc4s3)cc(C(F)(F)F)n2)cc1,Ratio IC50,49.6,,=,CHEMBL947230,CHEMBL230,
CHEMBL442706,NS(=O)(=O)c1ccc(-c2nc(NCc3cc4ccccc4s3)cc(C(F)(F)F)n2)cc1,Ratio IC50,8.2,,=,CHEMBL947230,CHEMBL230,
CHEMBL271551,CS(=O)(=O)c1ccc(-c2nc(NCc3ccco3)cc(C(F)(F)F)n2)cc1,Ratio IC50,0.7,,=,CHEMBL947230,CHEMBL230,
CHEMBL409468,NS(=O)(=O)c1ccc(-c2nc(NCc3ccco3)cc(C(F)(F)F)n2)cc1,Ratio IC50,193.0,,=,CHEMBL947230,CHEMBL230,
CHEMBL271763,CS(=O)(=O)c1ccc(-c2nc(NCc3ccncc3)cc(C(F)(F)F)n2)cc1,Ratio IC50,0.1,,=,CHEMBL947230,CHEMBL230,
CHEMBL406528,NS(=O)(=O)c1ccc(-c2nc(NCc3ccncc3)cc(C(F)(F)F)n2)cc1,Ratio IC50,1.8,,=,CHEMBL947230,CHEMBL230,
CHEMBL407712,NS(=O)(=O)c1ccc(-c2nc(NCc3ccccn3)cc(C(F)(F)F)n2)cc1,Ratio IC50,3.0,,>,CHEMBL947230,CHEMBL230,
CHEMBL272627,CS(=O)(=O)c1ccc(-c2nc(NCc3ccsc3)cc(C(F)(F)F)n2)cc1,Ratio IC50,2.6,,=,CHEMBL947230,CHEMBL230,
CHEMBL408215,NS(=O)(=O)c1ccc(-c2nc(NCc3ccsc3)cc(C(F)(F)F)n2)cc1,Ratio IC50,0.7,,=,CHEMBL947230,CHEMBL230,
CHEMBL271338,CS(=O)(=O)c1ccc(-c2nc(NCc3cccs3)cc(C(F)(F)F)n2)cc1,Ratio IC50,0.09,,=,CHEMBL947230,CHEMBL230,
CHEMBL271337,NS(=O)(=O)c1ccc(-c2nc(NCc3cccs3)cc(C(F)(F)F)n2)cc1,Ratio IC50,5.5,,=,CHEMBL947230,CHEMBL230,
CHEMBL271339,CS(=O)(=O)c1ccc(-c2nc(NCc3ccccc3)cc(C(F)(F)F)n2)cc1,Ratio IC50,0.51,,=,CHEMBL947230,CHEMBL230,
CHEMBL256847,Cc1c(Cl)nc(-c2ccc(S(C)(=O)=O)cc2)nc1NCc1ccc(F)cc1,Ratio IC50,0.41,,=,CHEMBL947230,CHEMBL230,
CHEMBL256847,Cc1c(Cl)nc(-c2ccc(S(C)(=O)=O)cc2)nc1NCc1ccc(F)cc1,IC50,68.8,nM,=,CHEMBL947228,CHEMBL230,7.16
CHEMBL257677,CS(=O)(=O)c1ccc(-c2nc(Cl)cc(NCc3ccc(F)cc3)n2)cc1,IC50,33.7,nM,=,CHEMBL947228,CHEMBL230,7.47
CHEMBL404362,CCc1c(NCc2ccc(F)cc2)nc(-c2ccc(S(C)(=O)=O)cc2)nc1C(F)(F)F,IC50,102.8,nM,=,CHEMBL947228,CHEMBL230,6.99
CHEMBL257678,Cc1c(NCc2ccc(F)cc2)nc(-c2ccc(S(C)(=O)=O)cc2)nc1C(F)(F)F,IC50,22.4,nM,=,CHEMBL947228,CHEMBL230,7.65
CHEMBL257108,Cc1ccc(CNc2nc(-c3ccc(S(C)(=O)=O)cc3)nc(Cl)c2C)cc1,IC50,36.7,nM,=,CHEMBL947228,CHEMBL230,7.43
CHEMBL257299,Cc1ccc(CNc2cc(Cl)nc(-c3ccc(S(C)(=O)=O)cc3)n2)cc1,IC50,44.4,nM,=,CHEMBL947228,CHEMBL230,7.35
CHEMBL270517,CCc1c(NCc2cccs2)nc(-c2ccc(S(C)(=O)=O)cc2)nc1C(F)(F)F,IC50,120.9,nM,=,CHEMBL947228,CHEMBL230,6.92
CHEMBL272678,Cc1c(NCc2cccs2)nc(-c2ccc(S(C)(=O)=O)cc2)nc1C(F)(F)F,IC50,38.2,nM,=,CHEMBL947228,CHEMBL230,7.42
CHEMBL272862,Cc1c(NCc2ccccc2)nc(-c2ccc(S(C)(=O)=O)cc2)nc1C(F)(F)F,IC50,18.0,nM,=,CHEMBL947228,CHEMBL230,7.75
CHEMBL271348,CS(=O)(=O)c1ccc(-c2nc(NCc3cccs3)cc(OC3CCCC3)n2)cc1,IC50,7.5,nM,=,CHEMBL947228,CHEMBL230,8.12
CHEMBL271549,COCCOc1cc(NCc2cccs2)nc(-c2ccc(S(C)(=O)=O)cc2)n1,IC50,2.4,nM,=,CHEMBL947228,CHEMBL230,8.62
CHEMBL271173,CCOc1cc(NCc2cccs2)nc(-c2ccc(S(C)(=O)=O)cc2)n1,IC50,0.3,nM,=,CHEMBL947228,CHEMBL230,9.52
CHEMBL406527,CC[S+]([O-])c1cc(NCc2cccs2)nc(-c2ccc(S(C)(=O)=O)cc2)n1,IC50,37.6,nM,=,CHEMBL947228,CHEMBL230,7.42
CHEMBL259468,CCN(CC)c1cc(NCc2cccs2)nc(-c2ccc(S(C)(=O)=O)cc2)n1,IC50,6.1,nM,=,CHEMBL947228,CHEMBL230,8.21
CHEMBL405564,CS(=O)(=O)c1ccc(-c2nccc(NCc3cccs3)n2)cc1,IC50,9.2,nM,=,CHEMBL947228,CHEMBL230,8.04
CHEMBL405743,CS(=O)(=O)c1ccc(-c2nccc(NCc3ccccc3)n2)cc1,IC50,10000.0,nM,>,CHEMBL947228,CHEMBL230,
CHEMBL271614,CC(C)Nc1cc(NCc2cccs2)nc(-c2ccc(S(C)(=O)=O)cc2)n1,IC50,10.3,nM,=,CHEMBL947228,CHEMBL230,7.99
CHEMBL272208,CC(C)Nc1cc(NCc2ccccc2)nc(-c2ccc(S(C)(=O)=O)cc2)n1,IC50,273.8,nM,=,CHEMBL947228,CHEMBL230,6.56
CHEMBL272393,CS(=O)(=O)c1ccc(-c2nc(O)cc(NCc3cccs3)n2)cc1,IC50,79.4,nM,=,CHEMBL947228,CHEMBL230,7.10
CHEMBL269832,CS(=O)(=O)c1ccc(-c2nc(O)cc(NCc3ccccc3)n2)cc1,IC50,49.3,nM,=,CHEMBL947228,CHEMBL230,7.31
CHEMBL408216,CCS(=O)(=O)c1cc(NCc2cccs2)nc(-c2ccc(S(C)(=O)=O)cc2)n1,IC50,144.5,nM,=,CHEMBL947228,CHEMBL230,6.84
CHEMBL272239,CCS(=O)(=O)c1cc(NCc2ccccc2)nc(-c2ccc(S(C)(=O)=O)cc2)n1,IC50,90.7,nM,=,CHEMBL947228,CHEMBL230,7.04
CHEMBL272433,CCSc1cc(NCc2cccs2)nc(-c2ccc(S(C)(=O)=O)cc2)n1,IC50,1.2,nM,=,CHEMBL947228,CHEMBL230,8.92
CHEMBL408788,CCSc1cc(NCc2ccccc2)nc(-c2ccc(S(C)(=O)=O)cc2)n1,IC50,24.1,nM,=,CHEMBL947228,CHEMBL230,7.62
CHEMBL270078,CS(=O)(=O)c1ccc(-c2nc(Cl)cc(NCc3cccs3)n2)cc1,IC50,1.2,nM,=,CHEMBL947228,CHEMBL230,8.92
CHEMBL270305,CS(=O)(=O)c1ccc(-c2nc(Cl)cc(NCc3ccccc3)n2)cc1,IC50,10.9,nM,=,CHEMBL947228,CHEMBL230,7.96
CHEMBL270293,COc1cc(NCc2cccs2)nc(-c2ccc(S(C)(=O)=O)cc2)n1,IC50,0.4,nM,=,CHEMBL947228,CHEMBL230,9.40
CHEMBL271932,COc1cc(NCc2ccccc2)nc(-c2ccc(S(C)(=O)=O)cc2)n1,IC50,5.1,nM,=,CHEMBL947228,CHEMBL230,8.29
CHEMBL405071,CC(C)(C)c1cc(NCc2cccs2)nc(-c2ccc(S(C)(=O)=O)cc2)n1,IC50,31.1,nM,=,CHEMBL947228,CHEMBL230,7.51
CHEMBL271103,CC(C)(C)c1cc(NCc2ccccc2)nc(-c2ccc(S(C)(=O)=O)cc2)n1,IC50,93.9,nM,=,CHEMBL947228,CHEMBL230,7.03
CHEMBL271104,CC(C)c1cc(NCc2cccs2)nc(-c2ccc(S(C)(=O)=O)cc2)n1,IC50,9.8,nM,=,CHEMBL947228,CHEMBL230,8.01
CHEMBL255378,CC(C)c1cc(NCc2ccccc2)nc(-c2ccc(S(C)(=O)=O)cc2)n1,IC50,25.3,nM,=,CHEMBL947228,CHEMBL230,7.60
CHEMBL403957,CS(=O)(=O)c1ccc(-c2nc(NCc3ccc(Cl)s3)cc(C(F)(F)F)n2)cc1,IC50,5.4,nM,=,CHEMBL947228,CHEMBL230,8.27
CHEMBL269818,Cc1ccc(CNc2cc(C(F)(F)F)nc(-c3ccc(S(C)(=O)=O)cc3)n2)s1,IC50,11.7,nM,=,CHEMBL947228,CHEMBL230,7.93
CHEMBL403099,Cc1ccsc1CNc1cc(C(F)(F)F)nc(-c2ccc(S(C)(=O)=O)cc2)n1,IC50,527.8,nM,=,CHEMBL947228,CHEMBL230,6.28
CHEMBL403827,CS(=O)(=O)c1ccc(-c2nc(NCc3ccc(N)cc3)cc(C(F)(F)F)n2)cc1,IC50,211.3,nM,=,CHEMBL947228,CHEMBL230,6.67
CHEMBL402784,CS(=O)(=O)Oc1ccc(CNc2cc(C(F)(F)F)nc(-c3ccc(S(C)(=O)=O)cc3)n2)cc1,IC50,10000.0,nM,>,CHEMBL947228,CHEMBL230,
CHEMBL257300,CS(=O)(=O)c1ccc(-c2nc(NCc3ccc(O)cc3)cc(C(F)(F)F)n2)cc1,IC50,635.0,nM,=,CHEMBL947228,CHEMBL230,6.20
CHEMBL272863,COCOc1ccc(CNc2cc(C(F)(F)F)nc(-c3ccc(S(C)(=O)=O)cc3)n2)cc1,IC50,10000.0,nM,>,CHEMBL947228,CHEMBL230,
CHEMBL414005,COc1ccc(CNc2cc(C(F)(F)F)nc(-c3ccc(S(C)(=O)=O)cc3)n2)cc1,IC50,272.3,nM,=,CHEMBL947228,CHEMBL230,6.57
CHEMBL409467,CS(=O)(=O)c1ccc(-c2nc(NCc3ccc(OC(F)(F)F)cc3)cc(C(F)(F)F)n2)cc1,IC50,10000.0,nM,>,CHEMBL947228,CHEMBL230,
CHEMBL259469,CS(=O)(=O)c1ccc(-c2nc(NCc3ccc(C(F)(F)F)cc3)cc(C(F)(F)F)n2)cc1,IC50,1920.0,nM,=,CHEMBL947228,CHEMBL230,5.72
CHEMBL259678,CS(=O)(=O)c1ccc(-c2nc(NCc3cc(F)cc(F)c3)cc(C(F)(F)F)n2)cc1,IC50,300.3,nM,=,CHEMBL947228,CHEMBL230,6.52
CHEMBL410232,CC(C)c1ccc(CNc2cc(C(F)(F)F)nc(-c3ccc(S(C)(=O)=O)cc3)n2)cc1,IC50,10000.0,nM,>,CHEMBL947228,CHEMBL230,
CHEMBL272587,Cc1cccc(CNc2cc(C(F)(F)F)nc(-c3ccc(S(C)(=O)=O)cc3)n2)c1,IC50,1930.0,nM,=,CHEMBL947228,CHEMBL230,5.71
CHEMBL272605,Cc1ccccc1CNc1cc(C(F)(F)F)nc(-c2ccc(S(C)(=O)=O)cc2)n1,IC50,5720.0,nM,=,CHEMBL947228,CHEMBL230,5.24
CHEMBL405841,CS(=O)(=O)c1ccc(-c2nc(NCc3ccc(F)cc3)cc(C(F)(F)F)n2)cc1,IC50,77.2,nM,=,CHEMBL947228,CHEMBL230,7.11
CHEMBL270510,Cc1ccc(CNc2cc(C(F)(F)F)nc(-c3ccc(S(C)(=O)=O)cc3)n2)cc1,IC50,48.4,nM,=,CHEMBL947228,CHEMBL230,7.32
CHEMBL271572,Cn1cccc1CCNc1cc(C(F)(F)F)nc(-c2ccc(S(C)(=O)=O)cc2)n1,IC50,3980.0,nM,=,CHEMBL947228,CHEMBL230,5.40
CHEMBL408442,CS(=O)(=O)c1ccc(-c2nc(NCCc3cccs3)cc(C(F)(F)F)n2)cc1,IC50,1210.0,nM,=,CHEMBL947228,CHEMBL230,5.92
CHEMBL270294,CS(=O)(=O)c1ccc(-c2nc(SCc3cccs3)cc(C(F)(F)F)n2)cc1,IC50,4.1,nM,=,CHEMBL947228,CHEMBL230,8.39
CHEMBL410911,CS(=O)(=O)c1ccc(-c2nc(C(F)(F)F)cc(S(=O)(=O)Cc3ccccc3)n2)cc1,IC50,10000.0,nM,>,CHEMBL947228,CHEMBL230,
CHEMBL446368,CS(=O)(=O)c1ccc(-c2nc([S+]([O-])Cc3ccccc3)cc(C(F)(F)F)n2)cc1,IC50,10000.0,nM,>,CHEMBL947228,CHEMBL230,
CHEMBL270723,CS(=O)(=O)c1ccc(-c2nc(SCc3ccccc3)cc(C(F)(F)F)n2)cc1,IC50,527.8,nM,=,CHEMBL947228,CHEMBL230,6.28
CHEMBL272145,CC(C)c1ccc(Nc2cc(C(F)(F)F)nc(-c3ccc(S(C)(=O)=O)cc3)n2)cc1,IC50,10000.0,nM,>,CHEMBL947228,CHEMBL230,
CHEMBL403985,CS(=O)(=O)c1ccc(-c2nc(Nc3ccccc3)cc(C(F)(F)F)n2)cc1,IC50,10000.0,nM,>,CHEMBL947228,CHEMBL230,
CHEMBL271312,CC(Nc1cc(C(F)(F)F)nc(-c2ccc(S(C)(=O)=O)cc2)n1)c1ccccc1,IC50,521.8,nM,=,CHEMBL947228,CHEMBL230,6.28
CHEMBL271314,CCN(Cc1ccccc1)c1cc(C(F)(F)F)nc(-c2ccc(S(C)(=O)=O)cc2)n1,IC50,10000.0,nM,>,CHEMBL947228,CHEMBL230,
CHEMBL403720,CN(Cc1ccccc1)c1cc(C(F)(F)F)nc(-c2ccc(S(C)(=O)=O)cc2)n1,IC50,454.5,nM,=,CHEMBL947228,CHEMBL230,6.34
CHEMBL257677,CS(=O)(=O)c1ccc(-c2nc(Cl)cc(NCc3ccc(F)cc3)n2)cc1,Ratio IC50,0.35,,=,CHEMBL947230,CHEMBL230,
CHEMBL404362,CCc1c(NCc2ccc(F)cc2)nc(-c2ccc(S(C)(=O)=O)cc2)nc1C(F)(F)F,Ratio IC50,0.67,,=,CHEMBL947230,CHEMBL230,
CHEMBL257678,Cc1c(NCc2ccc(F)cc2)nc(-c2ccc(S(C)(=O)=O)cc2)nc1C(F)(F)F,Ratio IC50,0.43,,=,CHEMBL947230,CHEMBL230,
CHEMBL257108,Cc1ccc(CNc2nc(-c3ccc(S(C)(=O)=O)cc3)nc(Cl)c2C)cc1,Ratio IC50,0.43,,=,CHEMBL947230,CHEMBL230,
CHEMBL257299,Cc1ccc(CNc2cc(Cl)nc(-c3ccc(S(C)(=O)=O)cc3)n2)cc1,Ratio IC50,0.19,,=,CHEMBL947230,CHEMBL230,
CHEMBL270517,CCc1c(NCc2cccs2)nc(-c2ccc(S(C)(=O)=O)cc2)nc1C(F)(F)F,Ratio IC50,0.86,,=,CHEMBL947230,CHEMBL230,
CHEMBL272678,Cc1c(NCc2cccs2)nc(-c2ccc(S(C)(=O)=O)cc2)nc1C(F)(F)F,Ratio IC50,0.73,,=,CHEMBL947230,CHEMBL230,
CHEMBL272862,Cc1c(NCc2ccccc2)nc(-c2ccc(S(C)(=O)=O)cc2)nc1C(F)(F)F,Ratio IC50,0.27,,=,CHEMBL947230,CHEMBL230,
CHEMBL271348,CS(=O)(=O)c1ccc(-c2nc(NCc3cccs3)cc(OC3CCCC3)n2)cc1,Ratio IC50,0.21,,=,CHEMBL947230,CHEMBL230,
CHEMBL271549,COCCOc1cc(NCc2cccs2)nc(-c2ccc(S(C)(=O)=O)cc2)n1,Ratio IC50,0.02,,=,CHEMBL947230,CHEMBL230,
CHEMBL271173,CCOc1cc(NCc2cccs2)nc(-c2ccc(S(C)(=O)=O)cc2)n1,Ratio IC50,0.02,,=,CHEMBL947230,CHEMBL230,
CHEMBL406527,CC[S+]([O-])c1cc(NCc2cccs2)nc(-c2ccc(S(C)(=O)=O)cc2)n1,Ratio IC50,0.03,,=,CHEMBL947230,CHEMBL230,
CHEMBL259468,CCN(CC)c1cc(NCc2cccs2)nc(-c2ccc(S(C)(=O)=O)cc2)n1,Ratio IC50,0.05,,=,CHEMBL947230,CHEMBL230,
CHEMBL405564,CS(=O)(=O)c1ccc(-c2nccc(NCc3cccs3)n2)cc1,Ratio IC50,0.06,,=,CHEMBL947230,CHEMBL230,
CHEMBL271614,CC(C)Nc1cc(NCc2cccs2)nc(-c2ccc(S(C)(=O)=O)cc2)n1,Ratio IC50,0.05,,=,CHEMBL947230,CHEMBL230,
CHEMBL272208,CC(C)Nc1cc(NCc2ccccc2)nc(-c2ccc(S(C)(=O)=O)cc2)n1,Ratio IC50,0.02,,=,CHEMBL947230,CHEMBL230,
CHEMBL272393,CS(=O)(=O)c1ccc(-c2nc(O)cc(NCc3cccs3)n2)cc1,Ratio IC50,0.03,,=,CHEMBL947230,CHEMBL230,
CHEMBL269832,CS(=O)(=O)c1ccc(-c2nc(O)cc(NCc3ccccc3)n2)cc1,Ratio IC50,0.07,,=,CHEMBL947230,CHEMBL230,
CHEMBL408216,CCS(=O)(=O)c1cc(NCc2cccs2)nc(-c2ccc(S(C)(=O)=O)cc2)n1,Ratio IC50,0.15,,=,CHEMBL947230,CHEMBL230,
CHEMBL272239,CCS(=O)(=O)c1cc(NCc2ccccc2)nc(-c2ccc(S(C)(=O)=O)cc2)n1,Ratio IC50,0.4,,=,CHEMBL947230,CHEMBL230,
CHEMBL272433,CCSc1cc(NCc2cccs2)nc(-c2ccc(S(C)(=O)=O)cc2)n1,Ratio IC50,0.2,,=,CHEMBL947230,CHEMBL230,
CHEMBL408788,CCSc1cc(NCc2ccccc2)nc(-c2ccc(S(C)(=O)=O)cc2)n1,Ratio IC50,1.56,,=,CHEMBL947230,CHEMBL230,
CHEMBL270078,CS(=O)(=O)c1ccc(-c2nc(Cl)cc(NCc3cccs3)n2)cc1,Ratio IC50,0.09,,=,CHEMBL947230,CHEMBL230,
CHEMBL270305,CS(=O)(=O)c1ccc(-c2nc(Cl)cc(NCc3ccccc3)n2)cc1,Ratio IC50,0.07,,=,CHEMBL947230,CHEMBL230,
CHEMBL270293,COc1cc(NCc2cccs2)nc(-c2ccc(S(C)(=O)=O)cc2)n1,Ratio IC50,0.06,,=,CHEMBL947230,CHEMBL230,
CHEMBL271932,COc1cc(NCc2ccccc2)nc(-c2ccc(S(C)(=O)=O)cc2)n1,Ratio IC50,0.15,,=,CHEMBL947230,CHEMBL230,
CHEMBL405071,CC(C)(C)c1cc(NCc2cccs2)nc(-c2ccc(S(C)(=O)=O)cc2)n1,Ratio IC50,1.39,,=,CHEMBL947230,CHEMBL230,
CHEMBL271103,CC(C)(C)c1cc(NCc2ccccc2)nc(-c2ccc(S(C)(=O)=O)cc2)n1,Ratio IC50,1.63,,=,CHEMBL947230,CHEMBL230,
CHEMBL271104,CC(C)c1cc(NCc2cccs2)nc(-c2ccc(S(C)(=O)=O)cc2)n1,Ratio IC50,0.38,,=,CHEMBL947230,CHEMBL230,
CHEMBL255378,CC(C)c1cc(NCc2ccccc2)nc(-c2ccc(S(C)(=O)=O)cc2)n1,Ratio IC50,0.55,,=,CHEMBL947230,CHEMBL230,
CHEMBL403957,CS(=O)(=O)c1ccc(-c2nc(NCc3ccc(Cl)s3)cc(C(F)(F)F)n2)cc1,Ratio IC50,0.34,,=,CHEMBL947230,CHEMBL230,
CHEMBL269818,Cc1ccc(CNc2cc(C(F)(F)F)nc(-c3ccc(S(C)(=O)=O)cc3)n2)s1,Ratio IC50,0.5,,=,CHEMBL947230,CHEMBL230,
CHEMBL403099,Cc1ccsc1CNc1cc(C(F)(F)F)nc(-c2ccc(S(C)(=O)=O)cc2)n1,Ratio IC50,9.9,,=,CHEMBL947230,CHEMBL230,
CHEMBL403827,CS(=O)(=O)c1ccc(-c2nc(NCc3ccc(N)cc3)cc(C(F)(F)F)n2)cc1,Ratio IC50,1.4,,=,CHEMBL947230,CHEMBL230,
CHEMBL257300,CS(=O)(=O)c1ccc(-c2nc(NCc3ccc(O)cc3)cc(C(F)(F)F)n2)cc1,Ratio IC50,2.1,,=,CHEMBL947230,CHEMBL230,
CHEMBL414005,COc1ccc(CNc2cc(C(F)(F)F)nc(-c3ccc(S(C)(=O)=O)cc3)n2)cc1,Ratio IC50,0.03,,<,CHEMBL947230,CHEMBL230,
CHEMBL259469,CS(=O)(=O)c1ccc(-c2nc(NCc3ccc(C(F)(F)F)cc3)cc(C(F)(F)F)n2)cc1,Ratio IC50,2.9,,=,CHEMBL947230,CHEMBL230,
CHEMBL259678,CS(=O)(=O)c1ccc(-c2nc(NCc3cc(F)cc(F)c3)cc(C(F)(F)F)n2)cc1,Ratio IC50,3.5,,=,CHEMBL947230,CHEMBL230,
CHEMBL272587,Cc1cccc(CNc2cc(C(F)(F)F)nc(-c3ccc(S(C)(=O)=O)cc3)n2)c1,Ratio IC50,4.9,,=,CHEMBL947230,CHEMBL230,
CHEMBL272605,Cc1ccccc1CNc1cc(C(F)(F)F)nc(-c2ccc(S(C)(=O)=O)cc2)n1,Ratio IC50,0.9,,=,CHEMBL947230,CHEMBL230,
CHEMBL405841,CS(=O)(=O)c1ccc(-c2nc(NCc3ccc(F)cc3)cc(C(F)(F)F)n2)cc1,Ratio IC50,0.8,,=,CHEMBL947230,CHEMBL230,
CHEMBL270510,Cc1ccc(CNc2cc(C(F)(F)F)nc(-c3ccc(S(C)(=O)=O)cc3)n2)cc1,Ratio IC50,0.2,,=,CHEMBL947230,CHEMBL230,
CHEMBL271572,Cn1cccc1CCNc1cc(C(F)(F)F)nc(-c2ccc(S(C)(=O)=O)cc2)n1,Ratio IC50,0.4,,<,CHEMBL947230,CHEMBL230,
CHEMBL408442,CS(=O)(=O)c1ccc(-c2nc(NCCc3cccs3)cc(C(F)(F)F)n2)cc1,Ratio IC50,0.12,,<,CHEMBL947230,CHEMBL230,
CHEMBL270294,CS(=O)(=O)c1ccc(-c2nc(SCc3cccs3)cc(C(F)(F)F)n2)cc1,Ratio IC50,0.58,,=,CHEMBL947230,CHEMBL230,
CHEMBL270723,CS(=O)(=O)c1ccc(-c2nc(SCc3ccccc3)cc(C(F)(F)F)n2)cc1,Ratio IC50,27.7,,=,CHEMBL947230,CHEMBL230,
CHEMBL271312,CC(Nc1cc(C(F)(F)F)nc(-c2ccc(S(C)(=O)=O)cc2)n1)c1ccccc1,Ratio IC50,18.95,,=,CHEMBL947230,CHEMBL230,
CHEMBL403720,CN(Cc1ccccc1)c1cc(C(F)(F)F)nc(-c2ccc(S(C)(=O)=O)cc2)n1,Ratio IC50,0.5,,=,CHEMBL947230,CHEMBL230,
CHEMBL270078,CS(=O)(=O)c1ccc(-c2nc(Cl)cc(NCc3cccs3)n2)cc1,IC50,12.7,nM,=,CHEMBL947226,CHEMBL230,7.90
CHEMBL259672,O=C1N/C(=N\c2nccs2)S/C1=C/c1ccc(O)cc1,Inhibition,0.0,%,=,CHEMBL951100,CHEMBL230,
CHEMBL272220,O=C1CSC(Nc2nccs2)=N1,Inhibition,0.0,%,=,CHEMBL951100,CHEMBL230,
CHEMBL414193,O=C1N/C(=N\c2nccs2)S/C1=C/c1ccccc1Cl,Inhibition,2.1,%,=,CHEMBL951100,CHEMBL230,
CHEMBL405972,O=C1N/C(=N\c2nccs2)S/C1=C/c1cccc(Cl)c1,Inhibition,30.4,%,=,CHEMBL951100,CHEMBL230,
CHEMBL271751,O=C1N/C(=N\c2nccs2)S/C1=C/c1ccc(Cl)cc1,Inhibition,6.2,%,=,CHEMBL951100,CHEMBL230,
CHEMBL272443,O=C1N/C(=N\c2nccs2)S/C1=C/c1cccc([N+](=O)[O-])c1,Inhibition,12.1,%,=,CHEMBL951100,CHEMBL230,
CHEMBL407592,O=C1N/C(=N\c2nccs2)S/C1=C/c1ccc([N+](=O)[O-])cc1,Inhibition,4.5,%,=,CHEMBL951100,CHEMBL230,
CHEMBL272444,COc1ccc(/C=C2/S/C(=N/c3nccs3)NC2=O)cc1,Inhibition,2.5,%,=,CHEMBL951100,CHEMBL230,
CHEMBL436670,COc1cc(/C=C2/S/C(=N/c3nccs3)NC2=O)ccc1O,Inhibition,6.2,%,=,CHEMBL951100,CHEMBL230,
CHEMBL405972,O=C1N/C(=N\c2nccs2)S/C1=C/c1cccc(Cl)c1,IC50,262000.0,nM,=,CHEMBL951104,CHEMBL230,
CHEMBL404108,Cc1ccc(Nc2c(F)cccc2Cl)c(CC(=O)O)c1,Activity,,,,CHEMBL921798,CHEMBL230,
CHEMBL259788,Cc1ccc(Nc2ccccc2Cl)c(CC(=O)O)c1,Inhibition,20.0,%,<,CHEMBL921791,CHEMBL230,
CHEMBL444900,Cc1cccc(F)c1Nc1ccccc1CC(=O)O,Inhibition,20.0,%,<,CHEMBL921791,CHEMBL230,
CHEMBL260968,O=C(O)Cc1ccccc1Nc1c(F)cccc1F,Inhibition,20.0,%,<,CHEMBL921791,CHEMBL230,
CHEMBL78188,O=C(O)Cc1ccccc1Nc1ccccc1,Inhibition,20.0,%,<,CHEMBL921791,CHEMBL230,
CHEMBL427739,O=C(O)Cc1ccccc1Nc1ccccc1F,Inhibition,20.0,%,<,CHEMBL921791,CHEMBL230,
CHEMBL77823,O=C(O)Cc1ccccc1Nc1ccccc1Cl,Inhibition,20.0,%,<,CHEMBL921791,CHEMBL230,
CHEMBL407108,Cc1ccc(Nc2c(C)cccc2F)c(CC(=O)O)c1,Inhibition,20.0,%,<,CHEMBL921791,CHEMBL230,
CHEMBL261069,Cc1ccc(Nc2c(F)cccc2F)c(CC(=O)O)c1,Inhibition,20.0,%,<,CHEMBL921791,CHEMBL230,
CHEMBL261804,Cc1ccc(Nc2ccccc2)c(CC(=O)O)c1,Inhibition,20.0,%,<,CHEMBL921791,CHEMBL230,
CHEMBL407369,Cc1ccc(Nc2ccccc2F)c(CC(=O)O)c1,Inhibition,20.0,%,<,CHEMBL921791,CHEMBL230,
CHEMBL404108,Cc1ccc(Nc2c(F)cccc2Cl)c(CC(=O)O)c1,Inhibition,50.0,%,=,CHEMBL921788,CHEMBL230,
CHEMBL404108,Cc1ccc(Nc2c(F)cccc2Cl)c(CC(=O)O)c1,IC50,107.0,nM,=,CHEMBL921788,CHEMBL230,6.97
CHEMBL258969,Cc1cccc(C(C)C)c1Nc1ccccc1CC(=O)O,Inhibition,30.0,%,=,CHEMBL921788,CHEMBL230,
CHEMBL259842,CCc1cccc(C)c1Nc1ccccc1CC(=O)O,Inhibition,85.0,%,=,CHEMBL921788,CHEMBL230,
CHEMBL259842,CCc1cccc(C)c1Nc1ccccc1CC(=O)O,IC50,327.0,nM,=,CHEMBL921788,CHEMBL230,6.49
CHEMBL76154,Cc1cccc(C)c1Nc1ccccc1CC(=O)O,Inhibition,100.0,%,=,CHEMBL921788,CHEMBL230,
CHEMBL76154,Cc1cccc(C)c1Nc1ccccc1CC(=O)O,IC50,47.0,nM,=,CHEMBL921788,CHEMBL230,7.33
CHEMBL258738,O=C(O)Cc1ccccc1Nc1c(Cl)cccc1C(F)(F)F,Inhibition,100.0,%,=,CHEMBL921788,CHEMBL230,
CHEMBL258738,O=C(O)Cc1ccccc1Nc1c(Cl)cccc1C(F)(F)F,IC50,166.0,nM,=,CHEMBL921788,CHEMBL230,6.78
CHEMBL408156,O=C(O)Cc1ccccc1Nc1c(F)cccc1C(F)(F)F,Inhibition,60.0,%,=,CHEMBL921788,CHEMBL230,
CHEMBL408156,O=C(O)Cc1ccccc1Nc1c(F)cccc1C(F)(F)F,IC50,629.0,nM,=,CHEMBL921788,CHEMBL230,6.20
CHEMBL76084,Cc1cccc(Cl)c1Nc1ccccc1CC(=O)O,Inhibition,100.0,%,=,CHEMBL921788,CHEMBL230,
CHEMBL76084,Cc1cccc(Cl)c1Nc1ccccc1CC(=O)O,IC50,20.0,nM,=,CHEMBL921788,CHEMBL230,7.70
CHEMBL260111,O=C(O)Cc1ccccc1Nc1c(F)cccc1Cl,Inhibition,40.0,%,=,CHEMBL921788,CHEMBL230,
CHEMBL139,O=C(O)Cc1ccccc1Nc1c(Cl)cccc1Cl,Inhibition,90.0,%,=,CHEMBL921788,CHEMBL230,
CHEMBL139,O=C(O)Cc1ccccc1Nc1c(Cl)cccc1Cl,IC50,28.0,nM,=,CHEMBL921788,CHEMBL230,7.55
CHEMBL407368,Cc1ccc(Nc2c(C)cccc2Cl)c(CC(=O)O)c1,Inhibition,95.0,%,=,CHEMBL921788,CHEMBL230,
CHEMBL407368,Cc1ccc(Nc2c(C)cccc2Cl)c(CC(=O)O)c1,IC50,60.0,nM,=,CHEMBL921788,CHEMBL230,7.22
CHEMBL407109,Cc1ccc(Nc2c(Cl)cc(Cl)cc2Cl)c(CC(=O)O)c1,Inhibition,100.0,%,=,CHEMBL921788,CHEMBL230,
CHEMBL407109,Cc1ccc(Nc2c(Cl)cc(Cl)cc2Cl)c(CC(=O)O)c1,IC50,28.0,nM,=,CHEMBL921788,CHEMBL230,7.55
CHEMBL259218,Cc1ccc(Nc2c(Cl)cccc2Cl)c(CC(=O)O)c1,Inhibition,90.0,%,=,CHEMBL921788,CHEMBL230,
CHEMBL259218,Cc1ccc(Nc2c(Cl)cccc2Cl)c(CC(=O)O)c1,IC50,47.0,nM,=,CHEMBL921788,CHEMBL230,7.33
CHEMBL404108,Cc1ccc(Nc2c(F)cccc2Cl)c(CC(=O)O)c1,Inhibition,50.0,%,=,CHEMBL921794,CHEMBL230,
CHEMBL404108,Cc1ccc(Nc2c(F)cccc2Cl)c(CC(=O)O)c1,IC50,130.0,nM,=,CHEMBL921795,CHEMBL230,6.89
CHEMBL404108,Cc1ccc(Nc2c(F)cccc2Cl)c(CC(=O)O)c1,IC50,140.0,nM,=,CHEMBL921796,CHEMBL230,6.85
CHEMBL404108,Cc1ccc(Nc2c(F)cccc2Cl)c(CC(=O)O)c1,Inhibition,50.0,%,=,CHEMBL921800,CHEMBL230,
CHEMBL259218,Cc1ccc(Nc2c(Cl)cccc2Cl)c(CC(=O)O)c1,Activity,0.0,%,=,CHEMBL920831,CHEMBL230,
CHEMBL404108,Cc1ccc(Nc2c(F)cccc2Cl)c(CC(=O)O)c1,Ki,320.0,nM,=,CHEMBL921801,CHEMBL230,6.50
CHEMBL259218,Cc1ccc(Nc2c(Cl)cccc2Cl)c(CC(=O)O)c1,Ki,1200.0,nM,=,CHEMBL921801,CHEMBL230,5.92
CHEMBL259218,Cc1ccc(Nc2c(Cl)cccc2Cl)c(CC(=O)O)c1,IC50,47.0,nM,=,CHEMBL921794,CHEMBL230,7.33
CHEMBL24874,COc1ccc2c(c1)c(CC(=O)N[C@H](C)CO)c(C)n2C(=O)c1ccc(Cl)cc1,IC50,170.0,nM,=,CHEMBL924574,CHEMBL230,6.77
CHEMBL277006,COc1ccc2c(c1)c(CC(=O)N[C@H](CO)c1ccccc1)c(C)n2C(=O)c1ccc(Cl)cc1,IC50,85.0,nM,=,CHEMBL924574,CHEMBL230,7.07
CHEMBL26509,COc1ccc2c(c1)c(CC(=O)N[C@@H](CO)c1ccccc1)c(C)n2C(=O)c1ccc(Cl)cc1,IC50,440.0,nM,=,CHEMBL924574,CHEMBL230,6.36
CHEMBL281379,COc1ccc2c(c1)c(CC(=O)N[C@H](CO)CCSC)c(C)n2C(=O)c1ccc(Cl)cc1,IC50,1000.0,nM,=,CHEMBL924574,CHEMBL230,6.00
CHEMBL432260,COc1ccc2c(c1)c(CC(=O)N[C@@H](CO)CCSC)c(C)n2C(=O)c1ccc(Cl)cc1,IC50,250.0,nM,=,CHEMBL924574,CHEMBL230,6.60
CHEMBL27784,CC[C@@H](CO)NC(=O)Cc1c(C)n(C(=O)c2ccc(Cl)cc2)c2ccc(OC)cc12,IC50,280.0,nM,=,CHEMBL924574,CHEMBL230,6.55
CHEMBL24957,CC[C@H](CO)NC(=O)Cc1c(C)n(C(=O)c2ccc(Cl)cc2)c2ccc(OC)cc12,IC50,100.0,nM,=,CHEMBL924574,CHEMBL230,7.00
CHEMBL281847,COc1ccc2c(c1)c(CC(=O)N[C@@H](C)CO)c(C)n2C(=O)c1ccc(Cl)cc1,IC50,270.0,nM,=,CHEMBL924574,CHEMBL230,6.57
CHEMBL6,COc1ccc2c(c1)c(CC(=O)O)c(C)n2C(=O)c1ccc(Cl)cc1,Inhibition,85.0,%,=,CHEMBL936639,CHEMBL230,
CHEMBL405417,Nc1ccc(NC(=O)c2ccc(C(F)(F)F)cc2)cc1,Inhibition,30.0,%,=,CHEMBL936639,CHEMBL230,
CHEMBL406328,Nc1cccc(NC(=O)c2ccc(C(F)(F)F)cc2)c1,Inhibition,31.0,%,=,CHEMBL936639,CHEMBL230,
CHEMBL259539,Nc1ccccc1NC(=O)c1ccc(C(F)(F)F)cc1,Inhibition,10.0,%,=,CHEMBL936639,CHEMBL230,
CHEMBL259537,Cc1ccc(C(=O)Nc2ccc(N)cc2)cc1,Inhibition,1.0,%,=,CHEMBL936639,CHEMBL230,
CHEMBL260467,Nc1ccc(NC(=O)c2ccc(Cl)cc2)cc1,Inhibition,16.0,%,=,CHEMBL936639,CHEMBL230,
CHEMBL260457,Nc1ccc(NC(=O)c2ccccc2)cc1,Inhibition,0.0,%,=,CHEMBL936639,CHEMBL230,
CHEMBL428439,Cc1ccc(NC(=O)c2ccc(Cl)cc2)cc1,Inhibition,32.0,%,=,CHEMBL936639,CHEMBL230,
CHEMBL406864,COc1ccc(NC(=O)c2ccc(Cl)cc2)cc1,Inhibition,11.0,%,=,CHEMBL936639,CHEMBL230,
CHEMBL25,CC(=O)Oc1ccccc1C(=O)O,Inhibition,25.0,%,=,CHEMBL936639,CHEMBL230,
CHEMBL260550,O=C(Nc1ccc(C(F)(F)F)cc1)c1ccc([N+](=O)[O-])cc1,Inhibition,4.0,%,=,CHEMBL936639,CHEMBL230,
CHEMBL261597,O=C(Nc1ccc(C(F)(F)F)cc1)c1cccc([N+](=O)[O-])c1,Inhibition,11.0,%,=,CHEMBL936639,CHEMBL230,
CHEMBL261599,O=C(Nc1ccc(C(F)(F)F)cc1)c1ccccc1[N+](=O)[O-],Inhibition,17.0,%,=,CHEMBL936639,CHEMBL230,
CHEMBL261598,Nc1ccc(C(=O)Nc2ccc(C(F)(F)F)cc2)cc1,Inhibition,14.0,%,=,CHEMBL936639,CHEMBL230,
CHEMBL406515,Nc1cccc(C(=O)Nc2ccc(C(F)(F)F)cc2)c1,Inhibition,41.0,%,=,CHEMBL936639,CHEMBL230,
CHEMBL261815,Nc1ccccc1C(=O)Nc1ccc(C(F)(F)F)cc1,Inhibition,3.0,%,=,CHEMBL936639,CHEMBL230,
CHEMBL279404,Nc1ccccc1C(=O)Nc1cccc(C(F)(F)F)c1,Inhibition,46.0,%,=,CHEMBL936639,CHEMBL230,
CHEMBL264163,Nc1ccccc1C(=O)Nc1ccccc1C(F)(F)F,Inhibition,0.0,%,=,CHEMBL936639,CHEMBL230,
CHEMBL407376,CCN(C(=O)c1ccccc1N)c1ccc(Cl)cc1,Inhibition,9.0,%,=,CHEMBL936639,CHEMBL230,
CHEMBL264419,CCN(C(=O)c1ccccc1N)c1ccccc1,Inhibition,0.0,%,=,CHEMBL936639,CHEMBL230,
CHEMBL407375,Nc1ccccc1C(=O)Nc1ccc(Cl)cc1,Inhibition,6.0,%,=,CHEMBL936639,CHEMBL230,
CHEMBL38502,Nc1ccccc1C(=O)Nc1ccccc1,Inhibition,0.0,%,=,CHEMBL936639,CHEMBL230,
CHEMBL290141,Cc1ccc(NC(=O)c2ccccc2N)cc1,Inhibition,0.0,%,=,CHEMBL936639,CHEMBL230,
CHEMBL36844,Cc1cccc(NC(=O)c2ccccc2N)c1,Inhibition,0.0,%,=,CHEMBL936639,CHEMBL230,
CHEMBL38743,Cc1ccccc1NC(=O)c1ccccc1N,Inhibition,23.0,%,=,CHEMBL936639,CHEMBL230,
CHEMBL22833,Cc1ccc(NC(=O)c2ccc(N)cc2)cc1,Inhibition,13.0,%,=,CHEMBL936639,CHEMBL230,
CHEMBL260044,Nc1ccc(C(=O)Nc2ccc(Cl)cc2)cc1,Inhibition,18.0,%,=,CHEMBL936639,CHEMBL230,
CHEMBL277484,Nc1ccc(C(=O)Nc2ccccc2)cc1,Inhibition,14.0,%,=,CHEMBL936639,CHEMBL230,
CHEMBL6,COc1ccc2c(c1)c(CC(=O)O)c(C)n2C(=O)c1ccc(Cl)cc1,IC50,11000.0,nM,=,CHEMBL936641,CHEMBL230,4.96
CHEMBL261520,Nc1ccc(C(=O)Nc2cccc(C(F)(F)F)c2)cc1,IC50,100000.0,nM,>,CHEMBL936641,CHEMBL230,
CHEMBL261321,Nc1ccc(C(=O)Nc2ccccc2C(F)(F)F)cc1,IC50,100000.0,nM,>,CHEMBL936641,CHEMBL230,
CHEMBL260564,Nc1cccc(C(=O)Nc2cccc(C(F)(F)F)c2)c1,IC50,100000.0,nM,>,CHEMBL936641,CHEMBL230,
CHEMBL442465,Nc1cccc(C(=O)Nc2ccccc2C(F)(F)F)c1,IC50,100000.0,nM,>,CHEMBL936641,CHEMBL230,
CHEMBL260566,Nc1ccc(NC(=O)c2cccc(C(F)(F)F)c2)cc1,IC50,100000.0,nM,>,CHEMBL936641,CHEMBL230,
CHEMBL261265,Nc1cccc(NC(=O)c2cccc(C(F)(F)F)c2)c1,IC50,100000.0,nM,>,CHEMBL936641,CHEMBL230,
CHEMBL261266,Nc1ccccc1NC(=O)c1cccc(C(F)(F)F)c1,IC50,100000.0,nM,>,CHEMBL936641,CHEMBL230,
CHEMBL408808,Nc1ccc(NC(=O)c2ccccc2C(F)(F)F)cc1,IC50,100000.0,nM,>,CHEMBL936641,CHEMBL230,
CHEMBL261485,Nc1cccc(NC(=O)c2ccccc2C(F)(F)F)c1,IC50,100000.0,nM,>,CHEMBL936641,CHEMBL230,
CHEMBL406881,Nc1ccccc1NC(=O)c1ccccc1C(F)(F)F,IC50,100000.0,nM,>,CHEMBL936641,CHEMBL230,
CHEMBL261598,Nc1ccc(C(=O)Nc2ccc(C(F)(F)F)cc2)cc1,IC50,100000.0,nM,>,CHEMBL936641,CHEMBL230,
CHEMBL406515,Nc1cccc(C(=O)Nc2ccc(C(F)(F)F)cc2)c1,IC50,100000.0,nM,>,CHEMBL936641,CHEMBL230,
CHEMBL261815,Nc1ccccc1C(=O)Nc1ccc(C(F)(F)F)cc1,IC50,100000.0,nM,>,CHEMBL936641,CHEMBL230,
CHEMBL279404,Nc1ccccc1C(=O)Nc1cccc(C(F)(F)F)c1,IC50,100000.0,nM,>,CHEMBL936641,CHEMBL230,
CHEMBL264163,Nc1ccccc1C(=O)Nc1ccccc1C(F)(F)F,IC50,100000.0,nM,>,CHEMBL936641,CHEMBL230,
CHEMBL405417,Nc1ccc(NC(=O)c2ccc(C(F)(F)F)cc2)cc1,IC50,100000.0,nM,>,CHEMBL936641,CHEMBL230,
CHEMBL406328,Nc1cccc(NC(=O)c2ccc(C(F)(F)F)cc2)c1,IC50,100000.0,nM,>,CHEMBL936641,CHEMBL230,
CHEMBL259539,Nc1ccccc1NC(=O)c1ccc(C(F)(F)F)cc1,IC50,100000.0,nM,>,CHEMBL936641,CHEMBL230,
CHEMBL25,CC(=O)Oc1ccccc1C(=O)O,IC50,710000.0,nM,=,CHEMBL936641,CHEMBL230,
CHEMBL260386,Nc1ccc(C(=O)Nc2ccc(C(F)(F)F)cc2)nc1,IC50,100000.0,nM,>,CHEMBL936641,CHEMBL230,
CHEMBL260387,Nc1ccc(C(=O)Nc2ccc(C(F)(F)F)cn2)cc1,IC50,100000.0,nM,>,CHEMBL936641,CHEMBL230,
CHEMBL409023,Nc1ccc(NC(=O)c2ccc(C(F)(F)F)cc2)nc1,IC50,210000.0,nM,=,CHEMBL936641,CHEMBL230,
CHEMBL261550,Nc1ccnc(NC(=O)c2ccc(C(F)(F)F)cc2)c1,IC50,100000.0,nM,>,CHEMBL936641,CHEMBL230,
CHEMBL405319,Nc1cccnc1NC(=O)c1ccc(C(F)(F)F)cc1,IC50,100000.0,nM,>,CHEMBL936641,CHEMBL230,
CHEMBL429148,Nc1ccc(NC(=O)c2cccc(C(F)(F)F)c2)nc1,IC50,100000.0,nM,>,CHEMBL936641,CHEMBL230,
CHEMBL258656,Nc1ccnc(NC(=O)c2cccc(C(F)(F)F)c2)c1,IC50,100000.0,nM,>,CHEMBL936641,CHEMBL230,
CHEMBL407577,Nc1cccnc1NC(=O)c1cccc(C(F)(F)F)c1,IC50,100000.0,nM,>,CHEMBL936641,CHEMBL230,
CHEMBL275809,COc1ccc(-c2nc(C(=O)N3CCN(C)CC3)sc2-c2ccc(OC)cc2)cc1,IC50,65000.0,nM,=,CHEMBL936641,CHEMBL230,4.19
CHEMBL259972,COc1ccc(-c2noc(CC(=O)O)c2-c2ccc(OC)cc2)cc1,IC50,440.0,nM,=,CHEMBL936641,CHEMBL230,6.36
CHEMBL401803,CC/C=C/C/C=C/C/C=C\C/C=C/CCCCC(=O)OC[C@@H](O)CO,Inhibition,35.6,%,=,CHEMBL932557,CHEMBL230,
CHEMBL257201,CC/C=C/C/C=C/C/C=C/C/C=C\C/C=C/C/C=C/CCC(=O)OCC(O)CO,Inhibition,74.2,%,=,CHEMBL932557,CHEMBL230,
CHEMBL258206,CC/C=C/C/C=C/C/C=C/C/C=C\C/C=C/CCCCCC(=O)OCC(O)CO,Inhibition,92.9,%,=,CHEMBL932557,CHEMBL230,
CHEMBL258422,CCCCC/C=C/C/C=C/C/C=C\C/C=C/CCCCCC(=O)OCC(O)CO,Inhibition,86.8,%,=,CHEMBL932557,CHEMBL230,
CHEMBL257404,CC/C=C/C/C=C/C/C=C\C/C=C/C/C=C/CCCC(=O)OCC(O)CO,Inhibition,71.9,%,=,CHEMBL932557,CHEMBL230,
CHEMBL257406,CCCCC/C=C/C/C=C\C/C=C/C/C=C/CCCC(=O)OCC(O)CO,Inhibition,-20.5,%,=,CHEMBL932557,CHEMBL230,
CHEMBL402078,CCCCC/C=C/C/C=C\C/C=C/CCCCCCC(=O)OCC(O)CO,Inhibition,-10.5,%,=,CHEMBL932557,CHEMBL230,
CHEMBL256562,CCCCC/C=C\C/C=C\C/C=C\CCCCC(=O)OCC(O)CO,Inhibition,-6.5,%,=,CHEMBL932557,CHEMBL230,
CHEMBL255662,CCCCC/C=C/C/C=C\CCCCCCCC(=O)OCC(O)CO,Inhibition,20.5,%,=,CHEMBL932557,CHEMBL230,
CHEMBL428593,CCCCCCCC/C=C\CCCCCCCC(=O)OCC(O)CO,Inhibition,24.7,%,=,CHEMBL932557,CHEMBL230,
CHEMBL255696,CCCCCCCCCCCCCCCCCC(=O)OCC(O)CO,Inhibition,16.5,%,=,CHEMBL932557,CHEMBL230,
CHEMBL255922,CC/C=C\C/C=C\C/C=C\CCCCCCCC(=O)OCC(O)CO,Inhibition,-12.8,%,=,CHEMBL932557,CHEMBL230,
CHEMBL481633,Oc1ccc(C2=Cc3cc(O)cc(O)c3[C@@H](c3cc(O)cc(O)c3)[C@@H]2c2ccc(O)cc2)cc1,Activity,,,,CHEMBL967380,CHEMBL230,
CHEMBL480462,Oc1ccc([C@@H]2c3c(O)cc(O)cc3[C@H]3[C@H](c4ccc(O)cc4)c4c(O)cc(O)cc4[C@@H]23)cc1,Activity,,,,CHEMBL967380,CHEMBL230,
CHEMBL518935,Oc1ccc([C@H]2Oc3ccc(/C=C/c4cc(O)cc(O)c4)cc3[C@@H]2c2cc(O)cc(O)c2)cc1,Activity,,,,CHEMBL967380,CHEMBL230,
CHEMBL481632,Oc1ccc([C@H]2O[C@@H](c3ccc(O)cc3)[C@H](c3cc(O)cc(O)c3)[C@H]2c2cc(O)cc(O)c2)cc1,Activity,,,,CHEMBL967380,CHEMBL230,
CHEMBL519453,Oc1ccc([C@H]2O[C@H](c3ccc(O)cc3)[C@@H](c3cc(O)cc(O)c3)[C@H]2c2cc(O)cc(O)c2)cc1,Activity,,,,CHEMBL967380,CHEMBL230,
CHEMBL480462,Oc1ccc([C@@H]2c3c(O)cc(O)cc3[C@H]3[C@H](c4ccc(O)cc4)c4c(O)cc(O)cc4[C@@H]23)cc1,IC50,80000.0,nM,=,CHEMBL947577,CHEMBL230,4.10
CHEMBL518935,Oc1ccc([C@H]2Oc3ccc(/C=C/c4cc(O)cc(O)c4)cc3[C@@H]2c2cc(O)cc(O)c2)cc1,IC50,3700.0,nM,=,CHEMBL947577,CHEMBL230,5.43
CHEMBL503412,OC[C@H]1O[C@@H](Oc2cc(O)cc([C@H]3c4cc(/C=C/c5cc(O)cc(O)c5)ccc4O[C@@H]3c3ccc(O)cc3)c2)[C@H](O)[C@@H](O)[C@@H]1O,IC50,7500.0,nM,=,CHEMBL947577,CHEMBL230,5.12
CHEMBL479210,C=C[C@@H]1[C@@H](O)C[C@@H]2[C@]3(CC[C@]4(C)[C@@H]([C@H](C)CCC(OO)C(=C)C)CC[C@@]24C)C[C@]13CCC(=O)OC,IC50,4.7,ug,=,CHEMBL992446,CHEMBL230,
CHEMBL509659,CNc1nc(N(C)C)c(C(=O)/C(=N/OC)C(=O)OC)s1,Inhibition,19.51,%,=,CHEMBL975910,CHEMBL230,
CHEMBL461953,O=C(Nc1nc(-c2ccccc2)c(C(=O)C(=O)c2sc(NC(=O)c3ccccc3)nc2-c2ccccc2)s1)c1ccccc1,Inhibition,19.33,%,=,CHEMBL975910,CHEMBL230,
CHEMBL509361,CCOC(=O)Nc1nc(C)c(/C(=N\O)c2ccc(S(C)(=O)=O)cc2)s1,Inhibition,8.91,%,=,CHEMBL975910,CHEMBL230,
CHEMBL452260,CS(=O)(=O)c1ccc(C(=O)c2sc(N3CCOCC3)nc2-c2ccccc2)cc1,Inhibition,10.43,%,=,CHEMBL975910,CHEMBL230,
CHEMBL452259,COC(=O)Nc1nc(N(C)C)c(C(=O)c2ccc(S(C)(=O)=O)cc2)s1,Inhibition,15.16,%,=,CHEMBL975910,CHEMBL230,
CHEMBL118,Cc1ccc(-c2cc(C(F)(F)F)nn2-c2ccc(S(N)(=O)=O)cc2)cc1,Inhibition,90.9,%,=,CHEMBL975912,CHEMBL230,
CHEMBL6,COc1ccc2c(c1)c(CC(=O)O)c(C)n2C(=O)c1ccc(Cl)cc1,IC50,2630.0,nM,=,CHEMBL970163,CHEMBL230,5.58
CHEMBL118,Cc1ccc(-c2cc(C(F)(F)F)nn2-c2ccc(S(N)(=O)=O)cc2)cc1,IC50,300.0,nM,<,CHEMBL970163,CHEMBL230,
CHEMBL508588,Cc1ccc(-n2c(-c3ccc(Br)cc3)cs/c2=N\N=C/c2cn(-c3ccc(S(=O)(=O)/N=C/N(C)C)cc3)nc2-c2ccccc2)cc1,IC50,1290.0,nM,=,CHEMBL970163,CHEMBL230,5.89
CHEMBL467837,CN(C)/C=N/S(=O)(=O)c1ccc(-n2cc(/C=N\N=C3/SCC(=O)N3c3ccc(Cl)cc3)c(-c3ccccc3)n2)cc1,IC50,640.0,nM,=,CHEMBL970163,CHEMBL230,6.19
CHEMBL476870,Cc1ccc(N2C(=O)CS/C2=N\N=C/c2cn(-c3ccc(S(=O)(=O)/N=C/N(C)C)cc3)nc2-c2ccccc2)cc1,IC50,1160.0,nM,=,CHEMBL970163,CHEMBL230,5.94
CHEMBL487895,O=C1OC(c2ccc(F)cc2)C(c2ccc(O)cc2)=C1O,Inhibition,16.4,%,=,CHEMBL1006482,CHEMBL230,
CHEMBL520241,O=C1OC(c2ccccc2)C(c2ccc(O)cc2)=C1O,Inhibition,32.9,%,=,CHEMBL1006482,CHEMBL230,
CHEMBL470304,COc1ccc(-c2cn[se]c2-c2ccc(OC)cc2)cc1,IC50,8000.0,nM,=,CHEMBL969894,CHEMBL230,5.10
CHEMBL33864,O=C(O)CCCCC1CCSS1,IC50,0.0,nM,=,CHEMBL969894,CHEMBL230,
CHEMBL51085,O=c1c2ccccc2[se]n1-c1ccccc1,IC50,0.0,nM,=,CHEMBL969894,CHEMBL230,
CHEMBL452744,CS(=O)(=O)c1ccc(-c2[se]ncc2-c2ccc(F)cc2)cc1,IC50,600.0,nM,=,CHEMBL969894,CHEMBL230,6.22
CHEMBL501676,Clc1ccc(-c2cn[se]c2-c2ccc(Cl)cc2)cc1,IC50,0.0,nM,=,CHEMBL969894,CHEMBL230,
CHEMBL471171,Cc1ccc(-c2[se]ncc2-c2ccc(Cl)cc2)cc1,IC50,0.0,nM,=,CHEMBL969894,CHEMBL230,
CHEMBL513405,Cc1ccc(-c2cn[se]c2-c2ccc(Cl)cc2)cc1,IC50,0.0,nM,=,CHEMBL969894,CHEMBL230,
CHEMBL452730,COc1ccc(-c2[se]ncc2-c2ccc(C)cc2)cc1,IC50,0.0,nM,=,CHEMBL969894,CHEMBL230,
CHEMBL471501,COc1ccc(-c2[se]ncc2-c2ccc(Cl)cc2)cc1,Inhibition,17.0,%,=,CHEMBL969895,CHEMBL230,
CHEMBL471331,COc1ccc(-c2cn[se]c2-c2ccc(Cl)cc2)cc1,Inhibition,16.0,%,=,CHEMBL969895,CHEMBL230,
CHEMBL118,Cc1ccc(-c2cc(C(F)(F)F)nn2-c2ccc(S(N)(=O)=O)cc2)cc1,IC50,1000.0,nM,=,CHEMBL969894,CHEMBL230,6.00
CHEMBL52,CC(Cc1ccc(O)c(O)c1)C(C)Cc1ccc(O)c(O)c1,Inhibition,10.0,%,=,CHEMBL969895,CHEMBL230,
CHEMBL118,Cc1ccc(-c2cc(C(F)(F)F)nn2-c2ccc(S(N)(=O)=O)cc2)cc1,IC50,0.52,nM,=,CHEMBL997791,CHEMBL230,9.28
CHEMBL525246,CS(=O)(=O)c1ccc(-c2[nH]c3ccc(F)cc3c2-c2ccccc2)cc1,IC50,5.0,nM,=,CHEMBL997791,CHEMBL230,8.30
CHEMBL524542,NS(=O)(=O)c1ccc(-c2[nH]c3ccc(Cl)cc3c2-c2cccc(Cl)c2)cc1,IC50,3.13,nM,=,CHEMBL997791,CHEMBL230,8.50
CHEMBL526370,NS(=O)(=O)c1ccc(-c2[nH]c3ccccc3c2-c2ccc(O)cc2)cc1,IC50,6.44,nM,=,CHEMBL997791,CHEMBL230,8.19
CHEMBL525021,Cc1ccc(-c2c(-c3ccc(S(C)(=O)=O)cc3)[nH]c3ccccc23)cc1C,IC50,0.17,nM,=,CHEMBL997791,CHEMBL230,9.77
CHEMBL499069,COc1ccc(-c2c(-c3ccc(S(C)(=O)=O)cc3)[nH]c3ccccc23)cc1,IC50,0.02,nM,=,CHEMBL997791,CHEMBL230,10.70
CHEMBL499068,COc1ccc(-c2c(-c3ccc(S(N)(=O)=O)cc3)[nH]c3ccccc23)cc1,IC50,0.006,nM,=,CHEMBL997791,CHEMBL230,
CHEMBL499041,NS(=O)(=O)c1ccc(-c2[nH]c3ccccc3c2-c2ccc(Br)cc2)cc1,IC50,8.36,nM,=,CHEMBL997791,CHEMBL230,8.08
CHEMBL524304,CS(=O)(=O)c1ccc(-c2[nH]c3ccccc3c2-c2ccc(Cl)cc2)cc1,IC50,146.0,nM,=,CHEMBL997791,CHEMBL230,6.84
CHEMBL501208,CS(=O)(=O)c1ccc(-c2[nH]c3ccccc3c2-c2ccc(F)cc2)cc1,IC50,0.02,nM,=,CHEMBL997791,CHEMBL230,10.70
CHEMBL525250,Cc1ccc2[nH]c(-c3ccc(S(C)(=O)=O)cc3)c(-c3ccccc3)c2c1,IC50,0.28,nM,=,CHEMBL997791,CHEMBL230,9.55
CHEMBL525247,Cc1ccc2[nH]c(-c3ccc(S(N)(=O)=O)cc3)c(-c3ccccc3)c2c1,IC50,0.02,nM,=,CHEMBL997791,CHEMBL230,10.70
CHEMBL527107,CS(=O)(=O)c1ccc(-c2[nH]c3ccc(Br)cc3c2-c2ccccc2)cc1,IC50,1.41,nM,=,CHEMBL997791,CHEMBL230,8.85
CHEMBL502286,NS(=O)(=O)c1ccc(-c2[nH]c3ccc(Br)cc3c2-c2ccccc2)cc1,IC50,5.0,nM,=,CHEMBL997791,CHEMBL230,8.30
CHEMBL502285,CS(=O)(=O)c1ccc(-c2[nH]c3ccc(Cl)cc3c2-c2ccccc2)cc1,IC50,0.36,nM,=,CHEMBL997791,CHEMBL230,9.44
CHEMBL499349,NS(=O)(=O)c1ccc(-c2[nH]c3ccc(Cl)cc3c2-c2ccccc2)cc1,IC50,0.14,nM,=,CHEMBL997791,CHEMBL230,9.85
CHEMBL499348,NS(=O)(=O)c1ccc(-c2[nH]c3ccc(F)cc3c2-c2ccccc2)cc1,IC50,2.0,nM,=,CHEMBL997791,CHEMBL230,8.70
CHEMBL525020,CS(=O)(=O)c1ccc(-c2[nH]c3ccc(Cl)cc3c2-c2ccccc2Cl)cc1,IC50,10.0,nM,=,CHEMBL997791,CHEMBL230,8.00
CHEMBL500935,NS(=O)(=O)c1ccc(-c2[nH]c3ccc(Cl)cc3c2-c2ccccc2Cl)cc1,IC50,100.0,nM,=,CHEMBL997791,CHEMBL230,7.00
CHEMBL500675,CS(=O)(=O)c1ccc(-c2[nH]c3ccc(Cl)cc3c2-c2cccc(Cl)c2)cc1,IC50,0.8,nM,=,CHEMBL997791,CHEMBL230,9.10
CHEMBL526720,CS(=O)(=O)c1ccc(-c2[nH]c3ccc(Cl)cc3c2-c2ccc(Cl)cc2)cc1,IC50,85.1,nM,=,CHEMBL997791,CHEMBL230,7.07
CHEMBL500674,NS(=O)(=O)c1ccc(-c2[nH]c3ccc(Cl)cc3c2-c2ccc(Cl)cc2)cc1,IC50,0.54,nM,=,CHEMBL997791,CHEMBL230,9.27
CHEMBL500943,CC(=O)NS(=O)(=O)c1ccc(-c2[nH]c3ccccc3c2-c2ccccc2)cc1,IC50,0.18,nM,=,CHEMBL997791,CHEMBL230,9.74
CHEMBL502556,Cc1ccc(-c2c(-c3ccc(S(N)(=O)=O)cc3)[nH]c3ccccc23)cc1C,IC50,1.46,nM,=,CHEMBL997791,CHEMBL230,8.84
CHEMBL524543,Cc1ccc(-c2c(-c3ccc(S(C)(=O)=O)cc3)[nH]c3ccccc23)cc1,IC50,0.09,nM,=,CHEMBL997791,CHEMBL230,10.05
CHEMBL502555,Cc1ccc(-c2c(-c3ccc(S(N)(=O)=O)cc3)[nH]c3ccccc23)cc1,IC50,0.07,nM,=,CHEMBL997791,CHEMBL230,10.15
CHEMBL502554,CS(=O)(=O)c1ccc(-c2[nH]c3ccccc3c2-c2ccc(Br)cc2)cc1,IC50,0.37,nM,=,CHEMBL997791,CHEMBL230,9.43
CHEMBL524662,NS(=O)(=O)c1ccc(-c2[nH]c3ccccc3c2-c2ccc(Cl)cc2)cc1,IC50,33.5,nM,=,CHEMBL997791,CHEMBL230,7.47
CHEMBL499347,NS(=O)(=O)c1ccc(-c2[nH]c3ccccc3c2-c2ccc(F)cc2)cc1,IC50,5.15,nM,=,CHEMBL997791,CHEMBL230,8.29
CHEMBL499070,CS(=O)(=O)c1ccc(-c2[nH]c3ccccc3c2-c2ccccc2)cc1,IC50,0.6,nM,=,CHEMBL997791,CHEMBL230,9.22
CHEMBL500936,NS(=O)(=O)c1ccc(-c2[nH]c3ccccc3c2-c2ccccc2)cc1,IC50,0.09,nM,=,CHEMBL997791,CHEMBL230,10.05
CHEMBL118,Cc1ccc(-c2cc(C(F)(F)F)nn2-c2ccc(S(N)(=O)=O)cc2)cc1,IC50,0.52,nM,=,CHEMBL997791,CHEMBL230,9.28
CHEMBL525246,CS(=O)(=O)c1ccc(-c2[nH]c3ccc(F)cc3c2-c2ccccc2)cc1,IC50,5.0,nM,=,CHEMBL997791,CHEMBL230,8.30
CHEMBL524542,NS(=O)(=O)c1ccc(-c2[nH]c3ccc(Cl)cc3c2-c2cccc(Cl)c2)cc1,IC50,3.133,nM,=,CHEMBL997791,CHEMBL230,8.50
CHEMBL526370,NS(=O)(=O)c1ccc(-c2[nH]c3ccccc3c2-c2ccc(O)cc2)cc1,IC50,6.442,nM,=,CHEMBL997791,CHEMBL230,8.19
CHEMBL525021,Cc1ccc(-c2c(-c3ccc(S(C)(=O)=O)cc3)[nH]c3ccccc23)cc1C,IC50,0.1698,nM,=,CHEMBL997791,CHEMBL230,9.77
CHEMBL499069,COc1ccc(-c2c(-c3ccc(S(C)(=O)=O)cc3)[nH]c3ccccc23)cc1,IC50,0.02,nM,=,CHEMBL997791,CHEMBL230,10.70
CHEMBL499068,COc1ccc(-c2c(-c3ccc(S(N)(=O)=O)cc3)[nH]c3ccccc23)cc1,IC50,0.005998,nM,=,CHEMBL997791,CHEMBL230,
CHEMBL499041,NS(=O)(=O)c1ccc(-c2[nH]c3ccccc3c2-c2ccc(Br)cc2)cc1,IC50,8.356,nM,=,CHEMBL997791,CHEMBL230,8.08
CHEMBL524304,CS(=O)(=O)c1ccc(-c2[nH]c3ccccc3c2-c2ccc(Cl)cc2)cc1,IC50,145.88,nM,=,CHEMBL997791,CHEMBL230,6.84
CHEMBL501208,CS(=O)(=O)c1ccc(-c2[nH]c3ccccc3c2-c2ccc(F)cc2)cc1,IC50,0.02,nM,=,CHEMBL997791,CHEMBL230,10.70
CHEMBL525250,Cc1ccc2[nH]c(-c3ccc(S(C)(=O)=O)cc3)c(-c3ccccc3)c2c1,IC50,0.2799,nM,=,CHEMBL997791,CHEMBL230,9.55
CHEMBL525247,Cc1ccc2[nH]c(-c3ccc(S(N)(=O)=O)cc3)c(-c3ccccc3)c2c1,IC50,0.02,nM,=,CHEMBL997791,CHEMBL230,10.70
CHEMBL527107,CS(=O)(=O)c1ccc(-c2[nH]c3ccc(Br)cc3c2-c2ccccc2)cc1,IC50,1.409,nM,=,CHEMBL997791,CHEMBL230,8.85
CHEMBL502286,NS(=O)(=O)c1ccc(-c2[nH]c3ccc(Br)cc3c2-c2ccccc2)cc1,IC50,5.0,nM,=,CHEMBL997791,CHEMBL230,8.30
CHEMBL502285,CS(=O)(=O)c1ccc(-c2[nH]c3ccc(Cl)cc3c2-c2ccccc2)cc1,IC50,0.3597,nM,=,CHEMBL997791,CHEMBL230,9.44
CHEMBL499349,NS(=O)(=O)c1ccc(-c2[nH]c3ccc(Cl)cc3c2-c2ccccc2)cc1,IC50,0.14,nM,=,CHEMBL997791,CHEMBL230,9.85
CHEMBL499348,NS(=O)(=O)c1ccc(-c2[nH]c3ccc(F)cc3c2-c2ccccc2)cc1,IC50,2.0,nM,=,CHEMBL997791,CHEMBL230,8.70
CHEMBL525020,CS(=O)(=O)c1ccc(-c2[nH]c3ccc(Cl)cc3c2-c2ccccc2Cl)cc1,IC50,10.0,nM,=,CHEMBL997791,CHEMBL230,8.00
CHEMBL500935,NS(=O)(=O)c1ccc(-c2[nH]c3ccc(Cl)cc3c2-c2ccccc2Cl)cc1,IC50,100.0,nM,=,CHEMBL997791,CHEMBL230,7.00
CHEMBL500675,CS(=O)(=O)c1ccc(-c2[nH]c3ccc(Cl)cc3c2-c2cccc(Cl)c2)cc1,IC50,0.7998,nM,=,CHEMBL997791,CHEMBL230,9.10
CHEMBL526720,CS(=O)(=O)c1ccc(-c2[nH]c3ccc(Cl)cc3c2-c2ccc(Cl)cc2)cc1,IC50,85.11,nM,=,CHEMBL997791,CHEMBL230,7.07
CHEMBL500674,NS(=O)(=O)c1ccc(-c2[nH]c3ccc(Cl)cc3c2-c2ccc(Cl)cc2)cc1,IC50,0.5395,nM,=,CHEMBL997791,CHEMBL230,9.27
CHEMBL500943,CC(=O)NS(=O)(=O)c1ccc(-c2[nH]c3ccccc3c2-c2ccccc2)cc1,IC50,0.1799,nM,=,CHEMBL997791,CHEMBL230,9.74
CHEMBL502556,Cc1ccc(-c2c(-c3ccc(S(N)(=O)=O)cc3)[nH]c3ccccc23)cc1C,IC50,1.459,nM,=,CHEMBL997791,CHEMBL230,8.84
CHEMBL524543,Cc1ccc(-c2c(-c3ccc(S(C)(=O)=O)cc3)[nH]c3ccccc23)cc1,IC50,0.08995,nM,=,CHEMBL997791,CHEMBL230,10.05
CHEMBL502555,Cc1ccc(-c2c(-c3ccc(S(N)(=O)=O)cc3)[nH]c3ccccc23)cc1,IC50,0.06998,nM,=,CHEMBL997791,CHEMBL230,10.16
CHEMBL502554,CS(=O)(=O)c1ccc(-c2[nH]c3ccccc3c2-c2ccc(Br)cc2)cc1,IC50,0.3698,nM,=,CHEMBL997791,CHEMBL230,9.43
CHEMBL524662,NS(=O)(=O)c1ccc(-c2[nH]c3ccccc3c2-c2ccc(Cl)cc2)cc1,IC50,33.5,nM,=,CHEMBL997791,CHEMBL230,7.47
CHEMBL499347,NS(=O)(=O)c1ccc(-c2[nH]c3ccccc3c2-c2ccc(F)cc2)cc1,IC50,5.152,nM,=,CHEMBL997791,CHEMBL230,8.29
CHEMBL499070,CS(=O)(=O)c1ccc(-c2[nH]c3ccccc3c2-c2ccccc2)cc1,IC50,0.5998,nM,=,CHEMBL997791,CHEMBL230,9.22
CHEMBL500936,NS(=O)(=O)c1ccc(-c2[nH]c3ccccc3c2-c2ccccc2)cc1,IC50,0.08995,nM,=,CHEMBL997791,CHEMBL230,10.05
CHEMBL571,CC(C(=O)O)c1cccc(C(=O)c2ccccc2)c1,IC50,690.0,nM,=,CHEMBL997885,CHEMBL230,6.16
CHEMBL498529,CC(COC(=O)C(C)c1ccc2c(c1)[nH]c1ccc(Cl)cc12)O[N+](=O)[O-],IC50,45000.0,nM,=,CHEMBL997885,CHEMBL230,4.35
CHEMBL497678,CC(C(=O)OCCO[N+](=O)[O-])c1ccc2c(c1)[nH]c1ccc(Cl)cc12,IC50,65000.0,nM,=,CHEMBL997885,CHEMBL230,4.19
CHEMBL1316,CC(C(=O)O)c1ccc2c(c1)[nH]c1ccc(Cl)cc12,IC50,38000.0,nM,=,CHEMBL997885,CHEMBL230,4.42
CHEMBL497677,CC(C(=O)OCC(CO[N+](=O)[O-])O[N+](=O)[O-])c1ccc(C(=O)c2cccs2)cc1,IC50,2700.0,nM,=,CHEMBL997885,CHEMBL230,5.57
CHEMBL526643,CC(COC(=O)C(C)c1ccc(C(=O)c2cccs2)cc1)O[N+](=O)[O-],IC50,4560.0,nM,=,CHEMBL997885,CHEMBL230,5.34
CHEMBL497507,CC(C(=O)OCCO[N+](=O)[O-])c1ccc(C(=O)c2cccs2)cc1,IC50,5800.0,nM,=,CHEMBL997885,CHEMBL230,5.24
CHEMBL956,CC(C(=O)O)c1ccc(C(=O)c2cccs2)cc1,IC50,2750.0,nM,=,CHEMBL997885,CHEMBL230,5.56
CHEMBL497859,CC(C(=O)OCC(CO[N+](=O)[O-])O[N+](=O)[O-])c1cccc(C(=O)c2ccccc2)c1,IC50,740.0,nM,=,CHEMBL997885,CHEMBL230,6.13
CHEMBL497858,CC(COC(=O)C(C)c1cccc(C(=O)c2ccccc2)c1)O[N+](=O)[O-],IC50,730.0,nM,=,CHEMBL997885,CHEMBL230,6.14
CHEMBL444396,CC(C(=O)OCCO[N+](=O)[O-])c1cccc(C(=O)c2ccccc2)c1,IC50,770.0,nM,=,CHEMBL997885,CHEMBL230,6.11
CHEMBL18797,CSc1ccc(/C=C2/C(C)=C(CC(=O)O)c3cc(F)ccc32)cc1,Activity,,,,CHEMBL998735,CHEMBL230,
CHEMBL457194,O=C(O)CC1=C/C(=C\c2ccc(-c3ccc(F)cc3F)cc2)c2ccc(F)cc21,Activity,,,,CHEMBL998735,CHEMBL230,
CHEMBL456987,CSc1ccc(-c2ccc(/C=C3\C=C(CC(=O)O)c4cc(F)ccc43)cc2)cc1,Activity,,,,CHEMBL998735,CHEMBL230,
CHEMBL457404,O=C(O)CC1=C/C(=C\c2ccc(-c3ccccc3)cc2)c2ccc(F)cc21,Activity,,,,CHEMBL998735,CHEMBL230,
CHEMBL515831,O=C(O)CC1=C/C(=C\c2cccc3cccnc23)c2ccc(F)cc21,Activity,,,,CHEMBL998735,CHEMBL230,
CHEMBL457184,O=C(O)CC1=C/C(=C\c2ccc(F)c3ccccc23)c2ccc(F)cc21,Activity,,,,CHEMBL998735,CHEMBL230,
CHEMBL515204,O=C(O)CC1=C/C(=C\c2cccc3ccccc23)c2ccc(F)cc21,Activity,,,,CHEMBL998735,CHEMBL230,
CHEMBL456769,O=C(O)CC1=C/C(=C\c2ccc3nccnc3c2)c2ccc(F)cc21,Activity,,,,CHEMBL998735,CHEMBL230,
CHEMBL515823,O=C(O)CC1=C/C(=C\c2ccc3ccccc3c2)c2ccc(F)cc21,Activity,,,,CHEMBL998735,CHEMBL230,
CHEMBL456768,O=C(O)CC1=C/C(=C\c2ccc(SC(F)(F)F)cc2)c2ccc(F)cc21,Activity,,,,CHEMBL998735,CHEMBL230,
CHEMBL456531,CC(C)(C)Oc1ccc(/C=C2\C=C(CC(=O)O)c3cc(F)ccc32)cc1,Activity,,,,CHEMBL998735,CHEMBL230,
CHEMBL456530,COc1ccc(/C=C2\C=C(CC(=O)O)c3cc(F)ccc32)cc1,Activity,,,,CHEMBL998735,CHEMBL230,
CHEMBL514405,[N-]=[N+]=NCc1ccc(/C=C2\C=C(CC(=O)O)c3cc(F)ccc32)cc1,Activity,,,,CHEMBL998735,CHEMBL230,
CHEMBL456529,C#Cc1ccc(/C=C2\C=C(CC(=O)O)c3cc(F)ccc32)cc1,Activity,,,,CHEMBL998735,CHEMBL230,
CHEMBL517909,O=C(O)CC1=C/C(=C\c2ccc(C(F)(F)F)cc2)c2ccc(F)cc21,Activity,,,,CHEMBL998735,CHEMBL230,
CHEMBL502126,Cc1ccc(/C=C2\C=C(CC(=O)O)c3cc(F)ccc32)cc1,Activity,,,,CHEMBL998735,CHEMBL230,
CHEMBL455940,O=C(O)CC1=C/C(=C\c2ccccc2)c2ccc(F)cc21,Activity,,,,CHEMBL998735,CHEMBL230,
CHEMBL505553,O=C(O)CC1=CCc2ccc(F)cc21,Activity,,,,CHEMBL998735,CHEMBL230,
CHEMBL457853,O=C(O)CC1=C/C(=C\c2ccc(Br)cc2)c2ccc(F)cc21,Activity,,,,CHEMBL998735,CHEMBL230,
CHEMBL450921,O=C(O)CC1=C/C(=C\c2ccc(C(=O)O)cc2)c2ccc(F)cc21,Activity,,,,CHEMBL998735,CHEMBL230,
CHEMBL505097,CS(=O)(=O)c1ccc(/C=C2\C=C(CC(=O)O)c3cc(F)ccc32)cc1,Activity,,,,CHEMBL998735,CHEMBL230,
CHEMBL496463,C[S+]([O-])c1ccc(/C=C2\C=C(CC(=O)O)c3cc(F)ccc32)cc1,Activity,,,,CHEMBL998735,CHEMBL230,
CHEMBL496464,CSc1ccc(/C=C2\C=C(CC(=O)O)c3cc(F)ccc32)cc1,Activity,,,,CHEMBL998735,CHEMBL230,
CHEMBL118,Cc1ccc(-c2cc(C(F)(F)F)nn2-c2ccc(S(N)(=O)=O)cc2)cc1,IC50,2900.0,nM,=,CHEMBL1021551,CHEMBL230,5.54
CHEMBL466815,COc1ccc(Nc2c(-c3ccc(S(C)(=O)=O)cc3)nc3ccccn23)cc1,IC50,2800.0,nM,=,CHEMBL1021551,CHEMBL230,5.55
CHEMBL466188,c1ccc(Nc2c(-c3ccccn3)nc3ccccn23)cc1,IC50,18500.0,nM,=,CHEMBL1021551,CHEMBL230,4.73
CHEMBL510552,c1ccc(Nc2c(-c3ccccc3)nc3ccccn23)cc1,Activity,,,,CHEMBL1021551,CHEMBL230,
CHEMBL493969,CC(=O)c1cc(C(C)=O)c2c(=O)cc(-c3ccccc3)oc2c1,IC50,2700.0,nM,=,CHEMBL956809,CHEMBL230,5.57
CHEMBL484814,Cn1c(-c2ccccc2)c(-c2ccc(S(N)(=O)=O)cc2)oc1=O,Inhibition,85.0,%,=,CHEMBL1020709,CHEMBL230,
CHEMBL187137,COc1ccc(-c2cc(-c3ccccc3)c(-c3ccc(S(C)(=O)=O)cc3)c(=O)o2)cc1,IC50,20.0,nM,=,CHEMBL1025125,CHEMBL230,7.70
CHEMBL517712,CN1[C@@H]2CC[C@H]1C[C@@H](OC(=O)C(CO)c1ccccc1)C2,Inhibition,30.0,%,<,CHEMBL1014033,CHEMBL230,
CHEMBL290345,O=C(O)C1=C[C@@H](O)[C@@H](O)[C@H](O)C1,Inhibition,30.0,%,<,CHEMBL1014033,CHEMBL230,
CHEMBL33864,O=C(O)CCCCC1CCSS1,Inhibition,30.0,%,<,CHEMBL1014033,CHEMBL230,
CHEMBL482785,c1csc(-c2ccsc2-c2cccs2)c1,Inhibition,30.0,%,<,CHEMBL1014033,CHEMBL230,
CHEMBL444501,O=C(O)[C@]1(O)C[C@H](O)[C@@H](O)[C@@H](O)C1,Inhibition,30.0,%,<,CHEMBL1014033,CHEMBL230,
CHEMBL307145,Oc1cccc(O)c1O,Inhibition,57.0,%,=,CHEMBL1014033,CHEMBL230,
CHEMBL288114,O=C(O)c1cc(O)c(O)c(O)c1,Inhibition,30.0,%,<,CHEMBL1014033,CHEMBL230,
CHEMBL537,Oc1ccc(O)cc1,Inhibition,30.0,%,<,CHEMBL1014033,CHEMBL230,
CHEMBL232202,OC[C@H]1O[C@@H](Oc2ccc(O)cc2)[C@H](O)[C@@H](O)[C@@H]1O,Inhibition,30.0,%,<,CHEMBL1014033,CHEMBL230,
CHEMBL29411,Cc1ccc(C(C)C)c(O)c1,Inhibition,30.0,%,<,CHEMBL1014033,CHEMBL230,
CHEMBL470670,CC(C)[C@@H]1CC[C@@H](C)C[C@H]1O,Inhibition,30.0,%,<,CHEMBL1014033,CHEMBL230,
CHEMBL520334,CC(C)[C@@H]1CC[C@]2(C)CC[C@]3(C)[C@@H](CC[C@@H]4[C@@]5(C)CC[C@@H](O)C(C)(C)[C@@H]5CC[C@]43C)[C@H]12,Inhibition,30.0,%,<,CHEMBL1014033,CHEMBL230,
CHEMBL449062,C=C(C)[C@H]1CC=C(C)CC1,Inhibition,30.0,%,<,CHEMBL1014033,CHEMBL230,
CHEMBL485259,CC12CCC(CC1)C(C)(C)O2,Inhibition,30.0,%,<,CHEMBL1014033,CHEMBL230,
CHEMBL504794,C/C=C(\C)C(=O)O[C@H]1[C@H](OC(C)=O)[C@@]2(CO)C(CC1(C)C)C1=CC[C@@H]3[C@@]4(C)CC[C@H](O[C@@H]5O[C@H](C(=O)O)[C@@H](O[C@@H]6O[C@H](CO)[C@@H](O)[C@H](O)[C@H]6O)[C@H](O)[C@H]5O[C@@H]5O[C@H](CO)[C@@H](O)[C@H](O)[C@H]5O)[C@H](CO)C4CC[C@@]3(C)[C@@]1(C)C[C@H]2O,Inhibition,30.0,%,<,CHEMBL1014033,CHEMBL230,
CHEMBL395827,CC(C)=CCCC(C)CCO,Inhibition,30.0,%,<,CHEMBL1014033,CHEMBL230,
CHEMBL1081721,CC(C)=CCC[C@@H](C)CC=O,Inhibition,30.0,%,<,CHEMBL1014033,CHEMBL230,
CHEMBL15768,CC12CCC(CC1=O)C2(C)C,Inhibition,30.0,%,<,CHEMBL1014033,CHEMBL230,
CHEMBL519167,CC(C)=CCC[C@](C)(O)[C@H]1CC=C(C)CC1,Inhibition,30.0,%,<,CHEMBL1014033,CHEMBL230,
CHEMBL23236,C=C(C)[C@@H]1CC[C@]2(CO)CC[C@]3(C)[C@H](CC[C@@H]4[C@@]5(C)CC[C@H](O)C(C)(C)[C@@H]5CC[C@]43C)[C@@H]12,Inhibition,30.0,%,<,CHEMBL1014033,CHEMBL230,
CHEMBL71893,CC(C)C1=CC2=CC[C@@H]3[C@](C)(CCC[C@@]3(C)C(=O)O)[C@H]2CC1,Inhibition,30.0,%,<,CHEMBL1014033,CHEMBL230,
CHEMBL222863,C[C@@H]1O[C@@H](O[C@H]2C[C@@H](O)[C@]3(CO)[C@H]4[C@H](O)C[C@]5(C)[C@@H](C6=CC(=O)OC6)CC[C@]5(O)[C@@H]4CC[C@]3(O)C2)[C@H](O)[C@H](O)[C@H]1O,Inhibition,30.0,%,<,CHEMBL1014033,CHEMBL230,
CHEMBL51628,O=c1ccc2ccc(O)cc2o1,Inhibition,30.0,%,<,CHEMBL1014033,CHEMBL230,
CHEMBL71851,COc1cc2ccc(=O)oc2cc1O,Inhibition,30.0,%,<,CHEMBL1014033,CHEMBL230,
CHEMBL61,COc1cc([C@@H]2c3cc4c(cc3[C@H](O)[C@H]3COC(=O)[C@H]23)OCO4)cc(OC)c1OC,Inhibition,30.0,%,<,CHEMBL1014033,CHEMBL230,
CHEMBL88700,COc1ccc(C(=O)O)cc1O,Inhibition,30.0,%,<,CHEMBL1014033,CHEMBL230,
CHEMBL42710,C=CCc1ccc(O)c(OC)c1,Inhibition,40.0,%,=,CHEMBL1014033,CHEMBL230,
CHEMBL482581,O=c1ccc2cc(O[C@@H]3O[C@H](CO)[C@@H](O)[C@H](O)[C@H]3O)c(O)cc2o1,Inhibition,30.0,%,<,CHEMBL1014033,CHEMBL230,
CHEMBL320295,COc1ccc(/C=C/C(=O)O)cc1OC,Inhibition,30.0,%,<,CHEMBL1014033,CHEMBL230,
CHEMBL66879,O=C(O)/C=C/c1ccc(O)cc1,Inhibition,30.0,%,<,CHEMBL1014033,CHEMBL230,
CHEMBL6466,O=c1ccc2ccccc2o1,Inhibition,30.0,%,<,CHEMBL1014033,CHEMBL230,
CHEMBL293492,O=C/C=C/c1ccccc1,Inhibition,45.0,%,=,CHEMBL1014033,CHEMBL230,
CHEMBL284616,O=C(/C=C/c1ccc(O)c(O)c1)O[C@@H]1C[C@](O)(C(=O)O)C[C@@H](O)[C@H]1O,Inhibition,30.0,%,<,CHEMBL1014033,CHEMBL230,
CHEMBL145,O=C(O)/C=C/c1ccc(O)c(O)c1,Inhibition,32.0,%,=,CHEMBL1014033,CHEMBL230,
CHEMBL226335,C[C@@H]1O[C@@H](OC[C@H]2O[C@@H](Oc3c(-c4ccc(O)c(O)c4)oc4cc(O)cc(O)c4c3=O)[C@H](O)[C@@H](O)[C@@H]2O)[C@H](O)[C@H](O)[C@H]1O,Inhibition,30.0,%,<,CHEMBL1014033,CHEMBL230,
CHEMBL9352,O=C1C[C@@H](c2ccc(O)cc2)Oc2cc(O)cc(O)c21,Inhibition,30.0,%,<,CHEMBL1014033,CHEMBL230,
CHEMBL164,O=c1c(O)c(-c2cc(O)c(O)c(O)c2)oc2cc(O)cc(O)c12,Inhibition,62.0,%,=,CHEMBL1014033,CHEMBL230,
CHEMBL151,O=c1cc(-c2ccc(O)c(O)c2)oc2cc(O)cc(O)c12,Inhibition,30.0,%,<,CHEMBL1014033,CHEMBL230,
CHEMBL117,O=c1cc(-c2ccccc2)oc2cc(O)cc(O)c12,Inhibition,30.0,%,<,CHEMBL1014033,CHEMBL230,
CHEMBL445268,O=C(O)c1cc(O)c2c(c1)[C@@H]([C@H]1c3cc(C(=O)O)cc(O)c3C(=O)c3c(O[C@@H]4O[C@H](CO)[C@@H](O)[C@H](O)[C@H]4O)cccc31)c1cccc(O[C@@H]3O[C@H](CO)[C@@H](O)[C@H](O)[C@H]3O)c1C2=O,Inhibition,30.0,%,<,CHEMBL1014033,CHEMBL230,
CHEMBL489961,C[n+]1cccc(C(=O)[O-])c1.Cl,Inhibition,30.0,%,<,CHEMBL1014033,CHEMBL230,
CHEMBL1355736,Cn1c(=O)c2nc[nH]c2n(C)c1=O.O,Inhibition,30.0,%,<,CHEMBL1014033,CHEMBL230,
CHEMBL166795,C[N+]1(C)CCC[C@H]1C(=O)[O-].Cl,Inhibition,30.0,%,<,CHEMBL1014033,CHEMBL230,
CHEMBL523781,CN1[C@@H]2C[C@@H](OC(=O)[C@H](CO)c3ccccc3)C[C@H]1[C@@H]1O[C@H]12.Cl,Inhibition,30.0,%,<,CHEMBL1014033,CHEMBL230,
CHEMBL308408,O=C(O)C1CCCCN1,Inhibition,30.0,%,<,CHEMBL1014033,CHEMBL230,
CHEMBL573,O=C(O)c1cccnc1,Inhibition,30.0,%,<,CHEMBL1014033,CHEMBL230,
CHEMBL513000,CC[C@H]1CN2CCc3cc(OC)c(OC)cc3[C@@H]2C[C@@H]1C[C@H]1NCCc2cc(OC)c(OC)cc21.Cl,Inhibition,30.0,%,<,CHEMBL1014033,CHEMBL230,
CHEMBL113,Cn1c(=O)c2c(ncn2C)n(C)c1=O,Inhibition,30.0,%,<,CHEMBL1014033,CHEMBL230,
CHEMBL491582,c1ccc(-c2ccc(-c3ccccc3)cc2)cc1,IC50,144000.0,nM,=,CHEMBL1014032,CHEMBL230,
CHEMBL151,O=c1cc(-c2ccc(O)c(O)c2)oc2cc(O)cc(O)c12,IC50,100.0,ug.mL-1,<,CHEMBL1014037,CHEMBL230,
CHEMBL151,O=c1cc(-c2ccc(O)c(O)c2)oc2cc(O)cc(O)c12,Inhibition,80.0,%,=,CHEMBL1014030,CHEMBL230,
CHEMBL151,O=c1cc(-c2ccc(O)c(O)c2)oc2cc(O)cc(O)c12,IC50,2.5,ug.mL-1,=,CHEMBL1014038,CHEMBL230,
CHEMBL6,COc1ccc2c(c1)c(CC(=O)O)c(C)n2C(=O)c1ccc(Cl)cc1,Inhibition,30.0,%,>,CHEMBL1014031,CHEMBL230,
CHEMBL15594,CCCCC/C=C\C/C=C\C/C=C\C/C=C\CCCC(=O)O,Km,1000.0,nM,=,CHEMBL1014035,CHEMBL230,
CHEMBL169,C[C@H]1[C@H](C)CC[C@]2(C(=O)O)CC[C@]3(C)C(=CC[C@@H]4[C@@]5(C)CC[C@H](O)C(C)(C)[C@@H]5CC[C@]43C)[C@H]12,IC50,86000.0,nM,=,CHEMBL1014032,CHEMBL230,4.07
CHEMBL168,CC1(C)CC[C@]2(C(=O)O)CC[C@]3(C)C(=CC[C@@H]4[C@@]5(C)CC[C@H](O)C(C)(C)[C@@H]5CC[C@]43C)[C@@H]2C1,IC50,87000.0,nM,=,CHEMBL1014032,CHEMBL230,4.06
CHEMBL122,CS(=O)(=O)c1ccc(C2=C(c3ccccc3)C(=O)OC2)cc1,IC50,760.0,nM,=,CHEMBL1014032,CHEMBL230,6.12
CHEMBL7162,CS(=O)(=O)Nc1ccc([N+](=O)[O-])cc1OC1CCCCC1,IC50,160.0,nM,=,CHEMBL1014032,CHEMBL230,6.80
CHEMBL307145,Oc1cccc(O)c1O,Activity,,,,CHEMBL1014036,CHEMBL230,
CHEMBL42710,C=CCc1ccc(O)c(OC)c1,Activity,,,,CHEMBL1014036,CHEMBL230,
CHEMBL293492,O=C/C=C/c1ccccc1,Activity,,,,CHEMBL1014036,CHEMBL230,
CHEMBL145,O=C(O)/C=C/c1ccc(O)c(O)c1,Activity,,,,CHEMBL1014036,CHEMBL230,
CHEMBL164,O=c1c(O)c(-c2cc(O)c(O)c(O)c2)oc2cc(O)cc(O)c12,Activity,,,,CHEMBL1014036,CHEMBL230,
CHEMBL42710,C=CCc1ccc(O)c(OC)c1,IC50,129000.0,nM,=,CHEMBL1014032,CHEMBL230,
CHEMBL122890,C=CCSS/C=C/C[S+]([O-])CC=C,IC50,3400.0,nM,=,CHEMBL1008495,CHEMBL230,5.47
CHEMBL28,O=c1cc(-c2ccc(O)cc2)oc2cc(O)cc(O)c12,IC50,8000.0,nM,=,CHEMBL1008495,CHEMBL230,5.10
CHEMBL28,O=c1cc(-c2ccc(O)cc2)oc2cc(O)cc(O)c12,Inhibition,7.0,%,=,CHEMBL1008498,CHEMBL230,
CHEMBL25,CC(=O)Oc1ccccc1C(=O)O,Inhibition,6.0,%,=,CHEMBL1008498,CHEMBL230,
CHEMBL28,O=c1cc(-c2ccc(O)cc2)oc2cc(O)cc(O)c12,Activity,,,,CHEMBL1008495,CHEMBL230,
CHEMBL455827,C[C@@H]1OC(O[C@@H]2[C@@H](O)[C@H](OCCc3ccc(O)c(O)c3)O[C@H](CO[C@@H]3OC[C@@H](O)[C@H](O)[C@H]3O)[C@H]2OC(=O)/C=C/c2ccc(O)c(O)c2)[C@H](O)[C@H](O)[C@H]1O,IC50,600000.0,nM,=,CHEMBL1008495,CHEMBL230,
CHEMBL6,COc1ccc2c(c1)c(CC(=O)O)c(C)n2C(=O)c1ccc(Cl)cc1,IC50,3900.0,nM,=,CHEMBL1008495,CHEMBL230,5.41
CHEMBL56367,CS(=O)(=O)Nc1ccc([N+](=O)[O-])cc1Oc1ccccc1,Inhibition,7.0,%,=,CHEMBL1008499,CHEMBL230,
CHEMBL409627,C=C1C(=O)O[C@@H]2[C@H]1[C@@H](OC(C)=O)C[C@H](C)[C@@H]1CCC(=O)[C@@]21C,IC50,2900.0,nM,=,CHEMBL1008495,CHEMBL230,5.54
CHEMBL348436,COc1cc2oc(-c3ccc(O)cc3)cc(=O)c2c(O)c1OC,IC50,6.0,%,=,CHEMBL1008498,CHEMBL230,
CHEMBL458269,COc1cc(-c2cc(=O)c3cc(OC)c(OC)cc3o2)ccc1O,Inhibition,8.0,%,=,CHEMBL1008498,CHEMBL230,
CHEMBL293492,O=C/C=C/c1ccccc1,IC50,245000.0,nM,=,CHEMBL1008495,CHEMBL230,
CHEMBL311498,Oc1cc(O)c2c(c1)O[C@H](c1ccc(O)c(O)c1)[C@@H](O)C2,IC50,130000.0,nM,=,CHEMBL1008495,CHEMBL230,
CHEMBL319244,O=C(/C=C/c1ccc(O)c(O)c1)OCCc1ccccc1,IC50,82000.0,nM,=,CHEMBL1008495,CHEMBL230,4.09
CHEMBL509159,C=C1C(=O)O[C@@H]2C[C@H](C)[C@@H]3[C@@H](O)CC(=O)[C@@]3(C)C[C@H]12,IC50,3800.0,nM,=,CHEMBL1008495,CHEMBL230,5.42
CHEMBL459814,CC1=CCC[C@H]2[C@](C)(Cc3cc(O)ccc3O)[C@@H](C)CC[C@]12C,IC50,2300.0,nM,=,CHEMBL1008495,CHEMBL230,5.64
CHEMBL86416,C=C1C(=O)O[C@@H]2/C=C(\C)CC/C=C(\C)CC[C@@H]12,IC60,6.9,uM,=,CHEMBL1008495,CHEMBL230,
CHEMBL140,COc1cc(/C=C/C(=O)CC(=O)/C=C/c2ccc(O)c(OC)c2)ccc1O,Activity,,,,CHEMBL1008495,CHEMBL230,
CHEMBL7162,CS(=O)(=O)Nc1ccc([N+](=O)[O-])cc1OC1CCCCC1,IC50,160.0,nM,=,CHEMBL1008495,CHEMBL230,6.80
CHEMBL122,CS(=O)(=O)c1ccc(C2=C(c3ccccc3)C(=O)OC2)cc1,IC50,760.0,nM,=,CHEMBL1008495,CHEMBL230,6.12
CHEMBL404515,Oc1cc(O)c2cc(O)c(-c3ccc(O)c(O)c3)[o+]c2c1,Inhibition,47.0,%,=,CHEMBL1008503,CHEMBL230,
CHEMBL404515,Oc1cc(O)c2cc(O)c(-c3ccc(O)c(O)c3)[o+]c2c1,IC50,60000000.0,nM,=,CHEMBL1008495,CHEMBL230,
CHEMBL512400,C=C1C(=O)O[C@@H]2C[C@@]3(C)C=CC(=O)C(=C)[C@@H]3C[C@H]12,IC50,400.0,nM,=,CHEMBL1008495,CHEMBL230,6.40
CHEMBL206765,C=C1C(=O)O[C@H]2[C@H]1[C@H](OC(=O)[C@@]1(C)O[C@H]1C)[C@@H](OC(C)=O)/C(C(=O)OC)=C\CC[C@@]1(C)O[C@H]21,IC50,600.0,nM,=,CHEMBL1008495,CHEMBL230,6.22
CHEMBL297453,O=C(O[C@@H]1Cc2c(O)cc(O)cc2O[C@@H]1c1cc(O)c(O)c(O)c1)c1cc(O)c(O)c(O)c1,Inhibition,13.0,%,=,CHEMBL1008507,CHEMBL230,
CHEMBL515974,C=C1C(=O)O[C@H]2C[C@@H](C)[C@@H]3CCC(=O)[C@@]3(C)[C@@H](OC(C)=O)[C@H]12,Inhibition,45.0,%,=,CHEMBL1008503,CHEMBL230,
CHEMBL42710,C=CCc1ccc(O)c(OC)c1,IC50,129000.0,nM,=,CHEMBL1008495,CHEMBL230,
CHEMBL169,C[C@H]1[C@H](C)CC[C@]2(C(=O)O)CC[C@]3(C)C(=CC[C@@H]4[C@@]5(C)CC[C@H](O)C(C)(C)[C@@H]5CC[C@]43C)[C@H]12,IC50,130000.0,nM,=,CHEMBL1003453,CHEMBL230,
CHEMBL6,COc1ccc2c(c1)c(CC(=O)O)c(C)n2C(=O)c1ccc(Cl)cc1,IC50,165000.0,nM,=,CHEMBL1003453,CHEMBL230,
CHEMBL154,COc1ccc2cc([C@H](C)C(=O)O)ccc2c1,IC50,1010000.0,nM,=,CHEMBL1003453,CHEMBL230,
CHEMBL521,CC(C)Cc1ccc(C(C)C(=O)O)cc1,IC50,1030000.0,nM,=,CHEMBL1003453,CHEMBL230,
CHEMBL7162,CS(=O)(=O)Nc1ccc([N+](=O)[O-])cc1OC1CCCCC1,IC50,53000.0,nM,=,CHEMBL1003453,CHEMBL230,4.28
CHEMBL168,CC1(C)CC[C@]2(C(=O)O)CC[C@]3(C)C(=CC[C@@H]4[C@@]5(C)CC[C@H](O)C(C)(C)[C@@H]5CC[C@]43C)[C@@H]2C1,IC50,295000.0,nM,=,CHEMBL1003453,CHEMBL230,
CHEMBL169,C[C@H]1[C@H](C)CC[C@]2(C(=O)O)CC[C@]3(C)C(=CC[C@@H]4[C@@]5(C)CC[C@H](O)C(C)(C)[C@@H]5CC[C@]43C)[C@H]12,Activity,,,,CHEMBL1003458,CHEMBL230,
CHEMBL169,C[C@H]1[C@H](C)CC[C@]2(C(=O)O)CC[C@]3(C)C(=CC[C@@H]4[C@@]5(C)CC[C@H](O)C(C)(C)[C@@H]5CC[C@]43C)[C@H]12,Activity,,,,CHEMBL1003459,CHEMBL230,
CHEMBL42710,C=CCc1ccc(O)c(OC)c1,Inhibition,10.0,%,=,CHEMBL1008498,CHEMBL230,
CHEMBL393292,C[C@H]1O[C@H](O[C@@H]2[C@@H](O)[C@H](OCCc3ccc(O)c(O)c3)O[C@H](CO[C@H]3OCC(O)(CO)[C@@H]3O)[C@H]2OC(=O)/C=C/c2ccc(O)c(O)c2)[C@@H](O)[C@@H](O)[C@@H]1O,IC50,490000.0,nM,=,CHEMBL1008495,CHEMBL230,
CHEMBL125743,Oc1cc(O)c2c(c1)O[C@H](c1cc(O)c(O)c(O)c1)[C@@H](O)C2,Inhibition,46.0,%,=,CHEMBL1008510,CHEMBL230,
CHEMBL306946,O=C1c2ccccc2-n2c1nc1ccccc1c2=O,IC50,64.0,nM,=,CHEMBL1008495,CHEMBL230,7.19
CHEMBL512227,CC(C)=CCC1C(=O)C(C(=O)CC(C)C)=C(O)C(O)(CC=C(C)C)C1=O,IC50,1600.0,nM,=,CHEMBL1008495,CHEMBL230,5.80
CHEMBL250450,O=c1c(O[C@@H]2O[C@H](CO)[C@@H](O)[C@H](O)[C@H]2O)c(-c2ccc(O)c(O)c2)oc2cc(O)cc(O)c12,Inhibition,25.0,%,=,CHEMBL1008559,CHEMBL230,
CHEMBL465371,CC(C)=CCc1c([C@@H]2CCc3ccc(O)cc3O2)cc2c(c1O)OC(C)(C)C=C2,IC50,100000.0,nM,>,CHEMBL1008495,CHEMBL230,
CHEMBL518543,CC(C)=CCc1c(-c2ccc(O)cc2O)oc2c(CC=C(C)C)c(O)cc(O)c2c1=O,IC50,100000.0,nM,>,CHEMBL1008495,CHEMBL230,
CHEMBL463571,C=C1C(=O)O[C@H]2[C@H]1[C@H](OC(=O)[C@]1(C)O[C@@H]1C)[C@@H](OC(C)=O)/C(C(=O)O)=C\[C@H]1O[C@H]1[C@]1(C)O[C@H]21,IC50,400.0,nM,=,CHEMBL1008495,CHEMBL230,6.40
CHEMBL151,O=c1cc(-c2ccc(O)c(O)c2)oc2cc(O)cc(O)c12,Inhibition,80.0,%,=,CHEMBL1008559,CHEMBL230,
CHEMBL463559,C=C1C(=O)O[C@@H]2/C=C(\C)[C@@H]3O[C@@H]3/C=C(/C(=O)OC)[C@H](O)[C@@H](OC(=O)[C@]3(C)O[C@@H]3C)[C@@H]12,IC50,1100.0,nM,=,CHEMBL1008495,CHEMBL230,5.96
CHEMBL260553,CC(C)=CCc1c(O)cc2oc3cc(O)c(O)c(CC=C(C)C)c3c(=O)c2c1O,IC50,2000.0,nM,=,CHEMBL1008495,CHEMBL230,5.70
CHEMBL470670,CC(C)[C@@H]1CC[C@@H](C)C[C@H]1O,Inhibition,60.0,%,=,CHEMBL1008561,CHEMBL230,
CHEMBL465620,COc1c(O)cc([C@@H]2Oc3cc(O)cc(O)c3C[C@H]2O)cc1O,Inhibition,61.0,%,=,CHEMBL1008562,CHEMBL230,
CHEMBL464006,CC(C)=CCc1c(-c2ccc(O)cc2O)oc2c3c(cc(O)c2c1=O)OC(C)(C)C=C3,IC50,100000.0,nM,=,CHEMBL1008495,CHEMBL230,4.00
CHEMBL458470,O=C(O)[C@H]1O[C@@H](Oc2c(-c3cc(O)c(O)c(O)c3)oc3cc(O)cc(O)c3c2=O)[C@H](O)[C@@H](O)[C@@H]1O,IC50,8000.0,nM,=,CHEMBL1008495,CHEMBL230,5.10
CHEMBL9352,O=C1C[C@@H](c2ccc(O)cc2)Oc2cc(O)cc(O)c21,Activity,,,,CHEMBL1008495,CHEMBL230,
CHEMBL168,CC1(C)CC[C@]2(C(=O)O)CC[C@]3(C)C(=CC[C@@H]4[C@@]5(C)CC[C@H](O)C(C)(C)[C@@H]5CC[C@]43C)[C@@H]2C1,IC50,295000.0,nM,=,CHEMBL1008495,CHEMBL230,
CHEMBL485460,COc1c(O)cc([C@H]2Oc3cc(O)cc(O)c3C[C@H]2O)cc1O,Inhibition,23.0,%,=,CHEMBL1008563,CHEMBL230,
CHEMBL503797,COc1c(O)cc([C@H]2Oc3c(c(O)cc(O)c3[C@H]3c4c(O)cc(O)cc4O[C@H](c4ccc(O)cc4)[C@@H]3O)C[C@H]2O)cc1O,Inhibition,37.0,%,=,CHEMBL1008564,CHEMBL230,
CHEMBL458707,CC/C=C/C/C=C/C/C=C/C/C=C/CC/C=C/COCC(=O)O,IC50,180000.0,nM,=,CHEMBL1008495,CHEMBL230,
CHEMBL6,COc1ccc2c(c1)c(CC(=O)O)c(C)n2C(=O)c1ccc(Cl)cc1,Inhibition,71.0,%,=,CHEMBL1008509,CHEMBL230,
CHEMBL521,CC(C)Cc1ccc(C(C)C(=O)O)cc1,Inhibition,40.0,%,=,CHEMBL1008505,CHEMBL230,
CHEMBL7162,CS(=O)(=O)Nc1ccc([N+](=O)[O-])cc1OC1CCCCC1,Activity,,,,CHEMBL1008495,CHEMBL230,
CHEMBL4298697,C=C1C(=O)O[C@@H]2C3O[C@]3(C)CC/C=C(\C)CC[C@@H]12,IC50,800.0,nM,=,CHEMBL1008495,CHEMBL230,6.10
CHEMBL270060,C=C1C(=O)O[C@@H]2[C@H]1CC[C@H](C)[C@]1(CCC(=O)O1)[C@@]2(C)O,IC50,4600.0,nM,=,CHEMBL1008495,CHEMBL230,5.34
CHEMBL307145,Oc1cccc(O)c1O,IC50,144000.0,nM,=,CHEMBL1008495,CHEMBL230,
CHEMBL50,O=c1c(O)c(-c2ccc(O)c(O)c2)oc2cc(O)cc(O)c12,Activity,,,,CHEMBL1008495,CHEMBL230,
CHEMBL50,O=c1c(O)c(-c2ccc(O)c(O)c2)oc2cc(O)cc(O)c12,Inhibition,40.0,%,=,CHEMBL1008559,CHEMBL230,
CHEMBL414883,C[C@@H]1C[C@H]2O[C@@H]2/C=C\C=C\C(=O)Cc2c(Cl)c(O)cc(O)c2C(=O)O1,IC50,27.0,nM,=,CHEMBL1008495,CHEMBL230,7.57
CHEMBL165,Oc1ccc(/C=C/c2cc(O)cc(O)c2)cc1,IC50,32000.0,nM,=,CHEMBL1008495,CHEMBL230,4.50
CHEMBL395990,C[C@@H]1O[C@@H](O[C@H]2[C@H](Oc3cc(O)c4c(=O)cc(-c5ccc(O)cc5)oc4c3)O[C@H](CO)[C@@H](O)[C@@H]2O)[C@H](O)[C@H](O)[C@H]1O,Inhibition,20.0,%,=,CHEMBL1008559,CHEMBL230,
CHEMBL324842,O=C(/C=C/c1ccc(O)c(O)c1)O[C@H](Cc1ccc(O)c(O)c1)C(=O)O,Inhibition,7.0,%,=,CHEMBL1008498,CHEMBL230,
CHEMBL85139,O=c1c2ccccc2nc2n1CCc1c-2[nH]c2ccccc12,IC50,300.0,nM,=,CHEMBL1008495,CHEMBL230,6.52
CHEMBL507430,CC(C)=CCC12Oc3cc(O)c(C4=CC5(C)CC(C4)c4ccc(O)cc4O5)c(O)c3C(=O)C1(O)Oc1cc(O)ccc12,IC50,100000.0,nM,>,CHEMBL1008495,CHEMBL230,
CHEMBL464610,CC(C)=CCC12Oc3cc(O)ccc3C1(O)Oc1cc(O)c([C@H]3C=C(C)C[C@@H](c4ccc(O)cc4O)[C@@H]3C(=O)c3ccc(O)cc3O)c(O)c1C2=O,IC50,73000.0,nM,=,CHEMBL1008495,CHEMBL230,4.14
CHEMBL490324,C[C@@H]1C[C@@H]2OC(=O)[C@]3(C)[C@H]2[C@@H](OC3(C)O)[C@]2(C)C(=O)C=C[C@@H]12,IC50,18000.0,nM,=,CHEMBL1008495,CHEMBL230,4.75
CHEMBL510672,CC/C=C/C/C=C/C/C=C/C/C=C/CCSCCCC(=O)O,IC50,120000.0,nM,=,CHEMBL1008495,CHEMBL230,
CHEMBL463763,CC(C)[C@]12O[C@H]1[C@@H]1O[C@]13[C@]1(O[C@H]1C[C@H]1C4=C(CC[C@@]13C)C(=O)OC4)[C@@H]2O,IC50,40.0,nM,=,CHEMBL1008495,CHEMBL230,7.40
CHEMBL16171,COc1c(O)cc(O)c2c(=O)cc(-c3ccccc3)oc12,IC50,46000.0,nM,=,CHEMBL1008495,CHEMBL230,4.34
CHEMBL463769,COc1cc2c(=O)c3c(OC)c(O)ccc3oc2cc1O,IC50,2990.0,nM,=,CHEMBL998270,CHEMBL230,5.52
CHEMBL446323,O=c1c2ccccc2oc2c(O)c(O)ccc12,IC50,1890.0,nM,=,CHEMBL998270,CHEMBL230,5.72
CHEMBL118,Cc1ccc(-c2cc(C(F)(F)F)nn2-c2ccc(S(N)(=O)=O)cc2)cc1,IC50,80.0,nM,=,CHEMBL998270,CHEMBL230,7.10
CHEMBL139,O=C(O)Cc1ccccc1Nc1c(Cl)cccc1Cl,IC50,70.0,nM,=,CHEMBL998270,CHEMBL230,7.16
CHEMBL500077,O=C(OC[C@H]1O[C@@H](Oc2ccc(O)cc2COC(=O)C2(O)C=CC/C(=C\c3cc(O)ccc3O[C@@H]3O[C@H](CO)[C@@H](O)[C@H](O)[C@H]3O)C2=O)[C@H](O)[C@@H](O)[C@@H]1O)c1ccccc1,Inhibition,3.3,%,=,CHEMBL973285,CHEMBL230,
CHEMBL7162,CS(=O)(=O)Nc1ccc([N+](=O)[O-])cc1OC1CCCCC1,Inhibition,85.3,%,=,CHEMBL973285,CHEMBL230,
CHEMBL468568,COc1cc(CO)ccc1O[C@@H]1O[C@H](CO)[C@@H](O)[C@H](O)[C@H]1O,Inhibition,41.0,%,=,CHEMBL973285,CHEMBL230,
CHEMBL511744,C[C@@H]1O[C@@H](OC[C@H]2O[C@@H](OCc3ccccc3)[C@H](O)[C@@H](O)[C@@H]2O)[C@H](O)[C@H](O)[C@H]1O,Inhibition,54.7,%,=,CHEMBL973285,CHEMBL230,
CHEMBL467539,O=C(OC[C@H]1O[C@@H](Oc2ccc(O)cc2CO)[C@H](OC(=O)c2ccccc2)[C@@H](O)[C@@H]1O)c1ccccc1,Inhibition,35.7,%,=,CHEMBL973285,CHEMBL230,
CHEMBL467341,O=C(O[C@@H]1[C@@H](O)[C@H](Oc2ccccc2CO)O[C@H](CO)[C@H]1O)c1ccccc1,Inhibition,29.7,%,=,CHEMBL973285,CHEMBL230,
CHEMBL512797,OC[C@H]1O[C@@H](Oc2ccccc2O[C@@H]2O[C@H](CO)[C@@H](O)[C@H](O)[C@H]2O)[C@H](O)[C@@H](O)[C@@H]1O,Inhibition,54.3,%,=,CHEMBL973285,CHEMBL230,
CHEMBL468146,OCc1cc(O)ccc1O[C@@H]1O[C@H](CO)[C@@H](O)[C@H](O)[C@H]1O,Inhibition,29.7,%,=,CHEMBL973285,CHEMBL230,
CHEMBL462997,OCc1ccccc1O[C@@H]1O[C@H](CO)[C@@H](O)[C@H](O)[C@H]1O,Inhibition,7.7,%,=,CHEMBL973285,CHEMBL230,
CHEMBL443206,OC[C@H]1O[C@@H](Oc2ccccc2O)[C@H](O)[C@@H](O)[C@@H]1O,Inhibition,40.0,%,=,CHEMBL973285,CHEMBL230,
CHEMBL462996,O=C(O[C@H]1[C@H](Oc2ccccc2COC(=O)C2(O)C=CCCC2=O)O[C@H](CO)[C@@H](O)[C@@H]1O)c1ccccc1,Inhibition,46.3,%,=,CHEMBL973285,CHEMBL230,
CHEMBL468655,O=C(OC[C@H]1O[C@@H](Oc2ccc(O)cc2COC(=O)C2(O)C=CCCC2=O)[C@H](O)[C@@H](O)[C@@H]1O)c1ccccc1,Inhibition,49.7,%,=,CHEMBL973285,CHEMBL230,
CHEMBL467958,O=C1CCC=CC1(O)C(=O)OCc1cc(O)ccc1O[C@@H]1O[C@H](CO)[C@@H](O)[C@H](O)[C@H]1O,Inhibition,31.3,%,=,CHEMBL973285,CHEMBL230,
CHEMBL512419,O=C(OC[C@H]1O[C@@H](Oc2ccc(O)cc2CO)[C@H](O)[C@@H](O)[C@@H]1O)c1ccccc1,Inhibition,25.0,%,=,CHEMBL973285,CHEMBL230,
CHEMBL466559,O=C(O[C@H]1[C@H](Oc2ccc(O)cc2COC(=O)C2(O)C=CCCC2=O)O[C@H](CO)[C@@H](O)[C@@H]1O)c1ccccc1,Inhibition,53.0,%,=,CHEMBL973285,CHEMBL230,
CHEMBL513529,O=C(OC[C@H]1O[C@@H](Oc2ccc(O)cc2COC(=O)c2ccccc2O)[C@H](O)[C@@H](O)[C@@H]1O)c1ccccc1,Inhibition,64.7,%,=,CHEMBL973285,CHEMBL230,
CHEMBL512112,O=C(O[C@H]1[C@H](O)[C@@H](O)[C@H](Oc2ccc(O)cc2COC(=O)c2ccccc2O)O[C@@H]1CO)c1ccccc1,Inhibition,85.3,%,=,CHEMBL973285,CHEMBL230,
CHEMBL467953,O=C(O[C@@H]1[C@@H](O)[C@H](Oc2ccc(O)cc2COC(=O)c2ccccc2O)O[C@H](CO)[C@H]1O)c1ccccc1,Inhibition,62.0,%,=,CHEMBL973285,CHEMBL230,
CHEMBL512449,O=C(O[C@H]1[C@H](Oc2ccc(O)cc2COC(=O)c2ccccc2O)O[C@H](CO)[C@@H](O)[C@@H]1O)c1ccccc1,Inhibition,31.7,%,=,CHEMBL973285,CHEMBL230,
CHEMBL466353,O=C(O[C@H]1[C@H](O)[C@@H](O)[C@H](Oc2ccc(O)cc2COC(=O)C2(O)C=CCCC2=O)O[C@@H]1CO)c1ccccc1,Inhibition,17.3,%,=,CHEMBL973285,CHEMBL230,
CHEMBL522364,O=C(O[C@@H]1[C@@H](O)[C@H](Oc2ccc(O)cc2COC(=O)C2(O)C=CCCC2=O)O[C@H](CO)[C@H]1O)c1ccccc1,Inhibition,70.7,%,=,CHEMBL973285,CHEMBL230,
CHEMBL500459,O=C(OC[C@H]1O[C@@H](Oc2ccc(O)cc2COC(=O)C2(O)C=CCCC2=O)[C@H](OC(=O)c2ccccc2)[C@@H](O)[C@@H]1O)c1ccccc1,Inhibition,61.0,%,=,CHEMBL973285,CHEMBL230,
