smiles,MolWt,MolLogP,NumHAcceptors,NumHDonors,TPSA,NumRotatableBonds,FractionCSP3,label
C#CCCCC(=O)c1cc(C(C)(C)C)c(O)c(C(C)(C)C)c1,300.442,4.9734,2.0,1.0,37.3,4.0,0.55,1
C#CCCCC(=O)c1cc(C(C)(C)C)c2c(c1)C(C)(C)CO2,298.426,4.6403,2.0,0.0,26.3,4.0,0.55,1
C#CCSc1ccccc1OC(C)=O,206.266,2.3372,3.0,0.0,26.3,3.0,0.18181819,0
C/C(=N/OCc1ccccc1Nc1c(Cl)cccc1Cl)C(=O)O,353.205,4.7141,4.0,2.0,70.92,6.0,0.125,1
C/C=C/c1cncc(-c2ccc(C(C)C(=O)O)cc2)c1,267.328,3.9698,2.0,1.0,50.19,4.0,0.1764706,0
C=C(c1cc(C(C)(C)C)c(O)c(C(C)(C)C)c1)c1sc(=NC(=N)N)[nH]c1O,388.537,3.93807,4.0,5.0,118.48,2.0,0.4,0
C=C1C(=O)O[C@@H]2/C=C(\C)[C@@H]3O[C@@H]3/C=C(/C(=O)OC)[C@H](O)[C@@H](OC(=O)[C@]3(C)O[C@@H]3C)[C@@H]12,420.414,0.361,9.0,1.0,124.19,3.0,0.5714286,0
C=C1C(=O)O[C@@H]2C3O[C@]3(C)CC/C=C(\C)CC[C@@H]12,248.322,2.762,3.0,0.0,38.83,0.0,0.6666667,0
C=C1C(=O)O[C@@H]2C[C@@]3(C)C=CC(=O)C(=C)[C@@H]3C[C@H]12,244.29,2.1956,3.0,0.0,43.37,0.0,0.46666667,0
C=C1C(=O)O[C@@H]2C[C@H](C)[C@@H]3[C@@H](O)CC(=O)[C@@]3(C)C[C@H]12,264.321,1.4703,4.0,1.0,63.6,0.0,0.73333335,0
C=C1C(=O)O[C@@H]2[C@H]1CC[C@H](C)[C@]1(CCC(=O)O1)[C@@]2(C)O,280.32,1.3409,5.0,1.0,72.83,0.0,0.73333335,0
C=C1C(=O)O[C@@H]2[C@H]1[C@@H](OC(C)=O)C[C@H](C)[C@@H]1CCC(=O)[C@@]21C,306.358,2.0411,5.0,0.0,69.67,1.0,0.7058824,0
C=C1C(=O)O[C@H]2[C@H]1[C@H](OC(=O)[C@@]1(C)O[C@H]1C)[C@@H](OC(C)=O)/C(C(=O)OC)=C\CC[C@@]1(C)O[C@H]21,464.467,1.1558,10.0,0.0,130.26,4.0,0.65217394,0
C=C1C(=O)O[C@H]2[C@H]1[C@H](OC(=O)[C@]1(C)O[C@@H]1C)[C@@H](OC(C)=O)/C(C(=O)O)=C\[C@H]1O[C@H]1[C@]1(C)O[C@H]21,464.423,0.0546,10.0,1.0,153.79,4.0,0.6363636,0
C=C1C(c2ccccc2)=C(c2ccc(S(C)(=O)=O)cc2)C1(C)C,324.445,4.5969,2.0,0.0,34.14,3.0,0.2,1
C=C1CC(c2ccc(S(C)(=O)=O)cc2)=C1c1ccccc1,296.391,3.9608,2.0,0.0,34.14,3.0,0.11111111,1
C=CCON=C1NC(=O)C(=Cc2cc(C(C)(C)C)c(O)c(C(C)(C)C)c2)O1,372.465,3.9481,5.0,2.0,80.15,4.0,0.42857143,0
C=CCON=C1NC(=O)C(=Cc2cc(C(C)(C)C)c(O)c(C(C)(C)C)c2)S1,388.533,4.6647,5.0,2.0,70.92,4.0,0.42857143,0
C=CCSS/C=C/C[S+]([O-])CC=C,234.411,3.0022,3.0,0.0,23.06,8.0,0.33333334,0
C=CCc1cccc(-c2ccc(C(C)C(=O)O)cc2)c1,266.34,4.2702,1.0,1.0,37.3,5.0,0.16666667,1
C=CCn1nc(-c2ccc(S(C)(=O)=O)cc2)c(-c2ccc(F)cc2)c1C(F)(F)F,424.419,4.9645,3.0,0.0,51.96,5.0,0.15,1
C=C[C@@H]1[C@@H](O)C[C@@H]2[C@]3(CC[C@]4(C)[C@@H]([C@H](C)CCC=C(C)C)CC[C@@]24C)C[C@]13CCC(=O)O,442.684,7.0096,2.0,2.0,57.53,8.0,0.82758623,0
C=Cc1cccc(-c2ccc(C(C)C(=O)O)cc2)c1,252.313,4.1847,1.0,1.0,37.3,4.0,0.11764706,0
C=Cc1cncc(-c2ccc(C(C)C(=O)O)cc2)c1,253.301,3.5797,2.0,1.0,50.19,4.0,0.125,1
C=Cc1csc(Sc2cc3c(cc2NS(C)(=O)=O)COC3=O)n1,368.461,2.9792,7.0,1.0,85.36,5.0,0.14285715,1
C=Cc1nc2sc(-c3ccc(S(C)(=O)=O)cc3)c(-c3ccccc3)n2n1,381.482,4.1713,5.0,0.0,64.33,4.0,0.05263158,1
CC#CCSc1ccccc1OC(C)=O,220.293,2.7273,3.0,0.0,26.3,3.0,0.25,0
CC(=O)NCc1cc(-n2nc(C(F)(F)F)cc2-c2ccc(C)cc2)ccc1S(N)(=O)=O,452.458,3.15002,4.0,2.0,107.08,5.0,0.2,0
CC(=O)NCc1cc(-n2nc(C(F)(F)F)cc2-c2ccc(Cl)cc2)ccc1S(N)(=O)=O,472.876,3.495,4.0,2.0,107.08,5.0,0.15789473,0
CC(=O)NS(=O)(=O)c1ccc(-c2[nH]c3ccccc3c2-c2ccccc2)cc1,390.464,4.3267,3.0,2.0,79.03,4.0,0.045454547,1
CC(=O)NS(=O)(=O)c1ccc(-c2ccsc2-c2ccc(F)cc2)cc1,375.446,4.046,4.0,1.0,63.24,4.0,0.055555556,0
CC(=O)Nc1cc(C(C)(C)C)c2c(c1)C(C)(C)CO2,261.365,3.6125,2.0,1.0,38.33,1.0,0.5625,0
CC(=O)Nc1ccc(-c2cc(C(F)(F)F)nn2-c2ccc(Br)cc2)cc1,424.22,5.279,2.0,1.0,46.92,3.0,0.11111111,1
CC(=O)Nc1ccc(-c2cc(C)nn2-c2ccc(Br)cc2)cc1,370.25,4.56862,2.0,1.0,46.92,3.0,0.11111111,0
CC(=O)OCCCCCSc1ccccc1OC(C)=O,296.388,3.4374,5.0,0.0,52.6,8.0,0.46666667,0
CC(=O)OCc1cc(-c2ccc(S(C)(=O)=O)cc2)n(-c2ccc(F)cc2)c1C,401.459,4.05842,4.0,0.0,65.37,5.0,0.1904762,0
CC(=O)Oc1ccc(C2=C(c3ccc(S(C)(=O)=O)cc3)COC2=O)cc1,372.398,2.483,6.0,0.0,86.74,4.0,0.15789473,1
CC(=O)Oc1cccc(C2=C(c3ccc(S(C)(=O)=O)cc3)COC2=O)c1,372.398,2.483,6.0,0.0,86.74,4.0,0.15789473,1
CC(=O)Oc1ccccc1C(=O)O,180.159,1.3101,3.0,1.0,63.6,2.0,0.11111111,0
CC(=O)Oc1ccccc1C1=C(c2ccc(S(C)(=O)=O)cc2)COC1=O,372.398,2.483,6.0,0.0,86.74,4.0,0.15789473,1
CC(=O)Oc1ccccc1SCCCCCBr,317.248,4.2692,3.0,0.0,26.3,7.0,0.46153846,0
CC(=O)Oc1ccccc1SCCCCCC(=O)O,282.361,3.349,4.0,1.0,63.6,8.0,0.42857143,0
CC(=O)Oc1ccccc1SCCCCCCBr,331.275,4.6593,3.0,0.0,26.3,8.0,0.5,0
CC(=O)Oc1ccccc1SCCCCCCI,378.275,4.6994,3.0,0.0,26.3,8.0,0.5,0
CC(=O)Oc1ccccc1SCCc1ccccc1,272.369,3.9467,3.0,0.0,26.3,5.0,0.1875,0
CC(=O)[N-]S(=O)(=O)c1ccc(-c2c(-c3ccccc3)noc2C)cc1,355.395,3.92592,5.0,0.0,91.34,4.0,0.11111111,0
CC(=O)c1cc(-c2ccc(S(C)(=O)=O)cc2)n(-c2ccc(F)cc2)c1C,371.433,4.19792,3.0,0.0,56.14,4.0,0.15,0
CC(=O)c1cc(/C=C/S(N)(=O)=O)cc(C(=O)c2ccccc2)c1,329.377,2.3794,4.0,1.0,94.3,5.0,0.05882353,0
CC(=O)c1cc(C(C)=O)c2c(=O)cc(-c3ccccc3)oc2c1,306.317,3.8652,4.0,0.0,64.35,3.0,0.10526316,0
CC(=O)c1ccc(-n2c(C)ccc2-c2ccc(S(C)(=O)=O)cc2)cc1,353.443,4.05882,3.0,0.0,56.14,4.0,0.15,0
CC(C(=O)O)c1cc(/C=C/S(C)(=O)=O)cc(C(=O)c2ccccc2)c1,358.415,3.121,4.0,1.0,88.51,6.0,0.15789473,0
CC(C(=O)O)c1cc(C(=O)c2ccccc2)ccc1O,270.284,2.8113,3.0,2.0,74.6,4.0,0.125,1
CC(C(=O)O)c1ccc(-c2ccc3[nH]ccc3c2)cc1,265.312,4.023,1.0,2.0,53.09,3.0,0.11764706,1
CC(C(=O)O)c1ccc(-c2ccccc2)c(F)c1,244.265,3.6808,1.0,1.0,37.3,3.0,0.13333334,1
CC(C(=O)O)c1ccc(-c2ccccc2)cc1,226.275,3.5417,1.0,1.0,37.3,3.0,0.13333334,1
CC(C(=O)O)c1ccc(C(=O)c2cccs2)cc1,260.314,3.1672,3.0,1.0,54.37,4.0,0.14285715,0
CC(C(=O)O)c1ccc(CC2CCCC2=O)cc1,246.306,2.7864,2.0,1.0,54.37,4.0,0.46666667,0
CC(C(=O)O)c1ccc(CC2CCCC2O)cc1,248.322,2.5782,2.0,2.0,57.53,4.0,0.53333336,0
CC(C(=O)O)c1ccc(C[C@@H]2CCC[C@H]2O)cc1,248.322,2.5782,2.0,2.0,57.53,4.0,0.53333336,0
CC(C(=O)O)c1ccc(C[C@H]2CCC[C@@H]2O)cc1,248.322,2.5782,2.0,2.0,57.53,4.0,0.53333336,0
CC(C(=O)O)c1ccc2c(c1)OCCO2,208.213,1.6459,3.0,1.0,55.76,2.0,0.36363637,0
CC(C(=O)O)c1ccc2c(c1)[nH]c1ccc(Cl)cc12,273.719,4.1626,1.0,2.0,53.09,2.0,0.13333334,0
CC(C(=O)O)c1cccc(C(=O)c2ccccc2)c1,254.285,3.1057,2.0,1.0,54.37,4.0,0.125,1
CC(C(=O)OCC(CO[N+](=O)[O-])O[N+](=O)[O-])c1ccc(C(=O)c2cccs2)cc1,424.387,2.411,10.0,0.0,148.11,11.0,0.29411766,0
CC(C(=O)OCC(CO[N+](=O)[O-])O[N+](=O)[O-])c1cccc(C(=O)c2ccccc2)c1,418.358,2.3495,9.0,0.0,148.11,11.0,0.2631579,0
CC(C(=O)OCCO[N+](=O)[O-])c1ccc(C(=O)c2cccs2)cc1,349.364,2.8341,7.0,0.0,95.74,8.0,0.25,0
CC(C(=O)OCCO[N+](=O)[O-])c1ccc2c(c1)[nH]c1ccc(Cl)cc12,362.769,3.8295,5.0,1.0,94.46,6.0,0.23529412,0
CC(C(=O)OCCO[N+](=O)[O-])c1cccc(C(=O)c2ccccc2)c1,343.335,2.7726,6.0,0.0,95.74,8.0,0.22222222,0
CC(C)(C)C#CC1=C(c2ccc(S(C)(=O)=O)cc2)CCC1=O,316.422,3.2561,3.0,0.0,51.21,2.0,0.3888889,0
CC(C)(C)c1cc(-c2cccs2)cc2c1OCC2(C)C,286.44,5.3826,2.0,0.0,9.23,1.0,0.44444445,1
CC(C)(C)c1cc(-c2cn3ccsc3n2)cc2c1OCC2(C)C,326.465,5.0303,3.0,0.0,26.53,1.0,0.42105263,1
CC(C)(C)c1cc(-c2csc(=NC(=N)N)[nH]2)cc2c1OCC2(C)C,344.484,3.50487,3.0,3.0,87.25,1.0,0.44444445,0
CC(C)(C)c1cc(-c2n[nH]c(=NC(=N)N)o2)cc(C(C)(C)C)c1O,331.42,2.76447,4.0,4.0,124.28,1.0,0.47058824,0
CC(C)(C)c1cc(-c2n[nH]c(=NC(=N)N)s2)cc(C(C)(C)C)c1O,347.488,3.23297,4.0,4.0,111.14,1.0,0.47058824,0
CC(C)(C)c1cc(-c2n[nH]c(=S)o2)cc(C(C)(C)C)c1O,306.431,4.69979,4.0,2.0,62.05,1.0,0.5,0
CC(C)(C)c1cc(-c2n[nH]c(=S)s2)cc(C(C)(C)C)c1O,322.499,5.16829,4.0,2.0,48.91,1.0,0.5,0
CC(C)(C)c1cc(-c2nc(=NC(=N)N)s[nH]2)cc(C(C)(C)C)c1O,347.488,3.23297,4.0,4.0,111.14,1.0,0.47058824,0
CC(C)(C)c1cc(-c2nc(=O)s[nH]2)cc(C(C)(C)C)c1O,306.431,3.799,4.0,2.0,65.98,1.0,0.5,0
CC(C)(C)c1cc(-c2nnc(N)s2)cc(C(C)(C)C)c1O,305.447,4.0879,5.0,2.0,72.03,1.0,0.5,0
CC(C)(C)c1cc(-c2nnc(NC#N)o2)cc(C(C)(C)C)c1O,314.389,3.93018,6.0,2.0,94.97,2.0,0.47058824,0
CC(C)(C)c1cc(-c2nnc(NN)s2)cc(C(C)(C)C)c1O,320.462,3.7913,6.0,3.0,84.06,2.0,0.5,0
CC(C)(C)c1cc(-c2nnc(SCCN)s2)cc(C(C)(C)C)c1O,365.568,4.5565,6.0,2.0,72.03,4.0,0.5555556,0
CC(C)(C)c1cc(-c2noc(NC#N)n2)cc(C(C)(C)C)c1O,314.389,3.93018,6.0,2.0,94.97,2.0,0.47058824,1
CC(C)(C)c1cc(-c2nsc(NC#N)n2)cc(C(C)(C)C)c1O,330.457,4.39868,6.0,2.0,81.83,2.0,0.47058824,1
CC(C)(C)c1cc(/C=C2/SC(=N)NC2=O)cc2c1OCC2(C)C,330.453,3.79277,4.0,2.0,62.18,1.0,0.44444445,0
CC(C)(C)c1cc(/C=C2\CCOC2=O)cc2c1OCC2(C)C,300.398,3.9844,3.0,0.0,35.53,1.0,0.5263158,1
CC(C)(C)c1cc(/C=C\c2cccs2)cc2c1OCC2(C)C,312.478,5.886,2.0,0.0,9.23,2.0,0.4,1
CC(C)(C)c1cc(C(=O)C=CCC2CC2)cc2c1OCC2(C)C,312.453,5.1931,2.0,0.0,26.3,4.0,0.5714286,1
CC(C)(C)c1cc(C(=O)CCCC2CC2)cc2c1OCC2,286.415,4.682,2.0,0.0,26.3,5.0,0.6315789,0
CC(C)(C)c1cc(C(=O)CCCC2CC2)cc2c1OCC2(C)C,314.469,5.4171,2.0,0.0,26.3,5.0,0.6666667,1
CC(C)(C)c1cc(C(=O)CCCC2CC2)cc2c1OCCC2(C)C,328.496,5.8072,2.0,0.0,26.3,5.0,0.6818182,0
CC(C)(C)c1cc(C(=O)CS(=O)(=O)CC2CC2)cc2c1OCC2(C)C,364.507,3.6616,4.0,0.0,60.44,5.0,0.65,0
CC(C)(C)c1cc(C(=O)CSCC2CC2)cc2c1OCC2(C)C,332.509,4.98,3.0,0.0,26.3,5.0,0.65,0
CC(C)(C)c1cc(C(=O)C[S+]([O-])CC2CC2)cc2c1OCC2(C)C,348.508,3.9955,3.0,0.0,49.36,5.0,0.65,0
CC(C)(C)c1cc(C(=O)NC2CC2)cc2c1OCC2(C)C,287.403,3.5463,2.0,1.0,38.33,2.0,0.6111111,0
CC(C)(C)c1cc(C(=O)c2ccccc2)cc2c1OCC2(C)C,308.421,4.8851,2.0,0.0,26.3,2.0,0.3809524,1
CC(C)(C)c1cc(C(=O)c2cccs2)cc2c1OCC2(C)C,314.45,4.9466,3.0,0.0,26.3,2.0,0.42105263,1
CC(C)(C)c1cc(C=C2OC(=NC(=N)N)NC2=O)cc(C(C)(C)C)c1O,358.442,2.72397,4.0,4.0,120.79,1.0,0.42105263,0
CC(C)(C)c1cc(C=C2OC(=O)NC2=O)cc(C(C)(C)C)c1O,317.385,3.5945,4.0,2.0,75.63,1.0,0.44444445,0
CC(C)(C)c1cc(C=C2SC(=NC#N)NC2=O)cc(C(C)(C)C)c1O,357.479,4.02818,5.0,2.0,85.48,1.0,0.42105263,0
CC(C)(C)c1cc(C=C2SC(=NC(=N)N)NC2=O)cc(C(C)(C)C)c1O,374.51,3.44057,4.0,4.0,111.56,1.0,0.42105263,0
CC(C)(C)c1cc(C=C2SC(=O)NC2=O)cc(C(C)(C)C)c1O,333.453,4.3111,4.0,2.0,66.4,1.0,0.44444445,0
CC(C)(C)c1cc(C=C2SC(=S)NC2=O)cc(C(C)(C)C)c1O,349.521,4.476,4.0,2.0,49.33,1.0,0.44444445,0
CC(C)(C)c1cc(CC2=NC(=S)NC2=O)cc(C(C)(C)C)c1O,332.469,3.3854,3.0,2.0,61.69,2.0,0.5,1
CC(C)(C)c1cc(Cc2sc(N=O)nc2O)cc(C(C)(C)C)c1O,348.468,5.138,6.0,2.0,82.78,3.0,0.5,0
CC(C)(C)c1cc(NCc2ccccc2)nc(-c2ccc(S(C)(=O)=O)cc2)n1,395.528,4.4567,5.0,1.0,71.95,5.0,0.27272728,1
CC(C)(C)c1cc(NCc2cccs2)nc(-c2ccc(S(C)(=O)=O)cc2)n1,401.557,4.5182,6.0,1.0,71.95,5.0,0.3,1
CC(C)(C)c1cc(Nc2ccccc2C(=O)O)cc2c1OCC2(C)C,339.435,5.0959,3.0,2.0,58.56,3.0,0.3809524,0
CC(C)(C)c1nc(-c2ccc(F)cc2)c(-c2ccc(S(C)(=O)=O)cc2)s1,389.517,5.3172,4.0,0.0,47.03,3.0,0.25,1
CC(C)(COc1ccc(Br)cc1)C(=O)NCCCN1c2ccccc2Sc2ccccc21,511.485,6.6633,4.0,1.0,41.57,8.0,0.26923078,0
CC(C)(Cl)CC(=O)c1cc(C(C)(C)C)c2c(c1)C(C)(C)CO2,322.876,5.2443,2.0,0.0,26.3,3.0,0.6315789,1
CC(C)(O)COc1ncc(C(F)(F)F)cc1-c1ccc(S(C)(=O)=O)cc1,389.395,3.3206,5.0,1.0,76.49,5.0,0.3529412,0
CC(C)(O)CSc1ncc(C(F)(F)F)cc1-c1ccc(S(C)(=O)=O)cc1,405.463,4.0339,5.0,1.0,67.26,5.0,0.3529412,0
CC(C)(O)c1cc(-c2ccc(F)cc2)c(-c2ccc(S(N)(=O)=O)cc2)s1,391.489,4.096,4.0,2.0,80.39,4.0,0.15789473,0
CC(C)(O)c1cc(-c2ccc(S(N)(=O)=O)cc2)c(-c2ccc(F)cc2)s1,391.489,4.096,4.0,2.0,80.39,4.0,0.15789473,0
CC(C)(O)c1scc(-c2ccc(S(C)(=O)=O)cc2)c1-c1ccc(F)cc1,390.501,4.8521,4.0,1.0,54.37,4.0,0.2,0
CC(C)(Oc1ccc(Cl)cc1)C(=O)NCCCN1c2ccccc2Sc2ccccc21,453.007,6.3066,4.0,1.0,41.57,7.0,0.24,0
CC(C)=CCC12Oc3cc(O)ccc3C1(O)Oc1cc(O)c([C@H]3C=C(C)C[C@@H](c4ccc(O)cc4O)C3C(=O)c3ccc(O)cc3O)c(O)c1C2=O,708.716,6.2502,12.0,8.0,214.44,6.0,0.25,0
CC(C)=CCC1C(=O)C(C(=O)CC(C)C)C(=O)C(O)(CC=C(C)C)C1=O,362.466,2.9986,5.0,1.0,88.51,7.0,0.61904764,0
CC(C)=CCc1c(-c2ccc(O)cc2O)oc2c3c(cc(O)c2c1=O)OC(C)(C)C=C3,420.461,5.2697,6.0,3.0,100.13,3.0,0.24,0
CC(C)=CCc1c(O)cc2oc3cc(O)c(O)c(C=CC(C)C)c3c(=O)c2c1O,396.439,4.9465,6.0,4.0,111.13,4.0,0.26086956,0
CC(C)=CCn1ncc(-c2ccc(S(C)(=O)=O)cc2)c(-c2ccc(F)cc2)c1=O,412.486,4.0861,4.0,0.0,69.03,5.0,0.18181819,1
CC(C)=Cc1cc(/C=C/S(N)(=O)=O)cc(C(=O)c2ccccc2)c1,341.432,3.6,3.0,1.0,77.23,5.0,0.10526316,0
CC(C)CCCC(=O)c1cc(C(C)(C)C)c2c(c1)C(C)(C)CO2,316.485,5.6631,2.0,0.0,26.3,5.0,0.6666667,0
CC(C)CNc1cc(C(F)(F)F)nc(-c2ccc(S(C)(=O)=O)cc2)n1,373.4,3.6338,5.0,1.0,71.95,5.0,0.375,0
CC(C)Cc1ccc(C(C)C(=O)O)cc1,206.285,3.0732,1.0,1.0,37.3,4.0,0.46153846,0
CC(C)Nc1cc(NCc2ccccc2)nc(-c2ccc(S(C)(=O)=O)cc2)n1,396.516,3.9795,6.0,2.0,83.98,7.0,0.23809524,1
CC(C)Nc1cc(NCc2cccs2)nc(-c2ccc(S(C)(=O)=O)cc2)n1,402.545,4.041,7.0,2.0,83.98,7.0,0.2631579,1
CC(C)OC1(C)OC(=O)C(c2ccc(F)cc2)=C1c1ccc(S(C)(=O)=O)cc1,404.459,3.838,5.0,0.0,69.67,5.0,0.2857143,0
CC(C)OC1=C(c2ccc(S(C)(=O)=O)cc2)C(C)(C)OC1=O,324.398,2.5616,5.0,0.0,69.67,4.0,0.4375,1
CC(C)OC1=C(c2ccc(S(C)(=O)=O)cc2)C(C)(CC(F)(F)F)OC1=O,392.395,3.4941,5.0,0.0,69.67,5.0,0.47058824,0
CC(C)Oc1c(-c2ccc(S(C)(=O)=O)cc2)cnn(Cc2ccccc2)c1=O,398.484,3.1493,5.0,0.0,78.26,6.0,0.23809524,1
CC(C)Oc1ccc2c(-c3ccc(S(C)(=O)=O)cc3)c(-c3ccc(F)cc3)nn2n1,425.485,4.3931,5.0,0.0,73.56,5.0,0.18181819,1
CC(C)S(=O)(=O)c1c(=O)n(Cc2ccc(F)c(F)c2)c(O)c2ccc(Cl)cc12,427.856,3.8691,4.0,1.0,76.37,4.0,0.21052632,1
CC(C)S(=O)(=O)c1c(=O)n(Cc2ccc(F)c(F)c2)c(O)c2ccccc12,393.411,3.2157,4.0,1.0,76.37,4.0,0.21052632,1
CC(C)S(=O)(=O)c1c(=O)n(Cc2ccc(F)cc2)c(O)c2ccccc12,375.421,3.0766,4.0,1.0,76.37,4.0,0.21052632,1
CC(C)S(=O)(=O)c1c(=O)n(Cc2ccccc2)c(O)c2ccc(Cl)cc12,391.876,3.5909,4.0,1.0,76.37,4.0,0.21052632,1
CC(C)S(=O)(=O)c1c(=O)n(Cc2ccccc2)c(O)c2ccccc12,357.431,2.9375,4.0,1.0,76.37,4.0,0.21052632,1
CC(C)[C@]12O[C@H]1[C@@H]1O[C@]13[C@]1(O[C@H]1C[C@H]1C4=C(CC[C@@]13C)C(=O)OC4)[C@@H]2O,360.406,1.1031,6.0,1.0,84.12,1.0,0.85,1
CC(C)c1cc(-c2ccc(S(N)(=O)=O)cc2)c(-c2ccc(F)cc2)s1,375.49,4.992,3.0,1.0,60.16,4.0,0.15789473,1
CC(C)c1cc(C=C2SC(=NC(=N)N)NC2=O)cc(C(C)C)c1O,346.456,3.09237,4.0,4.0,111.56,3.0,0.3529412,0
CC(C)c1cc(NCc2ccccc2)nc(-c2ccc(S(C)(=O)=O)cc2)n1,381.501,4.2826,5.0,1.0,71.95,6.0,0.23809524,1
CC(C)c1cc(NCc2cccs2)nc(-c2ccc(S(C)(=O)=O)cc2)n1,387.53,4.3441,6.0,1.0,71.95,6.0,0.2631579,1
CC(C)c1ccc(-c2c(Cl)ncn2-c2ccc(S(C)(=O)=O)cc2)cc1,374.893,4.7196,3.0,0.0,51.96,4.0,0.21052632,1
CC(C)c1ccc(C2=C(c3ccc(S(C)(=O)=O)cc3)C(C)(O)OC2=O)cc1,386.469,3.3896,5.0,1.0,80.67,4.0,0.2857143,0
CC(C)c1ccc(NC(=O)Oc2ccc(/N=N/c3ccc(S(N)(=O)=O)cc3)cc2OC(=O)Nc2ccc(C(C)C)cc2)cc1,615.712,8.218,8.0,3.0,161.54,9.0,0.1875,0
CC(C)c1nc(C2CCCCC2)c(-c2ccc(S(N)(=O)=O)c(F)c2)o1,366.458,4.2992,4.0,1.0,86.19,4.0,0.5,0
CC(C)c1nc2sc(-c3ccc(S(C)(=O)=O)cc3)c(-c3ccccc3)n2n1,397.525,4.6517,5.0,0.0,64.33,4.0,0.2,1
CC(C1CC1)n1ncc(-c2ccc(S(C)(=O)=O)cc2)c(-c2ccc(F)cc2)c1=O,412.486,4.0909,4.0,0.0,69.03,5.0,0.27272728,0
CC(COC(=O)C(C)c1ccc(C(=O)c2cccs2)cc1)O[N+](=O)[O-],363.391,3.2226,7.0,0.0,95.74,8.0,0.29411766,0
CC(COC(=O)C(C)c1ccc2c(c1)[nH]c1ccc(Cl)cc12)O[N+](=O)[O-],376.796,4.218,5.0,1.0,94.46,6.0,0.2777778,0
CC(COC(=O)C(C)c1cccc(C(=O)c2ccccc2)c1)O[N+](=O)[O-],357.362,3.1611,6.0,0.0,95.74,8.0,0.2631579,0
CC(Nc1cc(C(F)(F)F)nc(-c2ccc(S(C)(=O)=O)cc2)n1)c1ccccc1,421.444,4.739,5.0,1.0,71.95,5.0,0.2,0
CC(O)CN1c2ccccc2Sc2ccccc21,257.358,3.6701,3.0,1.0,23.47,2.0,0.2,0
CC(OC1=C(c2ccc(S(C)(=O)=O)cc2)C(C)(C)OC1=O)C1CC1,350.436,2.9517,5.0,0.0,69.67,5.0,0.5,1
CC(S)CN1c2ccccc2Sc2ccccc21,273.426,4.6076,3.0,1.0,3.24,2.0,0.2,0
CC1(C)C(=NO)C(c2ccccc2)=C1c1ccc(S(C)(=O)=O)cc1,341.432,3.8709,4.0,1.0,66.73,3.0,0.21052632,1
CC1(C)C(=O)C(c2ccc(F)cc2)=C1c1ccc(S(C)(=O)=O)cc1,344.407,3.7489,3.0,0.0,51.21,3.0,0.21052632,1
CC1(C)C(=O)C(c2ccc(S(C)(=O)=O)cc2)=C1c1ccccc1,326.417,3.6098,3.0,0.0,51.21,3.0,0.21052632,1
CC1(C)C(=O)C(c2ccccc2)=C1c1ccc(S(C)(=O)=O)cc1,326.417,3.6098,3.0,0.0,51.21,3.0,0.21052632,1
CC1(C)C(c2ccc(S(C)(=O)=O)cc2)=C(c2ccccc2)C1O,328.433,3.4016,3.0,1.0,54.37,3.0,0.2631579,0
CC1(C)CC(c2cc(C(C)(C)C)c3c(c2)C(C)(C)CO3)=NO1,301.43,4.5571,3.0,0.0,30.82,1.0,0.6315789,1
CC1(C)CC(c2ccc(Cl)cc2)=C(c2ccc(S(C)(=O)=O)cc2)C1,360.906,5.4743,2.0,0.0,34.14,3.0,0.3,1
CC1(C)CC(c2ccc(F)cc2)=C(c2ccc(S(C)(=O)=O)cc2)C1,344.451,4.96,2.0,0.0,34.14,3.0,0.3,1
CC1(C)CC1Cn1ncc(-c2ccc(S(C)(=O)=O)cc2)c(-c2ccc(F)cc2)c1=O,426.513,4.166,4.0,0.0,69.03,5.0,0.3043478,1
CC1(C)CC[C@]2(C(=O)O)CC[C@]3(C)C(=CC[C@@H]4[C@@]5(C)CC[C@H](O)C(C)(C)[C@@H]5CC[C@]43C)[C@@H]2C1,456.711,7.2336,2.0,2.0,57.53,1.0,0.9,0
CC1(C)COc2c(C3CCCC3)cc(C(=O)CCCC3CC3)cc21,326.48,5.7772,2.0,0.0,26.3,6.0,0.6818182,0
CC1(C)COc2ccc(C(=O)CCCC3CC3)cc21,258.361,4.1196,2.0,0.0,26.3,5.0,0.5882353,0
CC1(C)Cc2c(-c3ccccc3)c(-c3ccc(Cl)cc3)c(CC(=O)O)n2C1,379.887,5.6849,1.0,1.0,42.23,4.0,0.26086956,0
CC1(C)OC(=O)C(=Nc2ccccc2)C1c1ccc(S(C)(=O)=O)cc1,357.431,3.2818,5.0,0.0,72.8,3.0,0.2631579,0
CC1(C)OC(=O)C(C(=O)c2ccccc2)=C1c1ccc(S(C)(=O)=O)cc1,370.426,3.062,5.0,0.0,77.51,4.0,0.2,0
CC1(C)OC(=O)C(Cc2ccccc2)=C1c1ccc(S(C)(=O)=O)cc1,356.443,3.4218,4.0,0.0,60.44,4.0,0.25,0
CC1(C)OC(=O)C(OC2CC2)=C1c1ccc(S(C)(=O)=O)cc1,322.382,2.3156,5.0,0.0,69.67,4.0,0.4375,0
CC1(C)OC(=O)C(OC2CCCCC2)=C1c1ccc(S(C)(=O)=O)cc1,364.463,3.4859,5.0,0.0,69.67,4.0,0.5263158,1
CC1(C)OC(=O)C(OCC2CC2)=C1c1ccc(S(C)(=O)=O)cc1,336.409,2.5632,5.0,0.0,69.67,5.0,0.47058824,1
CC1(C)OC(=O)C(Oc2cc(F)cc(F)c2)=C1c1ccc(S(C)(=O)=O)cc1,394.395,3.4938,5.0,0.0,69.67,4.0,0.21052632,1
CC1(C)OC(=O)C(Oc2ccc(Br)cn2)=C1c1ccc(S(C)(=O)=O)cc1,438.299,3.3731,6.0,0.0,82.56,4.0,0.22222222,1
CC1(C)OC(=O)C(Oc2ccc(C3CC3)cn2)=C1c1ccc(S(C)(=O)=O)cc1,399.468,3.488,6.0,0.0,82.56,5.0,0.33333334,1
CC1(C)OC(=O)C(Oc2ccc(Cl)cc2)=C1c1ccc(S(C)(=O)=O)cc1,392.86,3.869,5.0,0.0,69.67,4.0,0.21052632,1
CC1(C)OC(=O)C(Oc2ccc(Cl)cn2)=C1c1ccc(S(C)(=O)=O)cc1,393.848,3.264,6.0,0.0,82.56,4.0,0.22222222,1
CC1(C)OC(=O)C(Oc2ccc(F)c(F)c2)=C1c1ccc(S(C)(=O)=O)cc1,394.395,3.4938,5.0,0.0,69.67,4.0,0.21052632,1
CC1(C)OC(=O)C(Oc2ccc(F)cc2)=C1c1ccc(S(C)(=O)=O)cc1,376.405,3.3547,5.0,0.0,69.67,4.0,0.21052632,1
CC1(C)OC(=O)C(Oc2ccc(F)cc2F)=C1c1ccc(S(C)(=O)=O)cc1,394.395,3.4938,5.0,0.0,69.67,4.0,0.21052632,1
CC1(C)OC(=O)C(Oc2ccc(F)cn2)=C1c1ccc(S(C)(=O)=O)cc1,377.393,2.7497,6.0,0.0,82.56,4.0,0.22222222,1
CC1(C)OC(=O)C(Oc2ccc3[nH]ccc3c2)=C1c1ccc(S(C)(=O)=O)cc1,397.452,3.6969,5.0,1.0,85.46,4.0,0.1904762,1
CC1(C)OC(=O)C(Oc2ccc3ccccc3n2)=C1c1ccc(S(C)(=O)=O)cc1,409.463,3.7638,6.0,0.0,82.56,4.0,0.18181819,0
CC1(C)OC(=O)C(Oc2ccc3sccc3c2)=C1c1ccc(S(C)(=O)=O)cc1,414.504,4.4303,6.0,0.0,69.67,4.0,0.1904762,1
CC1(C)OC(=O)C(Oc2cccc(Cl)n2)=C1c1ccc(S(C)(=O)=O)cc1,393.848,3.264,6.0,0.0,82.56,4.0,0.22222222,0
CC1(C)OC(=O)C(Oc2cccc(F)c2)=C1c1ccc(S(C)(=O)=O)cc1,376.405,3.3547,5.0,0.0,69.67,4.0,0.21052632,1
CC1(C)OC(=O)C(Oc2cccc3cnccc23)=C1c1ccc(S(C)(=O)=O)cc1,409.463,3.7638,6.0,0.0,82.56,4.0,0.18181819,0
CC1(C)OC(=O)C(Oc2ccccc2)=C1c1ccc(S(C)(=O)=O)cc1,358.415,3.2156,5.0,0.0,69.67,4.0,0.21052632,1
CC1(C)OC(=O)C(Oc2ccccn2)=C1c1ccc(S(C)(=O)=O)cc1,359.403,2.6106,6.0,0.0,82.56,4.0,0.22222222,1
CC1(C)OC(=O)C(Oc2cccnc2)=C1c1ccc(S(C)(=O)=O)cc1,359.403,2.6106,6.0,0.0,82.56,4.0,0.22222222,0
CC1(C)OC(=O)C(Oc2ccncc2)=C1c1ccc(S(C)(=O)=O)cc1,359.403,2.6106,6.0,0.0,82.56,4.0,0.22222222,0
CC1(C)OC(=O)C(Oc2cnccn2)=C1c1ccc(S(C)(=O)=O)cc1,360.391,2.0056,7.0,0.0,95.45,4.0,0.23529412,0
CC1(C)OC(=O)C(Oc2ncc(Cl)cc2Cl)=C1c1ccc(S(C)(=O)=O)cc1,428.293,3.9174,6.0,0.0,82.56,4.0,0.22222222,1
CC1(C)OC(=O)C(Oc2ncccc2Cl)=C1c1ccc(S(C)(=O)=O)cc1,393.848,3.264,6.0,0.0,82.56,4.0,0.22222222,1
CC1(C)OC(=O)C(Oc2ncccn2)=C1c1ccc(S(C)(=O)=O)cc1,360.391,2.0056,7.0,0.0,95.45,4.0,0.23529412,0
CC1(C)OC(=O)C(Oc2ncnc3ccccc23)=C1c1ccc(S(C)(=O)=O)cc1,410.451,3.1588,7.0,0.0,95.45,4.0,0.1904762,0
CC1(C)OC(=O)C(Sc2ccccc2)=C1c1ccc(S(C)(=O)=O)cc1,374.483,3.9289,5.0,0.0,60.44,4.0,0.21052632,0
CC1(C)OC(=O)C(c2cccc(F)c2)=C1c1ccc(S(C)(=O)=O)cc1,360.406,3.4754,4.0,0.0,60.44,3.0,0.21052632,1
CC1(Cn2ncc(-c3ccc(S(C)(=O)=O)cc3)c(-c3ccc(F)cc3)c2=O)CC1,412.486,3.92,4.0,0.0,69.03,5.0,0.27272728,0
CC1(O)OC(=O)C(c2cc(F)cc(F)c2)=C1c1ccc(S(C)(=O)=O)cc1,380.368,2.5444,5.0,1.0,80.67,3.0,0.16666667,0
CC1(O)OC(=O)C(c2cc3ccccc3s2)=C1c1ccc(S(C)(=O)=O)cc1,400.477,3.4809,6.0,1.0,80.67,3.0,0.15,0
CC1(O)OC(=O)C(c2ccc(Br)cc2)=C1c1ccc(S(C)(=O)=O)cc1,423.284,3.0287,5.0,1.0,80.67,3.0,0.16666667,0
CC1(O)OC(=O)C(c2ccc(Cl)c(Cl)c2)=C1c1ccc(S(C)(=O)=O)cc1,413.278,3.573,5.0,1.0,80.67,3.0,0.16666667,1
CC1(O)OC(=O)C(c2ccc(Cl)cc2)=C1c1ccc(S(C)(=O)=O)cc1,378.833,2.9196,5.0,1.0,80.67,3.0,0.16666667,0
CC1(O)OC(=O)C(c2ccc(Cl)cc2Cl)=C1c1ccc(S(C)(=O)=O)cc1,413.278,3.573,5.0,1.0,80.67,3.0,0.16666667,0
CC1(O)OC(=O)C(c2ccc(F)c(Cl)c2)=C1c1ccc(S(C)(=O)=O)cc1,396.823,3.0587,5.0,1.0,80.67,3.0,0.16666667,0
CC1(O)OC(=O)C(c2ccc(F)c(F)c2)=C1c1ccc(S(C)(=O)=O)cc1,380.368,2.5444,5.0,1.0,80.67,3.0,0.16666667,0
CC1(O)OC(=O)C(c2ccc(F)cc2)=C1c1ccc(S(C)(=O)=O)cc1,362.378,2.4053,5.0,1.0,80.67,3.0,0.16666667,0
CC1(O)OC(=O)C(c2ccc3ccccc3c2)=C1c1ccc(S(C)(=O)=O)cc1,394.448,3.4194,5.0,1.0,80.67,3.0,0.13636364,0
CC1(O)OC(=O)C(c2cccc(F)c2)=C1c1ccc(S(C)(=O)=O)cc1,362.378,2.4053,5.0,1.0,80.67,3.0,0.16666667,0
CC1(O)OC(=O)C(c2ccccc2)=C1c1ccc(S(C)(=O)=O)cc1,344.388,2.2662,5.0,1.0,80.67,3.0,0.16666667,0
CC1(O)OC(=O)C(c2cccs2)=C1c1ccc(S(C)(=O)=O)cc1,350.417,2.3277,6.0,1.0,80.67,3.0,0.1875,0
CC1(O)OC(=O)C(c2ccsc2)=C1c1ccc(S(C)(=O)=O)cc1,350.417,2.3277,6.0,1.0,80.67,3.0,0.1875,0
CC1(OCC(F)(F)F)OC(=O)C(c2ccc(F)cc2)=C1c1ccc(S(C)(=O)=O)cc1,444.402,3.9919,5.0,0.0,69.67,5.0,0.25,0
CC1([O-])OC(=O)C(c2ccc(Cl)cc2)=C1c1ccc(S(C)(=O)=O)cc1,377.825,2.2876,5.0,0.0,83.5,3.0,0.16666667,0
CC1=CCC[C@H]2[C@](C)(Cc3cc(O)ccc3O)[C@@H](C)CC[C@]12C,314.469,5.4391,2.0,2.0,40.46,2.0,0.61904764,0
CC1C(c2ccc(F)cc2)=C(c2ccc(S(C)(=O)=O)cc2)ON1C,347.411,3.363,4.0,0.0,46.61,3.0,0.22222222,1
CC1C(c2ccccc2)=C(c2ccc(S(C)(=O)=O)cc2)ON1C,329.421,3.2239,4.0,0.0,46.61,3.0,0.22222222,1
CC1Cc2cc(-c3c(Cl)ncn3-c3ccc(S(C)(=O)=O)cc3)ccc2O1,388.876,3.9196,4.0,0.0,61.19,3.0,0.21052632,1
CCC#CCC(C)OC(=O)Cc1c(C)n(C(=O)c2ccc(Cl)cc2)c2ccc(OC)cc12,451.95,5.57792,4.0,0.0,57.53,6.0,0.30769232,1
CCC#CCSc1ccccc1OC(C)=O,234.32,3.1174,3.0,0.0,26.3,3.0,0.30769232,0
CCC(=O)OCc1cc(-n2nc(C(F)(F)F)cc2-c2ccc(C)cc2)ccc1S(N)(=O)=O,467.469,3.96712,5.0,1.0,104.28,6.0,0.23809524,0
CCC(C)OC1=C(c2ccc(S(C)(=O)=O)cc2)C(C)(C)OC1=O,338.425,2.9517,5.0,0.0,69.67,5.0,0.47058824,1
CCC(C)[C@@H](CO)NC(=O)Cc1c(C)n(C(=O)c2ccc(Cl)cc2)c2ccc(OC)cc12,456.97,4.36592,4.0,2.0,80.56,8.0,0.36,1
CCC(O)(CC)[C@H](C)Oc1ncc(C(F)(F)F)cc1-c1ccc(S(C)(=O)=O)cc1,431.476,4.4893,5.0,1.0,76.49,7.0,0.45,0
CCC1(C)COc2ccc(C(=O)CCCC3CC3)cc21,272.388,4.5097,2.0,0.0,26.3,6.0,0.6111111,0
CCC1(CC)CC(c2ccc(F)cc2)=C(c2ccc(S(C)(=O)=O)cc2)C1,372.505,5.7402,2.0,0.0,34.14,5.0,0.36363637,0
CCCC#CCCSc1ccccc1OC(C)=O,262.374,3.8976,3.0,0.0,26.3,5.0,0.4,0
CCCC#CCSc1ccccc1OC(C)=O,248.347,3.5075,3.0,0.0,26.3,4.0,0.35714287,0
CCCC(=O)c1cc(C(C)(C)C)c2c(c1)C(C)(C)CO2,274.404,4.6369,2.0,0.0,26.3,3.0,0.6111111,1
CCCC(=O)c1cc(C(C)(C)C)c2c(c1)C(C)(C)CS2,290.472,5.3502,2.0,0.0,17.07,3.0,0.6111111,1
CCCC/C=C/COC(=O)Cc1c(C)n(C(=O)c2ccc(Cl)cc2)c2ccc(OC)cc12,453.966,6.13232,4.0,0.0,57.53,9.0,0.30769232,1
CCCC/C=C/CSc1ccccc1OC(C)=O,264.39,4.4504,3.0,0.0,26.3,7.0,0.4,0
CCCCC#CC(C)Sc1ccccc1OC(C)=O,276.401,4.2861,3.0,0.0,26.3,5.0,0.4375,0
CCCCC#CCOC(=O)Cc1c(C)n(C(=O)c2ccc(Cl)cc2)c2ccc(OC)cc12,451.95,5.57952,4.0,0.0,57.53,7.0,0.30769232,1
CCCCC#CCSc1ccccc1OC(=O)CBr,341.27,4.2726,3.0,0.0,26.3,6.0,0.4,0
CCCCC#CCSc1ccccc1OC(C)=O,262.374,3.8976,3.0,0.0,26.3,5.0,0.4,0
CCCCC(=O)c1cc(C(C)(C)C)c2c(c1)C(C)(C)CCN2C,315.501,5.4745,2.0,0.0,20.31,4.0,0.6666667,1
CCCCC(=O)c1cc(C(C)(C)C)c2c(c1)C(C)(C)CCS2,318.526,6.1304,2.0,0.0,17.07,4.0,0.65,0
CCCCC(=O)c1cc(C(C)(C)C)c2c(c1)C(C)(C)CO2,288.431,5.027,2.0,0.0,26.3,4.0,0.6315789,1
CCCCCC#CCSc1ccccc1OC(C)=O,276.401,4.2877,3.0,0.0,26.3,6.0,0.4375,0
CCCCCC(=O)c1cc(C(C)(C)C)c2c(c1)C(C)(C)CO2,302.458,5.4171,2.0,0.0,26.3,5.0,0.65,1
CCCCCCCCCCCCCCCc1cccc(O)c1CSc1nc2cc(OC)ccc2[nH]1,496.761,9.2031,4.0,2.0,58.14,18.0,0.56666666,0
CCCCCCCCCCCCCCCc1cccc(OC)c1CSc1nc2cc(C)ccc2[nH]1,494.789,9.80592,3.0,1.0,37.91,18.0,0.58064514,0
CCCCCCCCCCCCCCCc1cccc(OC)c1CSc1nc2cc([N+](=O)[O-])ccc2[nH]1,525.759,9.4057,5.0,1.0,81.05,19.0,0.56666666,0
CCCCCCCCCCCCCCCc1cccc(OC)c1CSc1nc2ccccc2o1,481.746,9.7624,4.0,0.0,35.26,18.0,0.56666666,0
CCCCCCCCCCCCCCCc1cccc(OC)c1CSc1nc2ccccc2s1,497.814,10.2309,4.0,0.0,22.12,18.0,0.56666666,0
CCCCCCCCCCCCCCCc1cccc(OCC)c1CSc1nc2ccccc2[nH]1,494.789,9.8876,3.0,1.0,37.91,19.0,0.58064514,0
CCCCCCCCCNC(=O)Cc1c(C)n(C(=O)c2ccc(Cl)cc2)c2ccc(OC)cc12,483.052,6.70952,3.0,1.0,60.33,12.0,0.42857143,1
CCCCCCCCNC(=O)Cc1c(C)n(C(=O)c2ccc(Cl)cc2)c2ccc(OC)cc12,469.025,6.31942,3.0,1.0,60.33,11.0,0.4074074,1
CCCCCCCCNC(=O)c1ccccc1Nc1c(Cl)ccc(C)c1Cl,407.385,7.13572,2.0,2.0,41.13,10.0,0.4090909,1
CCCCCCCCOC(=O)Cc1c(C)n(C(=O)c2ccc(Cl)cc2)c2ccc(OC)cc12,470.009,6.74642,4.0,0.0,57.53,11.0,0.4074074,1
CCCCCCCOC(=O)Cc1c(C)n(C(=O)c2ccc(Cl)cc2)c2ccc(OC)cc12,455.982,6.35632,4.0,0.0,57.53,10.0,0.3846154,1
CCCCCCCSc1ccccc1OC(C)=O,266.406,4.6744,3.0,0.0,26.3,8.0,0.53333336,0
CCCCCCC[Se]c1ccccc1OC(C)=O,313.299,3.3301,2.0,0.0,26.3,8.0,0.53333336,0
CCCCCCOC(=O)Cc1c(C)n(C(=O)c2ccc(Cl)cc2)c2ccc(OC)cc12,441.955,5.96622,4.0,0.0,57.53,9.0,0.36,1
CCCCCCSc1ccccc1OC(C)=O,252.379,4.2843,3.0,0.0,26.3,7.0,0.5,0
CCCCCNC(=O)c1cc(C(C)(C)C)c2c(c1)C(C)(C)CO2,317.473,4.5741,2.0,1.0,38.33,5.0,0.65,1
CCCCCNc1cc(C(F)(F)F)nc(-c2ccc(S(C)(=O)=O)cc2)n1,387.427,4.168,5.0,1.0,71.95,7.0,0.4117647,0
CCCCCOC(=O)Cc1c(C)n(C(=O)c2ccc(Cl)cc2)c2ccc(OC)cc12,427.928,5.57612,4.0,0.0,57.53,8.0,0.33333334,1
CCCCCSc1ccccc1OC(C)=O,238.352,3.8942,3.0,0.0,26.3,6.0,0.46153846,0
CCCCNC(=O)c1cc(C(C)(C)C)c2c(c1)C(C)(C)CO2,303.446,4.184,2.0,1.0,38.33,4.0,0.6315789,1
CCCCOC(=O)Cc1c(C)n(C(=O)c2ccc(Cl)cc2)c2ccc(OC)cc12,413.901,5.18602,4.0,0.0,57.53,7.0,0.3043478,1
CCCCOCCOC(=O)Cc1c(C)n(C(=O)c2ccc(Cl)cc2)c2ccc(OC)cc12,457.954,5.20262,5.0,0.0,66.76,10.0,0.36,1
CCCCOCCSc1ccccc1OC(C)=O,268.378,3.5207,4.0,0.0,35.53,8.0,0.5,0
CCCCSc1ccccc1OC(C)=O,224.325,3.5041,3.0,0.0,26.3,5.0,0.41666666,0
CCCN(C(=O)c1cc(C(C)(C)C)c2c(c1)C(C)(C)CO2)C1CC1,329.484,4.6687,2.0,0.0,29.54,4.0,0.6666667,0
CCCNC(=O)c1cc(C(C)(C)C)c2c(c1)C(C)(C)CO2,289.419,3.7939,2.0,1.0,38.33,3.0,0.6111111,0
CCCOC(=O)Cc1c(C)n(C(=O)c2ccc(Cl)cc2)c2ccc(OC)cc12,399.874,4.79592,4.0,0.0,57.53,6.0,0.27272728,1
CCCOc1ccc(-c2c(Cl)ncn2-c2ccc(S(C)(=O)=O)cc2)cc1,390.892,4.385,4.0,0.0,61.19,6.0,0.21052632,0
CCCS(=O)(=O)Nc1ccncc1Oc1ccc(Cl)cc1,326.805,3.679,4.0,1.0,68.29,6.0,0.21428572,0
CCCSc1ccccc1OC(C)=O,210.298,3.114,3.0,0.0,26.3,4.0,0.36363637,0
CCCSc1nnc(-c2cc(C(C)(C)C)c(O)c(C(C)(C)C)c2)s1,364.58,6.0078,5.0,1.0,46.01,4.0,0.57894737,0
CCCc1ccc(-c2c(Cl)ncn2-c2ccc(S(C)(=O)=O)cc2)cc1,374.893,4.5487,3.0,0.0,51.96,5.0,0.21052632,1
CCN(C)C(=O)c1cc(C(C)(C)C)c2c(c1)C(C)(C)CO2,289.419,3.746,2.0,0.0,29.54,2.0,0.6111111,0
CCN(CC)C(=O)Cc1c(C)n(C(=O)c2ccc(Cl)cc2)c2ccc(OC)cc12,412.917,4.71112,3.0,0.0,51.54,6.0,0.3043478,0
CCN(CC)CCSc1nnc(-c2cc(C(C)(C)C)c(O)c(C(C)(C)C)c2)s1,421.676,5.9396,6.0,1.0,49.25,7.0,0.6363636,0
CCN(CC)Cc1cc(/C=C/S(N)(=O)=O)cc(C(=O)c2ccccc2)c1,372.49,3.0186,4.0,1.0,80.47,8.0,0.25,0
CCN(CC)c1cc(NCc2cccs2)nc(-c2ccc(S(C)(=O)=O)cc2)n1,416.572,4.0669,7.0,1.0,75.19,8.0,0.3,1
CCN(CC)c1ccc(-c2c(Cl)ncn2-c2ccc(S(C)(=O)=O)cc2)cc1,403.935,4.4424,4.0,0.0,55.2,6.0,0.25,1
CCNC(=O)c1cc(C(C)(C)C)c2c(c1)C(C)(C)CO2,275.392,3.4038,2.0,1.0,38.33,2.0,0.5882353,0
CCOC(=O)/C=C/c1cc(CC)cc(C(=O)c2ccccc2)c1,308.377,4.0563,3.0,0.0,43.37,6.0,0.2,0
CCOC(=O)CNC(=O)c1ccccc1Nc1c(Cl)ccc(C)c1Cl,381.259,4.33832,4.0,2.0,67.43,6.0,0.22222222,0
CCOC(=O)Cc1c(C)n(C(=O)c2ccc(Cl)cc2)c2ccc(OC)cc12,385.847,4.40582,4.0,0.0,57.53,5.0,0.23809524,1
CCOC(=O)Cc1cc(-c2ccc(S(C)(=O)=O)cc2)n(-c2cccc(F)c2)c1C,415.486,4.10092,4.0,0.0,65.37,6.0,0.22727273,0
CCOC(=O)Cn1nc(-c2ccc(S(C)(=O)=O)cc2)c(-c2ccc(F)cc2)c1C(F)(F)F,470.444,4.3416,5.0,0.0,78.26,6.0,0.23809524,0
CCOC(=O)c1cn(-c2ccc(S(C)(=O)=O)cc2)c(-c2ccc(Cl)cc2)n1,404.875,3.7729,5.0,0.0,78.26,5.0,0.15789473,0
CCOC(=O)c1csc2nc(-c3ccccc3)c(-c3ccc(S(C)(=O)=O)cc3)n12,426.519,4.31,6.0,0.0,77.74,5.0,0.14285715,0
CCOC(=O)c1nc(-c2ccc(F)cc2)c(-c2ccc(S(C)(=O)=O)cc2)s1,405.472,4.1964,6.0,0.0,73.33,5.0,0.15789473,0
CCOC1(C)OC(=O)C(c2ccc(F)cc2)=C1c1ccc(S(C)(=O)=O)cc1,390.432,3.4495,5.0,0.0,69.67,5.0,0.25,0
CCOC1=C(c2ccc(S(C)(=O)=O)cc2)C(C)(C)OC1=O,310.371,2.1731,5.0,0.0,69.67,4.0,0.4,0
CCON=C1NC(=O)C(=Cc2cc(C(C)(C)C)c(O)c(C(C)(C)C)c2)O1,360.454,3.782,5.0,2.0,80.15,3.0,0.5,0
CCON=C1NC(=O)C(=Cc2cc(C(C)(C)C)c(O)c(C(C)(C)C)c2)S1,376.522,4.4986,5.0,2.0,70.92,3.0,0.5,0
CCOc1cc(C=Nc2ccc(S(N)(=O)=O)cc2)ccc1O,320.37,2.1889,5.0,2.0,101.98,5.0,0.13333334,0
CCOc1cc(NCc2cccs2)nc(-c2ccc(S(C)(=O)=O)cc2)n1,389.502,3.6194,7.0,1.0,81.18,7.0,0.22222222,1
CCOc1cc(OCC)cc(-c2ccc(C(C)C(=O)O)cc2)c1,314.381,4.3391,3.0,1.0,55.76,7.0,0.31578946,1
CCOc1cc(OCC)cc(-c2ccc(C(C)C(=O)O)cc2F)c1,332.371,4.4782,3.0,1.0,55.76,7.0,0.31578946,1
CCOc1ccc(-c2c(Cl)ncn2-c2ccc(S(C)(=O)=O)cc2)cc1,376.865,3.9949,4.0,0.0,61.19,5.0,0.16666667,1
CCOc1ccc(-c2c(Cl)ncn2-c2ccc(S(C)(=O)=O)cc2)cc1Cl,411.31,4.6483,4.0,0.0,61.19,5.0,0.16666667,1
CCOc1ccc(-c2c(Cl)ncn2-c2ccc(S(C)(=O)=O)cc2)cc1F,394.855,4.134,4.0,0.0,61.19,5.0,0.16666667,1
CCOc1ccc(-c2c(Cl)ncn2-c2ccc(S(N)(=O)=O)cc2)cc1,377.853,3.2388,4.0,1.0,87.21,5.0,0.11764706,1
CCOc1ccc(-c2c(Cl)ncn2-c2ccc(S(N)(=O)=O)cc2)cc1Cl,412.298,3.8922,4.0,1.0,87.21,5.0,0.11764706,1
CCOc1ccc(-c2c(Cl)ncn2-c2ccc(S(N)(=O)=O)cc2)cc1F,395.843,3.3779,4.0,1.0,87.21,5.0,0.11764706,1
CCOc1ccc(-c2cc(C(F)(F)F)nn2-c2ccc(S(N)(=O)=O)c(CO)c2)cc1,441.431,3.0965,5.0,2.0,107.44,6.0,0.21052632,0
CCOc1ccc(-c2cc(C(F)(F)F)nn2-c2ccc(S(N)(=O)=O)cc2)cc1,411.405,3.6042,4.0,1.0,87.21,5.0,0.16666667,0
CCOc1ccc(-c2nn3nc(S(C)(=O)=O)ccc3c2-c2ccc(S(N)(=O)=O)cc2)cc1,472.548,2.5129,7.0,1.0,133.72,6.0,0.14285715,1
CCOc1ccc(-c2nn3nc(SC)ccc3c2-c2ccc(S(N)(=O)=O)cc2)cc1,440.55,3.8313,6.0,1.0,99.58,6.0,0.14285715,1
CCOc1ccc(-c2nn3ncccc3c2-c2ccc(S(C)(=O)=O)cc2)cc1,393.468,3.8655,5.0,0.0,73.56,5.0,0.14285715,1
CCOc1ccc(-c2nn3ncccc3c2-c2ccc(S(N)(=O)=O)cc2)cc1,394.456,3.1094,5.0,1.0,99.58,5.0,0.1,1
CCOc1ccc2c(-c3ccc(S(C)(=O)=O)cc3)c(-c3ccc(F)cc3)nn2n1,411.458,4.0046,5.0,0.0,73.56,5.0,0.14285715,1
CCOc1cccc(-c2ccc(C(C)C(=O)O)cc2F)c1,288.318,4.0795,2.0,1.0,46.53,5.0,0.23529412,1
CCOc1cccc(NC(=O)Cc2c(C)n(C(=O)c3ccc(Cl)cc3)c3ccc(OC)cc23)c1,476.96,5.88012,4.0,1.0,69.56,7.0,0.18518518,0
CCOc1cccc(OCC)c1-c1ccc(C(C)C(=O)O)cc1F,332.371,4.4782,3.0,1.0,55.76,7.0,0.31578946,1
CCOc1cccc(OCc2cc(-c3ccccc3)n(-c3ccc(S(C)(=O)=O)cc3)n2)c1,448.544,4.9205,5.0,0.0,70.42,8.0,0.16,0
CCOc1ccncc1-c1c(Cl)ncn1-c1ccc(S(C)(=O)=O)cc1,377.853,3.3899,5.0,0.0,74.08,5.0,0.1764706,1
CCOc1nnc(-c2cc(C(C)(C)C)c(O)c(C(C)(C)C)c2)s1,334.485,4.9044,5.0,1.0,55.24,3.0,0.5555556,0
CCS(=O)(=O)Nc1ccncc1Oc1ccc(Cl)cc1,312.778,3.2889,4.0,1.0,68.29,5.0,0.15384616,0
CCS(=O)(=O)Nc1ccncc1Oc1ccccc1,278.333,2.6355,4.0,1.0,68.29,5.0,0.15384616,0
CCS(=O)(=O)c1cc(NCc2ccccc2)nc(-c2ccc(S(C)(=O)=O)cc2)n1,431.539,2.9528,7.0,1.0,106.09,7.0,0.2,1
CCS(=O)(=O)c1cc(NCc2cccs2)nc(-c2ccc(S(C)(=O)=O)cc2)n1,437.568,3.0143,8.0,1.0,106.09,7.0,0.22222222,1
CCS(=O)(=O)c1ccc(-c2oc(C)nc2-c2ccc(F)cc2)cc1,345.395,4.24972,4.0,0.0,60.17,4.0,0.16666667,0
CCSc1cc(NCc2ccccc2)nc(-c2ccc(S(C)(=O)=O)cc2)n1,399.541,4.2712,6.0,1.0,71.95,7.0,0.2,1
CCSc1cc(NCc2cccs2)nc(-c2ccc(S(C)(=O)=O)cc2)n1,405.57,4.3327,7.0,1.0,71.95,7.0,0.22222222,1
CCSc1ccc(-c2c(Cl)ncn2-c2ccc(S(C)(=O)=O)cc2)cc1,392.933,4.7082,4.0,0.0,51.96,5.0,0.16666667,1
CCSc1ccc(-c2cc(C(F)(F)F)nn2-c2ccc(S(N)(=O)=O)c(CO)c2)cc1,457.499,3.8098,5.0,2.0,98.21,6.0,0.21052632,0
CCSc1cccc(-c2ccc(C(C)C(=O)O)cc2)c1,286.396,4.6537,2.0,1.0,37.3,5.0,0.23529412,0
CCSc1nnc(-c2cc(C(C)(C)C)c(O)c(C(C)(C)C)c2)o1,334.485,5.1492,5.0,1.0,59.15,3.0,0.5555556,0
CCSc1nnc(-c2cc(C(C)(C)C)c(O)c(C(C)(C)C)c2)s1,350.553,5.6177,5.0,1.0,46.01,3.0,0.5555556,1
CCSc1nnc(-c2nc(C(C)(C)C)c(O)c(C(C)(C)C)n2)s1,352.529,4.4077,7.0,1.0,71.79,3.0,0.625,0
CC[C@@H](C)NC(=O)Cc1c(C)n(C(=O)c2ccc(Cl)cc2)c2ccc(OC)cc12,412.917,4.75742,3.0,1.0,60.33,6.0,0.3043478,1
CC[C@@H](CO)NC(=O)Cc1c(C)n(C(=O)c2ccc(Cl)cc2)c2ccc(OC)cc12,428.916,3.72982,4.0,2.0,80.56,7.0,0.3043478,1
CC[C@@]1(C)OC(=O)C(OC(C)C)=C1c1ccc(S(C)(=O)=O)cc1,338.425,2.9517,5.0,0.0,69.67,5.0,0.47058824,0
CC[C@H](C)NC(=O)Cc1c(C)n(C(=O)c2ccc(Cl)cc2)c2ccc(OC)cc12,412.917,4.75742,3.0,1.0,60.33,6.0,0.3043478,1
CC[C@H](CO)NC(=O)Cc1c(C)n(C(=O)c2ccc(Cl)cc2)c2ccc(OC)cc12,428.916,3.72982,4.0,2.0,80.56,7.0,0.3043478,1
CC[C@]1(C)OC(=O)C(OC(C)C)=C1c1ccc(S(C)(=O)=O)cc1,338.425,2.9517,5.0,0.0,69.67,5.0,0.47058824,0
CC[S+]([O-])c1cc(NCc2cccs2)nc(-c2ccc(S(C)(=O)=O)cc2)n1,421.569,3.3482,7.0,1.0,95.01,7.0,0.22222222,1
CCc1c(C(F)(F)F)nn(-c2ccc(S(N)(=O)=O)cc2)c1-c1ccc(Cl)cc1,429.851,4.4213,3.0,1.0,77.98,4.0,0.16666667,1
CCc1c(NCc2ccc(F)cc2)nc(-c2ccc(S(C)(=O)=O)cc2)nc1C(F)(F)F,453.461,4.8795,5.0,1.0,71.95,6.0,0.23809524,1
CCc1c(NCc2cccs2)nc(-c2ccc(S(C)(=O)=O)cc2)nc1C(F)(F)F,441.5,4.8019,6.0,1.0,71.95,6.0,0.2631579,1
CCc1cc(-c2cc(C(F)(F)F)nn2-c2ccc(S(N)(=O)=O)cc2)ccc1OC,425.432,3.7765,4.0,1.0,87.21,5.0,0.21052632,0
CCc1cc(/C=C/C(=O)O)cc(C(=O)c2ccccc2)c1,280.323,3.5778,2.0,1.0,54.37,5.0,0.11111111,0
CCc1cc(/C=C/C(N)=O)cc(C(=O)c2ccccc2)c1,279.339,2.9785,2.0,1.0,60.16,5.0,0.11111111,0
CCc1cc(/C=C/S(N)(=O)=O)cc(C(=O)c2ccccc2)c1,315.394,2.7392,3.0,1.0,77.23,5.0,0.11764706,0
CCc1cc(C(=O)c2ccccc2)ccc1/C=C/S(N)(=O)=O,315.394,2.7392,3.0,1.0,77.23,5.0,0.11764706,0
CCc1ccc(-c2cc(C(F)(F)F)nn2-c2ccc(S(N)(=O)=O)c(CO)c2)cc1,425.432,3.2602,4.0,2.0,98.21,5.0,0.21052632,0
CCc1ccc(-c2cc(C(F)(F)F)nn2-c2ccc(S(N)(=O)=O)cc2)cc1,395.406,3.7679,3.0,1.0,77.98,4.0,0.16666667,0
CCc1ccc(-c2nc(C)oc2-c2ccc(S(C)(=O)=O)cc2)s1,347.461,4.34442,5.0,0.0,60.17,4.0,0.23529412,1
CCc1ccc(-c2ncc(Cl)cc2-c2ccc(S(C)(=O)=O)cc2)cn1,372.877,4.4299,4.0,0.0,59.92,4.0,0.15789473,1
CCc1ccc(-n2c(-c3ccc(S(C)(=O)=O)cc3)coc2=O)cc1,343.404,3.0634,4.0,0.0,69.28,4.0,0.16666667,0
CCc1ccc(-n2c(-c3ccc(S(N)(=O)=O)cc3)coc2=O)cc1,344.392,2.3073,4.0,1.0,95.3,4.0,0.11764706,0
CCc1ccc(/C=C/S(N)(=O)=O)cc1C(=O)c1ccccc1,315.394,2.7392,3.0,1.0,77.23,5.0,0.11764706,0
CCc1ccc(Sc2cc3c(cc2NS(C)(=O)=O)CCC3=O)cc1,361.488,3.9006,4.0,1.0,63.24,5.0,0.2777778,1
CCc1ccc2c(-c3ccc(S(C)(=O)=O)cc3)c(-c3ccc(F)cc3)nn2n1,395.459,4.1683,4.0,0.0,64.33,4.0,0.14285715,1
CCc1cccc(-c2ccc(C(C)C(=O)O)cc2)c1,254.329,4.1041,1.0,1.0,37.3,4.0,0.23529412,0
CCc1cccc(C)c1Nc1ccccc1CC(=O)O,269.344,3.92812,2.0,2.0,49.33,5.0,0.23529412,0
CCc1csc(Sc2cc3c(cc2NS(C)(=O)=O)CCC3=O)n1,368.505,3.3571,6.0,1.0,76.13,5.0,0.33333334,1
CCc1csc(Sc2cc3c(cc2NS(C)(=O)=O)COC3=O)n1,370.477,2.8986,7.0,1.0,85.36,5.0,0.2857143,1
CCc1nc(-c2ccc(F)cc2)c(-c2ccc(S(C)(=O)=O)cc2)s1,361.463,4.5821,4.0,0.0,47.03,4.0,0.16666667,1
CCc1nc(C2CCCCC2)c(-c2ccc(S(C)(=O)=O)cc2)o1,333.453,4.3552,4.0,0.0,60.17,4.0,0.5,1
CCc1nc(C2CCCCC2)c(-c2ccc(S(N)(=O)=O)c(F)c2)o1,352.431,3.7382,4.0,1.0,86.19,4.0,0.47058824,1
CCc1nc2sc(-c3ccc(S(C)(=O)=O)cc3)c(-c3ccccc3)n2n1,383.498,4.0907,5.0,0.0,64.33,4.0,0.15789473,1
CCc1onc(-c2ccccc2)c1-c1ccccc1,249.313,4.571,2.0,0.0,26.03,3.0,0.11764706,0
CCn1nc(-c2ccc(S(C)(=O)=O)cc2)c(-c2ccc(F)cc2)c1C(F)(F)F,412.408,4.7984,3.0,0.0,51.96,4.0,0.21052632,1
CCn1nc(-c2ccc(S(N)(=O)=O)cc2)c(-c2ccc(F)cc2)c1C(F)(F)F,413.396,4.0423,3.0,1.0,77.98,4.0,0.16666667,1
CCn1nccc1NC(=O)Cc1c(C)n(C(=O)c2ccc(Cl)cc2)c2ccc(OC)cc12,450.926,4.69782,4.0,1.0,78.15,6.0,0.20833333,0
CN(C(=O)c1cc(C(C)(C)C)c2c(c1)C(C)(C)CO2)C1CC1,301.43,3.8885,2.0,0.0,29.54,2.0,0.6315789,0
CN(C)/C=N/S(=O)(=O)c1ccc(-n2cc(/C=N\N=c3/scc(O)n3-c3ccc(Cl)cc3)c(-c3ccccc3)n2)cc1,606.133,4.9639,7.0,1.0,117.44,8.0,0.071428575,0
CN(C)S(=O)(=O)c1ccc(-n2c(CCC(=O)O)ccc2-c2ccc(F)cc2)cc1,416.474,3.5509,3.0,1.0,79.61,7.0,0.1904762,0
CN(C)c1c(Cl)cc(-c2nc(C(F)(F)F)cn2-c2ccc(S(C)(=O)=O)cc2)cc1Cl,478.323,5.3344,4.0,0.0,55.2,4.0,0.21052632,1
CN(C)c1cc(-c2nc(C(F)(F)F)cn2-c2ccc(S(C)(=O)=O)cc2)ccc1Cl,443.878,4.681,4.0,0.0,55.2,4.0,0.21052632,0
CN(C)c1ccc(-c2c(-c3ccc(S(C)(=O)=O)cc3)ccc(F)c2F)cc1Cl,421.896,5.4217,3.0,0.0,37.38,4.0,0.14285715,1
CN(C)c1ccc(-c2c(-c3ccc(S(N)(=O)=O)cc3)ccc(F)c2F)cc1Cl,422.884,4.6656,3.0,1.0,63.4,4.0,0.1,1
CN(C)c1ccc(-c2c(Cl)ncn2-c2ccc(S(C)(=O)=O)cc2)cc1Cl,410.326,4.3156,4.0,0.0,55.2,4.0,0.16666667,1
CN(C)c1ccc(-c2cc(C(F)(F)F)nn2-c2ccc(S(N)(=O)=O)cc2)cc1,410.421,3.2715,4.0,1.0,81.22,4.0,0.16666667,1
CN(C)c1ccc(-c2cc(C(F)(F)F)nn2-c2ccc(S(N)(=O)=O)cc2)cc1F,428.411,3.4106,4.0,1.0,81.22,4.0,0.16666667,1
CN(C)c1ccc(-c2cc(F)c(F)cc2-c2ccc(S(C)(=O)=O)cc2)cc1Cl,421.896,5.4217,3.0,0.0,37.38,4.0,0.14285715,1
CN(C)c1ccc(-c2cc(F)c(F)cc2-c2ccc(S(N)(=O)=O)cc2)cc1Cl,422.884,4.6656,3.0,1.0,63.4,4.0,0.1,1
CN(C)c1ccc(-c2nc(C(F)(F)F)cn2-c2ccc(S(C)(=O)=O)cc2)cc1,409.433,4.0276,4.0,0.0,55.2,4.0,0.21052632,0
CN(C)c1ccc(-c2nc(C(F)(F)F)cn2-c2ccc(S(C)(=O)=O)cc2)cc1Cl,443.878,4.681,4.0,0.0,55.2,4.0,0.21052632,0
CN(C)c1ccc(-c2nc(C(F)(F)F)cn2-c2ccc(S(C)(=O)=O)cc2)cc1F,427.423,4.1667,4.0,0.0,55.2,4.0,0.21052632,0
CN(C)c1ccc(-n2nc(C(F)(F)F)cc2-c2ccc(NS(C)(=O)=O)cc2)cc1,424.448,3.9956,4.0,1.0,67.23,5.0,0.21052632,0
CN(C)c1ccc(/C=N/c2ccc(S(N)(=O)=O)cc2)cc1,303.387,2.1506,4.0,1.0,75.76,4.0,0.13333334,0
CN(C)c1ccc(/N=C/c2ccc(S(N)(=O)=O)cc2)cc1,303.387,2.1506,4.0,1.0,75.76,4.0,0.13333334,0
CN(C)c1ccc(C2=C(c3ccc(S(C)(=O)=O)cc3)CCC2)cc1Cl,375.921,4.9042,3.0,0.0,37.38,4.0,0.3,1
CN(C)c1ccc(C2=C(c3ccc(S(N)(=O)=O)cc3)CCC2)cc1Cl,376.909,4.1481,3.0,1.0,63.4,4.0,0.2631579,1
CN(C)c1cccc(-c2nc(C(F)(F)F)cn2-c2ccc(S(C)(=O)=O)cc2)c1,409.433,4.0276,4.0,0.0,55.2,4.0,0.21052632,0
CN(C)c1ccccc1-c1cc(C(F)(F)F)nn1-c1ccc(S(N)(=O)=O)cc1,410.421,3.2715,4.0,1.0,81.22,4.0,0.16666667,0
CN(CC(=O)c1cc(C(C)(C)C)c2c(c1)C(C)(C)CO2)CC1CC1,329.484,4.1786,3.0,0.0,29.54,5.0,0.6666667,0
CN(Cc1ccccc1)c1cc(C(F)(F)F)nc(-c2ccc(S(C)(=O)=O)cc2)n1,421.444,4.2023,5.0,0.0,63.16,5.0,0.2,0
CN(c1ccccc1)c1cnccc1NS(=O)(=O)C(F)(F)F,331.319,3.111,4.0,1.0,62.3,4.0,0.15384616,0
CN1C(=Cc2cc(C(C)(C)C)c(O)c(C(C)(C)C)c2)C(=O)N=C1N=C(N)N,371.485,2.4295,4.0,3.0,117.3,1.0,0.45,0
CN1C(=O)C(C(=O)Nc2ccc(Br)cc2Br)c2cc(Cl)ccc2S1(=O)=O,522.602,3.748,4.0,1.0,83.55,2.0,0.125,1
CN1C(=O)C(C(=O)Nc2ccc(Cl)cc2)c2cc(Cl)ccc2S1(=O)=O,399.255,2.8764,4.0,1.0,83.55,2.0,0.125,1
CN1C(=O)C(C(=O)Nc2ccc(Cl)cc2Cl)c2cc(Cl)ccc2S1(=O)=O,433.7,3.5298,4.0,1.0,83.55,2.0,0.125,1
CN1C(=O)C(C(=O)Nc2ccc(F)cc2F)c2cc(Cl)ccc2S1(=O)=O,400.79,2.5012,4.0,1.0,83.55,2.0,0.125,1
CN1C(=O)C(C(=O)Nc2ccccc2Cl)c2cc(Cl)ccc2S1(=O)=O,399.255,2.8764,4.0,1.0,83.55,2.0,0.125,1
CN1CC(c2ccc(F)cc2)=C(c2ccccc2)O1,255.292,3.571,2.0,0.0,12.47,2.0,0.125,0
CN1CC(c2ccc(S(C)(=O)=O)cc2)=C(c2ccccc2)O1,315.394,2.8354,4.0,0.0,46.61,3.0,0.1764706,0
CN1CC(c2ccccc2)=C(c2ccc(F)cc2)O1,255.292,3.571,2.0,0.0,12.47,2.0,0.125,0
CNC(=O)Cc1c(C)n(C(=O)c2ccc(Cl)cc2)c2ccc(OC)cc12,370.836,3.58872,3.0,1.0,60.33,4.0,0.2,0
CNS(=O)(=O)c1ccc(-c2ccsc2-c2ccc(F)cc2)cc1,347.436,4.1293,3.0,1.0,46.17,4.0,0.05882353,0
CNS(=O)(=O)c1ccc(-c2oc(C)nc2C2CCCCC2)cc1,334.441,3.60582,4.0,1.0,72.2,4.0,0.47058824,0
CNc1ccc(-c2cc(C(F)(F)F)nn2-c2ccc(S(N)(=O)=O)cc2)cc1,396.394,3.2472,4.0,2.0,90.01,4.0,0.11764706,1
CNc1ccc(-c2cc(C(F)(F)F)nn2-c2ccc(S(N)(=O)=O)cc2)cc1Cl,430.839,3.9006,4.0,2.0,90.01,4.0,0.11764706,1
CNc1ccc(-c2nc(C(F)(F)F)cn2-c2ccc(S(C)(=O)=O)cc2)cc1,395.406,4.0033,4.0,1.0,63.99,4.0,0.16666667,0
CNc1ccc(-c2nc(C(F)(F)F)cn2-c2ccc(S(C)(=O)=O)cc2)cc1Cl,429.851,4.6567,4.0,1.0,63.99,4.0,0.16666667,0
CNc1cccc(-c2nc(C(F)(F)F)cn2-c2ccc(S(C)(=O)=O)cc2)c1,395.406,4.0033,4.0,1.0,63.99,4.0,0.16666667,0
CNc1nnc(-c2cc(C(C)(C)C)c(O)c(C(C)(C)C)c2)s1,319.474,4.5474,5.0,2.0,58.04,2.0,0.5294118,0
COC(=O)C(C)NC(=O)Cc1c(C)n(C(=O)c2ccc(Cl)cc2)c2ccc(OC)cc12,442.899,3.52042,5.0,1.0,86.63,6.0,0.26086956,1
COC(=O)C(C)NC(=O)c1ccccc1Nc1c(Cl)ccc(C)c1Cl,381.259,4.33672,4.0,2.0,67.43,5.0,0.22222222,0
COC(=O)CNC(=O)Cc1c(C)n(C(=O)c2ccc(Cl)cc2)c2ccc(OC)cc12,428.872,3.13192,5.0,1.0,86.63,6.0,0.22727273,0
COC(=O)CNC(=O)c1ccccc1Nc1c(Cl)ccc(C)c1Cl,367.232,3.94822,4.0,2.0,67.43,5.0,0.1764706,0
COC(=O)Cc1c(C)n(C(=O)c2ccc(Cl)cc2)c2ccc(OC)cc12,371.82,4.01572,4.0,0.0,57.53,4.0,0.2,1
COC(=O)Cc1ccc(NC(=O)Cc2c(C)n(C(=O)c3ccc(Cl)cc3)c3ccc(OC)cc23)cc1,504.97,5.19692,5.0,1.0,86.63,7.0,0.17857143,1
COC(=O)c1[nH]c2cc(S(C)(=O)=O)ccc2c1Sc1ccc(F)cc1,379.434,3.6483,5.0,1.0,76.23,4.0,0.11764706,0
COC(=O)c1[nH]c2cc(S(C)(=O)=O)ccc2c1Sc1ccc(F)cc1F,397.424,3.7874,5.0,1.0,76.23,4.0,0.11764706,0
COC(=O)c1cc(-c2ccc(F)cc2)n(-c2ccc(S(N)(=O)=O)cc2)n1,375.381,2.1124,5.0,1.0,104.28,4.0,0.05882353,0
COC(=O)c1cc(-c2ccc(S(N)(=O)=O)cc2)c(-c2ccc(F)cc2)s1,391.445,3.6552,5.0,1.0,86.46,4.0,0.055555556,1
COC(=O)c1cc(/N=C/c2ccc(S(N)(=O)=O)cc2)ccc1O,334.353,1.5768,6.0,2.0,119.05,4.0,0.06666667,0
COC(=O)c1cc2cc(S(C)(=O)=O)ccc2n1C(=O)c1ccc(Cl)cc1,391.832,3.1733,5.0,0.0,82.44,3.0,0.11111111,0
COC(=O)c1cc2cc(S(C)(=O)=O)ccc2n1Cc1ccc(Br)cc1,422.3,3.6422,4.0,0.0,65.37,4.0,0.16666667,0
COC(=O)c1cc2cc(S(C)(=O)=O)ccc2n1Cc1ccc(Cl)cc1,377.849,3.5331,4.0,0.0,65.37,4.0,0.16666667,0
COC(=O)c1cc2cc(S(C)(=O)=O)ccc2n1Cc1ccc(OC)cc1,373.43,2.8883,5.0,0.0,74.6,5.0,0.21052632,0
COC(=O)c1ccc(-c2ccccc2)c(-c2ccc(S(C)(=O)=O)cc2)c1,366.438,4.2107,4.0,0.0,60.44,4.0,0.0952381,0
COC(=O)c1ccc(/C=N/c2ccc(S(N)(=O)=O)cc2)cc1,318.354,1.8712,5.0,1.0,98.82,4.0,0.06666667,0
COC(=O)c1ccc(/N=C/c2ccc(S(N)(=O)=O)cc2)cc1,318.354,1.8712,5.0,1.0,98.82,4.0,0.06666667,0
COC(=O)c1ccccc1Nc1c(Cl)ccc(C)c1Cl,310.18,4.83202,3.0,1.0,38.33,3.0,0.13333334,0
COC(=O)c1nn(-c2ccc(S(N)(=O)=O)cc2)c(-c2ccc(Cl)cc2)c1Cl,426.281,3.2801,5.0,1.0,104.28,4.0,0.05882353,1
COC1(C)OC(=O)C(c2ccc(F)cc2)=C1c1ccc(S(C)(=O)=O)cc1,376.405,3.0594,5.0,0.0,69.67,4.0,0.21052632,1
COC1(c2cc(-c3ccc(S(C)(=O)=O)cc3)n(-c3ccc(C)cc3)n2)CCCO1,412.511,3.86082,5.0,0.0,70.42,5.0,0.3181818,0
COC1(c2cc(F)cc(OCc3cc(-c4ccccc4)n(-c4ccc(C)c(C)c4)n3)c2)CCOCC1,486.587,6.52634,4.0,0.0,45.51,7.0,0.3,0
COC1(c2cc(F)cc(OCc3cc(-c4ccccc4)n(-c4ccc(C)cc4)n3)c2)CCOCC1,472.56,6.21792,4.0,0.0,45.51,7.0,0.27586207,0
COC1(c2cc(F)cc(OCc3cc(-c4ccccc4)n(-c4ccc(Cl)c(Cl)c4)n3)c2)CCOCC1,527.423,7.2163,4.0,0.0,45.51,7.0,0.25,0
COC1(c2cc(F)cc(OCc3cc(-c4ccccc4)n(-c4ccc(Cl)cc4)n3)c2)CCOCC1,492.978,6.5629,4.0,0.0,45.51,7.0,0.25,0
COC1(c2cc(F)cc(OCc3cc(-c4ccccc4)n(-c4ccc(F)cc4)n3)c2)CCOCC1,476.523,6.0486,4.0,0.0,45.51,7.0,0.25,0
COC1(c2cc(F)cc(OCc3cc(-c4ccccc4)n(-c4ccc(OC(F)(F)F)cc4)n3)c2)CCOCC1,542.529,6.8081,5.0,0.0,54.74,8.0,0.27586207,0
COC1(c2cc(F)cc(OCc3cc(-c4ccccc4)n(-c4ccc(S(C)(=O)=O)cc4)n3)c2)CCOCC1,536.625,5.313,6.0,0.0,79.65,8.0,0.27586207,1
COC1(c2cc(F)cc(OCc3cc(-c4ccccc4)n(-c4ccc(S(N)(=O)=O)cc4)n3)c2)CCOCC1,537.613,4.5569,6.0,1.0,105.67,8.0,0.25,1
COC1(c2cc(F)cc(OCc3cc(-c4ccccc4)n(-c4ccccc4)n3)c2)CCOCC1,458.533,5.9095,4.0,0.0,45.51,7.0,0.25,0
COC1=C(c2ccc(S(C)(=O)=O)cc2)C(C)(C)OC1=O,296.344,1.783,5.0,0.0,69.67,3.0,0.35714287,0
COCCCNC(=O)c1ccccc1Nc1c(Cl)ccc(C)c1Cl,367.276,4.81172,3.0,2.0,50.36,7.0,0.2777778,0
COCCNC(=O)c1cc(C(C)(C)C)c2c(c1)C(C)(C)CO2,305.418,3.0303,3.0,1.0,47.56,4.0,0.6111111,1
COCCNC(=O)c1ccccc1Nc1c(Cl)ccc(C)c1Cl,353.249,4.42162,3.0,2.0,50.36,6.0,0.23529412,0
COCCOc1cc(NCc2cccs2)nc(-c2ccc(S(C)(=O)=O)cc2)n1,419.528,3.2459,8.0,1.0,90.41,9.0,0.2631579,1
COC[C@@H](C)NC(=O)Cc1c(C)n(C(=O)c2ccc(Cl)cc2)c2ccc(OC)cc12,428.916,3.99382,4.0,1.0,69.56,7.0,0.3043478,1
COC[C@H](C)NC(=O)Cc1c(C)n(C(=O)c2ccc(Cl)cc2)c2ccc(OC)cc12,428.916,3.99382,4.0,1.0,69.56,7.0,0.3043478,1
COCc1ccc(C2=C(c3ccc(S(C)(=O)=O)cc3)CCC2)cc1,342.46,4.3312,3.0,0.0,43.37,5.0,0.3,0
COCc1cccc(-c2nc(C(F)(F)F)cn2-c2ccc(S(C)(=O)=O)cc2)c1,410.417,4.108,4.0,0.0,61.19,5.0,0.21052632,0
COCc1cn(-c2ccc(S(C)(=O)=O)cc2)c(-c2ccc(Cl)cc2)n1,376.865,3.7426,4.0,0.0,61.19,5.0,0.16666667,0
CON(C)C1=NC(=O)C(=Cc2cc(C(C)(C)C)c(O)c(C(C)(C)C)c2)S1,376.522,4.4507,5.0,1.0,62.13,2.0,0.5,0
CON=C1NC(=O)C(=Cc2cc(C(C)(C)C)c(O)c(C(C)(C)C)c2)S1,362.495,4.1085,5.0,2.0,70.92,2.0,0.47368422,0
CON=C1NC(=O)C(=Cc2cc(C(C)C)c(O)c(C(C)C)c2)S1,334.441,3.7603,5.0,2.0,70.92,4.0,0.4117647,0
CONC(=O)c1ccccc1Nc1c(Cl)ccc(C)c1Cl,325.195,4.33662,3.0,2.0,50.36,4.0,0.13333334,0
COc1c(Br)cc(-c2nc(C(F)(F)F)cn2-c2ccc(S(C)(=O)=O)cc2)cc1Br,554.182,5.4952,4.0,0.0,61.19,4.0,0.16666667,1
COc1c(C(C)(C)C)cc(-c2n[nH]c(=S)s2)cc1C(C)(C)C,336.526,5.47129,4.0,1.0,37.91,2.0,0.5294118,0
COc1c(C(C)(C)C)cc(-c2nnc(SC)s2)cc1C(C)(C)C,350.553,5.5306,5.0,0.0,35.01,3.0,0.5555556,0
COc1c(C(F)(F)F)nn(-c2ccc(S(N)(=O)=O)cc2)c1-c1ccccc1,397.378,3.2141,4.0,1.0,87.21,4.0,0.11764706,1
COc1c(C)c(O)c2c(c1O)C=Cc1cc(O)ccc1O2,286.283,3.39652,5.0,3.0,79.15,1.0,0.125,0
COc1c(C)cc(-c2cc(C(F)(F)F)nn2-c2ccc(S(N)(=O)=O)cc2)cc1Cl,445.85,4.17592,4.0,1.0,87.21,4.0,0.16666667,1
COc1c(C)cc(-c2nc(C(F)(F)F)cn2-c2ccc(S(C)(=O)=O)cc2)cc1C,424.444,4.58704,4.0,0.0,61.19,4.0,0.25,0
COc1c(Cl)cc(-c2c(-c3ccc(S(N)(=O)=O)cc3)ccc(F)c2F)cc1Cl,444.286,5.2616,3.0,1.0,69.39,4.0,0.05263158,1
COc1c(Cl)cc(-c2c(Cl)ncn2-c2ccc(S(C)(=O)=O)cc2)cc1Cl,431.728,4.9116,4.0,0.0,61.19,4.0,0.11764706,1
COc1c(Cl)cc(-c2cc(C(F)F)nn2-c2ccc(S(N)(=O)=O)cc2)cc1Cl,448.278,4.4397,4.0,1.0,87.21,5.0,0.11764706,1
COc1c(Cl)cc(-c2cc(F)c(F)cc2-c2ccc(S(N)(=O)=O)cc2)cc1Cl,444.286,5.2616,3.0,1.0,69.39,4.0,0.05263158,1
COc1c(Cl)cc(-c2nc(C(F)(F)F)cn2-c2ccc(S(C)(=O)=O)cc2)cc1Cl,465.28,5.277,4.0,0.0,61.19,4.0,0.16666667,1
COc1c(Cl)cc(C2=C(c3ccc(S(C)(=O)=O)cc3)CC3(CC3)C2)cc1Cl,423.361,5.8903,3.0,0.0,43.37,4.0,0.33333334,1
COc1c(Cl)cc(C2=C(c3ccc(S(C)(=O)=O)cc3)CCC2)cc1Cl,397.323,5.5002,3.0,0.0,43.37,4.0,0.2631579,1
COc1c(Cl)cc(C2=C(c3ccc(S(N)(=O)=O)cc3)CC3(CC3)C2)cc1Cl,424.349,5.1342,3.0,1.0,69.39,4.0,0.3,1
COc1c(Cl)cc(C2=C(c3ccc(S(N)(=O)=O)cc3)CCC2)cc1Cl,398.311,4.7441,3.0,1.0,69.39,4.0,0.22222222,1
COc1c(F)cc(-c2cc(C(F)F)nn2-c2ccc(S(N)(=O)=O)cc2)cc1F,415.368,3.4111,4.0,1.0,87.21,5.0,0.11764706,0
COc1c(F)cc(-c2nc(C(F)(F)F)cn2-c2ccc(S(C)(=O)=O)cc2)cc1F,432.37,4.2484,4.0,0.0,61.19,4.0,0.16666667,1
COc1c(F)cc(-c2nc(C(F)(F)F)cn2-c2ccc(S(N)(=O)=O)cc2)cc1F,433.358,3.4923,4.0,1.0,87.21,4.0,0.11764706,1
COc1c(O)c(C)c(OC)c2c1CCc1c(O)cccc1O2,302.326,3.31432,5.0,2.0,68.15,2.0,0.29411766,0
COc1c(O)cc(O)c2c(=O)cc(-c3ccccc3)oc12,284.267,2.8798,5.0,2.0,79.9,2.0,0.0625,0
COc1cc(-c2c(Cl)ncn2-c2ccc(S(C)(=O)=O)cc2)ccc1C,376.865,3.91322,4.0,0.0,61.19,4.0,0.16666667,1
COc1cc(-c2c(Cl)ncn2-c2ccc(S(C)(=O)=O)cc2)ccc1F,380.828,3.7439,4.0,0.0,61.19,4.0,0.11764706,1
COc1cc(-c2c(Cl)ncn2-c2ccc(S(N)(=O)=O)cc2)ccc1F,381.816,2.9878,4.0,1.0,87.21,4.0,0.0625,1
COc1cc(-c2nc(C(F)(F)F)cn2-c2ccc(S(C)(=O)=O)cc2)ccc1Cl,430.835,4.6236,4.0,0.0,61.19,4.0,0.16666667,1
COc1cc(-c2nc(C(F)(F)F)cn2-c2ccc(S(N)(=O)=O)cc2)ccc1Cl,431.823,3.8675,4.0,1.0,87.21,4.0,0.11764706,1
COc1cc(/C=N/c2ccc(S(N)(=O)=O)cc2)cc(OC)c1,320.37,2.1018,5.0,1.0,90.98,5.0,0.13333334,0
COc1cc(/C=N/c2ccc(S(N)(=O)=O)cc2)cc(OC)c1OC,350.396,2.1104,6.0,1.0,100.21,6.0,0.1875,0
COc1cc(C)c(-c2nc(C(F)(F)F)cn2-c2ccc(S(C)(=O)=O)cc2)cc1C,424.444,4.58704,4.0,0.0,61.19,4.0,0.25,0
COc1cc(C=CC(=O)CC(=O)C=Cc2ccc(O)c(OC)c2)ccc1O,368.385,3.3699,6.0,2.0,93.06,8.0,0.14285715,0
COc1cc(C=CC(=O)CC(=O)C=Cc2ccc(O)cc2)ccc1O,338.359,3.3613,5.0,2.0,83.83,7.0,0.1,0
COc1cc(C=Cc2cc(C=Cc3ccc(O)c(OC)c3)[nH]n2)ccc1O,364.401,4.1789,5.0,3.0,87.6,6.0,0.0952381,0
COc1cc(C=Cc2cc(C=Cc3ccc(O)c(OC)c3)on2)ccc1O,365.385,4.4438,6.0,2.0,84.95,6.0,0.0952381,0
COc1cc(C=Cc2cc(C=Cc3ccc(O)cc3)[nH]n2)ccc1O,334.375,4.1703,4.0,3.0,78.37,5.0,0.05,0
COc1cc(C=Cc2cc(C=Cc3ccc(O)cc3)on2)ccc1O,335.359,4.4352,5.0,2.0,75.72,5.0,0.05,0
COc1cc(C=Nc2ccc(S(N)(=O)=O)cc2)cc(OC)c1O,336.369,1.8074,6.0,2.0,111.21,5.0,0.13333334,0
COc1cc(C=Nc2ccc(S(N)(=O)=O)cc2)ccc1O,306.343,1.7988,5.0,2.0,101.98,4.0,0.071428575,0
COc1cc(F)cc(-c2nc(C(F)(F)F)cn2-c2ccc(S(C)(=O)=O)cc2)c1,414.38,4.1093,4.0,0.0,61.19,4.0,0.16666667,0
COc1cc(F)cc(-c2nc(C(F)(F)F)cn2-c2ccc(S(N)(=O)=O)cc2)c1,415.368,3.3532,4.0,1.0,87.21,4.0,0.11764706,0
COc1cc(F)cc(OCc2cc(-c3ccccc3)n(-c3ccc(S(C)(=O)=O)cc3)n2)c1,452.507,4.6695,5.0,0.0,70.42,7.0,0.125,1
COc1cc(N=Nc2ccc(S(N)(=O)=O)cc2)ccc1O,307.331,2.4636,6.0,2.0,114.34,4.0,0.07692308,0
COc1cc(NCc2ccccc2)nc(-c2ccc(S(C)(=O)=O)cc2)n1,369.446,3.1678,6.0,1.0,81.18,6.0,0.15789473,1
COc1cc(NCc2cccs2)nc(-c2ccc(S(C)(=O)=O)cc2)n1,375.475,3.2293,7.0,1.0,81.18,6.0,0.1764706,1
COc1cc(OC)cc(-c2ccc(C(C)C(=O)O)cc2F)c1,304.317,3.698,3.0,1.0,55.76,5.0,0.23529412,1
COc1cc(OC)cc(OCc2cc(-c3ccccc3)n(-c3ccc(S(C)(=O)=O)cc3)n2)c1,464.543,4.539,6.0,0.0,79.65,8.0,0.16,0
COc1cc(OCc2cc(-c3ccccc3)n(-c3ccc(S(C)(=O)=O)cc3)n2)cc(OC)c1OC,494.569,4.5476,7.0,0.0,88.88,9.0,0.1923077,1
COc1cc2c(=O)c3c(OC)c(O)ccc3oc2cc1O,288.255,2.3746,6.0,2.0,89.13,2.0,0.13333334,0
COc1cc2c(CC(=O)NCCCO[N+](=O)[O-])c(C)n(C(=O)c3ccc(Cl)cc3)c2cc1Cl,494.331,4.21072,6.0,1.0,112.7,9.0,0.27272728,0
COc1cc2c(CC(=O)O)c(C)n(C(=O)c3ccc(Cl)cc3)c2cc1Cl,392.238,4.58072,3.0,1.0,68.53,4.0,0.15789473,0
COc1cc2c(cc1F)-c1c(c(C(F)(F)F)nn1-c1ccc(S(C)(=O)=O)cc1)SC2,458.458,4.715,5.0,0.0,61.19,3.0,0.21052632,1
COc1cc2c(cc1F)-c1c(c(C(F)(F)F)nn1-c1ccc(S(N)(=O)=O)cc1)SC2,459.446,3.9589,5.0,1.0,87.21,3.0,0.16666667,1
COc1cc2c(cc1F)-c1c(c(C(F)(F)F)nn1-c1ccc(S(N)(=O)=O)cc1)[S+]([O-])C2,475.445,2.9744,5.0,1.0,110.27,3.0,0.16666667,0
COc1cc2c(cc1F)-c1c(c(C(F)F)nn1-c1ccc(S(N)(=O)=O)cc1)SC2,441.456,3.8777,5.0,1.0,87.21,4.0,0.16666667,1
COc1ccc(-c2c(-c3ccc(S(C)(=O)=O)cc3)[nH]c3ccccc23)cc1,377.465,4.914,3.0,1.0,59.16,4.0,0.09090909,1
COc1ccc(-c2c(-c3ccc(S(C)(=O)=O)cc3)ccc(F)c2F)cc1C,388.435,5.01932,3.0,0.0,43.37,4.0,0.14285715,1
COc1ccc(-c2c(-c3ccc(S(C)(=O)=O)cc3)ccc(F)c2F)cc1Cl,408.853,5.3643,3.0,0.0,43.37,4.0,0.1,1
COc1ccc(-c2c(-c3ccc(S(C)(=O)=O)cc3)ccc(F)c2F)cc1F,392.398,4.85,3.0,0.0,43.37,4.0,0.1,1
COc1ccc(-c2c(-c3ccc(S(C)(=O)=O)cc3)ccc(F)c2F)cc1OC,404.434,4.7195,4.0,0.0,52.6,5.0,0.14285715,0
COc1ccc(-c2c(-c3ccc(S(C)(=O)=O)cc3)oc3ccccc23)cc1Cl,412.894,5.8323,4.0,0.0,56.51,4.0,0.09090909,1
COc1ccc(-c2c(-c3ccc(S(C)(=O)=O)cc3)oc3ccccc23)cc1F,396.439,5.318,4.0,0.0,56.51,4.0,0.09090909,1
COc1ccc(-c2c(-c3ccc(S(N)(=O)=O)cc3)ccc(F)c2F)cc1C,389.423,4.26322,3.0,1.0,69.39,4.0,0.1,1
COc1ccc(-c2c(-c3ccc(S(N)(=O)=O)cc3)ccc(F)c2F)cc1Cl,409.841,4.6082,3.0,1.0,69.39,4.0,0.05263158,1
COc1ccc(-c2c(-c3ccc(S(N)(=O)=O)cc3)ccc(F)c2F)cc1F,393.386,4.0939,3.0,1.0,69.39,4.0,0.05263158,1
COc1ccc(-c2c(-c3ccc(S(N)(=O)=O)cc3)ccc(F)c2F)cc1OC,405.422,3.9634,4.0,1.0,78.62,5.0,0.1,1
COc1ccc(-c2c(-c3ccc(S(N)(=O)=O)cc3)oc3ccccc23)cc1Cl,413.882,5.0762,4.0,1.0,82.53,4.0,0.04761905,1
COc1ccc(-c2c(-c3ccc(S(N)(=O)=O)cc3)oc3ccccc23)cc1F,397.427,4.5619,4.0,1.0,82.53,4.0,0.04761905,1
COc1ccc(-c2c(Cl)ncn2-c2ccc(S(C)(=O)=O)cc2)c(F)c1,380.828,3.7439,4.0,0.0,61.19,4.0,0.11764706,1
COc1ccc(-c2c(Cl)ncn2-c2ccc(S(C)(=O)=O)cc2)cc1,362.838,3.6048,4.0,0.0,61.19,4.0,0.11764706,1
COc1ccc(-c2c(Cl)ncn2-c2ccc(S(C)(=O)=O)cc2)cc1C,376.865,3.91322,4.0,0.0,61.19,4.0,0.16666667,1
COc1ccc(-c2c(Cl)ncn2-c2ccc(S(C)(=O)=O)cc2)cc1Cl,397.283,4.2582,4.0,0.0,61.19,4.0,0.11764706,1
COc1ccc(-c2c(Cl)ncn2-c2ccc(S(C)(=O)=O)cc2)cc1F,380.828,3.7439,4.0,0.0,61.19,4.0,0.11764706,1
COc1ccc(-c2c(Cl)ncn2-c2ccc(S(N)(=O)=O)cc2)cc1Cl,398.271,3.5021,4.0,1.0,87.21,4.0,0.0625,1
COc1ccc(-c2c(Cl)ncn2-c2ccc(S(N)(=O)=O)cc2)cc1F,381.816,2.9878,4.0,1.0,87.21,4.0,0.0625,1
COc1ccc(-c2cc(-c3ccc(Cl)cc3)n(-c3ccc(S(N)(=O)=O)cc3)n2)cc1,439.924,4.5157,4.0,1.0,87.21,5.0,0.045454547,1
COc1ccc(-c2cc(-c3ccccc3)c(-c3ccc(S(C)(=O)=O)cc3)c(=O)o2)cc1,432.497,5.0529,5.0,0.0,73.58,5.0,0.08,1
COc1ccc(-c2cc(C(F)(F)F)nn2-c2ccc(Cl)cc2)cc1,352.743,5.2201,2.0,0.0,27.05,3.0,0.11764706,0
COc1ccc(-c2cc(C(F)(F)F)nn2-c2ccc(OC)cc2)cc1,348.324,4.5753,3.0,0.0,36.28,4.0,0.16666667,0
COc1ccc(-c2cc(C(F)(F)F)nn2-c2ccc(S(C)(=O)=O)c(CO)c2)cc1,426.416,3.4625,5.0,1.0,81.42,5.0,0.21052632,0
COc1ccc(-c2cc(C(F)(F)F)nn2-c2ccc(S(N)(=O)=O)c(CNC(C)=O)c2)cc1,468.457,2.8502,5.0,2.0,116.31,6.0,0.2,0
COc1ccc(-c2cc(C(F)(F)F)nn2-c2ccc(S(N)(=O)=O)c(CO)c2)cc1,427.404,2.7064,5.0,2.0,107.44,5.0,0.16666667,0
COc1ccc(-c2cc(C(F)(F)F)nn2-c2ccc(S(N)(=O)=O)c(F)c2)cc1,415.368,3.3532,4.0,1.0,87.21,4.0,0.11764706,0
COc1ccc(-c2cc(C(F)(F)F)nn2-c2ccc(S(N)(=O)=O)cc2)cc1,397.378,3.2141,4.0,1.0,87.21,4.0,0.11764706,1
COc1ccc(-c2cc(C(F)(F)F)nn2-c2ccc(S(N)(=O)=O)cc2)cc1C,411.405,3.52252,4.0,1.0,87.21,4.0,0.16666667,1
COc1ccc(-c2cc(C(F)(F)F)nn2-c2ccc(S(N)(=O)=O)cc2)cc1OC,427.404,3.2227,5.0,1.0,96.44,5.0,0.16666667,0
COc1ccc(-c2cc(C(F)(F)F)nn2-c2ccc(S(N)(=O)=O)cc2F)cc1,415.368,3.3532,4.0,1.0,87.21,4.0,0.11764706,1
COc1ccc(-c2cc(C(F)F)nn2-c2ccc(S(N)(=O)=O)cc2)cc1,379.388,3.1329,4.0,1.0,87.21,5.0,0.11764706,1
COc1ccc(-c2cc(C(F)F)nn2-c2ccc(S(N)(=O)=O)cc2)cc1Cl,413.833,3.7863,4.0,1.0,87.21,5.0,0.11764706,1
COc1ccc(-c2cc(C(F)F)nn2-c2ccc(S(N)(=O)=O)cc2)cc1F,397.378,3.272,4.0,1.0,87.21,5.0,0.11764706,1
COc1ccc(-c2cc(F)c(F)cc2-c2ccc(S(C)(=O)=O)cc2)cc1C,388.435,5.01932,3.0,0.0,43.37,4.0,0.14285715,1
COc1ccc(-c2cc(F)c(F)cc2-c2ccc(S(C)(=O)=O)cc2)cc1Cl,408.853,5.3643,3.0,0.0,43.37,4.0,0.1,1
COc1ccc(-c2cc(F)c(F)cc2-c2ccc(S(C)(=O)=O)cc2)cc1F,392.398,4.85,3.0,0.0,43.37,4.0,0.1,1
COc1ccc(-c2cc(F)c(F)cc2-c2ccc(S(C)(=O)=O)cc2)cc1OC,404.434,4.7195,4.0,0.0,52.6,5.0,0.14285715,0
COc1ccc(-c2cc(F)c(F)cc2-c2ccc(S(N)(=O)=O)cc2)cc1C,389.423,4.26322,3.0,1.0,69.39,4.0,0.1,1
COc1ccc(-c2cc(F)c(F)cc2-c2ccc(S(N)(=O)=O)cc2)cc1Cl,409.841,4.6082,3.0,1.0,69.39,4.0,0.05263158,1
COc1ccc(-c2cc(F)c(F)cc2-c2ccc(S(N)(=O)=O)cc2)cc1F,393.386,4.0939,3.0,1.0,69.39,4.0,0.05263158,1
COc1ccc(-c2cc(F)c(F)cc2-c2ccc(S(N)(=O)=O)cc2)cc1OC,405.422,3.9634,4.0,1.0,78.62,5.0,0.1,1
COc1ccc(-c2ccc(CCC(=O)O)n2-c2ccc(C(C)=O)cc2)cc1,363.413,4.3727,3.0,1.0,68.53,7.0,0.18181819,0
COc1ccc(-c2ccccc2-c2ccc(S(C)(=O)=O)cc2)cc1Cl,372.873,5.0861,3.0,0.0,43.37,4.0,0.1,0
COc1ccc(-c2ccccc2-c2ccc(S(N)(=O)=O)cc2)cc1Cl,373.861,4.33,3.0,1.0,69.39,4.0,0.05263158,1
COc1ccc(-c2ccccc2-c2ccc(S(N)(=O)=O)cc2)cc1F,357.406,3.8157,3.0,1.0,69.39,4.0,0.05263158,1
COc1ccc(-c2cn[se]c2-c2ccc(OC)cc2)cc1,344.272,3.4898,3.0,0.0,31.35,4.0,0.11764706,0
COc1ccc(-c2cscc2-c2ccc(S(C)(=O)=O)cc2)cc1,344.457,4.4942,4.0,0.0,43.37,4.0,0.11111111,0
COc1ccc(-c2cscc2-c2ccc(S(C)(=O)=O)cc2)cc1F,362.447,4.6333,4.0,0.0,43.37,4.0,0.11111111,1
COc1ccc(-c2cscc2-c2ccc(S(N)(=O)=O)cc2)cc1F,363.435,3.8772,4.0,1.0,69.39,4.0,0.05882353,1
COc1ccc(-c2nc(-c3ccc(F)cc3)c(-c3ccc(S(C)(=O)=O)cc3)s2)cc1,439.533,5.6953,5.0,0.0,56.26,5.0,0.08695652,1
COc1ccc(-c2nc(-c3ccccc3Cl)sc2-c2ccc(S(N)(=O)=O)cc2)cc1F,474.966,5.5926,5.0,1.0,82.28,5.0,0.045454547,0
COc1ccc(-c2nc(C(=O)N3CCN(C)CC3)sc2-c2ccc(OC)cc2)cc1,423.538,3.8819,6.0,0.0,54.9,5.0,0.3043478,0
COc1ccc(-c2nc(C(F)(F)F)cn2-c2ccc(S(C)(=O)=O)cc2)cc1,396.39,3.9702,4.0,0.0,61.19,4.0,0.16666667,0
COc1ccc(-c2nc(C(F)(F)F)cn2-c2ccc(S(C)(=O)=O)cc2)cc1Cl,430.835,4.6236,4.0,0.0,61.19,4.0,0.16666667,1
COc1ccc(-c2nc(C(F)(F)F)cn2-c2ccc(S(C)(=O)=O)cc2)cc1F,414.38,4.1093,4.0,0.0,61.19,4.0,0.16666667,1
COc1ccc(-c2nc(C(F)(F)F)cn2-c2ccc(S(C)(=O)=O)cc2)cn1,397.378,3.3652,5.0,0.0,74.08,4.0,0.1764706,0
COc1ccc(-c2nc(C(F)(F)F)cn2-c2ccc(S(N)(=O)=O)cc2)cc1Br,476.274,3.9766,4.0,1.0,87.21,4.0,0.11764706,1
COc1ccc(-c2nc(C(F)(F)F)cn2-c2ccc(S(N)(=O)=O)cc2)cc1Cl,431.823,3.8675,4.0,1.0,87.21,4.0,0.11764706,1
COc1ccc(-c2nc(C(F)(F)F)cn2-c2ccc(S(N)(=O)=O)cc2)cc1F,415.368,3.3532,4.0,1.0,87.21,4.0,0.11764706,1
COc1ccc(-c2nc(C)sc2-c2ccc(S(N)(=O)=O)cc2)cc1F,378.45,3.58062,5.0,1.0,82.28,4.0,0.11764706,1
COc1ccc(-c2nc(NCc3ccccc3)sc2-c2ccc(S(N)(=O)=O)cc2)cc1F,469.563,4.8843,6.0,2.0,94.31,7.0,0.08695652,1
COc1ccc(-c2nn(-c3ccccc3)c3c2CCCCC3)cc1,318.42,4.8168,2.0,0.0,27.05,3.0,0.2857143,0
COc1ccc(-c2noc(CC(=O)O)c2-c2ccc(OC)cc2)cc1,339.347,3.6529,5.0,1.0,81.79,6.0,0.15789473,0
COc1ccc(-c2sccc2-c2ccc(S(C)(=O)=O)cc2)cc1,344.457,4.4942,4.0,0.0,43.37,4.0,0.11111111,0
COc1ccc(-n2c(-c3ccc(S(N)(=O)=O)cc3)coc2=O)cc1,346.364,1.7535,5.0,1.0,104.53,4.0,0.0625,1
COc1ccc(-n2c(-c3ccc(S(N)(=O)=O)cc3)coc2=O)cc1Cl,380.809,2.4069,5.0,1.0,104.53,4.0,0.0625,0
COc1ccc(-n2c(-c3ccc(S(N)(=O)=O)cc3)coc2=O)cc1F,364.354,1.8926,5.0,1.0,104.53,4.0,0.0625,0
COc1ccc(-n2nc(-c3ccc(Cl)cc3)c3c2CCC(F)C3)cc1,356.828,5.0281,2.0,0.0,27.05,3.0,0.25,0
COc1ccc(-n2nc(-c3ccc(Cl)cc3)c3c2CCC(N(O)C(C)=O)C3)cc1,411.889,4.2963,4.0,1.0,67.59,4.0,0.27272728,0
COc1ccc(-n2nc(-c3ccc(Cl)cc3)c3c2CCC(O)C3)cc1,354.837,4.0509,3.0,1.0,47.28,3.0,0.25,0
COc1ccc(-n2nc(-c3ccc(Cl)cc3)c3c2CCCCC3)cc1,352.865,5.4702,2.0,0.0,27.05,3.0,0.2857143,0
COc1ccc(-n2nc(C(=O)CCCO[N+](=O)[O-])cc2-c2ccc(S(C)(=O)=O)cc2)cc1,459.48,3.1226,8.0,0.0,130.63,10.0,0.23809524,0
COc1ccc(-n2nc(C(F)(F)F)cc2-c2ccc(Cl)cc2)cc1,352.743,5.2201,2.0,0.0,27.05,3.0,0.11764706,0
COc1ccc(-n2nc(C(F)(F)F)cc2-c2ccc(N)cc2)cc1,333.313,4.1489,3.0,1.0,53.07,3.0,0.11764706,1
COc1ccc(-n2nc(C(F)(F)F)cc2-c2ccc(NS(C)(=O)=O)cc2)cc1,411.405,3.9382,4.0,1.0,73.22,5.0,0.16666667,0
COc1ccc(-n2nc(C(F)(F)F)cc2-c2ccc(S(N)(=O)=O)cc2)cc1,397.378,3.2141,4.0,1.0,87.21,4.0,0.11764706,1
COc1ccc(-n2nc(COc3cc(F)cc(C4(OC)CCOCC4)c3)cc2-c2ccccc2)cc1,488.559,5.9181,5.0,0.0,54.74,8.0,0.27586207,1
COc1ccc(/C=N/c2ccc(S(N)(=O)=O)cc2)cc1,290.344,2.0932,4.0,1.0,81.75,4.0,0.071428575,0
COc1ccc(/C=N/c2ccc(S(N)(=O)=O)cc2)cc1O,306.343,1.7988,5.0,2.0,101.98,4.0,0.071428575,0
COc1ccc(/C=N/c2ccc(S(N)(=O)=O)cc2)cc1OC,320.37,2.1018,5.0,1.0,90.98,5.0,0.13333334,0
COc1ccc(/N=C/c2ccc(S(N)(=O)=O)cc2)cc1,290.344,2.0932,4.0,1.0,81.75,4.0,0.071428575,0
COc1ccc(/N=C/c2ccc(S(N)(=O)=O)cc2)cc1OC,320.37,2.1018,5.0,1.0,90.98,5.0,0.13333334,0
COc1ccc(/N=N/c2ccc(S(N)(=O)=O)cc2)cc1,291.332,2.758,5.0,1.0,94.11,4.0,0.07692308,0
COc1ccc(/N=N/c2ccc(S(N)(=O)=O)cc2)cc1OC,321.358,2.7666,6.0,1.0,103.34,5.0,0.14285715,0
COc1ccc(C(=O)NNc2ccc(Cl)cc2)cc1,276.723,3.1055,3.0,2.0,50.36,4.0,0.071428575,0
COc1ccc(C(=O)c2c(C)[nH]c3cc(S(C)(=O)=O)ccc23)cc1,343.404,3.11942,4.0,1.0,76.23,4.0,0.16666667,0
COc1ccc(C(=O)c2ccccc2)cc1C(C)C(=O)O,284.311,3.1143,3.0,1.0,63.6,5.0,0.1764706,0
COc1ccc(C2=C(c3ccc(S(C)(=O)=O)cc3)CC3(CC3)C2)cc1,354.471,4.5835,3.0,0.0,43.37,4.0,0.33333334,1
COc1ccc(C2=C(c3ccc(S(C)(=O)=O)cc3)CC3(CC3)C2)cc1Br,433.367,5.346,3.0,0.0,43.37,4.0,0.33333334,1
COc1ccc(C2=C(c3ccc(S(C)(=O)=O)cc3)CC3(CC3)C2)cc1Cl,388.916,5.2369,3.0,0.0,43.37,4.0,0.33333334,1
COc1ccc(C2=C(c3ccc(S(C)(=O)=O)cc3)CC3(CC3)C2)cc1F,372.461,4.7226,3.0,0.0,43.37,4.0,0.33333334,1
COc1ccc(C2=C(c3ccc(S(C)(=O)=O)cc3)CCC2)cc1,328.433,4.1934,3.0,0.0,43.37,4.0,0.2631579,1
COc1ccc(C2=C(c3ccc(S(C)(=O)=O)cc3)CCC2)cc1Cl,362.878,4.8468,3.0,0.0,43.37,4.0,0.2631579,1
COc1ccc(C2=C(c3ccc(S(C)(=O)=O)cc3)CCC2)cc1F,346.423,4.3325,3.0,0.0,43.37,4.0,0.2631579,1
COc1ccc(C2=C(c3ccc(S(C)(=O)=O)cc3)CN(c3ccc(F)cc3)C2=O)cc1,437.492,4.1954,4.0,0.0,63.68,5.0,0.125,1
COc1ccc(C2=C(c3ccc(S(C)(=O)=O)cc3)CN(c3cccc(F)c3)C2=O)cc1,437.492,4.1954,4.0,0.0,63.68,5.0,0.125,1
COc1ccc(C2=C(c3ccc(S(C)(=O)=O)cc3)CN(c3ccccc3)C2=O)cc1,419.502,4.0563,4.0,0.0,63.68,5.0,0.125,0
COc1ccc(C2=C(c3ccc(S(C)(=O)=O)cc3)CN(c3ccccc3Cl)C2=O)cc1,453.947,4.7097,4.0,0.0,63.68,5.0,0.125,1
COc1ccc(C2=C(c3ccc(S(N)(=O)=O)cc3)CC3(CC3)C2)cc1,355.459,3.8274,3.0,1.0,69.39,4.0,0.3,1
COc1ccc(C2=C(c3ccc(S(N)(=O)=O)cc3)CC3(CC3)C2)cc1Br,434.355,4.5899,3.0,1.0,69.39,4.0,0.3,1
COc1ccc(C2=C(c3ccc(S(N)(=O)=O)cc3)CC3(CC3)C2)cc1Cl,389.904,4.4808,3.0,1.0,69.39,4.0,0.3,1
COc1ccc(C2=C(c3ccc(S(N)(=O)=O)cc3)CC3(CC3)C2)cc1F,373.449,3.9665,3.0,1.0,69.39,4.0,0.3,1
COc1ccc(C2=C(c3ccc(S(N)(=O)=O)cc3)CCC2)cc1,329.421,3.4373,3.0,1.0,69.39,4.0,0.22222222,1
COc1ccc(C2=C(c3ccc(S(N)(=O)=O)cc3)CCC2)cc1Cl,363.866,4.0907,3.0,1.0,69.39,4.0,0.22222222,1
COc1ccc(C2=C(c3ccc(S(N)(=O)=O)cc3)CCC2)cc1F,347.411,3.5764,3.0,1.0,69.39,4.0,0.22222222,1
COc1ccc(C2=CC3(C=C2c2ccc(S(C)(=O)=O)cc2)CC3)cc1Cl,386.9,5.0129,3.0,0.0,43.37,4.0,0.23809524,1
COc1ccc(C2=Cc3ccccc3C2)c(OC)c1OC,282.339,3.8091,3.0,0.0,27.69,4.0,0.22222222,0
COc1ccc(C2=Cc3ccccc3CC2)c(OC)c1OC,296.366,4.1992,3.0,0.0,27.69,4.0,0.2631579,0
COc1ccc(C2SCC(=O)N2CCN2C(=O)CSC2c2ccc(OC)cc2)cc1,444.578,3.552,6.0,0.0,59.08,7.0,0.36363637,0
COc1ccc(CNc2cc(C(F)(F)F)nc(-c3ccc(S(C)(=O)=O)cc3)n2)cc1,437.443,4.1866,6.0,1.0,81.18,6.0,0.2,1
COc1ccc(Cc2c(C)[nH]c3cc(S(C)(=O)=O)ccc23)cc1,329.421,3.47922,3.0,1.0,59.16,4.0,0.22222222,0
COc1ccc(N2C(=O)CSC2c2ccc(S(C)(=O)=O)cc2)cc1,363.46,2.8773,5.0,0.0,63.68,4.0,0.23529412,1
COc1ccc(N2CC(c3ccc(S(C)(=O)=O)cc3)=C(c3ccc(F)cc3)C2=O)cc1,437.492,4.1954,4.0,0.0,63.68,5.0,0.125,0
COc1ccc(NC(=O)Cc2c(C)n(C(=O)c3ccc(Cl)cc3)c3ccc(OC)cc23)cc1,462.933,5.49002,4.0,1.0,69.56,6.0,0.15384616,1
COc1ccc(NNC(=O)c2ccc(Cl)cc2)cc1,276.723,3.1055,3.0,2.0,50.36,4.0,0.071428575,1
COc1ccc(NNC(=O)c2ccccc2)cc1,242.278,2.4521,3.0,2.0,50.36,4.0,0.071428575,1
COc1ccc(Nc2c(-c3ccc(S(C)(=O)=O)cc3)nc3ccccn23)cc1,393.468,4.157,5.0,1.0,72.7,5.0,0.0952381,0
COc1ccc(OC(=O)Cc2c(C)n(C(=O)c3ccc(Cl)cc3)c3ccc(OC)cc23)cc1,463.917,5.45692,5.0,0.0,66.76,6.0,0.15384616,1
COc1ccc(OCc2cc(-c3ccccc3)n(-c3ccc(S(C)(=O)=O)cc3)n2)cc1OC,464.543,4.539,6.0,0.0,79.65,8.0,0.16,0
COc1ccc(Oc2c(-c3ccc(S(C)(=O)=O)cc3)oc(C)cc2=O)c(Cl)c1,420.87,4.47302,6.0,0.0,82.81,5.0,0.15,1
COc1ccc(Oc2c(C)[nH]c3cc(S(C)(=O)=O)ccc23)cc1,331.393,3.68072,4.0,1.0,68.39,4.0,0.1764706,0
COc1ccc(Oc2c(C)[nH]c3cccc(S(C)(=O)=O)c23)cc1,331.393,3.68072,4.0,1.0,68.39,4.0,0.1764706,0
COc1ccc(Oc2cnccc2NS(=O)(=O)C(F)(F)F)cc1,348.302,3.144,5.0,1.0,77.52,5.0,0.15384616,0
COc1ccc(Oc2cnccc2NS(C)(=O)=O)cc1,294.332,2.254,5.0,1.0,77.52,5.0,0.15384616,0
COc1ccc(Sc2c(C#N)[nH]c3cc(S(C)(=O)=O)ccc23)c(Cl)c1,392.889,4.25628,5.0,1.0,82.95,4.0,0.11764706,0
COc1ccc(Sc2c(C)[nH]c3cc(S(C)(=O)=O)ccc23)cc1,347.461,4.03962,4.0,1.0,59.16,4.0,0.1764706,0
COc1ccc(Sc2cc3c(cc2NS(C)(=O)=O)CCC3=O)cc1,363.46,3.3468,5.0,1.0,72.47,5.0,0.23529412,1
COc1ccc2c(-c3ccc(S(C)(=O)=O)cc3)c(-c3ccc(C)cc3)nn2n1,393.468,3.78382,5.0,0.0,73.56,4.0,0.14285715,1
COc1ccc2c(-c3ccc(S(C)(=O)=O)cc3)c(-c3ccc(F)cc3)nn2n1,397.431,3.6145,5.0,0.0,73.56,4.0,0.1,1
COc1ccc2c(-c3ccc(S(N)(=O)=O)cc3)c(-c3ccc(F)cc3)nn2n1,398.419,2.8584,5.0,1.0,99.58,4.0,0.05263158,1
COc1ccc2c(c1)CCC(c1ccc(OC)c(OC)c1)=C2,296.366,4.1992,3.0,0.0,27.69,4.0,0.2631579,1
COc1ccc2c(c1)CSc1c(C(F)(F)F)nn(-c3ccc(S(N)(=O)=O)cc3)c1-2,441.456,3.8198,5.0,1.0,87.21,3.0,0.16666667,1
COc1ccc2c(c1)c(CC(=O)N(C)C)c(C)n2C(=O)c1ccc(Cl)cc1,384.863,3.93092,3.0,0.0,51.54,4.0,0.23809524,0
COc1ccc2c(c1)c(CC(=O)NC(C)(C)CO)c(C)n2C(=O)c1ccc(Cl)cc1,428.916,3.72982,4.0,2.0,80.56,6.0,0.3043478,1
COc1ccc2c(c1)c(CC(=O)NCC(C)(C)CO[N+](=O)[O-])c(C)n2C(=O)c1ccc(Cl)cc1,487.94,4.19342,6.0,1.0,112.7,9.0,0.33333334,0
COc1ccc2c(c1)c(CC(=O)NCCCCCCO)c(C)n2C(=O)c1ccc(Cl)cc1,456.97,4.51162,4.0,2.0,80.56,10.0,0.36,1
COc1ccc2c(c1)c(CC(=O)NCCCCCO)c(C)n2C(=O)c1ccc(Cl)cc1,442.943,4.12152,4.0,2.0,80.56,9.0,0.33333334,1
COc1ccc2c(c1)c(CC(=O)NCCCCO)c(C)n2C(=O)c1ccc(Cl)cc1,428.916,3.73142,4.0,2.0,80.56,8.0,0.3043478,0
COc1ccc2c(c1)c(CC(=O)NCCCCl)c(C)n2C(=O)c1ccc(Cl)cc1,433.335,4.58782,3.0,1.0,60.33,7.0,0.27272728,1
COc1ccc2c(c1)c(CC(=O)NCCCO)c(C)n2C(=O)c1ccc(Cl)cc1,414.889,3.34132,4.0,2.0,80.56,7.0,0.27272728,0
COc1ccc2c(c1)c(CC(=O)NCCCO[N+](=O)[O-])c(C)n2C(=O)c1ccc(Cl)cc1,459.886,3.55732,6.0,1.0,112.7,9.0,0.27272728,0
COc1ccc2c(c1)c(CC(=O)NCCO)c(C)n2C(=O)c1ccc(Cl)cc1,400.862,2.95122,4.0,2.0,80.56,6.0,0.23809524,1
COc1ccc2c(c1)c(CC(=O)NCCOC(=O)/C=C/c1ccc(N(C)C)cc1)c(C)n2C(=O)c1ccc(Cl)cc1,574.077,5.28152,6.0,1.0,89.87,10.0,0.21875,1
COc1ccc2c(c1)c(CC(=O)NCCc1ccccc1)c(C)n2C(=O)c1ccc(Cl)cc1,460.961,5.20162,3.0,1.0,60.33,7.0,0.18518518,1
COc1ccc2c(c1)c(CC(=O)NC[C@@H](C)O)c(C)n2C(=O)c1ccc(Cl)cc1,414.889,3.33972,4.0,2.0,80.56,6.0,0.27272728,0
COc1ccc2c(c1)c(CC(=O)NC[C@@H](O)c1ccccc1)c(C)n2C(=O)c1ccc(Cl)cc1,476.96,4.69252,4.0,2.0,80.56,7.0,0.18518518,1
COc1ccc2c(c1)c(CC(=O)NC[C@H](C)O)c(C)n2C(=O)c1ccc(Cl)cc1,414.889,3.33972,4.0,2.0,80.56,6.0,0.27272728,1
COc1ccc2c(c1)c(CC(=O)NC[C@H](O)c1ccccc1)c(C)n2C(=O)c1ccc(Cl)cc1,476.96,4.69252,4.0,2.0,80.56,7.0,0.18518518,1
COc1ccc2c(c1)c(CC(=O)NCc1ccc(C(C)=O)cc1)c(C)n2C(=O)c1ccc(Cl)cc1,488.971,5.36172,4.0,1.0,77.4,7.0,0.17857143,1
COc1ccc2c(c1)c(CC(=O)NCc1ccc(C)cc1)c(C)n2C(=O)c1ccc(Cl)cc1,460.961,5.46754,3.0,1.0,60.33,6.0,0.18518518,1
COc1ccc2c(c1)c(CC(=O)NCc1ccccc1C)c(C)n2C(=O)c1ccc(Cl)cc1,460.961,5.46754,3.0,1.0,60.33,6.0,0.18518518,1
COc1ccc2c(c1)c(CC(=O)NN1CCC[C@@H]1CO)c(C)n2C(=O)c1ccc(Cl)cc1,455.942,3.33062,5.0,2.0,83.8,6.0,0.33333334,0
COc1ccc2c(c1)c(CC(=O)NN1CCC[C@H]1CO)c(C)n2C(=O)c1ccc(Cl)cc1,455.942,3.33062,5.0,2.0,83.8,6.0,0.33333334,0
COc1ccc2c(c1)c(CC(=O)NNCc1ccccc1)c(C)n2C(=O)c1ccc(Cl)cc1,461.949,4.66372,4.0,2.0,72.36,7.0,0.15384616,0
COc1ccc2c(c1)c(CC(=O)NOCCCO)c(C)n2C(=O)c1ccc(Cl)cc1,430.888,3.27292,5.0,2.0,89.79,8.0,0.27272728,0
COc1ccc2c(c1)c(CC(=O)NOCc1ccc([N+](=O)[O-])cc1)c(C)n2C(=O)c1ccc(Cl)cc1,507.93,4.99892,6.0,1.0,112.7,8.0,0.15384616,1
COc1ccc2c(c1)c(CC(=O)NOCc1ccccc1)c(C)n2C(=O)c1ccc(Cl)cc1,462.933,5.09072,4.0,1.0,69.56,7.0,0.15384616,1
COc1ccc2c(c1)c(CC(=O)N[C@@H](C)CO)c(C)n2C(=O)c1ccc(Cl)cc1,414.889,3.33972,4.0,2.0,80.56,6.0,0.27272728,1
COc1ccc2c(c1)c(CC(=O)N[C@@H](C)c1ccc(C)cc1)c(C)n2C(=O)c1ccc(Cl)cc1,474.988,6.02854,3.0,1.0,60.33,6.0,0.21428572,1
COc1ccc2c(c1)c(CC(=O)N[C@@H](CO)C(C)C)c(C)n2C(=O)c1ccc(Cl)cc1,442.943,3.97582,4.0,2.0,80.56,7.0,0.33333334,1
COc1ccc2c(c1)c(CC(=O)N[C@@H](CO)CC(C)C)c(C)n2C(=O)c1ccc(Cl)cc1,456.97,4.36592,4.0,2.0,80.56,8.0,0.36,0
COc1ccc2c(c1)c(CC(=O)N[C@@H](CO)CCSC)c(C)n2C(=O)c1ccc(Cl)cc1,475.01,4.07292,5.0,2.0,80.56,9.0,0.33333334,1
COc1ccc2c(c1)c(CC(=O)N[C@@H](CO)Cc1ccccc1)c(C)n2C(=O)c1ccc(Cl)cc1,490.987,4.56252,4.0,2.0,80.56,8.0,0.21428572,1
COc1ccc2c(c1)c(CC(=O)N[C@@H](CO)c1ccccc1)c(C)n2C(=O)c1ccc(Cl)cc1,476.96,4.69252,4.0,2.0,80.56,7.0,0.18518518,0
COc1ccc2c(c1)c(CC(=O)N[C@H](C)CO)c(C)n2C(=O)c1ccc(Cl)cc1,414.889,3.33972,4.0,2.0,80.56,6.0,0.27272728,1
COc1ccc2c(c1)c(CC(=O)N[C@H](C)c1ccc(C)cc1)c(C)n2C(=O)c1ccc(Cl)cc1,474.988,6.02854,3.0,1.0,60.33,6.0,0.21428572,1
COc1ccc2c(c1)c(CC(=O)N[C@H](CO)C(C)C)c(C)n2C(=O)c1ccc(Cl)cc1,442.943,3.97582,4.0,2.0,80.56,7.0,0.33333334,0
COc1ccc2c(c1)c(CC(=O)N[C@H](CO)CC(C)C)c(C)n2C(=O)c1ccc(Cl)cc1,456.97,4.36592,4.0,2.0,80.56,8.0,0.36,1
COc1ccc2c(c1)c(CC(=O)N[C@H](CO)CCSC)c(C)n2C(=O)c1ccc(Cl)cc1,475.01,4.07292,5.0,2.0,80.56,9.0,0.33333334,0
COc1ccc2c(c1)c(CC(=O)N[C@H](CO)Cc1ccccc1)c(C)n2C(=O)c1ccc(Cl)cc1,490.987,4.56252,4.0,2.0,80.56,8.0,0.21428572,1
COc1ccc2c(c1)c(CC(=O)N[C@H](CO)c1ccccc1)c(C)n2C(=O)c1ccc(Cl)cc1,476.96,4.69252,4.0,2.0,80.56,7.0,0.18518518,1
COc1ccc2c(c1)c(CC(=O)Nc1cc(C)c(C(=O)Nc3ccccc3)cc1OC)c(C)n2C(=O)c1ccc(Cl)cc1,596.083,7.05074,5.0,2.0,98.66,8.0,0.14705883,0
COc1ccc2c(c1)c(CC(=O)Nc1ccc(-c3ccccc3)cc1)c(C)n2C(=O)c1ccc(Cl)cc1,509.005,7.14842,3.0,1.0,60.33,6.0,0.09677419,0
COc1ccc2c(c1)c(CC(=O)Nc1ccc(C(N)=O)cc1)c(C)n2C(=O)c1ccc(Cl)cc1,475.932,4.58032,4.0,2.0,103.42,6.0,0.115384616,1
COc1ccc2c(c1)c(CC(=O)Nc1ccc(Cl)cc1)c(C)n2C(=O)c1ccc(Cl)cc1,467.352,6.13482,3.0,1.0,60.33,5.0,0.12,1
COc1ccc2c(c1)c(CC(=O)Nc1ccc(F)cc1)c(C)n2C(=O)c1ccc(Cl)cc1,450.897,5.62052,3.0,1.0,60.33,5.0,0.12,1
COc1ccc2c(c1)c(CC(=O)Nc1ccc(NC(C)=O)cc1)c(C)n2C(=O)c1ccc(Cl)cc1,489.959,5.43982,4.0,2.0,89.43,6.0,0.14814815,1
COc1ccc2c(c1)c(CC(=O)Nc1ccc(SC)cc1)c(C)n2C(=O)c1ccc(Cl)cc1,479.001,6.20332,4.0,1.0,60.33,6.0,0.15384616,1
COc1ccc2c(c1)c(CC(=O)Nc1cccc(SC)c1)c(C)n2C(=O)c1ccc(Cl)cc1,479.001,6.20332,4.0,1.0,60.33,6.0,0.15384616,1
COc1ccc2c(c1)c(CC(=O)Nc1cccnc1)c(C)n2C(=O)c1ccc(Cl)cc1,433.895,4.87642,4.0,1.0,73.22,5.0,0.125,1
COc1ccc2c(c1)c(CC(=O)Nc1cccnc1Cl)c(C)n2C(=O)c1ccc(Cl)cc1,468.34,5.52982,4.0,1.0,73.22,5.0,0.125,1
COc1ccc2c(c1)c(CC(=O)Nc1cncc(Cl)c1)c(C)n2C(=O)c1ccc(Cl)cc1,468.34,5.52982,4.0,1.0,73.22,5.0,0.125,1
COc1ccc2c(c1)c(CC(=O)Nc1cnccn1)c(C)n2C(=O)c1ccc(Cl)cc1,434.883,4.27142,5.0,1.0,86.11,5.0,0.13043478,0
COc1ccc2c(c1)c(CC(=O)Nc1ncc(C)s1)c(C)n2C(=O)c1ccc(Cl)cc1,453.951,5.24634,5.0,1.0,73.22,5.0,0.17391305,0
COc1ccc2c(c1)c(CC(=O)O)c(C)n2C(=O)c1ccc(Cl)cc1,357.793,3.92732,3.0,1.0,68.53,4.0,0.15789473,0
COc1ccc2c(c1)c(CC(=O)O)c(C)n2Cc1ccc(Br)cc1,388.261,4.39622,2.0,1.0,51.46,5.0,0.21052632,0
COc1ccc2c(c1)c(CC(=O)OC(C)C)c(C)n2C(=O)c1ccc(Cl)cc1,399.874,4.79432,4.0,0.0,57.53,5.0,0.27272728,1
COc1ccc2c(c1)c(CC(=O)OC1CCCCC1)c(C)n2C(=O)c1ccc(Cl)cc1,439.939,5.71862,4.0,0.0,57.53,5.0,0.36,1
COc1ccc2c(c1)c(CC(=O)OCCC1CCCCC1)c(C)n2C(=O)c1ccc(Cl)cc1,467.993,6.35632,4.0,0.0,57.53,7.0,0.4074074,0
COc1ccc2c(c1)c(CC(=O)OCCN1CCOCC1)c(C)n2C(=O)c1ccc(Cl)cc1,470.953,3.71812,6.0,0.0,70.0,7.0,0.36,0
COc1ccc2c(c1)c(CC(=O)OCCNC(=O)OC(C)(C)C)c(C)n2C(=O)c1ccc(Cl)cc1,500.979,4.91062,6.0,1.0,95.86,7.0,0.34615386,1
COc1ccc2c(c1)c(CC(=O)OCCc1ccccc1)c(C)n2C(=O)c1ccc(Cl)cc1,461.945,5.62862,4.0,0.0,57.53,7.0,0.18518518,1
COc1ccc2c(c1)c(CC(=O)Oc1ccc(F)cc1)c(C)n2C(=O)c1ccc(Cl)cc1,451.881,5.58742,4.0,0.0,57.53,5.0,0.12,1
COc1ccc2c(c1)c(CC(=O)Oc1ccc(NC(C)=O)cc1)c(C)n2C(=O)c1ccc(Cl)cc1,490.943,5.40672,5.0,1.0,86.63,6.0,0.14814815,1
COc1ccc2c(c1)c(CC(=O)Oc1ccc(SC)cc1)c(C)n2C(=O)c1ccc(Cl)cc1,479.985,6.17022,5.0,0.0,57.53,6.0,0.15384616,1
COc1ccc2c(c1)c(CC(=O)Oc1cccc3ccccc13)c(C)n2C(=O)c1ccc(Cl)cc1,483.951,6.60152,4.0,0.0,57.53,5.0,0.10344828,0
COc1ccc2c(c1)c(CC(=O)Oc1ccccc1)c(C)n2C(=O)c1ccc(Cl)cc1,433.891,5.44832,4.0,0.0,57.53,5.0,0.12,0
COc1ccc2c(c1)c(CC(=O)Oc1ccccc1SC)c(C)n2C(=O)c1ccc(Cl)cc1,479.985,6.17022,5.0,0.0,57.53,6.0,0.15384616,1
COc1ccc2c(c1)c(CC(=O)Oc1cccnc1)c(C)n2C(=O)c1ccc(Cl)cc1,434.879,4.84332,5.0,0.0,70.42,5.0,0.125,1
COc1ccc2c(c1)c(CC(N)=O)c(C)n2C(=O)c1ccc(Cl)cc1,356.809,3.32802,3.0,1.0,74.32,4.0,0.15789473,0
COc1ccc2c(c1)c(CCNC(=O)NCCCO[N+](=O)[O-])c(C)n2C(=O)c1ccc(Cl)cc1,488.928,3.74032,6.0,2.0,124.73,10.0,0.3043478,0
COc1ccc2c(c1)c(CCNC(=O)c1ccc(Cl)cc1)c(C)n2Cc1ccc(Br)cc1,511.847,6.39502,2.0,1.0,43.26,7.0,0.1923077,1
COc1ccc2c(c1)c(CCNC(=O)c1ccc(O[N+](=O)[O-])cc1)c(C)n2C(=O)c1ccc(Cl)cc1,507.93,4.84322,6.0,1.0,112.7,8.0,0.15384616,0
COc1ccc2c(c1)c(CCNS(=O)(=O)CCCO)c(C)n2C(=O)c1ccc(Cl)cc1,464.971,3.14452,5.0,2.0,97.63,9.0,0.3181818,0
COc1ccc2c(c1)c(CCNS(=O)(=O)CCCO[N+](=O)[O-])c(C)n2C(=O)c1ccc(Cl)cc1,509.968,3.36052,7.0,1.0,129.77,11.0,0.3181818,0
COc1ccc2c(c1)c(CCOC(=O)c1ccc(Cl)cc1)c(C)n2Cc1ccc(Br)cc1,512.831,6.82202,3.0,0.0,40.46,7.0,0.1923077,1
COc1ccc2c(c1)c(Cc1csc(N)n1)c(C)n2C(=O)c1ccc(Cl)cc1,411.914,4.92972,5.0,1.0,70.14,4.0,0.14285715,0
COc1ccc2c(c1)c(Cc1nc(-c3ccc(Br)cc3)cs1)c(C)n2C(=O)c1ccc(Br)cc1,596.344,7.88612,4.0,0.0,44.12,5.0,0.11111111,1
COc1ccc2c(c1)c(Cc1nc(-c3ccc(Br)cc3)cs1)c(C)n2C(=O)c1ccc(Cl)cc1,551.893,7.77702,4.0,0.0,44.12,5.0,0.11111111,1
COc1ccc2c(c1)c(Cc1nc(-c3ccc(C(=O)O)cc3)cs1)c(C)n2C(=O)c1ccc(Cl)cc1,517.006,6.71272,5.0,1.0,81.42,6.0,0.10714286,1
COc1ccc2c(c1)c(Cc1nc(-c3ccc(Cl)cc3)cs1)c(C)n2C(=O)c1ccc(Br)cc1,551.893,7.77702,4.0,0.0,44.12,5.0,0.11111111,1
COc1ccc2c(c1)c(Cc1nc(-c3ccc(Cl)cc3)cs1)c(C)n2C(=O)c1ccc(Cl)cc1,507.442,7.66792,4.0,0.0,44.12,5.0,0.11111111,1
COc1ccc2c(c1)c(Cc1nc(-c3ccc(F)cc3)cs1)c(C)n2C(=O)c1ccc(Cl)cc1,490.987,7.15362,4.0,0.0,44.12,5.0,0.11111111,1
COc1ccc2c(c1)c(Cc1nc(-c3ccc([N+](=O)[O-])cc3)cs1)c(C)n2C(=O)c1ccc(Br)cc1,562.445,7.03182,6.0,0.0,87.26,6.0,0.11111111,1
COc1ccc2c(c1)c(Cc1nc(-c3ccc([N+](=O)[O-])cc3)cs1)c(C)n2C(=O)c1ccc(Cl)cc1,517.994,6.92272,6.0,0.0,87.26,6.0,0.11111111,1
COc1ccc2c(c1)c(Cc1nc(-c3ccc4ccccc4c3)cs1)c(C)n2C(=O)c1ccc(Cl)cc1,523.057,8.16772,4.0,0.0,44.12,5.0,0.09677419,1
COc1ccc2c(c1)c(Cc1nc(-c3cccc(Br)c3)cs1)c(C)n2C(=O)c1ccc(Cl)cc1,551.893,7.77702,4.0,0.0,44.12,5.0,0.11111111,1
COc1ccc2c(c1)c(Cc1nc(-c3csc4ccccc34)cs1)c(C)n2C(=O)c1ccc(Cl)cc1,529.086,8.22922,5.0,0.0,44.12,5.0,0.10344828,1
COc1ccc2c(c1F)CSc1c(C(F)(F)F)nn(-c3ccc(S(C)(=O)=O)cc3)c1-2,458.458,4.715,5.0,0.0,61.19,3.0,0.21052632,1
COc1ccc2c(c1F)CSc1c(C(F)(F)F)nn(-c3ccc(S(N)(=O)=O)cc3)c1-2,459.446,3.9589,5.0,1.0,87.21,3.0,0.16666667,1
COc1ccc2c(c1F)CSc1c(C(F)F)nn(-c3ccc(S(N)(=O)=O)cc3)c1-2,441.456,3.8777,5.0,1.0,87.21,4.0,0.16666667,1
COc1ccc2c(c1F)C[S+]([O-])c1c(C(F)(F)F)nn(-c3ccc(S(N)(=O)=O)cc3)c1-2,475.445,2.9744,5.0,1.0,110.27,3.0,0.16666667,0
COc1ccc2cc(-c3ccccc3-c3ccc(S(C)(=O)=O)cc3)ccc2c1,388.488,5.5859,3.0,0.0,43.37,4.0,0.083333336,0
COc1ccc2cc(C(C)C(=O)O)ccc2c1,230.263,3.0365,2.0,1.0,46.53,3.0,0.21428572,0
COc1cccc(-c2c(-c3ccc(S(C)(=O)=O)cc3)sc3ncnn23)c1,385.47,3.5369,6.0,0.0,73.56,4.0,0.11111111,1
COc1cccc(-c2nc(C(F)(F)F)cn2-c2ccc(S(C)(=O)=O)cc2)c1,396.39,3.9702,4.0,0.0,61.19,4.0,0.16666667,0
COc1cccc(/C=N/c2ccc(S(N)(=O)=O)cc2)c1,290.344,2.0932,4.0,1.0,81.75,4.0,0.071428575,0
COc1ccccc1-c1cc(C(F)(F)F)nn1-c1ccc(S(N)(=O)=O)c(CO)c1,427.404,2.7064,5.0,2.0,107.44,5.0,0.16666667,0
COc1ccccc1-c1cc(C(F)(F)F)nn1-c1ccc(S(N)(=O)=O)cc1,397.378,3.2141,4.0,1.0,87.21,4.0,0.11764706,1
COc1ccccc1-c1nc(C(F)(F)F)cn1-c1ccc(S(C)(=O)=O)cc1,396.39,3.9702,4.0,0.0,61.19,4.0,0.16666667,0
COc1ccccc1-n1c(-c2ccc(S(N)(=O)=O)cc2)nc2ccccc21,379.441,3.3485,4.0,1.0,87.21,4.0,0.05,0
COc1ccccc1C1=Cc2ccccc2C1,222.287,3.7919,1.0,0.0,9.23,2.0,0.125,0
COc1ccccc1N1CC(c2ccc(S(C)(=O)=O)cc2)=C(c2ccc(F)cc2)C1=O,437.492,4.1954,4.0,0.0,63.68,5.0,0.125,0
COc1ccncc1C1=C(c2ccc(S(C)(=O)=O)cc2)CCC1=O,343.404,2.7674,5.0,0.0,73.33,4.0,0.22222222,1
COc1cncc(-c2nc(C(F)(F)F)cn2-c2ccc(S(C)(=O)=O)cc2)c1,397.378,3.3652,5.0,0.0,74.08,4.0,0.1764706,0
COc1nc(-c2cc(C(C)(C)C)c(O)c(C(C)(C)C)c2)ns1,320.458,4.5143,5.0,1.0,55.24,2.0,0.5294118,0
COc1nnc(-c2cc(C(C)(C)C)c(O)c(C(C)(C)C)c2)s1,320.458,4.5143,5.0,1.0,55.24,2.0,0.5294118,0
CS(=O)(=O)Nc1cc2c(cc1Nc1ccc(F)cc1F)C(=O)CC2,352.362,3.2088,4.0,2.0,75.27,4.0,0.1875,0
CS(=O)(=O)Nc1cc2c(cc1OC1CCCCC1)C(=O)CC2,323.414,2.8985,4.0,1.0,72.47,4.0,0.5625,1
CS(=O)(=O)Nc1cc2c(cc1Oc1ccc(F)cc1F)C(=O)CC2,353.346,3.2575,4.0,1.0,72.47,4.0,0.1875,1
CS(=O)(=O)Nc1cc2c(cc1SC1CCCCC1)C(=O)CC2,339.482,3.6118,4.0,1.0,63.24,4.0,0.5625,1
CS(=O)(=O)Nc1cc2c(cc1Sc1c(F)cccc1F)C(=O)CC2,369.414,3.6164,4.0,1.0,63.24,4.0,0.1875,1
CS(=O)(=O)Nc1cc2c(cc1Sc1ccc(Br)cc1)C(=O)CC2,412.33,4.1007,4.0,1.0,63.24,4.0,0.1875,1
CS(=O)(=O)Nc1cc2c(cc1Sc1ccc(Cl)cc1Cl)C(=O)CC2,402.324,4.645,4.0,1.0,63.24,4.0,0.1875,1
CS(=O)(=O)Nc1cc2c(cc1Sc1ccc(F)cc1)C(=O)CC2,351.424,3.4773,4.0,1.0,63.24,4.0,0.1875,0
CS(=O)(=O)Nc1cc2c(cc1Sc1ccc(F)cc1F)C(=O)CC2,369.414,3.6164,4.0,1.0,63.24,4.0,0.1875,1
CS(=O)(=O)Nc1cc2c(cc1Sc1cccc(F)c1F)C(=O)CC2,369.414,3.6164,4.0,1.0,63.24,4.0,0.1875,1
CS(=O)(=O)Nc1cc2c(cc1Sc1ccccc1F)C(=O)CC2,351.424,3.4773,4.0,1.0,63.24,4.0,0.1875,1
CS(=O)(=O)Nc1cc2c(cc1Sc1ccccn1)C(=O)CC2,334.422,2.7332,5.0,1.0,76.13,4.0,0.2,0
CS(=O)(=O)Nc1cc2c(cc1Sc1cccs1)C(=O)CC2,339.463,3.3997,5.0,1.0,63.24,4.0,0.21428572,0
CS(=O)(=O)Nc1cc2c(cc1Sc1ccncc1)C(=O)CC2,334.422,2.7332,5.0,1.0,76.13,4.0,0.2,0
CS(=O)(=O)Nc1cc2c(cc1Sc1ncc(Cl)cc1Cl)C(=O)CC2,403.312,4.04,5.0,1.0,76.13,4.0,0.2,1
CS(=O)(=O)Nc1cc2c(cc1Sc1ncccc1Cl)C(=O)CC2,368.867,3.3866,5.0,1.0,76.13,4.0,0.2,0
CS(=O)(=O)Nc1cc2c(cc1Sc1nccs1)C(=O)CC2,340.451,2.7947,6.0,1.0,76.13,4.0,0.23076923,1
CS(=O)(=O)Nc1cc2c(cc1Sc1nccs1)C(=O)OC2,342.423,2.3362,7.0,1.0,85.36,4.0,0.16666667,1
CS(=O)(=O)Nc1ccc(-c2cc(C(F)(F)F)nn2-c2ccc(Br)cc2)cc1,460.275,4.6921,3.0,1.0,63.99,4.0,0.11764706,1
CS(=O)(=O)Nc1ccc(-c2cc(C(F)(F)F)nn2-c2ccc(Cl)cc2)cc1,415.824,4.583,3.0,1.0,63.99,4.0,0.11764706,1
CS(=O)(=O)Nc1ccc(-c2cc(C(F)(F)F)nn2-c2ccc(F)cc2)cc1,399.369,4.0687,3.0,1.0,63.99,4.0,0.11764706,0
CS(=O)(=O)Nc1ccc(-c2cc(C(F)(F)F)nn2-c2ccc(N)cc2)cc1,396.394,3.5118,4.0,2.0,90.01,4.0,0.11764706,0
CS(=O)(=O)Nc1ccc(-c2cc(C(F)(F)F)nn2-c2ccccc2)cc1,381.379,3.9296,3.0,1.0,63.99,4.0,0.11764706,0
CS(=O)(=O)Nc1ccc(-c2cc(C(F)F)nn2-c2ccc(Cl)cc2)cc1,397.834,4.5018,3.0,1.0,63.99,5.0,0.11764706,1
CS(=O)(=O)Nc1ccc(-c2cc(C(F)F)nn2-c2ccc(F)cc2)cc1,381.379,3.9875,3.0,1.0,63.99,5.0,0.11764706,0
CS(=O)(=O)Nc1ccc([N+](=O)[O-])cc1OC1CCCCC1,314.363,2.6778,5.0,1.0,98.54,5.0,0.53846157,1
CS(=O)(=O)Nc1ccc([N+](=O)[O-])cc1Oc1ccccc1,308.315,2.7586,5.0,1.0,98.54,5.0,0.07692308,0
CS(=O)(=O)Nc1ccncc1Oc1ccc(Br)cc1,343.202,3.0079,4.0,1.0,68.29,4.0,0.083333336,0
CS(=O)(=O)Nc1ccncc1Oc1ccc(Cl)cc1,298.751,2.8988,4.0,1.0,68.29,4.0,0.083333336,0
CS(=O)(=O)Nc1ccncc1Oc1ccc(Cl)cc1Cl,333.196,3.5522,4.0,1.0,68.29,4.0,0.083333336,1
CS(=O)(=O)Nc1ccncc1Oc1cccc(Cl)c1,298.751,2.8988,4.0,1.0,68.29,4.0,0.083333336,0
CS(=O)(=O)Nc1ccncc1Oc1ccccc1,264.306,2.2454,4.0,1.0,68.29,4.0,0.083333336,0
CS(=O)(=O)Nc1ccncc1Oc1ccccc1Cl,298.751,2.8988,4.0,1.0,68.29,4.0,0.083333336,1
CS(=O)(=O)Nc1ccncc1Sc1ccccc1,280.374,2.6043,4.0,1.0,59.06,4.0,0.083333336,0
CS(=O)(=O)c1ccc(-c2[nH]c(Br)cc2-c2ccc(F)cc2)cc1,394.265,4.6538,2.0,1.0,49.93,3.0,0.05882353,0
CS(=O)(=O)c1ccc(-c2[nH]c(C#N)cc2-c2ccc(F)cc2)cc1,340.379,3.76298,3.0,1.0,73.72,3.0,0.055555556,0
CS(=O)(=O)c1ccc(-c2[nH]c(Cl)c(Br)c2-c2ccc(F)cc2)cc1,428.71,5.3072,2.0,1.0,49.93,3.0,0.05882353,0
CS(=O)(=O)c1ccc(-c2[nH]c(Cl)c(Cl)c2-c2ccc(F)cc2)cc1,384.259,5.1981,2.0,1.0,49.93,3.0,0.05882353,0
CS(=O)(=O)c1ccc(-c2[nH]c(Cl)cc2-c2ccc(F)cc2)cc1,349.814,4.5447,2.0,1.0,49.93,3.0,0.05882353,0
CS(=O)(=O)c1ccc(-c2[nH]c(I)cc2-c2ccc(F)cc2)cc1,441.265,4.4959,2.0,1.0,49.93,3.0,0.05882353,0
CS(=O)(=O)c1ccc(-c2[nH]c(S(C)(=O)=O)cc2-c2ccc(F)cc2)cc1,393.461,3.2948,4.0,1.0,84.07,4.0,0.11111111,0
CS(=O)(=O)c1ccc(-c2[nH]c(SC#N)cc2-c2ccc(F)cc2)cc1,372.446,4.46448,4.0,1.0,73.72,4.0,0.055555556,0
CS(=O)(=O)c1ccc(-c2[nH]c([N+](=O)[O-])cc2-c2ccc(F)cc2)cc1,360.366,3.7995,4.0,1.0,93.07,4.0,0.05882353,0
CS(=O)(=O)c1ccc(-c2[nH]c3ccc(Br)cc3c2-c2ccccc2)cc1,426.335,5.6679,2.0,1.0,49.93,3.0,0.04761905,1
CS(=O)(=O)c1ccc(-c2[nH]c3ccc(Cl)cc3c2-c2ccc(Cl)cc2)cc1,416.329,6.2122,2.0,1.0,49.93,3.0,0.04761905,1
CS(=O)(=O)c1ccc(-c2[nH]c3ccc(Cl)cc3c2-c2cccc(Cl)c2)cc1,416.329,6.2122,2.0,1.0,49.93,3.0,0.04761905,1
CS(=O)(=O)c1ccc(-c2[nH]c3ccc(Cl)cc3c2-c2ccccc2)cc1,381.884,5.5588,2.0,1.0,49.93,3.0,0.04761905,1
CS(=O)(=O)c1ccc(-c2[nH]c3ccc(Cl)cc3c2-c2ccccc2Cl)cc1,416.329,6.2122,2.0,1.0,49.93,3.0,0.04761905,1
CS(=O)(=O)c1ccc(-c2[nH]c3ccc(F)cc3c2-c2ccccc2)cc1,365.429,5.0445,2.0,1.0,49.93,3.0,0.04761905,1
CS(=O)(=O)c1ccc(-c2[nH]c3ccccc3c2-c2ccc(Br)cc2)cc1,426.335,5.6679,2.0,1.0,49.93,3.0,0.04761905,1
CS(=O)(=O)c1ccc(-c2[nH]c3ccccc3c2-c2ccc(Cl)cc2)cc1,381.884,5.5588,2.0,1.0,49.93,3.0,0.04761905,1
CS(=O)(=O)c1ccc(-c2[nH]c3ccccc3c2-c2ccc(F)cc2)cc1,365.429,5.0445,2.0,1.0,49.93,3.0,0.04761905,1
CS(=O)(=O)c1ccc(-c2[nH]c3ccccc3c2-c2ccccc2)cc1,347.439,4.9054,2.0,1.0,49.93,3.0,0.04761905,1
CS(=O)(=O)c1ccc(-c2[nH]ccc2-c2ccc(F)cc2)cc1,315.369,3.8913,2.0,1.0,49.93,3.0,0.05882353,0
CS(=O)(=O)c1ccc(-c2[se]ncc2-c2ccc(F)cc2)cc1,380.302,3.0152,3.0,0.0,47.03,3.0,0.0625,0
CS(=O)(=O)c1ccc(-c2c(-c3ccc(Cl)cc3)nc3sc(Cl)c(Cl)n23)cc1,457.791,6.0935,4.0,0.0,51.44,3.0,0.055555556,0
CS(=O)(=O)c1ccc(-c2c(-c3ccc(Cl)cc3)nc3sc(Cl)cn23)cc1,423.346,5.4401,4.0,0.0,51.44,3.0,0.055555556,1
CS(=O)(=O)c1ccc(-c2c(-c3ccc(F)c(F)c3)nc3sccn23)cc1,390.436,4.4115,4.0,0.0,51.44,3.0,0.055555556,1
CS(=O)(=O)c1ccc(-c2c(-c3ccc(F)cc3)nc3sccn23)cc1,372.446,4.2724,4.0,0.0,51.44,3.0,0.055555556,1
CS(=O)(=O)c1ccc(-c2c(-c3ccc(F)cc3)nn3nc(S(C)(=O)=O)ccc23)cc1,445.497,3.0094,6.0,0.0,98.47,4.0,0.1,0
CS(=O)(=O)c1ccc(-c2c(-c3ccc(F)cc3)nn3ncccc23)cc1,367.405,3.6059,4.0,0.0,64.33,3.0,0.05263158,1
CS(=O)(=O)c1ccc(-c2c(-c3cccc(F)c3)nn3ncccc23)cc1,367.405,3.6059,4.0,0.0,64.33,3.0,0.05263158,1
CS(=O)(=O)c1ccc(-c2c(-c3ccccc3)nc3sccn23)cc1,354.456,4.1333,4.0,0.0,51.44,3.0,0.055555556,1
CS(=O)(=O)c1ccc(-c2c(-c3ccccc3)nn3ncccc23)cc1,349.415,3.4668,4.0,0.0,64.33,3.0,0.05263158,1
CS(=O)(=O)c1ccc(-c2c(-c3ccccc3)sc3c2CCCC3)cc1,368.523,5.3644,3.0,0.0,34.14,3.0,0.23809524,0
CS(=O)(=O)c1ccc(-c2c(-c3ccccc3)sc3ncnn23)cc1,355.444,3.5283,5.0,0.0,64.33,3.0,0.05882353,1
CS(=O)(=O)c1ccc(-c2c(-c3ccccc3)sc3nncn23)cc1,355.444,3.5283,5.0,0.0,64.33,3.0,0.05882353,1
CS(=O)(=O)c1ccc(-c2c(Br)sc(Br)c2-c2ccc(F)cc2)cc1,490.213,6.1497,3.0,0.0,34.14,3.0,0.05882353,0
CS(=O)(=O)c1ccc(-c2cc(/C=C\CC[N+](=O)[O-])nn2C2CCCCC2)cc1,403.504,4.1388,5.0,0.0,95.1,7.0,0.45,0
CS(=O)(=O)c1ccc(-c2cc(Br)sc2-c2ccc(F)cc2)cc1,411.317,5.3872,3.0,0.0,34.14,3.0,0.05882353,1
CS(=O)(=O)c1ccc(-c2cc(C(F)(F)F)cnc2-c2cccnc2)cc1,378.375,4.2329,4.0,0.0,59.92,3.0,0.11111111,0
CS(=O)(=O)c1ccc(-c2cc(C(F)(F)F)cnc2C(=O)c2ccccc2)cc1,405.397,4.4019,4.0,0.0,64.1,4.0,0.1,1
CS(=O)(=O)c1ccc(-c2cc(C(F)(F)F)cnc2N2CCCC(CO)C2)cc1,414.449,3.3796,5.0,1.0,70.5,4.0,0.42105263,0
CS(=O)(=O)c1ccc(-c2cc(C(F)(F)F)cnc2OC(C(F)(F)F)C(F)(F)F)cc1,467.309,5.0429,4.0,0.0,56.26,4.0,0.3125,0
CS(=O)(=O)c1ccc(-c2cc(C(F)(F)F)cnc2OCC(F)(F)F)cc1,399.312,4.112,4.0,0.0,56.26,4.0,0.26666668,0
CS(=O)(=O)c1ccc(-c2cc(C(F)(F)F)cnc2OCC2(O)CCCC2)cc1,415.433,3.8548,5.0,1.0,76.49,5.0,0.42105263,0
CS(=O)(=O)c1ccc(-c2cc(C(F)(F)F)nn2-c2ccc(F)cc2)cc1,384.354,4.1007,3.0,0.0,51.96,3.0,0.11764706,0
CS(=O)(=O)c1ccc(-c2cc(CC#N)sc2-c2ccc(F)cc2)cc1,371.458,4.69078,4.0,0.0,57.93,4.0,0.10526316,0
CS(=O)(=O)c1ccc(-c2cc(CO[N+](=O)[O-])nn2C2CCCCC2)cc1,379.438,3.1671,6.0,0.0,104.33,6.0,0.47058824,0
CS(=O)(=O)c1ccc(-c2cc(Cl)c(Cl)cc2-c2ccc(F)cc2)cc1,395.282,5.87,2.0,0.0,34.14,3.0,0.05263158,1
CS(=O)(=O)c1ccc(-c2cc(Cl)cnc2-c2ccc(C(=O)O)nc2)cc1,388.832,3.5657,5.0,1.0,97.22,4.0,0.055555556,0
CS(=O)(=O)c1ccc(-c2cc(Cl)cnc2-c2ccc(C3CC3)nc2)cc1,384.888,4.7449,4.0,0.0,59.92,4.0,0.2,1
CS(=O)(=O)c1ccc(-c2cc(Cl)cnc2-c2ccccn2)cc1,344.823,3.8675,4.0,0.0,59.92,3.0,0.05882353,0
CS(=O)(=O)c1ccc(-c2cc(Cl)cnc2-c2cccnc2)cc1,344.823,3.8675,4.0,0.0,59.92,3.0,0.05882353,1
CS(=O)(=O)c1ccc(-c2cc(Cl)cnc2-c2ccncc2)cc1,344.823,3.8675,4.0,0.0,59.92,3.0,0.05882353,0
CS(=O)(=O)c1ccc(-c2cc(F)c(F)cc2-c2ccc(F)c(Cl)c2)cc1,396.817,5.4948,2.0,0.0,34.14,3.0,0.05263158,1
CS(=O)(=O)c1ccc(-c2cc(F)c(F)cc2-c2ccc(F)cc2)cc1,362.372,4.8414,2.0,0.0,34.14,3.0,0.05263158,1
CS(=O)(=O)c1ccc(-c2cc(F)c(F)cc2-c2ccc3c(c2)OCCO3)cc1,402.418,4.4735,4.0,0.0,52.6,3.0,0.14285715,0
CS(=O)(=O)c1ccc(-c2cc(F)c(F)cc2-c2ccc3c(c2)OCO3)cc1,388.391,4.431,4.0,0.0,52.6,3.0,0.1,1
CS(=O)(=O)c1ccc(-c2cc(N)sc2-c2ccc(F)cc2)cc1,347.436,4.2069,4.0,1.0,60.16,3.0,0.05882353,0
CS(=O)(=O)c1ccc(-c2cc(Sc3ccccc3)sc2-c2ccc(F)cc2)cc1,440.586,6.7759,4.0,0.0,34.14,5.0,0.04347826,0
CS(=O)(=O)c1ccc(-c2cc([N+](=O)[O-])ccc2-c2ccccc2)cc1,353.399,4.3323,4.0,0.0,77.28,4.0,0.05263158,0
CS(=O)(=O)c1ccc(-c2cc([N+](=O)[O-])sc2-c2ccc(F)cc2)cc1,377.418,4.5329,5.0,0.0,77.28,4.0,0.05882353,0
CS(=O)(=O)c1ccc(-c2cc3c(cc2-c2ccc(F)cc2)COC3)cc1,368.429,4.5934,3.0,0.0,43.37,3.0,0.14285715,1
CS(=O)(=O)c1ccc(-c2cc3c(cc2-c2ccc(F)cc2)OCO3)cc1,370.401,4.2919,4.0,0.0,52.6,3.0,0.1,1
CS(=O)(=O)c1ccc(-c2cc3c(cc2C(=O)c2cccc(F)c2)OCO3)cc1,398.411,3.8559,5.0,0.0,69.67,4.0,0.0952381,0
CS(=O)(=O)c1ccc(-c2cc3c(cc2C=C2CCCCC2)OCO3)cc1,370.47,4.8333,4.0,0.0,52.6,3.0,0.33333334,1
CS(=O)(=O)c1ccc(-c2cc3c(cc2C=C2CCCCCC2)OCO3)cc1,384.497,5.2234,4.0,0.0,52.6,3.0,0.36363637,1
CS(=O)(=O)c1ccc(-c2cc3c(cc2Cc2ccccc2)OCO3)cc1,366.438,4.0766,4.0,0.0,52.6,4.0,0.14285715,0
CS(=O)(=O)c1ccc(-c2cc3ccccc3cc2-c2ccccc2)cc1,358.462,5.5773,2.0,0.0,34.14,3.0,0.04347826,0
CS(=O)(=O)c1ccc(-c2ccc(Cl)c(Cl)c2-c2ccc(F)cc2)cc1,395.282,5.87,2.0,0.0,34.14,3.0,0.05263158,1
CS(=O)(=O)c1ccc(-c2ccc(F)c(F)c2-c2ccc(F)c(Cl)c2)cc1,396.817,5.4948,2.0,0.0,34.14,3.0,0.05263158,1
CS(=O)(=O)c1ccc(-c2ccc(F)c(F)c2-c2ccc(F)cc2)cc1,362.372,4.8414,2.0,0.0,34.14,3.0,0.05263158,1
CS(=O)(=O)c1ccc(-c2ccc(F)c(F)c2-c2ccc3c(c2)OCCO3)cc1,402.418,4.4735,4.0,0.0,52.6,3.0,0.14285715,0
CS(=O)(=O)c1ccc(-c2ccc(F)c(F)c2-c2ccc3c(c2)OCO3)cc1,388.391,4.431,4.0,0.0,52.6,3.0,0.1,1
CS(=O)(=O)c1ccc(-c2ccc([N+](=O)[O-])cc2-c2ccccc2)cc1,353.399,4.3323,4.0,0.0,77.28,4.0,0.05263158,0
CS(=O)(=O)c1ccc(-c2ccc3c(c2-c2ccc(F)cc2)OCO3)cc1,370.401,4.2919,4.0,0.0,52.6,3.0,0.1,1
CS(=O)(=O)c1ccc(-c2ccccc2-c2ccc(Cl)cc2)cc1,342.847,5.0775,2.0,0.0,34.14,3.0,0.05263158,1
CS(=O)(=O)c1ccc(-c2ccccc2-c2ccc(F)c(Cl)c2)cc1,360.837,5.2166,2.0,0.0,34.14,3.0,0.05263158,0
CS(=O)(=O)c1ccc(-c2ccccc2-c2ccc(F)cc2)cc1,326.392,4.5632,2.0,0.0,34.14,3.0,0.05263158,1
CS(=O)(=O)c1ccc(-c2ccccc2-c2ccc3ccccc3n2)cc1,359.45,4.9723,3.0,0.0,47.03,3.0,0.045454547,0
CS(=O)(=O)c1ccc(-c2ccccc2-c2ccccc2)cc1,308.402,4.4241,2.0,0.0,34.14,3.0,0.05263158,0
CS(=O)(=O)c1ccc(-c2ccccc2-c2cccnc2)cc1,309.39,3.8191,3.0,0.0,47.03,3.0,0.055555556,0
CS(=O)(=O)c1ccc(-c2ccccc2C2=CCCCC2)cc1,312.434,4.7145,2.0,0.0,34.14,3.0,0.2631579,0
CS(=O)(=O)c1ccc(-c2ccccc2C2CCCCC2)cc1,314.45,4.8048,2.0,0.0,34.14,3.0,0.36842105,0
CS(=O)(=O)c1ccc(-c2ccccc2N2CCCCC2)cc1,315.438,3.7474,3.0,0.0,37.38,3.0,0.33333334,0
CS(=O)(=O)c1ccc(-c2ccccc2Oc2ccccc2)cc1,324.401,4.5494,3.0,0.0,43.37,4.0,0.05263158,0
CS(=O)(=O)c1ccc(-c2cccn2-c2ccc(F)cc2)cc1,315.369,3.6869,2.0,0.0,39.07,3.0,0.05882353,0
CS(=O)(=O)c1ccc(-c2cccnc2-c2ccccc2)cc1,309.39,3.8191,3.0,0.0,47.03,3.0,0.055555556,0
CS(=O)(=O)c1ccc(-c2cccnc2-c2cccnc2)cc1,310.378,3.2141,4.0,0.0,59.92,3.0,0.05882353,0
CS(=O)(=O)c1ccc(-c2ccsc2-c2ccc(F)cc2)cc1,332.421,4.6247,3.0,0.0,34.14,3.0,0.05882353,0
CS(=O)(=O)c1ccc(-c2ccsc2-c2ccc(O)cc2)cc1,330.43,4.1912,4.0,1.0,54.37,3.0,0.05882353,0
CS(=O)(=O)c1ccc(-c2ccsc2-c2ccccc2)cc1,314.431,4.4856,3.0,0.0,34.14,3.0,0.05882353,0
CS(=O)(=O)c1ccc(-c2cnc(Br)n2-c2ccc(F)cc2)cc1,395.253,3.8444,3.0,0.0,51.96,3.0,0.0625,1
CS(=O)(=O)c1ccc(-c2cnc(C#N)n2-c2ccc(F)cc2)cc1,341.367,2.95358,4.0,0.0,75.75,3.0,0.05882353,1
CS(=O)(=O)c1ccc(-c2cnc(C(=O)c3ccccc3)n2-c2ccc(F)cc2)cc1,420.465,4.3129,4.0,0.0,69.03,5.0,0.04347826,1
CS(=O)(=O)c1ccc(-c2cnc(Cl)n2-c2ccc(F)cc2)cc1,350.802,3.7353,3.0,0.0,51.96,3.0,0.0625,1
CS(=O)(=O)c1ccc(-c2cnn(-c3ccccc3)c(=O)c2-c2ccccc2)cc1,402.475,3.97,4.0,0.0,69.03,4.0,0.04347826,0
CS(=O)(=O)c1ccc(-c2cnn(C3CC3)c(=O)c2-c2ccc(F)cc2)cc1,384.432,3.4548,4.0,0.0,69.03,4.0,0.2,1
CS(=O)(=O)c1ccc(-c2cnn(CC(F)(F)F)c(=O)c2-c2ccccc2)cc1,408.401,3.5431,4.0,0.0,69.03,4.0,0.15789473,0
CS(=O)(=O)c1ccc(-c2cnn(CC3CC3)c(=O)c2-c2ccc(F)cc2)cc1,398.459,3.5299,4.0,0.0,69.03,5.0,0.23809524,0
CS(=O)(=O)c1ccc(-c2cnn(CC3CC3)c(=O)c2-c2ccccc2)cc1,380.469,3.3908,4.0,0.0,69.03,5.0,0.23809524,1
CS(=O)(=O)c1ccc(-c2cnn(CC3CCCCC3)c(=O)c2-c2ccc(F)cc2)cc1,440.54,4.7002,4.0,0.0,69.03,5.0,0.33333334,1
CS(=O)(=O)c1ccc(-c2cnn(CCC3CC3)c(=O)c2-c2ccc(F)cc2)cc1,412.486,3.92,4.0,0.0,69.03,6.0,0.27272728,0
CS(=O)(=O)c1ccc(-c2cnn(Cc3ccccc3)c(=O)c2-c2ccccc2)cc1,416.502,4.0291,4.0,0.0,69.03,5.0,0.083333336,1
CS(=O)(=O)c1ccc(-c2cnn(Cc3ccccc3)c(=O)c2OCC2CC2)cc1,410.495,3.1509,5.0,0.0,78.26,7.0,0.27272728,1
CS(=O)(=O)c1ccc(-c2cnn(Cc3ccccc3)c(=O)c2Oc2ccc(Cl)cn2)cc1,467.934,4.2028,6.0,0.0,91.15,6.0,0.08695652,0
CS(=O)(=O)c1ccc(-c2cnn(Cc3ccccc3)c(=O)c2Oc2ccc(F)cc2)cc1,450.491,4.2935,5.0,0.0,78.26,6.0,0.083333336,1
CS(=O)(=O)c1ccc(-c2cnn(Cc3ccccc3)c(=O)c2Sc2ccccc2)cc1,448.569,4.5133,5.0,0.0,69.03,6.0,0.083333336,0
CS(=O)(=O)c1ccc(-c2cnn(Cc3cccnc3)c(=O)c2-c2ccccc2)cc1,417.49,3.4241,5.0,0.0,81.92,5.0,0.08695652,0
CS(=O)(=O)c1ccc(-c2cnn(Cc3cccs3)c(=O)c2-c2ccc(F)cc2)cc1,440.521,4.2297,5.0,0.0,69.03,5.0,0.09090909,1
CS(=O)(=O)c1ccc(-c2cnn(Cc3nccs3)c(=O)c2-c2ccc(F)cc2)cc1,441.509,3.6247,6.0,0.0,81.92,5.0,0.0952381,0
CS(=O)(=O)c1ccc(-c2cnsc2-c2ccc(F)cc2)cc1,333.409,4.0197,4.0,0.0,47.03,3.0,0.0625,0
CS(=O)(=O)c1ccc(-c2coc(=O)n2-c2ccc(C(F)(F)F)cc2)cc1,383.347,3.5198,4.0,0.0,69.28,3.0,0.11764706,0
CS(=O)(=O)c1ccc(-c2coc(=O)n2-c2ccc(Cl)cc2)cc1,349.795,3.1544,4.0,0.0,69.28,3.0,0.0625,1
CS(=O)(=O)c1ccc(-c2coc(=O)n2-c2ccc(F)cc2)cc1,333.34,2.6401,4.0,0.0,69.28,3.0,0.0625,0
CS(=O)(=O)c1ccc(-c2coc(=O)n2-c2ccc(F)cc2F)cc1,351.33,2.7792,4.0,0.0,69.28,3.0,0.0625,0
CS(=O)(=O)c1ccc(-c2coc(=O)n2-c2ccccc2)cc1,315.35,2.501,4.0,0.0,69.28,3.0,0.0625,0
CS(=O)(=O)c1ccc(-c2coc(=O)n2-c2ccccc2F)cc1,333.34,2.6401,4.0,0.0,69.28,3.0,0.0625,0
CS(=O)(=O)c1ccc(-c2csc(Br)c2-c2ccc(F)cc2)cc1,411.317,5.3872,3.0,0.0,34.14,3.0,0.05882353,1
CS(=O)(=O)c1ccc(-c2cscc2-c2ccc(F)cc2)cc1,332.421,4.6247,3.0,0.0,34.14,3.0,0.05882353,0
CS(=O)(=O)c1ccc(-c2cscc2-c2ccccc2)cc1,314.431,4.4856,3.0,0.0,34.14,3.0,0.05882353,0
CS(=O)(=O)c1ccc(-c2nc(-c3ccccc3)sc2-c2ccc(F)cc2)cc1,409.507,5.6867,4.0,0.0,47.03,4.0,0.045454547,0
CS(=O)(=O)c1ccc(-c2nc(=O)cc(NCc3ccccc3)[nH]2)cc1,355.419,2.4525,5.0,2.0,91.92,5.0,0.11111111,1
CS(=O)(=O)c1ccc(-c2nc(=O)cc(NCc3cccs3)[nH]2)cc1,361.448,2.514,6.0,2.0,91.92,5.0,0.125,1
CS(=O)(=O)c1ccc(-c2nc(C(F)(F)F)cn2-c2ccc(F)cc2)cc1,384.354,4.1007,3.0,0.0,51.96,3.0,0.11764706,0
CS(=O)(=O)c1ccc(-c2nc(C(F)(F)F)cn2-c2ccc(S(C)(=O)=O)cc2)cc1,444.456,3.3651,5.0,0.0,86.1,4.0,0.16666667,0
CS(=O)(=O)c1ccc(-c2nc(C(F)(F)F)sc2-c2ccc(F)cc2)cc1,401.406,5.0385,4.0,0.0,47.03,3.0,0.11764706,1
CS(=O)(=O)c1ccc(-c2nc(Cl)cc(NCc3ccc(F)cc3)n2)cc1,391.855,3.9517,5.0,1.0,71.95,5.0,0.11111111,1
CS(=O)(=O)c1ccc(-c2nc(Cl)cc(NCc3ccccc3)n2)cc1,373.865,3.8126,5.0,1.0,71.95,5.0,0.11111111,1
CS(=O)(=O)c1ccc(-c2nc(Cl)cc(NCc3cccs3)n2)cc1,379.894,3.8741,6.0,1.0,71.95,5.0,0.125,1
CS(=O)(=O)c1ccc(-c2nc(NC3CCCC3)cc(C(F)(F)F)n2)cc1,385.411,3.9204,5.0,1.0,71.95,4.0,0.4117647,1
CS(=O)(=O)c1ccc(-c2nc(NC3CCCCC3)cc(C(F)(F)F)n2)cc1,399.438,4.3105,5.0,1.0,71.95,4.0,0.44444445,1
CS(=O)(=O)c1ccc(-c2nc(NCC3CC=CCC3)cc(C(F)(F)F)n2)cc1,411.449,4.3341,5.0,1.0,71.95,5.0,0.36842105,1
CS(=O)(=O)c1ccc(-c2nc(NCC3CCCCC3)cc(C(F)(F)F)n2)cc1,413.465,4.5581,5.0,1.0,71.95,5.0,0.47368422,0
CS(=O)(=O)c1ccc(-c2nc(NCCc3cccs3)cc(C(F)(F)F)n2)cc1,427.473,4.282,6.0,1.0,71.95,6.0,0.22222222,0
CS(=O)(=O)c1ccc(-c2nc(NCc3cc(F)cc(F)c3)cc(C(F)(F)F)n2)cc1,443.397,4.4562,5.0,1.0,71.95,5.0,0.15789473,1
CS(=O)(=O)c1ccc(-c2nc(NCc3cc4ccccc4s3)cc(C(F)(F)F)n2)cc1,463.506,5.3927,6.0,1.0,71.95,5.0,0.14285715,1
CS(=O)(=O)c1ccc(-c2nc(NCc3ccc(C(F)(F)F)cc3)cc(C(F)(F)F)n2)cc1,475.414,5.1968,5.0,1.0,71.95,5.0,0.2,0
CS(=O)(=O)c1ccc(-c2nc(NCc3ccc(Cl)s3)cc(C(F)(F)F)n2)cc1,447.891,4.8929,6.0,1.0,71.95,5.0,0.1764706,1
CS(=O)(=O)c1ccc(-c2nc(NCc3ccc(F)cc3)cc(C(F)(F)F)n2)cc1,425.407,4.3171,5.0,1.0,71.95,5.0,0.15789473,1
CS(=O)(=O)c1ccc(-c2nc(NCc3ccc(N)cc3)cc(C(F)(F)F)n2)cc1,422.432,3.7602,6.0,2.0,97.97,5.0,0.15789473,1
CS(=O)(=O)c1ccc(-c2nc(NCc3ccc(O)cc3)cc(C(F)(F)F)n2)cc1,423.416,3.8836,6.0,2.0,92.18,5.0,0.15789473,0
CS(=O)(=O)c1ccc(-c2nc(NCc3ccccc3)cc(C(F)(F)F)n2)cc1,407.417,4.178,5.0,1.0,71.95,5.0,0.15789473,1
CS(=O)(=O)c1ccc(-c2nc(NCc3ccco3)cc(C(F)(F)F)n2)cc1,397.378,3.771,6.0,1.0,85.09,5.0,0.1764706,1
CS(=O)(=O)c1ccc(-c2nc(NCc3cccs3)cc(C(F)(F)F)n2)cc1,413.446,4.2395,6.0,1.0,71.95,5.0,0.1764706,1
CS(=O)(=O)c1ccc(-c2nc(NCc3cccs3)cc(OC3CCCC3)n2)cc1,429.567,4.5421,7.0,1.0,81.18,7.0,0.33333334,1
CS(=O)(=O)c1ccc(-c2nc(NCc3ccncc3)cc(C(F)(F)F)n2)cc1,408.405,3.573,6.0,1.0,84.84,5.0,0.16666667,0
CS(=O)(=O)c1ccc(-c2nc(NCc3ccsc3)cc(C(F)(F)F)n2)cc1,413.446,4.2395,6.0,1.0,71.95,5.0,0.1764706,1
CS(=O)(=O)c1ccc(-c2nc(NCc3csc4ccccc34)cc(C(F)(F)F)n2)cc1,463.506,5.3927,6.0,1.0,71.95,5.0,0.14285715,0
CS(=O)(=O)c1ccc(-c2nc(NCc3nccs3)cc(C(F)(F)F)n2)cc1,414.434,3.6345,7.0,1.0,84.84,5.0,0.1875,1
CS(=O)(=O)c1ccc(-c2nc(SCc3ccccc3)cc(C(F)(F)F)n2)cc1,424.469,4.8582,5.0,0.0,59.92,5.0,0.15789473,0
CS(=O)(=O)c1ccc(-c2nc(SCc3cccs3)cc(C(F)(F)F)n2)cc1,430.498,4.9197,6.0,0.0,59.92,5.0,0.1764706,1
CS(=O)(=O)c1ccc(-c2nc3sccn3c2-c2ccccc2)cc1,354.456,4.1333,4.0,0.0,51.44,3.0,0.055555556,0
CS(=O)(=O)c1ccc(-c2nccc(NCc3cccs3)n2)cc1,345.449,3.2207,6.0,1.0,71.95,5.0,0.125,1
CS(=O)(=O)c1ccc(-c2nn(CC(=O)Nc3ccccc3)c(C(F)(F)F)c2-c2ccc(F)cc2)cc1,517.504,5.4172,4.0,1.0,81.06,6.0,0.12,0
CS(=O)(=O)c1ccc(-c2nn(CCc3ccccc3)c(C(F)(F)F)c2-c2ccc(F)cc2)cc1,488.506,6.0212,3.0,0.0,51.96,6.0,0.16,1
CS(=O)(=O)c1ccc(-c2nn(CCc3ccccc3)cc2-c2ccc(F)cc2)cc1,420.509,5.0024,3.0,0.0,51.96,6.0,0.125,0
CS(=O)(=O)c1ccc(-c2nn3cccnc3c2-c2ccc(F)cc2)cc1,367.405,3.6059,4.0,0.0,64.33,3.0,0.05263158,0
CS(=O)(=O)c1ccc(-c2noc(C(F)(F)F)c2-c2ccccc2)cc1,367.348,4.4309,4.0,0.0,60.17,3.0,0.11764706,0
CS(=O)(=O)c1ccc(-c2oc3ccccc3c2-c2ccc(F)cc2)cc1,366.413,5.3094,3.0,0.0,47.28,3.0,0.04761905,1
CS(=O)(=O)c1ccc(-c2occ(Cl)c(=O)c2-c2ccc(-c3ccccc3)c(F)c2)cc1,454.906,5.8368,4.0,0.0,64.35,4.0,0.041666668,0
CS(=O)(=O)c1ccc(-c2sc(-c3ccc(Cl)cc3)nc2-c2ccc(F)cc2)cc1,443.952,6.3401,4.0,0.0,47.03,4.0,0.045454547,1
CS(=O)(=O)c1ccc(-c2sc(-c3ccccc3Cl)nc2-c2ccc(F)cc2)cc1,443.952,6.3401,4.0,0.0,47.03,4.0,0.045454547,1
CS(=O)(=O)c1ccc(-c2sc(-c3ccccc3Cl)nc2-c2ccc(F)cc2F)cc1,461.942,6.4792,4.0,0.0,47.03,4.0,0.045454547,1
CS(=O)(=O)c1ccc(-c2sc(-c3ccccc3Cl)nc2-c2cccc(F)c2)cc1,443.952,6.3401,4.0,0.0,47.03,4.0,0.045454547,1
CS(=O)(=O)c1ccc(-c2sc(-c3ccccc3Cl)nc2-c2ccccc2)cc1,425.962,6.201,4.0,0.0,47.03,4.0,0.045454547,1
CS(=O)(=O)c1ccc(-c2sc(-c3ccccc3Cl)nc2-c2ccccc2F)cc1,443.952,6.3401,4.0,0.0,47.03,4.0,0.045454547,1
CS(=O)(=O)c1ccc(-c2sc(-c3ccccc3Cl)nc2-c2cccs2)cc1,431.991,6.2625,5.0,0.0,47.03,4.0,0.05,1
CS(=O)(=O)c1ccc(-c2sc(-c3ccccc3Cl)nc2-c2ccsc2)cc1,431.991,6.2625,5.0,0.0,47.03,4.0,0.05,1
CS(=O)(=O)c1ccc(-c2sc(-c3cccnc3)nc2-c2ccc(F)cc2)cc1,410.495,5.0817,5.0,0.0,59.92,4.0,0.04761905,0
CS(=O)(=O)c1ccc(-c2sc(-c3cccs3)nc2-c2ccc(F)cc2)cc1,415.536,5.7482,5.0,0.0,47.03,4.0,0.05,1
CS(=O)(=O)c1ccc(-c2sc(-c3ccncc3)nc2-c2ccc(F)cc2)cc1,410.495,5.0817,5.0,0.0,59.92,4.0,0.04761905,0
CS(=O)(=O)c1ccc(-c2sc(Br)cc2-c2ccc(F)cc2)cc1,411.317,5.3872,3.0,0.0,34.14,3.0,0.05882353,1
CS(=O)(=O)c1ccc(-c2sc(C(F)(F)F)nc2-c2ccc(F)cc2)cc1,401.406,5.0385,4.0,0.0,47.03,3.0,0.11764706,1
CS(=O)(=O)c1ccc(-c2sc(CC#N)nc2-c2ccc(F)cc2)cc1,372.446,4.08578,5.0,0.0,70.82,4.0,0.11111111,0
CS(=O)(=O)c1ccc(-c2sc(CCCc3ccc(Br)cc3)nc2-c2ccc(F)cc2)cc1,530.484,6.9575,4.0,0.0,47.03,7.0,0.16,1
CS(=O)(=O)c1ccc(-c2sc(CCCc3ccccc3)nc2-c2ccc(F)cc2)cc1,451.588,6.195,4.0,0.0,47.03,7.0,0.16,0
CS(=O)(=O)c1ccc(-c2sc(CCc3ccccc3)nc2-c2ccc(F)cc2)cc1,437.561,5.8049,4.0,0.0,47.03,6.0,0.125,1
CS(=O)(=O)c1ccc(-c2sc(Cc3ccccc3)nc2-c2ccc(F)cc2)cc1,423.534,5.6105,4.0,0.0,47.03,5.0,0.08695652,1
CS(=O)(=O)c1ccc(-c2sc3nc(C(F)(F)F)nn3c2-c2cccc(F)c2)cc1,441.431,4.6862,5.0,0.0,64.33,3.0,0.11111111,1
CS(=O)(=O)c1ccc(-c2sc3nc(C(F)(F)F)nn3c2-c2ccccc2)cc1,423.441,4.5471,5.0,0.0,64.33,3.0,0.11111111,1
CS(=O)(=O)c1ccc(-c2sc3ncnn3c2-c2cc(F)cc(F)c2)cc1,391.424,3.8065,5.0,0.0,64.33,3.0,0.05882353,1
CS(=O)(=O)c1ccc(-c2sc3ncnn3c2-c2ccc(F)c(F)c2)cc1,391.424,3.8065,5.0,0.0,64.33,3.0,0.05882353,1
CS(=O)(=O)c1ccc(-c2sc3ncnn3c2-c2ccc(F)cc2)cc1,373.434,3.6674,5.0,0.0,64.33,3.0,0.05882353,1
CS(=O)(=O)c1ccc(-c2sc3ncnn3c2-c2cccc(F)c2)cc1,373.434,3.6674,5.0,0.0,64.33,3.0,0.05882353,1
CS(=O)(=O)c1ccc(-c2sc3ncnn3c2-c2ccccc2)cc1,355.444,3.5283,5.0,0.0,64.33,3.0,0.05882353,1
CS(=O)(=O)c1ccc(-c2sc3nncn3c2-c2ccccc2)cc1,355.444,3.5283,5.0,0.0,64.33,3.0,0.05882353,0
CS(=O)(=O)c1ccc(-c2sccc2-c2ccc(F)cc2)cc1,332.421,4.6247,3.0,0.0,34.14,3.0,0.05882353,0
CS(=O)(=O)c1ccc(-c2sncc2-c2ccc(F)cc2)cc1,333.409,4.0197,4.0,0.0,47.03,3.0,0.0625,0
CS(=O)(=O)c1ccc(-c2snnc2-c2ccc(F)cc2)cc1,334.397,3.4147,5.0,0.0,59.92,3.0,0.06666667,0
CS(=O)(=O)c1ccc(-n2cc(-c3ccccc3)nc2-c2ccc(Cl)cc2)cc1,408.91,5.2632,3.0,0.0,51.96,4.0,0.045454547,1
CS(=O)(=O)c1ccc(-n2cc(C#N)nc2-c2ccc(Cl)cc2)cc1,357.822,3.46788,4.0,0.0,75.75,3.0,0.05882353,1
CS(=O)(=O)c1ccc(-n2cc(C#N)nc2-c2cccnc2)cc1,324.365,2.20948,5.0,0.0,88.64,3.0,0.0625,0
CS(=O)(=O)c1ccc(-n2cc(C(F)(F)F)nc2-c2cc(Br)cs2)cc1,451.289,4.7856,4.0,0.0,51.96,3.0,0.13333334,1
CS(=O)(=O)c1ccc(-n2cc(C(F)(F)F)nc2-c2cc(Cl)cc(Cl)c2)cc1,435.254,5.2684,3.0,0.0,51.96,3.0,0.11764706,1
CS(=O)(=O)c1ccc(-n2cc(C(F)(F)F)nc2-c2cc3ccccc3cn2)cc1,417.412,4.5098,4.0,0.0,64.85,3.0,0.1,0
CS(=O)(=O)c1ccc(-n2cc(C(F)(F)F)nc2-c2ccc(Cl)cc2)cc1,400.809,4.615,3.0,0.0,51.96,3.0,0.11764706,1
CS(=O)(=O)c1ccc(-n2cc(C(F)(F)F)nc2-c2ccc(F)c(F)c2)cc1,402.344,4.2398,3.0,0.0,51.96,3.0,0.11764706,1
CS(=O)(=O)c1ccc(-n2cc(C(F)(F)F)nc2-c2ccc(F)cc2)cc1,384.354,4.1007,3.0,0.0,51.96,3.0,0.11764706,1
CS(=O)(=O)c1ccc(-n2cc(C(F)(F)F)nc2-c2ccc3c(c2)OCO3)cc1,410.373,3.6903,5.0,0.0,70.42,3.0,0.16666667,1
CS(=O)(=O)c1ccc(-n2cc(C(F)(F)F)nc2-c2cccc(Br)c2)cc1,445.26,4.7241,3.0,0.0,51.96,3.0,0.11764706,1
CS(=O)(=O)c1ccc(-n2cc(C(F)(F)F)nc2-c2cccc(C(F)(F)F)c2)cc1,434.361,4.9804,3.0,0.0,51.96,3.0,0.16666667,1
CS(=O)(=O)c1ccc(-n2cc(C(F)(F)F)nc2-c2cccc(Cl)c2)cc1,400.809,4.615,3.0,0.0,51.96,3.0,0.11764706,1
CS(=O)(=O)c1ccc(-n2cc(C(F)(F)F)nc2-c2cccc(F)c2)cc1,384.354,4.1007,3.0,0.0,51.96,3.0,0.11764706,1
CS(=O)(=O)c1ccc(-n2cc(C(F)(F)F)nc2-c2cccc(N)c2)cc1,381.379,3.5438,4.0,1.0,77.98,3.0,0.11764706,0
CS(=O)(=O)c1ccc(-n2cc(C(F)(F)F)nc2-c2cccc([N+](=O)[O-])c2)cc1,411.361,3.8698,5.0,0.0,95.1,4.0,0.11764706,0
CS(=O)(=O)c1ccc(-n2cc(C(F)(F)F)nc2-c2cccc3c2OCO3)cc1,410.373,3.6903,5.0,0.0,70.42,3.0,0.16666667,0
CS(=O)(=O)c1ccc(-n2cc(C(F)(F)F)nc2-c2ccccc2)cc1,366.364,3.9616,3.0,0.0,51.96,3.0,0.11764706,1
CS(=O)(=O)c1ccc(-n2cc(C(F)(F)F)nc2-c2ccccc2Cl)cc1,400.809,4.615,3.0,0.0,51.96,3.0,0.11764706,0
CS(=O)(=O)c1ccc(-n2cc(C(F)(F)F)nc2-c2ccccc2F)cc1,384.354,4.1007,3.0,0.0,51.96,3.0,0.11764706,0
CS(=O)(=O)c1ccc(-n2cc(C(F)(F)F)nc2-c2ccccn2)cc1,367.352,3.3566,4.0,0.0,64.85,3.0,0.125,0
CS(=O)(=O)c1ccc(-n2cc(C(F)(F)F)nc2-c2cccnc2)cc1,367.352,3.3566,4.0,0.0,64.85,3.0,0.125,0
CS(=O)(=O)c1ccc(-n2cc(C(F)(F)F)nc2-c2cccs2)cc1,372.393,4.0231,4.0,0.0,51.96,3.0,0.13333334,0
CS(=O)(=O)c1ccc(-n2cc(C(F)(F)F)nc2-c2ccsc2)cc1,372.393,4.0231,4.0,0.0,51.96,3.0,0.13333334,0
CS(=O)(=O)c1ccc(-n2cc(C(F)(F)F)nc2-c2cnc3ccccc3c2)cc1,417.412,4.5098,4.0,0.0,64.85,3.0,0.1,0
CS(=O)(=O)c1ccc(-n2cc(C(F)(F)F)nc2-c2cncc(Br)c2)cc1,446.248,4.1191,4.0,0.0,64.85,3.0,0.125,0
CS(=O)(=O)c1ccc(-n2cc(C(F)(F)F)nc2-c2nccc3ccccc23)cc1,417.412,4.5098,4.0,0.0,64.85,3.0,0.1,0
CS(=O)(=O)c1ccc(-n2cc(C(F)F)nc2-c2ccc(Cl)cc2)cc1,382.819,4.5338,3.0,0.0,51.96,4.0,0.11764706,0
CS(=O)(=O)c1ccc(-n2cc(C(F)F)nc2-c2cccnc2)cc1,349.362,3.2754,4.0,0.0,64.85,4.0,0.125,0
CS(=O)(=O)c1ccc(-n2cc(C=O)nc2-c2ccc(Cl)cc2)cc1,360.822,3.4087,4.0,0.0,69.03,4.0,0.05882353,0
CS(=O)(=O)c1ccc(-n2cc(CC#N)nc2-c2ccc(Cl)cc2)cc1,371.849,3.66228,4.0,0.0,75.75,4.0,0.11111111,0
CS(=O)(=O)c1ccc(-n2cc(CF)nc2-c2ccc(Cl)cc2)cc1,364.829,4.0657,3.0,0.0,51.96,4.0,0.11764706,0
CS(=O)(=O)c1ccc(-n2cc(CO)nc2-c2ccc(Cl)cc2)cc1,362.838,3.0885,4.0,1.0,72.19,4.0,0.11764706,0
CS(=O)(=O)c1ccc(-n2cc(COc3ccc(Cl)cc3)nc2-c2ccc(Cl)cc2)cc1,473.381,5.8286,4.0,0.0,61.19,6.0,0.08695652,1
CS(=O)(=O)c1ccc(-n2cc(CSc3ccc(Cl)cc3)nc2-c2ccc(Cl)cc2)cc1,489.449,6.5419,4.0,0.0,51.96,6.0,0.08695652,1
CS(=O)(=O)c1ccc(-n2cccc2-c2ccc(F)cc2)cc1,315.369,3.6869,2.0,0.0,39.07,3.0,0.05882353,0
CS(=O)(=O)c1ccc(-n2cnc(Br)c2-c2ccc(F)cc2)cc1,395.253,3.8444,3.0,0.0,51.96,3.0,0.0625,1
CS(=O)(=O)c1ccc(-n2cnc(Cl)c2-c2cc(F)cc(F)c2)cc1,368.792,3.8744,3.0,0.0,51.96,3.0,0.0625,1
CS(=O)(=O)c1ccc(-n2cnc(Cl)c2-c2ccc(Cl)cc2)cc1,367.257,4.2496,3.0,0.0,51.96,3.0,0.0625,1
CS(=O)(=O)c1ccc(-n2cnc(Cl)c2-c2ccc(F)cc2)cc1,350.802,3.7353,3.0,0.0,51.96,3.0,0.0625,1
CS(=O)(=O)c1ccc(-n2cnc(Cl)c2-c2ccc(F)cc2F)cc1,368.792,3.8744,3.0,0.0,51.96,3.0,0.0625,1
CS(=O)(=O)c1ccc(-n2cnc(Cl)c2-c2ccc(N)cc2)cc1,347.827,3.1784,4.0,1.0,77.98,3.0,0.0625,1
CS(=O)(=O)c1ccc(-n2cnc(Cl)c2-c2ccc(OC(F)(F)F)cc2)cc1,416.808,4.4948,4.0,0.0,61.19,4.0,0.11764706,0
CS(=O)(=O)c1ccc(-n2cnc(Cl)c2-c2ccc(OCC(CO[N+](=O)[O-])O[N+](=O)[O-])c(F)c2)cc1,530.874,2.8993,10.0,0.0,165.93,11.0,0.21052632,0
CS(=O)(=O)c1ccc(-n2cnc(Cl)c2-c2ccc(OCCCO[N+](=O)[O-])c(F)c2)cc1,469.878,3.7125,7.0,0.0,113.56,9.0,0.21052632,0
CS(=O)(=O)c1ccc(-n2cnc(Cl)c2-c2ccc(OCCO)c(F)c2)cc1,410.854,3.1064,5.0,1.0,81.42,6.0,0.16666667,0
CS(=O)(=O)c1ccc(-n2cnc(Cl)c2-c2ccc(OCCO[N+](=O)[O-])c(F)c2)cc1,455.851,3.3224,7.0,0.0,113.56,8.0,0.16666667,0
CS(=O)(=O)c1ccc(-n2cnc(Cl)c2-c2ccc3c(c2)CCO3)cc1,374.849,3.5311,4.0,0.0,61.19,3.0,0.16666667,1
CS(=O)(=O)c1ccc(-n2cnc(Cl)c2-c2ccc3c(c2)OCO3)cc1,376.821,3.3249,5.0,0.0,70.42,3.0,0.11764706,1
CS(=O)(=O)c1ccc(-n2cnc(Cl)c2-c2cccc(Cl)c2Cl)cc1,401.702,4.903,3.0,0.0,51.96,3.0,0.0625,1
CS(=O)(=O)c1ccc(-n2cnc(Cl)c2-c2cccc(F)c2)cc1,350.802,3.7353,3.0,0.0,51.96,3.0,0.0625,1
CS(=O)(=O)c1ccc(-n2cnc(Cl)c2-c2ccccc2)cc1,332.812,3.5962,3.0,0.0,51.96,3.0,0.0625,1
CS(=O)(=O)c1ccc(-n2cnc(Cl)c2-c2ccccc2F)cc1,350.802,3.7353,3.0,0.0,51.96,3.0,0.0625,1
CS(=O)(=O)c1ccc(-n2cnc(Cl)c2-c2ccncc2)cc1,333.8,2.9912,4.0,0.0,64.85,3.0,0.06666667,0
CS(=O)(=O)c1ccc(-n2cnc(Cl)c2-c2cnccc2Cl)cc1,368.245,3.6446,4.0,0.0,64.85,3.0,0.06666667,1
CS(=O)(=O)c1ccc(-n2nc(C(F)(F)F)cc2-c2ccc(F)cc2)cc1,384.354,4.1007,3.0,0.0,51.96,3.0,0.11764706,1
CS(=O)(=O)c1ccc(-n2nc(CO)cc2-c2ccccc2)cc1,328.393,2.4351,4.0,1.0,72.19,4.0,0.11764706,0
CS(=O)(=O)c1ccc(-n2nc(COc3cc(F)cc(C#N)c3)cc2-c2ccccc2)cc1,447.491,4.53258,5.0,0.0,84.98,6.0,0.083333336,0
CS(=O)(=O)c1ccc(-n2nc(COc3ccc4c(c3)OCO4)cc2-c2ccccc2)cc1,448.5,4.2505,6.0,0.0,79.65,6.0,0.125,0
CS(=O)(=O)c1ccc(-n2nc(COc3cccc(N4CCOCC4)c3)cc2-c2ccccc2)cc1,489.597,4.3584,6.0,0.0,73.66,7.0,0.22222222,0
CS(=O)(=O)c1ccc(-n2nc(COc3cccc([N+](=O)[O-])c3)cc2-c2ccccc2)cc1,449.488,4.43,6.0,0.0,104.33,7.0,0.08695652,0
CS(=O)(=O)c1ccc(C2=C(C#Cc3ccccc3)C(=O)CC2)cc1,336.412,3.2583,3.0,0.0,51.21,2.0,0.15,1
CS(=O)(=O)c1ccc(C2=C(C=Cc3ccc(F)cc3)C(=O)CC2)cc1,356.418,4.0591,3.0,0.0,51.21,4.0,0.15,1
CS(=O)(=O)c1ccc(C2=C(Oc3cc(F)cc(F)c3)C(=O)CC2)cc1,364.369,3.5213,4.0,0.0,60.44,4.0,0.16666667,1
CS(=O)(=O)c1ccc(C2=C(Oc3ccccc3)C(=O)CC2)cc1,328.389,3.2431,4.0,0.0,60.44,4.0,0.16666667,1
CS(=O)(=O)c1ccc(C2=C(c3cc(Br)ccn3)C(=O)CC2)cc1,392.274,3.5213,4.0,0.0,64.1,3.0,0.1764706,0
CS(=O)(=O)c1ccc(C2=C(c3cc(Cl)c(Cl)c(Cl)c3)C(=O)CC2)cc1,415.725,5.324,3.0,0.0,51.21,3.0,0.16666667,1
CS(=O)(=O)c1ccc(C2=C(c3cc(Cl)cc(Cl)c3)C(=O)CC2)cc1,381.28,4.6706,3.0,0.0,51.21,3.0,0.16666667,1
CS(=O)(=O)c1ccc(C2=C(c3cc(Cl)ccn3)C(=O)CC2)cc1,347.823,3.4122,4.0,0.0,64.1,3.0,0.1764706,1
CS(=O)(=O)c1ccc(C2=C(c3cc(F)cc(F)c3)C(=O)CC2)cc1,348.37,3.642,3.0,0.0,51.21,3.0,0.16666667,1
CS(=O)(=O)c1ccc(C2=C(c3cc4ccccc4s3)C(=O)CC2)cc1,368.479,4.5785,4.0,0.0,51.21,3.0,0.15,1
CS(=O)(=O)c1ccc(C2=C(c3ccc(C#N)cc3)CCC2)cc1,323.417,4.05648,3.0,0.0,57.93,3.0,0.21052632,0
CS(=O)(=O)c1ccc(C2=C(c3ccc(C(F)(F)F)c(F)c3)CCC2)cc1,384.394,5.3427,2.0,0.0,34.14,3.0,0.2631579,0
CS(=O)(=O)c1ccc(C2=C(c3ccc(C(F)(F)F)cc3)CC3(CC3)C2)cc1,392.442,5.5937,2.0,0.0,34.14,3.0,0.33333334,1
CS(=O)(=O)c1ccc(C2=C(c3ccc(C(F)(F)F)cc3)CCC2)cc1,366.404,5.2036,2.0,0.0,34.14,3.0,0.2631579,0
CS(=O)(=O)c1ccc(C2=C(c3ccc(CO)cc3)CCC2)cc1,328.433,3.6771,3.0,1.0,54.37,4.0,0.2631579,0
CS(=O)(=O)c1ccc(C2=C(c3ccc(Cl)c(Cl)c3)CC3(CC3)C2)cc1,393.335,5.8817,2.0,0.0,34.14,3.0,0.3,1
CS(=O)(=O)c1ccc(C2=C(c3ccc(Cl)c(Cl)c3)CCC2)cc1,367.297,5.4916,2.0,0.0,34.14,3.0,0.22222222,1
CS(=O)(=O)c1ccc(C2=C(c3ccc(Cl)c(F)c3)C(=O)CC2)cc1,364.825,4.1563,3.0,0.0,51.21,3.0,0.16666667,1
CS(=O)(=O)c1ccc(C2=C(c3ccc(Cl)cc3)CC3(CC3)C2)cc1,358.89,5.2283,2.0,0.0,34.14,3.0,0.3,1
CS(=O)(=O)c1ccc(C2=C(c3ccc(Cl)cc3)CCC2)cc1,332.852,4.8382,2.0,0.0,34.14,3.0,0.22222222,1
CS(=O)(=O)c1ccc(C2=C(c3ccc(Cl)cc3Cl)CC3(CC3)C2)cc1,393.335,5.8817,2.0,0.0,34.14,3.0,0.3,1
CS(=O)(=O)c1ccc(C2=C(c3ccc(Cl)cc3Cl)CCC2)cc1,367.297,5.4916,2.0,0.0,34.14,3.0,0.22222222,1
CS(=O)(=O)c1ccc(C2=C(c3ccc(F)c(Cl)c3)C(=O)CC2)cc1,364.825,4.1563,3.0,0.0,51.21,3.0,0.16666667,1
CS(=O)(=O)c1ccc(C2=C(c3ccc(F)c(Cl)c3)CC3(CC3)C2)cc1,376.88,5.3674,2.0,0.0,34.14,3.0,0.3,1
CS(=O)(=O)c1ccc(C2=C(c3ccc(F)c(Cl)c3)CCC2)cc1,350.842,4.9773,2.0,0.0,34.14,3.0,0.22222222,1
CS(=O)(=O)c1ccc(C2=C(c3ccc(F)c(F)c3)C(=O)CC2)cc1,348.37,3.642,3.0,0.0,51.21,3.0,0.16666667,1
CS(=O)(=O)c1ccc(C2=C(c3ccc(F)c(F)c3)C(=O)N(c3ccccc3)C2)cc1,425.456,4.3259,3.0,0.0,54.45,4.0,0.08695652,0
CS(=O)(=O)c1ccc(C2=C(c3ccc(F)c(F)c3)C(=O)OC2)cc1,350.342,2.8359,4.0,0.0,60.44,3.0,0.11764706,1
CS(=O)(=O)c1ccc(C2=C(c3ccc(F)c(F)c3)CC3(CC3)C2)cc1,360.425,4.8531,2.0,0.0,34.14,3.0,0.3,1
CS(=O)(=O)c1ccc(C2=C(c3ccc(F)c(F)c3)CCC2)cc1,334.387,4.463,2.0,0.0,34.14,3.0,0.22222222,1
CS(=O)(=O)c1ccc(C2=C(c3ccc(F)cc3)C(=O)CC2)cc1,330.38,3.5029,3.0,0.0,51.21,3.0,0.16666667,1
CS(=O)(=O)c1ccc(C2=C(c3ccc(F)cc3)C(=O)N(c3ccc(C(F)(F)F)cc3)C2)cc1,475.463,5.2056,3.0,0.0,54.45,4.0,0.125,0
CS(=O)(=O)c1ccc(C2=C(c3ccc(F)cc3)C(=O)N(c3ccccc3)C2)cc1,407.466,4.1868,3.0,0.0,54.45,4.0,0.08695652,1
CS(=O)(=O)c1ccc(C2=C(c3ccc(F)cc3)C(=O)N(c3ccccc3F)C2)cc1,425.456,4.3259,3.0,0.0,54.45,4.0,0.08695652,1
CS(=O)(=O)c1ccc(C2=C(c3ccc(F)cc3)C(=O)OC2)cc1,332.352,2.6968,4.0,0.0,60.44,3.0,0.11764706,1
CS(=O)(=O)c1ccc(C2=C(c3ccc(F)cc3)C3CCC2C3)cc1,342.435,4.5699,2.0,0.0,34.14,3.0,0.3,0
CS(=O)(=O)c1ccc(C2=C(c3ccc(F)cc3)CC(C(F)(F)F)(C(F)(F)F)C2)cc1,452.391,6.0448,2.0,0.0,34.14,3.0,0.3,1
CS(=O)(=O)c1ccc(C2=C(c3ccc(F)cc3)CC(CF)(CF)C2)cc1,380.431,4.8592,2.0,0.0,34.14,5.0,0.3,1
CS(=O)(=O)c1ccc(C2=C(c3ccc(F)cc3)CC3(CC3)C2)cc1,342.435,4.714,2.0,0.0,34.14,3.0,0.3,1
CS(=O)(=O)c1ccc(C2=C(c3ccc(F)cc3)CC3(CCC3)C2)cc1,356.462,5.1041,2.0,0.0,34.14,3.0,0.33333334,1
CS(=O)(=O)c1ccc(C2=C(c3ccc(F)cc3)CC3(CCCC3)C2)cc1,370.489,5.4942,2.0,0.0,34.14,3.0,0.36363637,1
CS(=O)(=O)c1ccc(C2=C(c3ccc(F)cc3)CCC2)cc1,316.397,4.3239,2.0,0.0,34.14,3.0,0.22222222,1
CS(=O)(=O)c1ccc(C2=C(c3ccc(F)cc3)c3ccccc3C2)cc1,364.441,4.7444,2.0,0.0,34.14,3.0,0.09090909,1
CS(=O)(=O)c1ccc(C2=C(c3ccc(F)cc3F)CC3(CC3)C2)cc1,360.425,4.8531,2.0,0.0,34.14,3.0,0.3,1
CS(=O)(=O)c1ccc(C2=C(c3ccc(O)cc3)C(=O)OC2)cc1,330.361,2.2633,5.0,1.0,80.67,3.0,0.11764706,0
CS(=O)(=O)c1ccc(C2=C(c3ccc(OC(F)(F)F)cc3)CC3(CC3)C2)cc1,408.441,5.4735,3.0,0.0,43.37,4.0,0.33333334,1
CS(=O)(=O)c1ccc(C2=C(c3ccc4c(c3)OCO4)CC3(CC3)C2)cc1,368.454,4.3036,4.0,0.0,52.6,3.0,0.33333334,1
CS(=O)(=O)c1ccc(C2=C(c3ccc4c(c3)OCO4)CCC2)cc1,342.416,3.9135,4.0,0.0,52.6,3.0,0.2631579,1
CS(=O)(=O)c1ccc(C2=C(c3cccc(F)c3)C(=O)CC2)cc1,330.38,3.5029,3.0,0.0,51.21,3.0,0.16666667,1
CS(=O)(=O)c1ccc(C2=C(c3cccc(F)c3)C(=O)OC2)cc1,332.352,2.6968,4.0,0.0,60.44,3.0,0.11764706,0
CS(=O)(=O)c1ccc(C2=C(c3cccc(O)c3)C(=O)OC2)cc1,330.361,2.2633,5.0,1.0,80.67,3.0,0.11764706,0
CS(=O)(=O)c1ccc(C2=C(c3ccccc3)C(=O)C2)cc1,298.363,2.9737,3.0,0.0,51.21,3.0,0.11764706,1
CS(=O)(=O)c1ccc(C2=C(c3ccccc3)C(=O)C23CCCC3)cc1,352.455,4.144,3.0,0.0,51.21,3.0,0.2857143,1
CS(=O)(=O)c1ccc(C2=C(c3ccccc3)C(=O)CC2)cc1,312.39,3.3638,3.0,0.0,51.21,3.0,0.16666667,1
CS(=O)(=O)c1ccc(C2=C(c3ccccc3)C(=O)N(c3ccc(C(F)(F)F)cc3)C2)cc1,457.473,5.0665,3.0,0.0,54.45,4.0,0.125,0
CS(=O)(=O)c1ccc(C2=C(c3ccccc3)C(=O)N(c3ccc(F)cc3)C2)cc1,407.466,4.1868,3.0,0.0,54.45,4.0,0.08695652,0
CS(=O)(=O)c1ccc(C2=C(c3ccccc3)C(=O)N(c3cccc(Cl)c3)C2)cc1,423.921,4.7011,3.0,0.0,54.45,4.0,0.08695652,0
CS(=O)(=O)c1ccc(C2=C(c3ccccc3)C(=O)N(c3ccccc3)C2)cc1,389.476,4.0477,3.0,0.0,54.45,4.0,0.08695652,1
CS(=O)(=O)c1ccc(C2=C(c3ccccc3)C(=O)N(c3ccccc3F)C2)cc1,407.466,4.1868,3.0,0.0,54.45,4.0,0.08695652,0
CS(=O)(=O)c1ccc(C2=C(c3ccccc3)C(=O)OC2)cc1,314.362,2.5577,4.0,0.0,60.44,3.0,0.11764706,1
CS(=O)(=O)c1ccc(C2=C(c3ccccc3)C(=O)OC2O)cc1,330.361,1.8761,5.0,1.0,80.67,3.0,0.11764706,0
CS(=O)(=O)c1ccc(C2=C(c3ccccc3)CCC2)cc1,298.407,4.1848,2.0,0.0,34.14,3.0,0.22222222,0
CS(=O)(=O)c1ccc(C2=C(c3ccccc3O)C(=O)OC2)cc1,330.361,2.2633,5.0,1.0,80.67,3.0,0.11764706,0
CS(=O)(=O)c1ccc(C2=C(c3ccccn3)C(=O)CC2)cc1,313.378,2.7588,4.0,0.0,64.1,3.0,0.1764706,0
CS(=O)(=O)c1ccc(C2=C(c3cccnc3)C(=O)CC2)cc1,313.378,2.7588,4.0,0.0,64.1,3.0,0.1764706,0
CS(=O)(=O)c1ccc(C2=C(c3cncc(Br)c3)C(=O)CC2)cc1,392.274,3.5213,4.0,0.0,64.1,3.0,0.1764706,0
CS(=O)(=O)c1ccc(C2=C(c3cncc(Cl)c3)C(=O)CC2)cc1,347.823,3.4122,4.0,0.0,64.1,3.0,0.1764706,0
CS(=O)(=O)c1ccc(C2=C3c4ccccc4CCC3OC2=O)cc1,340.4,2.8725,4.0,0.0,60.44,2.0,0.21052632,0
CS(=O)(=O)c1ccc(C2=CC3(C=C2c2ccc(F)cc2)CC3)cc1,340.419,4.49,2.0,0.0,34.14,3.0,0.2,1
CS(=O)(=O)c1ccc(C2SCC(=O)N2c2ccc(F)cc2)cc1,351.424,3.0078,4.0,0.0,54.45,3.0,0.1875,1
CS(=O)(=O)c1ccc(C2SCC(=O)N2c2ccccc2)cc1,333.434,2.8687,4.0,0.0,54.45,3.0,0.1875,1
CS(=O)(=O)c1ccc2c(Sc3ccc(F)cc3)c(C#N)[nH]c2c1,346.408,3.73338,4.0,1.0,73.72,3.0,0.0625,0
CS(=O)(=O)c1ccc2c(Sc3ccc(F)cc3)c(C(N)=O)[nH]c2c1,364.423,2.9606,4.0,2.0,93.02,4.0,0.0625,0
CS(=O)(=O)c1ccc2c(Sc3ccc(F)cc3)c(CO)[nH]c2c1,351.424,3.354,4.0,2.0,70.16,4.0,0.125,0
CS(=O)(=O)c1ccc2c(Sc3ccc(F)cc3F)c(C#N)[nH]c2c1,364.398,3.87248,4.0,1.0,73.72,3.0,0.0625,0
CS(=O)(=O)c1ccc2c(Sc3ccc(F)cc3F)c(C(N)=O)[nH]c2c1,382.413,3.0997,4.0,2.0,93.02,4.0,0.0625,0
CS(=O)(=O)c1ccc2c(Sc3ccccc3Cl)c(C#N)[nH]c2c1,362.863,4.24768,4.0,1.0,73.72,3.0,0.0625,1
CS(=O)(=O)c1cnn(-c2ccc(S(N)(=O)=O)cc2)c1-c1ccc(Cl)cc1,411.892,2.2436,5.0,1.0,112.12,4.0,0.0625,0
CSC1=NC(=O)C(=Cc2cc(C(C)(C)C)c(O)c(C(C)(C)C)c2)S1,363.548,5.3205,4.0,1.0,49.66,1.0,0.47368422,0
CSCc1cn(-c2ccc(S(C)(=O)=O)cc2)c(-c2ccc(Cl)cc2)n1,392.933,4.4592,4.0,0.0,51.96,5.0,0.16666667,0
CSc1cc(-c2ccc(F)cc2)c(-c2ccc(S(C)(=O)=O)cc2)[nH]1,361.463,4.6132,3.0,1.0,49.93,4.0,0.11111111,0
CSc1cc(N)ccc1N=Nc1ccc(S(N)(=O)=O)cc1,322.415,3.0535,6.0,2.0,110.9,4.0,0.07692308,0
CSc1ccc(-c2c(-c3ccccc3)nc3sccn23)cc1,322.458,5.4517,3.0,0.0,17.3,3.0,0.055555556,0
CSc1ccc(-c2c(Cl)ncn2-c2ccc(S(C)(=O)=O)cc2)cc1,378.906,4.3181,4.0,0.0,51.96,4.0,0.11764706,1
CSc1ccc(-c2cc(C(F)(F)F)nn2-c2ccc(S(N)(=O)=O)c(CO)c2)cc1,443.472,3.4197,5.0,2.0,98.21,5.0,0.16666667,1
CSc1ccc(-c2cc(C(F)(F)F)nn2-c2ccc(S(N)(=O)=O)cc2)cc1,413.446,3.9274,4.0,1.0,77.98,4.0,0.11764706,1
CSc1ccc(-c2cc(C(F)(F)F)nn2-c2ccc(S(N)(=O)=O)cc2)cc1C,427.473,4.23582,4.0,1.0,77.98,4.0,0.16666667,1
CSc1ccc(-c2cc(C(F)(F)F)nn2-c2ccc(S(N)(=O)=O)cc2F)cc1,431.436,4.0665,4.0,1.0,77.98,4.0,0.11764706,1
CSc1ccc(-c2cscc2-c2ccc(S(C)(=O)=O)cc2)cc1,360.525,5.2075,4.0,0.0,34.14,4.0,0.11111111,0
CSc1ccc(-c2nc(C(F)(F)F)cn2-c2ccc(S(C)(=O)=O)cc2)cc1,412.458,4.6835,4.0,0.0,51.96,4.0,0.16666667,1
CSc1ccc(-c2nc(C(F)(F)F)cn2-c2ccc(S(C)(=O)=O)cc2)cc1Cl,446.903,5.3369,4.0,0.0,51.96,4.0,0.16666667,1
CSc1ccc(-c2nc(C(F)(F)F)cn2-c2ccc(S(N)(=O)=O)cc2)cc1Cl,447.891,4.5808,4.0,1.0,77.98,4.0,0.11764706,1
CSc1ccc(-c2nc3sccn3c2-c2ccccc2)cc1,322.458,5.4517,3.0,0.0,17.3,3.0,0.055555556,0
CSc1ccc(C2=C(c3ccc(S(C)(=O)=O)cc3)C(C)(O)OC2=O)cc1,390.482,2.9881,6.0,1.0,80.67,4.0,0.21052632,0
CSc1ccc(C2=C(c3ccc(S(C)(=O)=O)cc3)CCC2)cc1,344.501,4.9067,3.0,0.0,34.14,4.0,0.2631579,1
CSc1ccc(C2=C3c4cc(C)ccc4CCC3(O)OC2=O)cc1,338.428,3.81932,4.0,1.0,46.53,2.0,0.25,0
CSc1ccc(C2=C3c4cc(C)ccc4CCC3OC2=O)cc1,322.429,4.49932,3.0,0.0,26.3,2.0,0.25,0
CSc1ccc(C2=C3c4ccccc4CCC3(O)OC2=O)cc1,324.401,3.5109,4.0,1.0,46.53,2.0,0.21052632,0
CSc1ccc(C2=C3c4ccccc4CCC3OC2=O)cc1,308.402,4.1909,3.0,0.0,26.3,2.0,0.21052632,0
CSc1ccc(Oc2cc3c(cc2NS(C)(=O)=O)CCC3=O)cc1,363.46,3.7012,5.0,1.0,72.47,5.0,0.23529412,1
CSc1cccc(-c2nc(C(F)(F)F)cn2-c2ccc(S(C)(=O)=O)cc2)c1,412.458,4.6835,4.0,0.0,51.96,4.0,0.16666667,0
CSc1csc(Sc2cc3c(cc2NS(C)(=O)=O)COC3=O)n1,388.517,3.0581,8.0,1.0,85.36,5.0,0.23076923,0
CSc1nnc(-c2cc(C(C)(C)C)c(O)c(C(C)(C)C)c2)o1,320.458,4.7591,5.0,1.0,59.15,2.0,0.5294118,0
CSc1nnc(-c2cc(C(C)(C)C)c(O)c(C(C)(C)C)c2)s1,336.526,5.2276,5.0,1.0,46.01,2.0,0.5294118,1
CSc1nnc(-c2nc(C(C)(C)C)c(O)c(C(C)(C)C)n2)s1,338.502,4.0176,7.0,1.0,71.79,2.0,0.6,0
C[C@@H]1CN(c2c(C#N)c(C(F)F)nn2-c2ccc(S(C)(=O)=O)cn2)C[C@H](C)O1,411.434,2.09368,7.0,0.0,101.11,4.0,0.47058824,1
C[C@@H]1C[C@@H]2OC(=O)[C@]3(C)[C@H]2[C@@H](OC3(C)O)[C@]2(C)C(=O)C=CC12,306.358,1.4428,5.0,1.0,72.83,0.0,0.7647059,0
C[C@@H]1C[C@H]1Cn1ncc(-c2ccc(S(C)(=O)=O)cc2)c(-c2ccc(F)cc2)c1=O,412.486,3.7759,4.0,0.0,69.03,5.0,0.27272728,0
C[C@@H]1C[C@H]2O[C@@H]2/C=C\C=C\C(=O)Cc2c(Cl)c(O)cc(O)c2C(=O)O1,364.781,2.6916,6.0,2.0,96.36,0.0,0.33333334,1
C[C@@]1(CO)C=Cc2cc(O)ccc2O1,192.214,1.5488,3.0,2.0,49.69,1.0,0.27272728,0
C[C@H](CO)Sc1ncc(C(F)(F)F)cc1-c1ccc(S(C)(=O)=O)cc1,391.436,3.6438,5.0,1.0,67.26,5.0,0.3125,1
C[C@H](Oc1ncc(C(F)(F)F)cc1-c1ccc(S(C)(=O)=O)cc1)C(C)(C)O,403.422,3.7091,5.0,1.0,76.49,5.0,0.3888889,0
C[C@H]1C(Cn2ncc(-c3ccc(S(C)(=O)=O)cc3)c(-c3ccc(F)cc3)c2=O)[C@@H]1C,426.513,4.0219,4.0,0.0,69.03,5.0,0.3043478,1
C[C@H]1C[C@@H]1Cn1ncc(-c2ccc(S(C)(=O)=O)cc2)c(-c2ccc(F)cc2)c1=O,412.486,3.7759,4.0,0.0,69.03,5.0,0.27272728,1
C[C@H]1C[C@H]1Cn1ncc(-c2ccc(S(C)(=O)=O)cc2)c(-c2ccc(F)cc2)c1=O,412.486,3.7759,4.0,0.0,69.03,5.0,0.27272728,0
C[C@H]1[C@H](C)CC[C@]2(C(=O)O)CC[C@]3(C)C(=CC[C@@H]4[C@@]5(C)CC[C@H](O)C(C)(C)[C@@H]5CC[C@]43C)[C@H]12,456.711,7.0895,2.0,2.0,57.53,1.0,0.9,0
C[C@]1(O)CCC[C@H]1Oc1ncc(C(F)(F)F)cc1-c1ccc(S(C)(=O)=O)cc1,415.433,3.8532,5.0,1.0,76.49,4.0,0.42105263,0
C[S+]([O-])c1ccc(C(Nc2cccnc2)C(=O)c2ccc(F)cc2)cc1,368.433,3.9942,4.0,1.0,65.05,6.0,0.1,0
C[S+]([O-])c1ccc(C(Nc2nccs2)C(=O)c2ccc(F)cc2)cc1,374.462,4.0557,5.0,1.0,65.05,6.0,0.11111111,0
C[S+]([O-])c1ccc(C2=C(c3ccccc3)C(=O)OC2)cc1,298.363,2.8916,3.0,0.0,49.36,3.0,0.11764706,0
C[S@+]([O-])c1ccc(C2=C(c3ccccc3)C(=O)OC2)cc1,298.363,2.8916,3.0,0.0,49.36,3.0,0.11764706,0
C[S@@+]([O-])c1ccc(C2=C(c3ccccc3)C(=O)OC2)cc1,298.363,2.8916,3.0,0.0,49.36,3.0,0.11764706,0
C[Se](=O)(=O)c1ccc(-c2ccsc2-c2ccc(F)cc2)cc1,379.314,4.3612,3.0,0.0,34.14,3.0,0.05882353,0
Cc1[nH]c2cc(S(C)(=O)=O)ccc2c1C(=O)c1ccc(F)cc1,331.368,3.24992,3.0,1.0,67.0,3.0,0.11764706,0
Cc1[nH]c2cc(S(C)(=O)=O)ccc2c1Cc1ccc(Cl)cc1,333.84,4.12402,2.0,1.0,49.93,3.0,0.1764706,0
Cc1[nH]c2cc(S(C)(=O)=O)ccc2c1Cc1ccc(F)cc1,317.385,3.60972,2.0,1.0,49.93,3.0,0.1764706,0
Cc1[nH]c2cc(S(C)(=O)=O)ccc2c1Cc1ccc(F)cc1F,335.375,3.74882,2.0,1.0,49.93,3.0,0.1764706,0
Cc1[nH]c2cc(S(C)(=O)=O)ccc2c1Cc1ccccc1Cl,333.84,4.12402,2.0,1.0,49.93,3.0,0.1764706,0
Cc1[nH]c2cc(S(C)(=O)=O)ccc2c1Oc1ccc(Cl)cc1,335.812,4.32552,3.0,1.0,59.16,3.0,0.125,0
Cc1[nH]c2cc(S(C)(=O)=O)ccc2c1Oc1ccc(Cl)cc1Cl,370.257,4.97892,3.0,1.0,59.16,3.0,0.125,0
Cc1[nH]c2cc(S(C)(=O)=O)ccc2c1Oc1ccc(F)cc1,319.357,3.81122,3.0,1.0,59.16,3.0,0.125,1
Cc1[nH]c2cc(S(C)(=O)=O)ccc2c1Oc1ccc(F)cc1F,337.347,3.95032,3.0,1.0,59.16,3.0,0.125,0
Cc1[nH]c2cc(S(C)(=O)=O)ccc2c1Sc1ccc(F)cc1,335.425,4.17012,3.0,1.0,49.93,3.0,0.125,1
Cc1[nH]c2cc(S(C)(=O)=O)ccc2c1Sc1ccc(F)cc1F,353.415,4.30922,3.0,1.0,49.93,3.0,0.125,0
Cc1[nH]c2cc(S(C)(=O)=O)ccc2c1Sc1ccccn1,318.423,3.42602,4.0,1.0,62.82,3.0,0.13333334,0
Cc1c(Br)cc(-c2ccc(S(C)(=O)=O)cc2)n1-c1ccc(F)cc1,408.292,4.75782,2.0,0.0,39.07,3.0,0.11111111,1
Cc1c(C#N)cc(-c2ccc(S(C)(=O)=O)cc2)n1-c1ccc(F)cc1,354.406,3.867,3.0,0.0,62.86,3.0,0.10526316,0
Cc1c(C(=O)C(F)(F)F)cc(-c2ccc(S(C)(=O)=O)cc2)n1-c1ccc(F)cc1,425.403,4.74032,3.0,0.0,56.14,4.0,0.15,1
Cc1c(C(=O)c2ccccc2)cc(-c2ccc(S(C)(=O)=O)cc2)n1-c1ccc(F)cc1,433.504,5.22632,3.0,0.0,56.14,5.0,0.08,0
Cc1c(C(F)(F)F)nn(-c2ccc(S(N)(=O)=O)cc2)c1-c1ccc(Cl)cc1,415.824,4.16732,3.0,1.0,77.98,3.0,0.11764706,1
Cc1c(C(O)C(F)(F)F)cc(-c2ccc(S(C)(=O)=O)cc2)n1-c1ccc(F)cc1,427.419,4.59102,3.0,1.0,59.3,4.0,0.2,0
Cc1c(C)c2c(c(C)c1O)CCC(C)(C(=O)O)O2,250.294,2.48576,3.0,2.0,66.76,1.0,0.5,0
Cc1c(C=O)cc(-c2ccc(S(C)(=O)=O)cc2)n1-c1ccc(F)cc1,357.406,3.80782,3.0,0.0,56.14,4.0,0.10526316,0
Cc1c(CC(=O)NCCCO)c2cc(O)ccc2n1C(=O)c1ccc(Cl)cc1,400.862,3.03832,4.0,3.0,91.56,6.0,0.23809524,0
Cc1c(CC(=O)NCCCO[N+](=O)[O-])c2cc(O)ccc2n1C(=O)c1ccc(Cl)cc1,445.859,3.25432,6.0,2.0,123.7,8.0,0.23809524,0
Cc1c(CC(=O)NCCCO[N+](=O)[O-])c2cc(OS(N)(=O)=O)ccc2n1C(=O)c1ccc(Cl)cc1,524.939,2.13102,8.0,2.0,172.86,10.0,0.23809524,0
Cc1c(CC(=O)O)c2cc(O)ccc2n1C(=O)c1ccc(Cl)cc1,343.766,3.62432,3.0,2.0,79.53,3.0,0.11111111,0
Cc1c(CC(F)(F)F)cc(-c2ccc(S(C)(=O)=O)cc2)n1-c1ccc(F)cc1,411.42,5.10012,2.0,0.0,39.07,4.0,0.2,1
Cc1c(CN(C)C)cc(-c2ccc(S(C)(=O)=O)cc2)n1-c1ccc(F)cc1,386.492,4.05692,3.0,0.0,42.31,5.0,0.23809524,0
Cc1c(CO)cc(-c2ccc(S(C)(=O)=O)cc2)n1-c1ccc(F)cc1,359.422,3.48762,3.0,1.0,59.3,4.0,0.15789473,0
Cc1c(COc2ccc(Cl)cc2)cc(-c2ccc(S(C)(=O)=O)cc2)n1-c1ccc(F)cc1,469.965,6.22772,3.0,0.0,48.3,6.0,0.12,1
Cc1c(COc2cccc(Cl)c2)cc(-c2ccc(S(C)(=O)=O)cc2)n1-c1ccc(F)cc1,469.965,6.22772,3.0,0.0,48.3,6.0,0.12,1
Cc1c(Cl)cc(-c2ccc(S(C)(=O)=O)cc2)n1-c1ccc(F)cc1,363.841,4.64872,2.0,0.0,39.07,3.0,0.11111111,1
Cc1c(Cl)nc(-c2ccc(S(C)(=O)=O)cc2)nc1NCc1ccc(F)cc1,405.882,4.26012,5.0,1.0,71.95,5.0,0.15789473,1
Cc1c(NCc2ccc(F)cc2)nc(-c2ccc(S(C)(=O)=O)cc2)nc1C(F)(F)F,439.434,4.62552,5.0,1.0,71.95,5.0,0.2,1
Cc1c(NCc2ccccc2)nc(-c2ccc(S(C)(=O)=O)cc2)nc1C(F)(F)F,421.444,4.48642,5.0,1.0,71.95,5.0,0.2,1
Cc1c(NCc2cccs2)nc(-c2ccc(S(C)(=O)=O)cc2)nc1C(F)(F)F,427.473,4.54792,6.0,1.0,71.95,5.0,0.22222222,1
Cc1c(S(=O)(=O)C(F)(F)F)cc(-c2ccc(S(C)(=O)=O)cc2)n1-c1ccc(F)cc1,461.458,4.28882,4.0,0.0,73.21,4.0,0.15789473,1
Cc1cc(-c2c(-c3ccc(S(C)(=O)=O)cc3)ccc(F)c2F)ccc1Cl,392.854,5.66412,2.0,0.0,34.14,3.0,0.1,1
Cc1cc(-c2c(-c3ccc(S(C)(=O)=O)cc3)ccc(F)c2F)ccc1F,376.399,5.14982,2.0,0.0,34.14,3.0,0.1,1
Cc1cc(-c2c(-c3ccc(S(N)(=O)=O)cc3)ccc(F)c2F)ccc1Cl,393.842,4.90802,2.0,1.0,60.16,3.0,0.05263158,1
Cc1cc(-c2c(-c3ccc(S(N)(=O)=O)cc3)ccc(F)c2F)ccc1F,377.387,4.39372,2.0,1.0,60.16,3.0,0.05263158,1
Cc1cc(-c2c(Cl)ncn2-c2ccc(S(C)(=O)=O)cc2)ccc1Cl,381.284,4.55802,3.0,0.0,51.96,3.0,0.11764706,1
Cc1cc(-c2cc(C(F)(F)F)nn2-c2ccc(S(N)(=O)=O)cc2)cc2c1OCO2,425.388,3.24262,5.0,1.0,96.44,3.0,0.16666667,1
Cc1cc(-c2cc(F)c(F)cc2-c2ccc(S(C)(=O)=O)cc2)ccc1Cl,392.854,5.66412,2.0,0.0,34.14,3.0,0.1,1
Cc1cc(-c2cc(F)c(F)cc2-c2ccc(S(C)(=O)=O)cc2)ccc1F,376.399,5.14982,2.0,0.0,34.14,3.0,0.1,1
Cc1cc(-c2cc(F)c(F)cc2-c2ccc(S(N)(=O)=O)cc2)ccc1Cl,393.842,4.90802,2.0,1.0,60.16,3.0,0.05263158,1
Cc1cc(-c2cc(F)c(F)cc2-c2ccc(S(N)(=O)=O)cc2)ccc1F,377.387,4.39372,2.0,1.0,60.16,3.0,0.05263158,1
Cc1cc(-c2ccc(NS(C)(=O)=O)cc2)n(-c2ccc(Br)cc2)n1,406.305,3.98172,3.0,1.0,63.99,4.0,0.11764706,0
Cc1cc(-c2ccc(NS(C)(=O)=O)cc2)n(-c2ccc(Cl)cc2)n1,361.854,3.87262,3.0,1.0,63.99,4.0,0.11764706,1
Cc1cc(-c2ccc(S(C)(=O)=O)cc2)c(-c2ccc(F)cc2)s1,346.448,4.93312,3.0,0.0,34.14,3.0,0.11111111,0
Cc1cc(-c2ccccc2)n(-c2ccc(S(N)(=O)=O)cc2)n1,313.382,2.49512,3.0,1.0,77.98,3.0,0.0625,0
Cc1cc(-c2nc(C(F)(F)F)cn2-c2ccc(S(C)(=O)=O)cc2)ccc1Cl,414.836,4.92342,3.0,0.0,51.96,3.0,0.16666667,1
Cc1cc(-c2nc(C(F)(F)F)cn2-c2ccc(S(C)(=O)=O)cc2)ccc1F,398.381,4.40912,3.0,0.0,51.96,3.0,0.16666667,1
Cc1cc(-c2nc(C(F)(F)F)cn2-c2ccc(S(N)(=O)=O)cc2)no1,372.328,2.50192,5.0,1.0,104.01,3.0,0.14285715,0
Cc1cc(=O)c(-c2ccc(Br)cc2)c(-c2ccc(S(C)(=O)=O)cc2)o1,419.296,4.44822,4.0,0.0,64.35,3.0,0.10526316,0
Cc1cc(=O)c(-c2ccc(C(F)(F)F)cc2)c(-c2ccc(S(C)(=O)=O)cc2)o1,408.397,4.70452,4.0,0.0,64.35,3.0,0.15,0
Cc1cc(=O)c(-c2ccc(Cl)c(Cl)c2)c(-c2ccc(S(C)(=O)=O)cc2)o1,409.29,4.99252,4.0,0.0,64.35,3.0,0.10526316,0
Cc1cc(=O)c(-c2ccc(Cl)cc2)c(-c2ccc(S(C)(=O)=O)cc2)o1,374.845,4.33912,4.0,0.0,64.35,3.0,0.10526316,0
Cc1cc(=O)c(-c2ccc(Cl)cc2F)c(-c2ccc(S(C)(=O)=O)cc2)o1,392.835,4.47822,4.0,0.0,64.35,3.0,0.10526316,0
Cc1cc(=O)c(-c2ccc(F)cc2)c(-c2ccc(S(C)(=O)=O)cc2)o1,358.39,3.82482,4.0,0.0,64.35,3.0,0.10526316,0
Cc1cc(=O)c(-c2ccc(F)cc2F)c(-c2ccc(S(C)(=O)=O)cc2)o1,376.38,3.96392,4.0,0.0,64.35,3.0,0.10526316,0
Cc1cc(=O)c(-c2ccc(S(C)(=O)=O)cc2)c(-c2ccc(F)cc2)o1,358.39,3.82482,4.0,0.0,64.35,3.0,0.10526316,0
Cc1cc(=O)c(-c2ccc3ccccc3c2)c(-c2ccc(S(C)(=O)=O)cc2)o1,390.46,4.83892,4.0,0.0,64.35,3.0,0.08695652,0
Cc1cc(=O)c(-c2cccc(F)c2)c(-c2ccc(S(C)(=O)=O)cc2)o1,358.39,3.82482,4.0,0.0,64.35,3.0,0.10526316,0
Cc1cc(=O)c(-c2ccccc2)c(-c2ccc(S(C)(=O)=O)cc2)o1,340.4,3.68572,4.0,0.0,64.35,3.0,0.10526316,0
Cc1cc(=O)c(-c2ccccc2)c(-c2ccc(S(N)(=O)=O)cc2)o1,341.388,2.92962,4.0,1.0,90.37,3.0,0.055555556,0
Cc1cc(=O)c(-c2ccccc2F)c(-c2ccc(S(C)(=O)=O)cc2)o1,358.39,3.82482,4.0,0.0,64.35,3.0,0.10526316,0
Cc1cc(=O)c(C(C)C)c(-c2ccc(S(C)(=O)=O)cc2)o1,306.383,3.14212,4.0,0.0,64.35,3.0,0.3125,0
Cc1cc(=O)c(C2CCCCC2)c(-c2ccc(S(C)(=O)=O)cc2)o1,346.448,4.06642,4.0,0.0,64.35,3.0,0.42105263,0
Cc1cc(=O)c(Cc2ccccc2)c(-c2ccc(S(C)(=O)=O)cc2)o1,354.427,3.60952,4.0,0.0,64.35,4.0,0.15,0
Cc1cc(=O)c(Oc2ccc(Br)cc2)c(-c2ccc(S(C)(=O)=O)cc2)o1,435.295,4.57352,5.0,0.0,73.58,4.0,0.10526316,0
Cc1cc(=O)c(Oc2ccc(Br)cc2Cl)c(-c2ccc(S(C)(=O)=O)cc2)o1,469.74,5.22692,5.0,0.0,73.58,4.0,0.10526316,1
Cc1cc(=O)c(Oc2ccc(Br)cc2F)c(-c2ccc(S(C)(=O)=O)cc2)o1,453.285,4.71262,5.0,0.0,73.58,4.0,0.10526316,1
Cc1cc(=O)c(Oc2ccc(Br)cc2F)c(-c2ccc([S+](C)[O-])cc2)o1,437.286,5.04652,4.0,0.0,62.5,4.0,0.10526316,0
Cc1cc(=O)c(Oc2ccc(Br)cc2F)c(-c2ccc([S@+](C)[O-])cc2)o1,437.286,5.04652,4.0,0.0,62.5,4.0,0.10526316,1
Cc1cc(=O)c(Oc2ccc(Br)cc2F)c(-c2ccc([S@@+](C)[O-])cc2)o1,437.286,5.04652,4.0,0.0,62.5,4.0,0.10526316,0
Cc1cc(=O)c(Oc2ccc(C(=O)O)cc2)c(-c2ccc(S(C)(=O)=O)cc2)o1,400.408,3.50922,6.0,1.0,110.88,5.0,0.1,0
Cc1cc(=O)c(Oc2ccc(C(F)(F)F)cc2)c(-c2ccc(S(C)(=O)=O)cc2)o1,424.396,4.82982,5.0,0.0,73.58,4.0,0.15,0
Cc1cc(=O)c(Oc2ccc(Cl)c(Cl)c2)c(-c2ccc(S(C)(=O)=O)cc2)o1,425.289,5.11782,5.0,0.0,73.58,4.0,0.10526316,0
Cc1cc(=O)c(Oc2ccc(Cl)cc2)c(-c2ccc(S(C)(=O)=O)cc2)o1,390.844,4.46442,5.0,0.0,73.58,4.0,0.10526316,1
Cc1cc(=O)c(Oc2ccc(Cl)cc2C)c(-c2ccc(S(C)(=O)=O)cc2)o1,404.871,4.77284,5.0,0.0,73.58,4.0,0.15,1
Cc1cc(=O)c(Oc2ccc(Cl)cc2Cl)c(-c2ccc(S(C)(=O)=O)cc2)o1,425.289,5.11782,5.0,0.0,73.58,4.0,0.10526316,0
Cc1cc(=O)c(Oc2ccc(Cl)cc2F)c(-c2ccc(S(C)(=O)=O)cc2)o1,408.834,4.60352,5.0,0.0,73.58,4.0,0.10526316,1
Cc1cc(=O)c(Oc2ccc(Cl)cc2F)c(-c2ccc([S+](C)[O-])cc2)o1,392.835,4.93742,4.0,0.0,62.5,4.0,0.10526316,0
Cc1cc(=O)c(Oc2ccc(Cl)cc2F)c(-c2ccc([S@+](C)[O-])cc2)o1,392.835,4.93742,4.0,0.0,62.5,4.0,0.10526316,1
Cc1cc(=O)c(Oc2ccc(Cl)cc2F)c(-c2ccc([S@@+](C)[O-])cc2)o1,392.835,4.93742,4.0,0.0,62.5,4.0,0.10526316,0
Cc1cc(=O)c(Oc2ccc(F)c(F)c2)c(-c2ccc(S(C)(=O)=O)cc2)o1,392.379,4.08922,5.0,0.0,73.58,4.0,0.10526316,0
Cc1cc(=O)c(Oc2ccc(F)cc2)c(-c2ccc(S(C)(=O)=O)cc2)o1,374.389,3.95012,5.0,0.0,73.58,4.0,0.10526316,0
Cc1cc(=O)c(Oc2ccc(F)cc2C)c(-c2ccc(S(C)(=O)=O)cc2)o1,388.416,4.25854,5.0,0.0,73.58,4.0,0.15,1
Cc1cc(=O)c(Oc2ccc(F)cc2F)c(-c2ccc(S(C)(=O)=O)cc2)o1,392.379,4.08922,5.0,0.0,73.58,4.0,0.10526316,1
Cc1cc(=O)c(Oc2ccc(F)cc2F)c(-c2ccc([S+](C)[O-])cc2)o1,376.38,4.42312,4.0,0.0,62.5,4.0,0.10526316,0
Cc1cc(=O)c(Oc2ccc(F)cc2F)c(-c2ccc([S@+](C)[O-])cc2)o1,376.38,4.42312,4.0,0.0,62.5,4.0,0.10526316,1
Cc1cc(=O)c(Oc2ccc(F)cc2F)c(-c2ccc([S@@+](C)[O-])cc2)o1,376.38,4.42312,4.0,0.0,62.5,4.0,0.10526316,0
Cc1cc(=O)c(Oc2ccc(I)cc2)c(-c2ccc(S(C)(=O)=O)cc2)o1,482.295,4.41562,5.0,0.0,73.58,4.0,0.10526316,0
Cc1cc(=O)c(Oc2ccc(N)cc2)c(-c2ccc(S(C)(=O)=O)cc2)o1,371.414,3.39322,6.0,1.0,99.6,4.0,0.10526316,0
Cc1cc(=O)c(Oc2ccc(OC(F)(F)F)cc2)c(-c2ccc(S(C)(=O)=O)cc2)o1,440.395,4.70962,6.0,0.0,82.81,5.0,0.15,0
Cc1cc(=O)c(Oc2ccc([N+](=O)[O-])cc2)c(-c2ccc(S(C)(=O)=O)cc2)o1,401.396,3.71922,7.0,0.0,116.72,5.0,0.10526316,0
Cc1cc(=O)c(Oc2ccccc2)c(-c2ccc(S(C)(=O)=O)cc2)o1,356.399,3.81102,5.0,0.0,73.58,4.0,0.10526316,0
Cc1cc(=O)c(Oc2ccccc2C)c(-c2ccc(S(C)(=O)=O)cc2)o1,370.426,4.11944,5.0,0.0,73.58,4.0,0.15,1
Cc1cc(C)cc(-c2ccc(C(C)C(=O)O)cc2F)c1,272.319,4.29764,1.0,1.0,37.3,3.0,0.23529412,0
Cc1cc(C)n2nc(-c3ccc(S(C)(=O)=O)cc3)c(-c3ccc(F)cc3)c2n1,395.459,4.22274,4.0,0.0,64.33,3.0,0.14285715,1
Cc1cc(Cl)cc(-c2nc(C(F)(F)F)cn2-c2ccc(S(C)(=O)=O)cc2)c1,414.836,4.92342,3.0,0.0,51.96,3.0,0.16666667,1
Cc1cc(Cl)cc(-c2nc(C(F)(F)F)cn2-c2ccc(S(N)(=O)=O)cc2)c1,415.824,4.16732,3.0,1.0,77.98,3.0,0.11764706,1
Cc1cc(F)cc(-c2nc(C(F)(F)F)cn2-c2ccc(S(C)(=O)=O)cc2)c1,398.381,4.40912,3.0,0.0,51.96,3.0,0.16666667,1
Cc1cc(F)cc(-c2nc(C(F)(F)F)cn2-c2ccc(S(N)(=O)=O)cc2)c1,399.369,3.65302,3.0,1.0,77.98,3.0,0.11764706,1
Cc1cc(F)ccc1C1=C(c2ccc(S(C)(=O)=O)cc2)CCC1,330.424,4.63232,2.0,0.0,34.14,3.0,0.2631579,1
Cc1cc2c(cc1F)-c1c(c(C(F)(F)F)nn1-c1ccc(S(N)(=O)=O)cc1)SC2,443.447,4.25872,4.0,1.0,77.98,2.0,0.16666667,1
Cc1cc2cc(-c3ccc(C(C)C(=O)O)cc3)ccc2[nH]1,279.339,4.33142,1.0,2.0,53.09,3.0,0.16666667,1
Cc1ccc(-c2c(-c3ccc(S(C)(=O)=O)cc3)[nH]c3ccccc23)cc1,361.466,5.21382,2.0,1.0,49.93,3.0,0.09090909,1
Cc1ccc(-c2c(-c3ccc(S(C)(=O)=O)cc3)[nH]c3ccccc23)cc1C,375.493,5.52224,2.0,1.0,49.93,3.0,0.13043478,1
Cc1ccc(-c2c(-c3ccc(S(C)(=O)=O)cc3)ccc(F)c2F)cc1,358.409,5.01072,2.0,0.0,34.14,3.0,0.1,1
Cc1ccc(-c2c(-c3ccc(S(C)(=O)=O)cc3)ccc(F)c2F)cc1C,372.436,5.31914,2.0,0.0,34.14,3.0,0.14285715,1
Cc1ccc(-c2c(-c3ccc(S(C)(=O)=O)cc3)ccc(F)c2F)cc1Cl,392.854,5.66412,2.0,0.0,34.14,3.0,0.1,1
Cc1ccc(-c2c(-c3ccc(S(C)(=O)=O)cc3)cnn(Cc3ccccc3)c2=O)cc1,430.529,4.33752,4.0,0.0,69.03,5.0,0.12,1
Cc1ccc(-c2c(-c3ccc(S(C)(=O)=O)cc3)cnn(Cc3ccccc3)c2=O)cn1,431.517,3.73252,5.0,0.0,81.92,5.0,0.125,0
Cc1ccc(-c2c(-c3ccc(S(C)(=O)=O)cc3)oc(C)cc2=O)cc1,354.427,3.99414,4.0,0.0,64.35,3.0,0.15,0
Cc1ccc(-c2c(-c3ccc(S(N)(=O)=O)cc3)[nH]c3ccccc23)cc1,362.454,4.45772,2.0,2.0,75.95,3.0,0.04761905,1
Cc1ccc(-c2c(-c3ccc(S(N)(=O)=O)cc3)[nH]c3ccccc23)cc1C,376.481,4.76614,2.0,2.0,75.95,3.0,0.09090909,1
Cc1ccc(-c2c(-c3ccc(S(N)(=O)=O)cc3)ccc(F)c2F)cc1,359.397,4.25462,2.0,1.0,60.16,3.0,0.05263158,1
Cc1ccc(-c2c(-c3ccc(S(N)(=O)=O)cc3)ccc(F)c2F)cc1C,373.424,4.56304,2.0,1.0,60.16,3.0,0.1,1
Cc1ccc(-c2c(-c3ccc(S(N)(=O)=O)cc3)ccc(F)c2F)cc1Cl,393.842,4.90802,2.0,1.0,60.16,3.0,0.05263158,1
Cc1ccc(-c2c(C#N)cnn2-c2ccc(S(N)(=O)=O)cc2)cc1,338.392,2.3668,4.0,1.0,101.77,3.0,0.05882353,1
Cc1ccc(-c2c(Cl)ncn2-c2ccc(S(C)(=O)=O)cc2)cc1,346.839,3.90462,3.0,0.0,51.96,3.0,0.11764706,1
Cc1ccc(-c2c(Cl)ncn2-c2ccc(S(C)(=O)=O)cc2)cc1F,364.829,4.04372,3.0,0.0,51.96,3.0,0.11764706,1
Cc1ccc(-c2c(Cl)ncn2-c2ccc(S(N)(=O)=O)cc2)cc1,347.827,3.14852,3.0,1.0,77.98,3.0,0.0625,1
Cc1ccc(-c2cc(C(F)(F)F)n(-c3ccc(N=[N+]=[N-])cc3)n2)cc1,343.312,5.80832,2.0,0.0,66.58,3.0,0.11764706,0
Cc1ccc(-c2cc(C(F)(F)F)nn2-c2ccc(-c3nn[nH]n3)cc2)cc1,370.338,4.04662,4.0,1.0,72.28,3.0,0.11111111,1
Cc1ccc(-c2cc(C(F)(F)F)nn2-c2ccc(N=[N+]=[N-])cc2)cc1,343.312,5.80832,2.0,0.0,66.58,3.0,0.11764706,0
Cc1ccc(-c2cc(C(F)(F)F)nn2-c2ccc(S(N)(=O)=O)c(CO)c2)cc1,411.405,3.00622,4.0,2.0,98.21,4.0,0.16666667,0
Cc1ccc(-c2cc(C(F)(F)F)nn2-c2ccc(S(N)(=O)=O)cc2)c(C)c1,395.406,3.82234,3.0,1.0,77.98,3.0,0.16666667,1
Cc1ccc(-c2cc(C(F)(F)F)nn2-c2ccc(S(N)(=O)=O)cc2)cc1,381.379,3.51392,3.0,1.0,77.98,3.0,0.11764706,1
Cc1ccc(-c2cc(C(F)(F)F)nn2-c2ccc(S(N)(=O)=O)cc2)s1,387.408,3.57542,4.0,1.0,77.98,3.0,0.13333334,0
Cc1ccc(-c2cc(C(F)F)nn2-c2ccc(S(N)(=O)=O)cc2)cc1,363.389,3.43272,3.0,1.0,77.98,4.0,0.11764706,1
Cc1ccc(-c2cc(C(F)F)nn2-c2ccc(S(N)(=O)=O)cc2)o1,353.35,3.02572,4.0,1.0,91.12,4.0,0.13333334,0
Cc1ccc(-c2cc(F)c(F)cc2-c2ccc(S(C)(=O)=O)cc2)cc1,358.409,5.01072,2.0,0.0,34.14,3.0,0.1,1
Cc1ccc(-c2cc(F)c(F)cc2-c2ccc(S(C)(=O)=O)cc2)cc1C,372.436,5.31914,2.0,0.0,34.14,3.0,0.14285715,1
Cc1ccc(-c2cc(F)c(F)cc2-c2ccc(S(C)(=O)=O)cc2)cc1Cl,392.854,5.66412,2.0,0.0,34.14,3.0,0.1,1
Cc1ccc(-c2cc(F)c(F)cc2-c2ccc(S(C)(=O)=O)cc2)cn1,359.397,4.40572,3.0,0.0,47.03,3.0,0.10526316,1
Cc1ccc(-c2cc(F)c(F)cc2-c2ccc(S(C)(=O)=O)cc2)nc1,359.397,4.40572,3.0,0.0,47.03,3.0,0.10526316,0
Cc1ccc(-c2cc(F)c(F)cc2-c2ccc(S(N)(=O)=O)cc2)cc1,359.397,4.25462,2.0,1.0,60.16,3.0,0.05263158,1
Cc1ccc(-c2cc(F)c(F)cc2-c2ccc(S(N)(=O)=O)cc2)cc1C,373.424,4.56304,2.0,1.0,60.16,3.0,0.1,1
Cc1ccc(-c2cc(F)c(F)cc2-c2ccc(S(N)(=O)=O)cc2)cc1Cl,393.842,4.90802,2.0,1.0,60.16,3.0,0.05263158,1
Cc1ccc(-c2cc(F)c(F)cc2-c2ccc(S(N)(=O)=O)cc2)cn1,360.385,3.64962,3.0,1.0,73.05,3.0,0.055555556,1
Cc1ccc(-c2cc(F)c(F)cc2-c2ccc(S(N)(=O)=O)cc2)nc1,360.385,3.64962,3.0,1.0,73.05,3.0,0.055555556,0
Cc1ccc(-c2ccc(S(C)(=O)=O)cc2)n1-c1ccc(C(F)(F)F)cc1,379.403,4.87502,2.0,0.0,39.07,3.0,0.15789473,1
Cc1ccc(-c2ccc(S(C)(=O)=O)cc2)n1-c1ccc(F)c(F)c1,347.386,4.13442,2.0,0.0,39.07,3.0,0.11111111,1
Cc1ccc(-c2ccc(S(C)(=O)=O)cc2)n1-c1ccc(F)cc1,329.396,3.99532,2.0,0.0,39.07,3.0,0.11111111,1
Cc1ccc(-c2ccc(S(C)(=O)=O)cc2)n1-c1ccccc1,311.406,3.85622,2.0,0.0,39.07,3.0,0.11111111,1
Cc1ccc(-c2ccc(S(C)(=O)=O)cc2)n1C1CCC(F)CC1,335.444,4.32022,2.0,0.0,39.07,3.0,0.44444445,0
Cc1ccc(-c2ccc(S(C)(=O)=O)cc2)n1C1CCCCC1,317.454,4.37222,2.0,0.0,39.07,3.0,0.44444445,0
Cc1ccc(-c2cscc2-c2ccc(S(C)(=O)=O)cc2)cc1,328.458,4.79402,3.0,0.0,34.14,3.0,0.11111111,0
Cc1ccc(-c2nc(C(F)(F)F)cn2-c2ccc(S(C)(=O)=O)cc2)cc1,380.391,4.27002,3.0,0.0,51.96,3.0,0.16666667,1
Cc1ccc(-c2nc(C(F)(F)F)cn2-c2ccc(S(C)(=O)=O)cc2)cc1C,394.418,4.57844,3.0,0.0,51.96,3.0,0.21052632,0
Cc1ccc(-c2nc(C(F)(F)F)cn2-c2ccc(S(C)(=O)=O)cc2)cc1Cl,414.836,4.92342,3.0,0.0,51.96,3.0,0.16666667,1
Cc1ccc(-c2nc(C(F)(F)F)cn2-c2ccc(S(C)(=O)=O)cc2)cc1F,398.381,4.40912,3.0,0.0,51.96,3.0,0.16666667,1
Cc1ccc(-c2nc(C(F)(F)F)cn2-c2ccc(S(C)(=O)=O)cc2)cn1,381.379,3.66502,4.0,0.0,64.85,3.0,0.1764706,0
Cc1ccc(-c2nc(C(F)(F)F)cn2-c2ccc(S(C)(=O)=O)cc2)nc1,381.379,3.66502,4.0,0.0,64.85,3.0,0.1764706,0
Cc1ccc(-c2nc(C(F)(F)F)cn2-c2ccc(S(N)(=O)=O)cc2)cc1,381.379,3.51392,3.0,1.0,77.98,3.0,0.11764706,1
Cc1ccc(-c2nc(C(F)(F)F)cn2-c2ccc(S(N)(=O)=O)cc2)cc1Cl,415.824,4.16732,3.0,1.0,77.98,3.0,0.11764706,1
Cc1ccc(-c2nc(C(F)(F)F)cn2-c2ccc(S(N)(=O)=O)cc2)cn1,382.367,2.90892,4.0,1.0,90.87,3.0,0.125,1
Cc1ccc(-c2nc(C(F)(F)F)cn2-c2ccc(S(N)(=O)=O)cc2)nc1,382.367,2.90892,4.0,1.0,90.87,3.0,0.125,0
Cc1ccc(-c2ncc(Cl)cc2-c2ccc(S(C)(=O)=O)cc2)c[n+]1[O-],374.849,3.41432,4.0,0.0,73.97,3.0,0.11111111,0
Cc1ccc(-c2ncc(Cl)cc2-c2ccc(S(C)(=O)=O)cc2)cn1,358.85,4.17592,4.0,0.0,59.92,3.0,0.11111111,0
Cc1ccc(-c2ncc(Cl)cc2-c2ccc(S(N)(=O)=O)cc2)cn1,359.838,3.41982,4.0,1.0,85.94,3.0,0.05882353,1
Cc1ccc(-c2ncc(Cl)cc2-c2ccc([S+](C)[O-])cc2)cn1,342.851,4.50982,3.0,0.0,48.84,3.0,0.11111111,0
Cc1ccc(-c2ncc(Cl)cc2-c2ccc([S@+](C)[O-])cc2)cn1,342.851,4.50982,3.0,0.0,48.84,3.0,0.11111111,0
Cc1ccc(-c2nn3ncccc3c2-c2ccc(S(C)(=O)=O)cc2)cc1,363.442,3.77522,4.0,0.0,64.33,3.0,0.1,1
Cc1ccc(-c2sccc2-c2ccc(S(C)(=O)=O)cc2)cc1,328.458,4.79402,3.0,0.0,34.14,3.0,0.11111111,0
Cc1ccc(-n2c(-c3ccc(Br)cc3)cs/c2=N\N=C/c2cn(-c3ccc(S(=O)(=O)/N=C/N(C)C)cc3)nc2-c2ccccc2)cc1,724.71,7.34282,6.0,0.0,97.21,9.0,0.08571429,0
Cc1ccc(-n2c(-c3ccc(S(C)(=O)=O)cc3)coc2=O)cc1,329.377,2.80942,4.0,0.0,69.28,3.0,0.11764706,0
Cc1ccc(-n2c(-c3ccc(S(N)(=O)=O)cc3)c(C)oc2=O)cc1,344.392,2.36174,4.0,1.0,95.3,3.0,0.11764706,0
Cc1ccc(-n2c(-c3ccc(S(N)(=O)=O)cc3)coc2=O)cc1,330.365,2.05332,4.0,1.0,95.3,3.0,0.0625,0
Cc1ccc(-n2c(C)ccc2-c2ccc(S(C)(=O)=O)cc2)cc1,325.433,4.16464,2.0,0.0,39.07,3.0,0.15789473,1
Cc1ccc(-n2c(O)cs/c2=N\N=C/c2cn(-c3ccc(S(=O)(=O)/N=C/N(C)C)cc3)nc2-c2ccccc2)cc1,585.715,4.61892,7.0,1.0,117.44,8.0,0.10344828,0
Cc1ccc(-n2nc(-c3ccc(Cl)cc3)c3c2CCCCC3)cc1,336.866,5.77002,1.0,0.0,17.82,2.0,0.2857143,0
Cc1ccc(/C=C/S(N)(=O)=O)cc1C(=O)c1ccccc1,301.367,2.48522,3.0,1.0,77.23,4.0,0.0625,0
Cc1ccc(/N=C/c2ccc(S(N)(=O)=O)cc2)cc1,274.345,2.39302,3.0,1.0,72.52,3.0,0.071428575,0
Cc1ccc(C2=C(c3ccc(S(C)(=O)=O)cc3)CC3(CC3)C2)cc1,338.472,4.88332,2.0,0.0,34.14,3.0,0.33333334,1
Cc1ccc(C2=C(c3ccc(S(C)(=O)=O)cc3)CCC2)cc1,312.434,4.49322,2.0,0.0,34.14,3.0,0.2631579,1
Cc1ccc(C=Nc2ccc(S(N)(=O)=O)cc2)cc1,274.345,2.39302,3.0,1.0,72.52,3.0,0.071428575,0
Cc1ccc(CNc2cc(C(F)(F)F)nc(-c3ccc(S(C)(=O)=O)cc3)n2)cc1,421.444,4.48642,5.0,1.0,71.95,5.0,0.2,1
Cc1ccc(CNc2cc(C(F)(F)F)nc(-c3ccc(S(C)(=O)=O)cc3)n2)s1,427.473,4.54792,6.0,1.0,71.95,5.0,0.22222222,1
Cc1ccc(CNc2cc(Cl)nc(-c3ccc(S(C)(=O)=O)cc3)n2)cc1,387.892,4.12102,5.0,1.0,71.95,5.0,0.15789473,1
Cc1ccc(CNc2nc(-c3ccc(S(C)(=O)=O)cc3)nc(Cl)c2C)cc1,401.919,4.42944,5.0,1.0,71.95,5.0,0.2,1
Cc1ccc(Cl)c(Nc2ccccc2C(=O)NC(C)C(=O)O)c1Cl,367.232,4.24832,3.0,3.0,78.43,5.0,0.1764706,0
Cc1ccc(Cl)c(Nc2ccccc2C(=O)NCC(=O)O)c1Cl,353.205,3.85982,3.0,3.0,78.43,5.0,0.125,1
Cc1ccc(Cl)c(Nc2ccccc2C(=O)NCCBr)c1Cl,402.119,5.17012,2.0,2.0,41.13,5.0,0.1875,0
Cc1ccc(Cl)c(Nc2ccccc2C(=O)NCCCCl)c1Cl,371.695,5.40412,2.0,2.0,41.13,6.0,0.23529412,0
Cc1ccc(Cl)c(Nc2ccccc2C(=O)NCCO)c1Cl,339.222,3.76752,3.0,3.0,61.36,5.0,0.1875,0
Cc1ccc(Cl)c(Nc2ccccc2C(=O)NCCOc2ccccc2)c1Cl,415.32,5.85422,3.0,2.0,50.36,7.0,0.13636364,0
Cc1ccc(Cl)c(Nc2ccccc2C(=O)NCCc2ccccc2)c1Cl,399.321,6.01792,2.0,2.0,41.13,6.0,0.13636364,0
Cc1ccc(Cl)c(Nc2ccccc2C(=O)NNCc2ccccc2)c1Cl,400.309,5.48002,3.0,3.0,53.16,6.0,0.0952381,0
Cc1ccc(Cl)c(Nc2ccccc2C(=O)NOC(C)(C)C)c1Cl,367.276,5.50532,3.0,2.0,50.36,4.0,0.2777778,0
Cc1ccc(Cl)c(Nc2ccccc2C(=O)NOCc2ccc([N+](=O)[O-])cc2)c1Cl,446.29,5.81522,5.0,2.0,93.5,7.0,0.0952381,0
Cc1ccc(Cl)c(Nc2ccccc2C(=O)NOCc2ccccc2)c1Cl,401.293,5.90702,3.0,2.0,50.36,6.0,0.0952381,0
Cc1ccc(Cl)c(Nc2ccccc2C(=O)O)c1Cl,296.153,4.74362,2.0,2.0,49.33,3.0,0.071428575,1
Cc1ccc(N2C(=O)CSC2c2ccc(S(C)(=O)=O)cc2)cc1,347.461,3.17712,4.0,0.0,54.45,3.0,0.23529412,1
Cc1ccc(N2CC(c3ccc(S(C)(=O)=O)cc3)=C(c3ccc(F)cc3)C2=O)cc1,421.493,4.49522,3.0,0.0,54.45,4.0,0.125,0
Cc1ccc(N2CC(c3ccc(S(C)(=O)=O)cc3)=C(c3ccccc3)C2=O)cc1,403.503,4.35612,3.0,0.0,54.45,4.0,0.125,0
Cc1ccc(NNC(=O)c2ccc(Cl)cc2)cc1,260.724,3.40532,2.0,2.0,41.13,3.0,0.071428575,1
Cc1ccc(NNC(=O)c2ccccc2)cc1,226.279,2.75192,2.0,2.0,41.13,3.0,0.071428575,0
Cc1ccc(Nc2c(C)cccc2Cl)c(CC(=O)O)c1,289.762,4.32754,2.0,2.0,49.33,4.0,0.1875,1
Cc1ccc(Nc2c(Cl)cc(Cl)cc2Cl)c(CC(=O)O)c1,344.625,5.32592,2.0,2.0,49.33,4.0,0.13333334,1
Cc1ccc(Nc2c(Cl)cccc2Cl)c(CC(=O)O)c1,310.18,4.67252,2.0,2.0,49.33,4.0,0.13333334,1
Cc1ccc(Nc2c(F)cccc2Cl)c(CC(=O)O)c1,293.725,4.15822,2.0,2.0,49.33,4.0,0.13333334,1
Cc1ccc(OC2=C(c3ccc(S(C)(=O)=O)cc3)C(C)(C)OC2=O)cc1,372.442,3.52402,5.0,0.0,69.67,4.0,0.25,1
Cc1ccc(OC2=C(c3ccc(S(C)(=O)=O)cc3)C(C)(C)OC2=O)nc1,373.43,2.91902,6.0,0.0,82.56,4.0,0.2631579,1
Cc1ccc(Oc2c(-c3ccc(S(C)(=O)=O)cc3)oc(C)cc2=O)c(Cl)c1,404.871,4.77284,5.0,0.0,73.58,4.0,0.15,1
Cc1ccc(Oc2c(-c3ccc(S(C)(=O)=O)cc3)oc(C)cc2=O)c(F)c1,388.416,4.25854,5.0,0.0,73.58,4.0,0.15,1
Cc1ccc(Oc2c(-c3ccc(S(C)(=O)=O)cc3)oc(C)cc2=O)cc1,370.426,4.11944,5.0,0.0,73.58,4.0,0.15,1
Cc1ccc(Sc2cc3c(cc2NS(C)(=O)=O)CCC3=O)cc1,347.461,3.64662,4.0,1.0,63.24,4.0,0.23529412,1
Cc1ccc(Sc2cc3c(cc2NS(C)(=O)=O)CCC3=O)nc1,348.449,3.04162,5.0,1.0,76.13,4.0,0.25,0
Cc1ccc2[nH]c(-c3ccc(S(C)(=O)=O)cc3)c(-c3ccccc3)c2c1,361.466,5.21382,2.0,1.0,49.93,3.0,0.09090909,1
Cc1ccc2[nH]c(-c3ccc(S(N)(=O)=O)cc3)c(-c3ccccc3)c2c1,362.454,4.45772,2.0,2.0,75.95,3.0,0.04761905,1
Cc1ccc2c(-c3ccc(S(C)(=O)=O)cc3)c(-c3ccc(F)cc3)nn2n1,381.432,3.91432,4.0,0.0,64.33,3.0,0.1,1
Cc1ccc2c(c1)=C1C(CC=2)OC(=O)C1c1ccc(S(C)(=O)=O)cc1,354.427,1.44262,4.0,0.0,60.44,2.0,0.25,0
Cc1ccc2c(c1)CSc1c(C(F)(F)F)nn(-c3ccc(S(N)(=O)=O)cc3)c1-2,425.457,4.11962,4.0,1.0,77.98,2.0,0.16666667,1
Cc1ccc2c(c1)c(-c1ccnc3c(C)cccc13)c(C)n2CC(=O)O,344.414,4.86636,2.0,1.0,55.12,3.0,0.18181819,0
Cc1ccc2c(c1F)CSc1c(C(F)(F)F)nn(-c3ccc(S(N)(=O)=O)cc3)c1-2,443.447,4.25872,4.0,1.0,77.98,2.0,0.16666667,1
Cc1cccc(-c2c(-c3ccc(S(C)(=O)=O)cc3)sc3nc(C(F)(F)F)nn23)c1,437.468,4.85552,5.0,0.0,64.33,3.0,0.15789473,1
Cc1cccc(-c2cc(C(F)(F)F)nn2-c2ccc(S(N)(=O)=O)c(CO)c2)c1,411.405,3.00622,4.0,2.0,98.21,4.0,0.16666667,0
Cc1cccc(-c2cc(C(F)(F)F)nn2-c2ccc(S(N)(=O)=O)cc2)c1,381.379,3.51392,3.0,1.0,77.98,3.0,0.11764706,1
Cc1cccc(-c2nc(C(F)(F)F)cn2-c2ccc(S(C)(=O)=O)cc2)c1,380.391,4.27002,3.0,0.0,51.96,3.0,0.16666667,1
Cc1cccc(-c2nc(C(F)(F)F)cn2-c2ccc(S(C)(=O)=O)cc2)n1,381.379,3.66502,4.0,0.0,64.85,3.0,0.1764706,0
Cc1cccc(-c2nc(C(F)(F)F)cn2-c2ccc(S(N)(=O)=O)cc2)c1,381.379,3.51392,3.0,1.0,77.98,3.0,0.11764706,1
Cc1cccc(-c2nc(C(F)(F)F)cn2-c2ccc(S(N)(=O)=O)cc2)n1,382.367,2.90892,4.0,1.0,90.87,3.0,0.125,0
Cc1cccc(-n2c(-c3ccc(S(N)(=O)=O)cc3)c(C)oc2=O)c1,344.392,2.36174,4.0,1.0,95.3,3.0,0.11764706,0
Cc1cccc(-n2c(-c3ccc(S(N)(=O)=O)cc3)coc2=O)c1,330.365,2.05332,4.0,1.0,95.3,3.0,0.0625,0
Cc1cccc(C)c1Nc1ccccc1CC(=O)O,255.317,3.67414,2.0,2.0,49.33,4.0,0.1875,1
Cc1cccc(CNc2cc(C(F)(F)F)nc(-c3ccc(S(C)(=O)=O)cc3)n2)c1,421.444,4.48642,5.0,1.0,71.95,5.0,0.2,0
Cc1cccc(Cl)c1Nc1ccccc1CC(=O)O,275.735,4.01912,2.0,2.0,49.33,4.0,0.13333334,1
Cc1cccc(OC2=C(c3ccc(S(C)(=O)=O)cc3)C(C)(C)OC2=O)c1,372.442,3.52402,5.0,0.0,69.67,4.0,0.25,1
Cc1cccc(Oc2c(-c3ccc(S(C)(=O)=O)cc3)oc(C)cc2=O)c1,370.426,4.11944,5.0,0.0,73.58,4.0,0.15,0
Cc1ccccc1-c1cc(C(F)(F)F)nn1-c1ccc(S(N)(=O)=O)cc1,381.379,3.51392,3.0,1.0,77.98,3.0,0.11764706,1
Cc1ccccc1-c1nc(C(F)(F)F)cn1-c1ccc(S(C)(=O)=O)cc1,380.391,4.27002,3.0,0.0,51.96,3.0,0.16666667,0
Cc1ccccc1-c1nc(C(F)(F)F)cn1-c1ccc(S(N)(=O)=O)cc1,381.379,3.51392,3.0,1.0,77.98,3.0,0.11764706,1
Cc1ccccc1-n1c(-c2ccc(S(N)(=O)=O)cc2)coc1=O,330.365,2.05332,4.0,1.0,95.3,3.0,0.0625,0
Cc1ccccc1CNc1cc(C(F)(F)F)nc(-c2ccc(S(C)(=O)=O)cc2)n1,421.444,4.48642,5.0,1.0,71.95,5.0,0.2,0
Cc1ccccc1Cn1ncc(-c2ccc(S(C)(=O)=O)cc2)c(-c2ccccc2)c1=O,430.529,4.33752,4.0,0.0,69.03,5.0,0.12,0
Cc1ccccc1OC1=C(c2ccc(S(C)(=O)=O)cc2)C(C)(C)OC1=O,372.442,3.52402,5.0,0.0,69.67,4.0,0.25,1
Cc1ccccc1Sc1cc2c(cc1NS(C)(=O)=O)CCC2=O,347.461,3.64662,4.0,1.0,63.24,4.0,0.23529412,1
Cc1cccnc1-c1nc(C(F)(F)F)cn1-c1ccc(S(C)(=O)=O)cc1,381.379,3.66502,4.0,0.0,64.85,3.0,0.1764706,0
Cc1cccnc1-c1nc(C(F)(F)F)cn1-c1ccc(S(N)(=O)=O)cc1,382.367,2.90892,4.0,1.0,90.87,3.0,0.125,0
Cc1ccn2nc(-c3ccc(S(C)(=O)=O)cc3)c(-c3ccc(F)cc3)c2n1,381.432,3.91432,4.0,0.0,64.33,3.0,0.1,0
Cc1ccnc(-c2nc(C(F)(F)F)cn2-c2ccc(S(C)(=O)=O)cc2)c1,381.379,3.66502,4.0,0.0,64.85,3.0,0.1764706,0
Cc1ccnc(-c2nc(C(F)(F)F)cn2-c2ccc(S(N)(=O)=O)cc2)c1,382.367,2.90892,4.0,1.0,90.87,3.0,0.125,0
Cc1ccnc2c(-c3ccc(F)cc3)c(-c3ccc(S(C)(=O)=O)cc3)nn12,381.432,3.91432,4.0,0.0,64.33,3.0,0.1,1
Cc1ccncc1-c1c(Cl)ncn1-c1ccc(S(C)(=O)=O)cc1,347.827,3.29962,4.0,0.0,64.85,3.0,0.125,1
Cc1ccncc1-c1cc(F)c(F)cc1-c1ccc(S(C)(=O)=O)cc1,359.397,4.40572,3.0,0.0,47.03,3.0,0.10526316,1
Cc1ccncc1-c1nc(C(F)(F)F)cn1-c1ccc(S(C)(=O)=O)cc1,381.379,3.66502,4.0,0.0,64.85,3.0,0.1764706,0
Cc1ccncc1-c1nc(C(F)(F)F)cn1-c1ccc(S(N)(=O)=O)cc1,382.367,2.90892,4.0,1.0,90.87,3.0,0.125,0
Cc1ccncc1-c1ncc(Cl)cc1-c1ccc(S(C)(=O)=O)cc1,358.85,4.17592,4.0,0.0,59.92,3.0,0.11111111,0
Cc1ccncc1C1=C(c2ccc(S(C)(=O)=O)cc2)CCC1=O,327.405,3.06722,4.0,0.0,64.1,3.0,0.22222222,0
Cc1ccsc1-c1nc(C(F)(F)F)cn1-c1ccc(S(C)(=O)=O)cc1,386.42,4.33152,4.0,0.0,51.96,3.0,0.1875,0
Cc1ccsc1CNc1cc(C(F)(F)F)nc(-c2ccc(S(C)(=O)=O)cc2)n1,427.473,4.54792,6.0,1.0,71.95,5.0,0.22222222,0
Cc1cn(-c2ccc(S(C)(=O)=O)cc2)c(-c2ccc(Cl)cc2)n1,346.839,3.90462,3.0,0.0,51.96,3.0,0.11764706,1
Cc1cn(-c2ccc(S(C)(=O)=O)cc2)c(-c2cccnc2)n1,313.382,2.64622,4.0,0.0,64.85,3.0,0.125,0
Cc1cn2c(-c3ccc(S(C)(=O)=O)cc3)c(-c3ccccc3)nc2s1,368.483,4.44172,4.0,0.0,51.44,3.0,0.10526316,0
Cc1cn2c(-c3ccccc3)c(-c3ccc(S(C)(=O)=O)cc3)nc2s1,368.483,4.44172,4.0,0.0,51.44,3.0,0.10526316,1
Cc1cn2nc(-c3ccc(S(C)(=O)=O)cc3)c(-c3ccc(F)cc3)c2nc1C,395.459,4.22274,4.0,0.0,64.33,3.0,0.14285715,0
Cc1cnc(-c2cccnc2)c(-c2ccc(S(C)(=O)=O)cc2)c1,324.405,3.52252,4.0,0.0,59.92,3.0,0.11111111,0
Cc1cnc(NC(=O)C2C(=O)c3ccccc3S(=O)(=O)N2C)s1,351.409,1.27562,6.0,1.0,96.44,2.0,0.21428572,0
Cc1cnc(NC(=O)C2C(=O)c3sccc3S(=O)(=O)N2C)s1,357.438,1.33712,7.0,1.0,96.44,2.0,0.25,0
Cc1cnc(Sc2cc3c(cc2NS(C)(=O)=O)CCC3=O)s1,354.478,3.10312,6.0,1.0,76.13,4.0,0.2857143,0
Cc1cnc2c(-c3ccc(F)cc3)c(-c3ccc(S(C)(=O)=O)cc3)nn2c1,381.432,3.91432,4.0,0.0,64.33,3.0,0.1,1
Cc1cnc2c(-c3ccc(F)cc3)c(-c3ccc(S(C)(=O)=O)cc3)nn2c1C,395.459,4.22274,4.0,0.0,64.33,3.0,0.14285715,1
Cc1cncc(-c2nc(C(F)(F)F)cn2-c2ccc(S(C)(=O)=O)cc2)c1,381.379,3.66502,4.0,0.0,64.85,3.0,0.1764706,0
Cc1cncc(-c2nc(C(F)(F)F)cn2-c2ccc(S(N)(=O)=O)cc2)c1,382.367,2.90892,4.0,1.0,90.87,3.0,0.125,0
Cc1cncc(-c2ncc(Cl)cc2-c2ccc(S(C)(=O)=O)cc2)c1,358.85,4.17592,4.0,0.0,59.92,3.0,0.11111111,0
Cc1cnn(-c2ccc(S(N)(=O)=O)cc2)c1-c1ccccc1,313.382,2.49512,3.0,1.0,77.98,3.0,0.0625,0
Cc1csc(-c2nc(C(F)(F)F)cn2-c2ccc(S(N)(=O)=O)cc2)n1,388.396,2.97042,5.0,1.0,90.87,3.0,0.14285715,1
Cc1csc(NC(=O)C2C(=O)c3ccccc3S(=O)(=O)N2C)n1,351.409,1.27562,6.0,1.0,96.44,2.0,0.21428572,0
Cc1csc(Sc2cc3c(cc2NS(C)(=O)=O)CCC3=O)n1,354.478,3.10312,6.0,1.0,76.13,4.0,0.2857143,1
Cc1csc(Sc2cc3c(cc2NS(C)(=O)=O)COC3=O)n1,356.45,2.64462,7.0,1.0,85.36,4.0,0.23076923,0
Cc1csc2nc(-c3ccc(S(C)(=O)=O)cc3)c(-c3ccccc3)n12,368.483,4.44172,4.0,0.0,51.44,3.0,0.10526316,0
Cc1csc2nc(-c3ccccc3)c(-c3ccc(S(C)(=O)=O)cc3)n12,368.483,4.44172,4.0,0.0,51.44,3.0,0.10526316,0
Cc1nc(-c2ccc(C)s2)c(-c2ccc(S(C)(=O)=O)cc2)o1,333.434,4.09044,5.0,0.0,60.17,3.0,0.1875,1
Cc1nc(-c2ccc(C)s2)c(-c2ccc(S(N)(=O)=O)c(F)c2)o1,352.412,3.47344,5.0,1.0,86.19,3.0,0.13333334,1
Cc1nc(-c2ccc(C)s2)c(-c2ccc(S(N)(=O)=O)cc2)o1,334.422,3.33434,5.0,1.0,86.19,3.0,0.13333334,1
Cc1nc(-c2ccc(Cl)cc2)c(-c2ccc(S(N)(=O)=O)cc2)s1,364.879,4.08632,4.0,1.0,73.05,3.0,0.0625,1
Cc1nc(-c2ccc(Cl)s2)c(-c2ccc(S(C)(=O)=O)cc2)o1,353.852,4.43542,5.0,0.0,60.17,3.0,0.13333334,1
Cc1nc(-c2ccc(Cl)s2)c(-c2ccc(S(N)(=O)=O)cc2)o1,354.84,3.67932,5.0,1.0,86.19,3.0,0.071428575,1
Cc1nc(-c2ccc(F)cc2)c(-c2ccc(S(C)(=O)=O)cc2)o1,331.368,3.85962,4.0,0.0,60.17,3.0,0.11764706,1
Cc1nc(-c2ccc(F)cc2)c(-c2ccc(S(C)(=O)=O)cc2)s1,347.436,4.32812,4.0,0.0,47.03,3.0,0.11764706,1
Cc1nc(-c2ccc(F)cc2)c(-c2ccc(S(N)(=O)=O)c(F)c2)o1,350.346,3.24262,4.0,1.0,86.19,3.0,0.0625,1
Cc1nc(-c2ccc(F)cc2)c(-c2ccc(S(N)(=O)=O)cc2)o1,332.356,3.10352,4.0,1.0,86.19,3.0,0.0625,1
Cc1nc(-c2ccc(S(C)(=O)=O)cc2)c(-c2ccc(Cl)s2)o1,353.852,4.43542,5.0,0.0,60.17,3.0,0.13333334,0
Cc1nc(-c2ccc(S(C)(=O)=O)cc2)c(-c2ccc(F)cc2)o1,331.368,3.85962,4.0,0.0,60.17,3.0,0.11764706,0
Cc1nc(-c2ccc(S(C)(=O)=O)cc2)c(-c2ccc(F)cc2)s1,347.436,4.32812,4.0,0.0,47.03,3.0,0.11764706,1
Cc1nc(-c2ccc(S(N)(=O)=O)cc2)c(-c2ccc(Br)cc2)s1,409.33,4.19542,4.0,1.0,73.05,3.0,0.0625,1
Cc1nc(-c2ccc(S(N)(=O)=O)cc2)c(-c2ccc(Cl)cc2)s1,364.879,4.08632,4.0,1.0,73.05,3.0,0.0625,1
Cc1nc(-c2ccc(S(N)(=O)=O)cc2)c(-c2ccccc2)s1,330.434,3.43292,4.0,1.0,73.05,3.0,0.0625,1
Cc1nc(-c2ccccc2)c(-c2ccc(S(C)(=O)=O)cc2)o1,313.378,3.72052,4.0,0.0,60.17,3.0,0.11764706,1
Cc1nc(-c2ccccc2)c(-c2ccc(S(N)(=O)=O)cc2)s1,330.434,3.43292,4.0,1.0,73.05,3.0,0.0625,1
Cc1nc(-c2nc(C(F)(F)F)cn2-c2ccc(S(=O)(=O)N(C)C)cc2)co1,400.382,3.10482,5.0,0.0,81.23,4.0,0.25,0
Cc1nc(-c2nc(C(F)(F)F)cn2-c2ccc(S(C)(=O)=O)cc2)co1,371.34,3.25802,5.0,0.0,77.99,3.0,0.2,0
Cc1nc(-c2nc(C(F)(F)F)cn2-c2ccc(S(C)(=O)=O)cc2)cs1,387.408,3.72652,5.0,0.0,64.85,3.0,0.2,0
Cc1nc(-c2nc(C(F)(F)F)cn2-c2ccc(S(N)(=O)=O)cc2)cs1,388.396,2.97042,5.0,1.0,90.87,3.0,0.14285715,0
Cc1nc(C2CCCC2)c(-c2ccc(S(C)(=O)=O)cc2)o1,305.399,3.71112,4.0,0.0,60.17,3.0,0.4375,0
Cc1nc(C2CCCCC2)c(-c2ccc(S(C)(=O)=O)cc2)o1,319.426,4.10122,4.0,0.0,60.17,3.0,0.47058824,1
Cc1nc(C2CCCCC2)c(-c2ccc(S(N)(=O)=O)c(C)c2)o1,334.441,3.65354,4.0,1.0,86.19,3.0,0.47058824,0
Cc1nc(C2CCCCC2)c(-c2ccc(S(N)(=O)=O)c(F)c2)o1,338.404,3.48422,4.0,1.0,86.19,3.0,0.4375,1
Cc1nc(C2CCCCC2)c(-c2ccc(S(N)(=O)=O)c(N)c2)o1,335.429,2.92732,5.0,2.0,112.21,3.0,0.4375,0
Cc1nc(C2CCCCC2)c(-c2ccc(S(N)(=O)=O)c(O)c2)o1,336.413,3.05072,5.0,2.0,106.42,3.0,0.4375,0
Cc1nc(C2CCCCC2)c(-c2ccc(S(N)(=O)=O)cc2)o1,320.414,3.34512,4.0,1.0,86.19,3.0,0.4375,1
Cc1nc(C2CCCCCC2)c(-c2ccc(S(C)(=O)=O)cc2)o1,333.453,4.49132,4.0,0.0,60.17,3.0,0.5,1
Cc1nc(Sc2cc3c(cc2NS(C)(=O)=O)CCC3=O)sc1C,368.505,3.41154,6.0,1.0,76.13,4.0,0.33333334,0
Cc1nc2c(-c3ccc(F)cc3)c(-c3ccc(S(C)(=O)=O)cc3)nn2c(C)c1C,409.486,4.53116,4.0,0.0,64.33,3.0,0.18181819,1
Cc1nc2sc(-c3ccc(S(C)(=O)=O)cc3)c(-c3cccc(F)c3)n2n1,387.461,3.97582,5.0,0.0,64.33,3.0,0.11111111,0
Cc1nc2sc(-c3ccc(S(C)(=O)=O)cc3)c(-c3ccccc3)n2n1,369.471,3.83672,5.0,0.0,64.33,3.0,0.11111111,0
Cc1ncc(-c2ccc(S(C)(=O)=O)cc2)n1-c1ccc(F)cc1,330.384,3.39032,3.0,0.0,51.96,3.0,0.11764706,1
Cc1ncc(-c2nc(C(F)(F)F)cn2-c2ccc(S(N)(=O)=O)cc2)s1,388.396,2.97042,5.0,1.0,90.87,3.0,0.14285715,0
Cc1ncccc1-c1nc(C(F)(F)F)cn1-c1ccc(S(C)(=O)=O)cc1,381.379,3.66502,4.0,0.0,64.85,3.0,0.1764706,0
Cc1ncccc1-c1nc(C(F)(F)F)cn1-c1ccc(S(N)(=O)=O)cc1,382.367,2.90892,4.0,1.0,90.87,3.0,0.125,0
Cc1ncccc1-c1ncc(Cl)cc1-c1ccc(S(C)(=O)=O)cc1,358.85,4.17592,4.0,0.0,59.92,3.0,0.11111111,0
Cc1ncn(-c2ccc(S(C)(=O)=O)cc2)c1-c1ccc(F)cc1,330.384,3.39032,3.0,0.0,51.96,3.0,0.11764706,1
Cc1nn(-c2ccc(S(N)(=O)=O)cc2)c(-c2ccccc2)c1Cl,347.827,3.14852,3.0,1.0,77.98,3.0,0.0625,1
Cc1nn(-c2ccc(S(N)(=O)=O)cc2)c2c1c(=O)[nH]c1ccc([N+](=O)[O-])cc12,399.388,1.73102,6.0,2.0,153.98,3.0,0.05882353,1
Cc1nn(-c2ccccc2)c2c1c(=O)[nH]c1ccc([N+](=O)[O-])cc12,320.308,3.08362,4.0,1.0,93.82,2.0,0.05882353,0
Cc1oc(=O)n(-c2ccc(Cl)c(Cl)c2)c1-c1ccc(S(N)(=O)=O)cc1,399.255,3.36012,4.0,1.0,95.3,3.0,0.0625,1
Cc1oc(=O)n(-c2ccc(F)cc2)c1-c1ccc(S(N)(=O)=O)cc1,348.355,2.19242,4.0,1.0,95.3,3.0,0.0625,0
Cc1oc(=O)n(-c2ccccc2)c1-c1ccc(S(N)(=O)=O)cc1,330.365,2.05332,4.0,1.0,95.3,3.0,0.0625,0
Cc1onc(-c2ccccc2)c1-c1ccc(S(=O)(=O)NO)cc1,330.365,2.98452,5.0,2.0,92.43,4.0,0.0625,0
Cc1onc(-c2ccccc2)c1-c1ccc(S(N)(=O)=O)cc1,314.366,2.96442,4.0,1.0,86.19,3.0,0.0625,1
Cc1onc(-c2ccccc2)c1-c1ccccc1,235.286,4.31702,2.0,0.0,26.03,2.0,0.0625,0
Cc1sc2nc(-c3ccccc3)c(-c3ccc(S(C)(=O)=O)cc3)n2c1C,382.51,4.75014,4.0,0.0,51.44,3.0,0.15,0
Clc1ccc(-c2nn(-c3ccc(Cl)cc3)c3c2CCCCC3)cc1,357.284,6.115,1.0,0.0,17.82,2.0,0.25,0
Clc1ccc(-c2nn(-c3ccccc3)c3c2CCC3)cc1,294.785,4.6814,1.0,0.0,17.82,2.0,0.16666667,0
Clc1ccc(-c2nn(-c3ccccc3)c3c2CCCC3)cc1,308.812,5.0715,1.0,0.0,17.82,2.0,0.21052632,0
Clc1ccc(-c2nn(-c3ccccc3)c3c2CCCCC3)cc1,322.839,5.4616,1.0,0.0,17.82,2.0,0.25,1
Cn1c(Br)c(Br)c(-c2ccc(F)cc2)c1-c1ccc(S(C)(=O)=O)cc1,487.188,5.4267,2.0,0.0,39.07,3.0,0.11111111,0
Cn1c(Br)cc(-c2ccc(F)cc2)c1-c1ccc(S(C)(=O)=O)cc1,408.292,4.6642,2.0,0.0,39.07,3.0,0.11111111,0
Cn1c(Cl)c(Cl)c(-c2ccc(F)cc2)c1-c1ccc(S(C)(=O)=O)cc1,398.286,5.2085,2.0,0.0,39.07,3.0,0.11111111,0
Cn1c(O)c(C(=O)Nc2ccc(Cl)cc2)c2ccccc2c1=O,328.755,3.1498,3.0,2.0,71.33,2.0,0.05882353,1
Cn1c(O)c(C(=O)Nc2ccc(Cl)cc2Cl)c2cc(Cl)ccc2c1=O,397.645,4.4566,3.0,2.0,71.33,2.0,0.05882353,1
Cn1c(O)c(C(=O)Nc2ccccc2)c2ccccc2c1=O,294.31,2.4964,3.0,2.0,71.33,2.0,0.05882353,1
Cn1cc(-c2nc(C(F)(F)F)cn2-c2ccc(S(C)(=O)=O)cc2)c2ccccc21,419.428,4.4533,3.0,0.0,56.89,3.0,0.15,0
Cn1ccc(-c2ccc(F)cc2)c1-c1ccc(S(C)(=O)=O)cc1,329.396,3.9017,2.0,0.0,39.07,3.0,0.11111111,0
Cn1cccc1C(=O)c1cc(C(C)(C)C)c2c(c1)C(C)(C)CO2,311.425,4.2236,2.0,0.0,31.23,2.0,0.45,1
Cn1cccc1CCNc1cc(C(F)(F)F)nc(-c2ccc(S(C)(=O)=O)cc2)n1,424.448,3.559,5.0,1.0,76.88,6.0,0.2631579,0
Cn1cccc1CNc1cc(C(F)(F)F)nc(-c2ccc(S(C)(=O)=O)cc2)n1,410.421,3.5165,5.0,1.0,76.88,5.0,0.22222222,1
Cn1ncc(-c2ccc(S(C)(=O)=O)cc2)c(-c2ccccc2)c1=O,340.404,2.5178,4.0,0.0,69.03,3.0,0.11111111,0
FC(F)(F)c1cc(-c2ccc(Cl)cc2)n(-c2ccc(Cl)cc2)n1,357.162,5.8649,1.0,0.0,17.82,2.0,0.0625,0
Fc1ccc(-c2[nH]c(-c3ccc(F)cc3)c3c2C2CCC3C2)cc1,321.37,5.9916,0.0,1.0,15.79,2.0,0.23809524,1
Fc1ccc(-c2[nH]c(-c3ccc(F)cc3)c3c2C2CCC3CC2)cc1,335.397,6.3817,0.0,1.0,15.79,2.0,0.27272728,1
N#CCc1cc(-c2ccc(Cl)cc2)n(-c2ccc(S(N)(=O)=O)cc2)n1,372.837,2.90618,4.0,1.0,101.77,4.0,0.05882353,1
N#Cc1cc(-c2ccc(F)cc2)n(-c2ccc(S(N)(=O)=O)cc2)n1,342.355,2.19748,4.0,1.0,101.77,3.0,0.0,0
N#Cc1cc(/C=C/S(N)(=O)=O)cc(C(=O)c2ccccc2)c1,312.35,2.04848,4.0,1.0,101.02,4.0,0.0,0
N#Cc1ccc(-c2cc(C(F)F)nn2-c2ccc(S(N)(=O)=O)cc2)cc1,374.372,2.99598,4.0,1.0,101.77,4.0,0.05882353,0
N#Cc1nn(-c2ccc(S(N)(=O)=O)cc2)c(-c2ccc(Cl)cc2)c1Cl,393.255,3.36518,4.0,1.0,101.77,3.0,0.0,1
N#Cc1nn(-c2ccc(S(N)(=O)=O)cc2)c2c1SCc1cc(F)ccc1-2,386.433,2.80318,5.0,1.0,101.77,2.0,0.05882353,1
NC(=O)c1nn(-c2ccc(S(N)(=O)=O)cc2)c(-c2ccc(Cl)cc2)c1Cl,411.27,2.5924,4.0,2.0,121.07,4.0,0.0,0
NS(=O)(=O)/C=C/c1cc(CO)cc(C(=O)c2ccccc2)c1,317.366,1.6691,4.0,2.0,97.46,5.0,0.0625,0
NS(=O)(=O)/C=C/c1ccc(C(=O)c2ccccc2)cc1CO,317.366,1.6691,4.0,2.0,97.46,5.0,0.0625,0
NS(=O)(=O)c1ccc(-c2[nH]c3ccc(Br)cc3c2-c2ccccc2)cc1,427.323,4.9118,2.0,2.0,75.95,3.0,0.0,1
NS(=O)(=O)c1ccc(-c2[nH]c3ccc(Cl)cc3c2-c2ccc(Cl)cc2)cc1,417.317,5.4561,2.0,2.0,75.95,3.0,0.0,1
NS(=O)(=O)c1ccc(-c2[nH]c3ccc(Cl)cc3c2-c2cccc(Cl)c2)cc1,417.317,5.4561,2.0,2.0,75.95,3.0,0.0,1
NS(=O)(=O)c1ccc(-c2[nH]c3ccc(Cl)cc3c2-c2ccccc2)cc1,382.872,4.8027,2.0,2.0,75.95,3.0,0.0,1
NS(=O)(=O)c1ccc(-c2[nH]c3ccc(Cl)cc3c2-c2ccccc2Cl)cc1,417.317,5.4561,2.0,2.0,75.95,3.0,0.0,1
NS(=O)(=O)c1ccc(-c2[nH]c3ccc(F)cc3c2-c2ccccc2)cc1,366.417,4.2884,2.0,2.0,75.95,3.0,0.0,1
NS(=O)(=O)c1ccc(-c2[nH]c3ccccc3c2-c2ccc(Br)cc2)cc1,427.323,4.9118,2.0,2.0,75.95,3.0,0.0,1
NS(=O)(=O)c1ccc(-c2[nH]c3ccccc3c2-c2ccc(Cl)cc2)cc1,382.872,4.8027,2.0,2.0,75.95,3.0,0.0,1
NS(=O)(=O)c1ccc(-c2[nH]c3ccccc3c2-c2ccc(F)cc2)cc1,366.417,4.2884,2.0,2.0,75.95,3.0,0.0,1
NS(=O)(=O)c1ccc(-c2[nH]c3ccccc3c2-c2ccc(O)cc2)cc1,364.426,3.8549,3.0,3.0,96.18,3.0,0.0,1
NS(=O)(=O)c1ccc(-c2[nH]c3ccccc3c2-c2ccccc2)cc1,348.427,4.1493,2.0,2.0,75.95,3.0,0.0,1
NS(=O)(=O)c1ccc(-c2c(-c3ccc(OC(F)(F)F)cc3)nn3ncccc23)cc1,434.399,3.6093,5.0,1.0,99.58,4.0,0.05263158,0
NS(=O)(=O)c1ccc(-c2c(-c3ccccc3)noc2CCF)cc1,346.383,3.168,4.0,1.0,86.19,5.0,0.11764706,1
NS(=O)(=O)c1ccc(-c2c(-c3ccccc3)noc2CF)cc1,332.356,3.1255,4.0,1.0,86.19,4.0,0.0625,1
NS(=O)(=O)c1ccc(-c2c(-c3ccccc3)noc2CO)cc1,330.365,2.1483,5.0,2.0,106.42,4.0,0.0625,1
NS(=O)(=O)c1ccc(-c2cc(C(F)(F)F)nn2-c2ccc(F)cc2)cc1,385.342,3.3446,3.0,1.0,77.98,3.0,0.0625,1
NS(=O)(=O)c1ccc(-c2cc(F)c(F)cc2-c2ccc(F)c(Cl)c2)cc1,397.805,4.7387,2.0,1.0,60.16,3.0,0.0,1
NS(=O)(=O)c1ccc(-c2cc(F)c(F)cc2-c2ccc(F)cc2)cc1,363.36,4.0853,2.0,1.0,60.16,3.0,0.0,1
NS(=O)(=O)c1ccc(-c2cc(F)c(F)cc2-c2ccc3c(c2)OCCO3)cc1,403.406,3.7174,4.0,1.0,78.62,3.0,0.1,1
NS(=O)(=O)c1ccc(-c2cc(F)c(F)cc2-c2ccc3c(c2)OCO3)cc1,389.379,3.6749,4.0,1.0,78.62,3.0,0.05263158,1
NS(=O)(=O)c1ccc(-c2cc3c(cc2Cc2ccccc2)OCO3)cc1,367.426,3.3205,4.0,1.0,78.62,4.0,0.1,1
NS(=O)(=O)c1ccc(-c2ccc(F)c(F)c2-c2ccc(F)c(Cl)c2)cc1,397.805,4.7387,2.0,1.0,60.16,3.0,0.0,1
NS(=O)(=O)c1ccc(-c2ccc(F)c(F)c2-c2ccc(F)cc2)cc1,363.36,4.0853,2.0,1.0,60.16,3.0,0.0,1
NS(=O)(=O)c1ccc(-c2ccc(F)c(F)c2-c2ccc3c(c2)OCCO3)cc1,403.406,3.7174,4.0,1.0,78.62,3.0,0.1,1
NS(=O)(=O)c1ccc(-c2ccc(F)c(F)c2-c2ccc3c(c2)OCO3)cc1,389.379,3.6749,4.0,1.0,78.62,3.0,0.05263158,1
NS(=O)(=O)c1ccc(-c2ccccc2-c2ccc(Cl)cc2)cc1,343.835,4.3214,2.0,1.0,60.16,3.0,0.0,1
NS(=O)(=O)c1ccc(-c2ccccc2-c2ccc(F)c(Cl)c2)cc1,361.825,4.4605,2.0,1.0,60.16,3.0,0.0,1
NS(=O)(=O)c1ccc(-c2ccccc2-c2ccc(F)cc2)cc1,327.38,3.8071,2.0,1.0,60.16,3.0,0.0,1
NS(=O)(=O)c1ccc(-c2ccsc2-c2ccc(F)cc2)cc1,333.409,3.8686,3.0,1.0,60.16,3.0,0.0,1
NS(=O)(=O)c1ccc(-c2coc(=O)n2-c2ccc(C(=O)O)cc2)cc1,360.347,1.4431,5.0,2.0,132.6,4.0,0.0,0
NS(=O)(=O)c1ccc(-c2coc(=O)n2-c2ccc(C(F)(F)F)cc2)cc1,384.335,2.7637,4.0,1.0,95.3,3.0,0.0625,0
NS(=O)(=O)c1ccc(-c2coc(=O)n2-c2ccc(Cl)c(Cl)c2)cc1,385.228,3.0517,4.0,1.0,95.3,3.0,0.0,0
NS(=O)(=O)c1ccc(-c2coc(=O)n2-c2ccc(Cl)cc2)cc1,350.783,2.3983,4.0,1.0,95.3,3.0,0.0,0
NS(=O)(=O)c1ccc(-c2coc(=O)n2-c2ccc(F)cc2)cc1,334.328,1.884,4.0,1.0,95.3,3.0,0.0,0
NS(=O)(=O)c1ccc(-c2coc(=O)n2-c2ccc(F)cc2F)cc1,352.318,2.0231,4.0,1.0,95.3,3.0,0.0,0
NS(=O)(=O)c1ccc(-c2coc(=O)n2-c2cccc(Cl)c2)cc1,350.783,2.3983,4.0,1.0,95.3,3.0,0.0,0
NS(=O)(=O)c1ccc(-c2coc(=O)n2-c2cccc3ccccc23)cc1,366.398,2.8981,4.0,1.0,95.3,3.0,0.0,0
NS(=O)(=O)c1ccc(-c2coc(=O)n2-c2ccccc2)cc1,316.338,1.7449,4.0,1.0,95.3,3.0,0.0,0
NS(=O)(=O)c1ccc(-c2coc(=O)n2-c2ccccc2Cl)cc1,350.783,2.3983,4.0,1.0,95.3,3.0,0.0,0
NS(=O)(=O)c1ccc(-c2coc(=O)n2-c2ccccc2F)cc1,334.328,1.884,4.0,1.0,95.3,3.0,0.0,0
NS(=O)(=O)c1ccc(-c2coc(=O)n2C2CCCCC2)cc1,322.386,2.2609,4.0,1.0,95.3,3.0,0.4,0
NS(=O)(=O)c1ccc(-c2cscc2-c2ccc(F)cc2)cc1,333.409,3.8686,3.0,1.0,60.16,3.0,0.0,1
NS(=O)(=O)c1ccc(-c2nc(NCC3CCCCC3)cc(C(F)(F)F)n2)cc1,414.453,3.802,5.0,2.0,97.97,5.0,0.44444445,0
NS(=O)(=O)c1ccc(-c2nc(NCc3cc4ccccc4s3)cc(C(F)(F)F)n2)cc1,464.494,4.6366,6.0,2.0,97.97,5.0,0.1,1
NS(=O)(=O)c1ccc(-c2nc(NCc3ccccc3)cc(C(F)(F)F)n2)cc1,408.405,3.4219,5.0,2.0,97.97,5.0,0.11111111,0
NS(=O)(=O)c1ccc(-c2nc(NCc3ccccn3)cc(C(F)(F)F)n2)cc1,409.393,2.8169,6.0,2.0,110.86,5.0,0.11764706,0
NS(=O)(=O)c1ccc(-c2nc(NCc3ccco3)cc(C(F)(F)F)n2)cc1,398.366,3.0149,6.0,2.0,111.11,5.0,0.125,1
NS(=O)(=O)c1ccc(-c2nc(NCc3cccs3)cc(C(F)(F)F)n2)cc1,414.434,3.4834,6.0,2.0,97.97,5.0,0.125,1
NS(=O)(=O)c1ccc(-c2nc(NCc3ccncc3)cc(C(F)(F)F)n2)cc1,409.393,2.8169,6.0,2.0,110.86,5.0,0.11764706,0
NS(=O)(=O)c1ccc(-c2nc(NCc3ccsc3)cc(C(F)(F)F)n2)cc1,414.434,3.4834,6.0,2.0,97.97,5.0,0.125,1
NS(=O)(=O)c1ccc(-c2nc(NCc3csc4ccccc34)cc(C(F)(F)F)n2)cc1,464.494,4.6366,6.0,2.0,97.97,5.0,0.1,0
NS(=O)(=O)c1ccc(-c2nc3ccccc3n2-c2ccc(Cl)cc2)cc1,383.86,3.9933,3.0,1.0,77.98,3.0,0.0,1
NS(=O)(=O)c1ccc(-c2oc3ccccc3c2-c2ccc(F)cc2)cc1,367.401,4.5533,3.0,1.0,73.3,3.0,0.0,1
NS(=O)(=O)c1ccc(-c2sc(-c3ccccc3Cl)nc2-c2ccc(F)cc2)cc1,444.94,5.584,4.0,1.0,73.05,4.0,0.0,1
NS(=O)(=O)c1ccc(-c2sc(COc3cc(Cl)cc(Cl)c3)nc2-c2ccc(F)cc2)cc1,509.411,6.1494,5.0,1.0,82.28,6.0,0.045454547,1
NS(=O)(=O)c1ccc(-c2sccc2-c2ccc(F)cc2)cc1,333.409,3.8686,3.0,1.0,60.16,3.0,0.0,0
NS(=O)(=O)c1ccc(-n2cc(C(F)(F)F)nc2-c2ccc(Cl)cc2)cc1,401.797,3.8589,3.0,1.0,77.98,3.0,0.0625,1
NS(=O)(=O)c1ccc(-n2cc(C(F)(F)F)nc2-c2ccc(F)c(F)c2)cc1,403.332,3.4837,3.0,1.0,77.98,3.0,0.0625,1
NS(=O)(=O)c1ccc(-n2cc(C(F)(F)F)nc2-c2ccc(F)cc2)cc1,385.342,3.3446,3.0,1.0,77.98,3.0,0.0625,1
NS(=O)(=O)c1ccc(-n2cc(C(F)(F)F)nc2-c2cccc(Br)c2)cc1,446.248,3.968,3.0,1.0,77.98,3.0,0.0625,1
NS(=O)(=O)c1ccc(-n2cc(C(F)(F)F)nc2-c2cccc(Cl)c2)cc1,401.797,3.8589,3.0,1.0,77.98,3.0,0.0625,1
NS(=O)(=O)c1ccc(-n2cc(C(F)(F)F)nc2-c2cccc(F)c2)cc1,385.342,3.3446,3.0,1.0,77.98,3.0,0.0625,1
NS(=O)(=O)c1ccc(-n2cc(C(F)(F)F)nc2-c2ccccc2)cc1,367.352,3.2055,3.0,1.0,77.98,3.0,0.0625,1
NS(=O)(=O)c1ccc(-n2cc(C(F)(F)F)nc2-c2ccccc2F)cc1,385.342,3.3446,3.0,1.0,77.98,3.0,0.0625,1
NS(=O)(=O)c1ccc(-n2cc(C(F)(F)F)nc2-c2cccnc2)cc1,368.34,2.6005,4.0,1.0,90.87,3.0,0.06666667,0
NS(=O)(=O)c1ccc(-n2cc(C(F)(F)F)nc2-c2cccs2)cc1,373.381,3.267,4.0,1.0,77.98,3.0,0.071428575,1
NS(=O)(=O)c1ccc(-n2cc(C(F)(F)F)nc2-c2cncc(Br)c2)cc1,447.236,3.363,4.0,1.0,90.87,3.0,0.06666667,0
NS(=O)(=O)c1ccc(-n2cc(C(F)F)nc2-c2cccnc2)cc1,350.35,2.5193,4.0,1.0,90.87,4.0,0.06666667,0
NS(=O)(=O)c1ccc(-n2cccc2-c2ccc(F)cc2)cc1,316.357,2.9308,2.0,1.0,65.09,3.0,0.0,1
NS(=O)(=O)c1ccc(-n2cnc(Cl)c2-c2cc(Cl)cc(Cl)c2)cc1,402.69,4.1469,3.0,1.0,77.98,3.0,0.0,1
NS(=O)(=O)c1ccc(-n2cnc(Cl)c2-c2ccc(Cl)nc2)cc1,369.233,2.8885,4.0,1.0,90.87,3.0,0.0,1
NS(=O)(=O)c1ccc(-n2cnc(Cl)c2-c2ccc(F)cc2)cc1,351.79,2.9792,3.0,1.0,77.98,3.0,0.0,1
NS(=O)(=O)c1ccc(-n2cnc(Cl)c2-c2ccc(OCCCO[N+](=O)[O-])c(F)c2)cc1,470.866,2.9564,7.0,1.0,139.58,9.0,0.16666667,0
NS(=O)(=O)c1ccc(-n2cnc(Cl)c2-c2ccc(OCCO)c(F)c2)cc1,411.842,2.3503,5.0,2.0,107.44,6.0,0.11764706,0
NS(=O)(=O)c1ccc(-n2cnc(Cl)c2-c2ccc(OCCO[N+](=O)[O-])c(F)c2)cc1,456.839,2.5663,7.0,1.0,139.58,8.0,0.11764706,0
NS(=O)(=O)c1ccc(-n2cnc(Cl)c2-c2ccccc2)cc1,333.8,2.8401,3.0,1.0,77.98,3.0,0.0,1
NS(=O)(=O)c1ccc(-n2nc(-c3ccc(Cl)s3)cc2-c2ccc(Cl)cc2)cc1,450.372,5.222,4.0,1.0,77.98,4.0,0.0,1
NS(=O)(=O)c1ccc(-n2nc(C(=O)Nc3cccc(Cl)c3)cc2-c2ccc(F)cc2)cc1,470.913,4.2315,4.0,2.0,107.08,5.0,0.0,1
NS(=O)(=O)c1ccc(-n2nc(C(=O)O)c(Cl)c2-c2ccc(Cl)cc2)cc1,412.254,3.1917,4.0,2.0,115.28,4.0,0.0,0
NS(=O)(=O)c1ccc(-n2nc(C(F)(F)F)c(Cl)c2-c2ccc(Cl)cc2)cc1,436.242,4.5123,3.0,1.0,77.98,3.0,0.0625,1
NS(=O)(=O)c1ccc(-n2nc(C(F)(F)F)c(F)c2-c2ccccc2)cc1,385.342,3.3446,3.0,1.0,77.98,3.0,0.0625,1
NS(=O)(=O)c1ccc(-n2nc(C(F)(F)F)c(O)c2-c2ccccc2)cc1,383.351,2.9111,4.0,2.0,98.21,3.0,0.0625,0
NS(=O)(=O)c1ccc(-n2nc(C(F)(F)F)c3c2-c2cc(F)c(F)cc2CS3)cc1,447.41,4.0894,4.0,1.0,77.98,2.0,0.11764706,1
NS(=O)(=O)c1ccc(-n2nc(C(F)(F)F)c3c2-c2cc(F)ccc2CS3)cc1,429.42,3.9503,4.0,1.0,77.98,2.0,0.11764706,1
NS(=O)(=O)c1ccc(-n2nc(C(F)(F)F)c3c2-c2ccc(F)c(F)c2CS3)cc1,447.41,4.0894,4.0,1.0,77.98,2.0,0.11764706,1
NS(=O)(=O)c1ccc(-n2nc(C(F)(F)F)c3c2-c2ccc(F)cc2CS3)cc1,429.42,3.9503,4.0,1.0,77.98,2.0,0.11764706,1
NS(=O)(=O)c1ccc(-n2nc(C(F)(F)F)c3c2-c2cccc(F)c2CS3)cc1,429.42,3.9503,4.0,1.0,77.98,2.0,0.11764706,1
NS(=O)(=O)c1ccc(-n2nc(C(F)(F)F)c3c2-c2ccccc2CC3)cc1,393.39,3.3041,3.0,1.0,77.98,2.0,0.16666667,0
NS(=O)(=O)c1ccc(-n2nc(C(F)(F)F)c3c2-c2ccccc2CS3)cc1,411.43,3.8112,4.0,1.0,77.98,2.0,0.11764706,1
NS(=O)(=O)c1ccc(-n2nc(C(F)(F)F)c3c2-c2ccccc2OC3)cc1,395.362,3.0979,4.0,1.0,87.21,2.0,0.11764706,0
NS(=O)(=O)c1ccc(-n2nc(C(F)(F)F)c3c2-c2ccccc2SC3)cc1,411.43,3.8112,4.0,1.0,77.98,2.0,0.11764706,0
NS(=O)(=O)c1ccc(-n2nc(C(F)(F)F)cc2-c2cc3ccccc3o2)cc1,407.373,3.9517,4.0,1.0,91.12,3.0,0.055555556,0
NS(=O)(=O)c1ccc(-n2nc(C(F)(F)F)cc2-c2ccc(Br)cc2)cc1CO,476.274,3.4603,4.0,2.0,98.21,4.0,0.11764706,0
NS(=O)(=O)c1ccc(-n2nc(C(F)(F)F)cc2-c2ccc(Br)s2)cc1,452.277,4.0295,4.0,1.0,77.98,3.0,0.071428575,1
NS(=O)(=O)c1ccc(-n2nc(C(F)(F)F)cc2-c2ccc(C(=O)O)cc2)cc1,411.361,2.9037,4.0,2.0,115.28,4.0,0.05882353,0
NS(=O)(=O)c1ccc(-n2nc(C(F)(F)F)cc2-c2ccc(C(F)(F)F)cc2)cc1,435.349,4.2243,3.0,1.0,77.98,3.0,0.11764706,0
NS(=O)(=O)c1ccc(-n2nc(C(F)(F)F)cc2-c2ccc(CO)cc2)cc1,397.378,2.6978,4.0,2.0,98.21,4.0,0.11764706,0
NS(=O)(=O)c1ccc(-n2nc(C(F)(F)F)cc2-c2ccc(Cl)c(Cl)c2)cc1,436.242,4.5123,3.0,1.0,77.98,3.0,0.0625,1
NS(=O)(=O)c1ccc(-n2nc(C(F)(F)F)cc2-c2ccc(Cl)cc2)cc1,401.797,3.8589,3.0,1.0,77.98,3.0,0.0625,1
NS(=O)(=O)c1ccc(-n2nc(C(F)(F)F)cc2-c2ccc(Cl)cc2)cc1CO,431.823,3.3512,4.0,2.0,98.21,4.0,0.11764706,0
NS(=O)(=O)c1ccc(-n2nc(C(F)(F)F)cc2-c2ccc(Cl)cc2Cl)cc1,436.242,4.5123,3.0,1.0,77.98,3.0,0.0625,1
NS(=O)(=O)c1ccc(-n2nc(C(F)(F)F)cc2-c2ccc(Cl)s2)cc1,407.826,3.9204,4.0,1.0,77.98,3.0,0.071428575,1
NS(=O)(=O)c1ccc(-n2nc(C(F)(F)F)cc2-c2ccc(F)cc2)cc1,385.342,3.3446,3.0,1.0,77.98,3.0,0.0625,1
NS(=O)(=O)c1ccc(-n2nc(C(F)(F)F)cc2-c2ccc(F)cc2)cc1CO,415.368,2.8369,4.0,2.0,98.21,4.0,0.11764706,0
NS(=O)(=O)c1ccc(-n2nc(C(F)(F)F)cc2-c2ccc([N+](=O)[O-])cc2)cc1,412.349,3.1137,5.0,1.0,121.12,4.0,0.0625,0
NS(=O)(=O)c1ccc(-n2nc(C(F)(F)F)cc2-c2ccc3c(c2)CCC3)cc1,407.417,3.6942,3.0,1.0,77.98,3.0,0.21052632,1
NS(=O)(=O)c1ccc(-n2nc(C(F)(F)F)cc2-c2ccc3c(c2)CCCS3)cc1,439.484,4.2438,4.0,1.0,77.98,3.0,0.21052632,1
NS(=O)(=O)c1ccc(-n2nc(C(F)(F)F)cc2-c2ccc3c(c2)CCO3)cc1,409.389,3.1404,4.0,1.0,87.21,3.0,0.16666667,1
NS(=O)(=O)c1ccc(-n2nc(C(F)(F)F)cc2-c2ccc3c(c2)OCO3)cc1,411.361,2.9342,5.0,1.0,96.44,3.0,0.11764706,1
NS(=O)(=O)c1ccc(-n2nc(C(F)(F)F)cc2-c2cccc(Cl)c2)cc1CO,431.823,3.3512,4.0,2.0,98.21,4.0,0.11764706,0
NS(=O)(=O)c1ccc(-n2nc(C(F)(F)F)cc2-c2cccc(F)c2)cc1,385.342,3.3446,3.0,1.0,77.98,3.0,0.0625,0
NS(=O)(=O)c1ccc(-n2nc(C(F)(F)F)cc2-c2cccc(F)c2)cc1CO,415.368,2.8369,4.0,2.0,98.21,4.0,0.11764706,0
NS(=O)(=O)c1ccc(-n2nc(C(F)(F)F)cc2-c2ccccc2)cc1,367.352,3.2055,3.0,1.0,77.98,3.0,0.0625,1
NS(=O)(=O)c1ccc(-n2nc(C(F)(F)F)cc2-c2ccccc2)cc1CO,397.378,2.6978,4.0,2.0,98.21,4.0,0.11764706,0
NS(=O)(=O)c1ccc(-n2nc(C(F)(F)F)cc2-c2ccccc2Cl)cc1,401.797,3.8589,3.0,1.0,77.98,3.0,0.0625,1
NS(=O)(=O)c1ccc(-n2nc(C(F)(F)F)cc2-c2ccccc2Cl)cc1CO,431.823,3.3512,4.0,2.0,98.21,4.0,0.11764706,0
NS(=O)(=O)c1ccc(-n2nc(C(F)(F)F)cc2-c2ccccc2F)cc1,385.342,3.3446,3.0,1.0,77.98,3.0,0.0625,1
NS(=O)(=O)c1ccc(-n2nc(C(F)(F)F)cc2-c2ccccc2F)cc1CO,415.368,2.8369,4.0,2.0,98.21,4.0,0.11764706,0
NS(=O)(=O)c1ccc(-n2nc(C(F)(F)F)cc2-c2ccccn2)cc1,368.34,2.6005,4.0,1.0,90.87,3.0,0.06666667,0
NS(=O)(=O)c1ccc(-n2nc(C(F)(F)F)cc2-c2cccnc2)cc1,368.34,2.6005,4.0,1.0,90.87,3.0,0.06666667,0
NS(=O)(=O)c1ccc(-n2nc(C(F)(F)F)cc2-c2ccncc2)cc1,368.34,2.6005,4.0,1.0,90.87,3.0,0.06666667,0
NS(=O)(=O)c1ccc(-n2nc(C(F)(F)F)cc2-c2csc3ccccc23)cc1,423.441,4.4202,4.0,1.0,77.98,3.0,0.055555556,0
NS(=O)(=O)c1ccc(-n2nc(C(F)(F)F)cc2C2=CCCCC2)cc1,371.384,3.4959,3.0,1.0,77.98,3.0,0.3125,1
NS(=O)(=O)c1ccc(-n2nc(C(F)F)cc2-c2ccc(C(=O)O)cc2)cc1,393.371,2.8225,4.0,2.0,115.28,5.0,0.05882353,0
NS(=O)(=O)c1ccc(-n2nc(C(F)F)cc2-c2ccc(Cl)cc2)cc1,383.807,3.7777,3.0,1.0,77.98,4.0,0.0625,1
NS(=O)(=O)c1ccc(-n2nc(C(F)F)cc2-c2ccc3c(c2)OCO3)cc1,393.371,2.853,5.0,1.0,96.44,4.0,0.11764706,1
NS(=O)(=O)c1ccc(-n2nc(C(F)F)cc2-c2ccccc2)cc1,349.362,3.1243,3.0,1.0,77.98,4.0,0.0625,1
NS(=O)(=O)c1ccc(-n2nc(CF)cc2-c2ccccc2)cc1,331.372,2.6562,3.0,1.0,77.98,4.0,0.0625,1
NS(=O)(=O)c1ccc(-n2nc(CO)c(Cl)c2-c2ccc(Cl)cc2)cc1,398.271,2.9858,4.0,2.0,98.21,4.0,0.0625,0
NS(=O)(=O)c1ccc(-n2nc(CO)cc2-c2ccc(Cl)cc2)cc1,363.826,2.3324,4.0,2.0,98.21,4.0,0.0625,0
NS(=O)(=O)c1ccc(-n2nc(COCc3ccccc3)cc2-c2ccc(Cl)cc2)cc1,453.951,4.5569,4.0,1.0,87.21,7.0,0.08695652,1
NS(=O)(=O)c1ccc(-n2ncc(Br)c2-c2ccc(Cl)cc2)cc1,412.696,3.6026,3.0,1.0,77.98,3.0,0.0,1
NS(=O)(=O)c1ccc(-n2ncc(Cl)c2-c2ccccc2)cc1,333.8,2.8401,3.0,1.0,77.98,3.0,0.0,1
NS(=O)(=O)c1ccc(-n2ncc(F)c2-c2ccccc2)cc1,317.345,2.3258,3.0,1.0,77.98,3.0,0.0,0
NS(=O)(=O)c1ccc(-n2ncc([N+](=O)[O-])c2-c2ccccc2)cc1,344.352,2.0949,5.0,1.0,121.12,4.0,0.0,1
NS(=O)(=O)c1ccc(/C=N/c2ccc(C(F)(F)F)cc2)cc1,328.315,3.1034,3.0,1.0,72.52,3.0,0.071428575,0
NS(=O)(=O)c1ccc(/C=N/c2ccc(F)cc2)cc1,278.308,2.2237,3.0,1.0,72.52,3.0,0.0,0
NS(=O)(=O)c1ccc(/C=N/c2ccc(O)cc2)cc1,276.317,1.7902,4.0,2.0,92.75,3.0,0.0,0
NS(=O)(=O)c1ccc(/C=N/c2ccccc2)cc1,260.318,2.0846,3.0,1.0,72.52,3.0,0.0,0
NS(=O)(=O)c1ccc(/N=C/c2ccc(C(F)(F)F)cc2)cc1,328.315,3.1034,3.0,1.0,72.52,3.0,0.071428575,0
NS(=O)(=O)c1ccc(/N=C/c2ccc(F)cc2)cc1,278.308,2.2237,3.0,1.0,72.52,3.0,0.0,0
NS(=O)(=O)c1ccc(/N=C/c2ccc([N+](=O)[O-])cc2)cc1,305.315,1.9928,5.0,1.0,115.66,4.0,0.0,0
NS(=O)(=O)c1ccc(/N=C/c2cccc(O)c2)cc1,276.317,1.7902,4.0,2.0,92.75,3.0,0.0,0
NS(=O)(=O)c1ccc(/N=C/c2cccc([N+](=O)[O-])c2)cc1,305.315,1.9928,5.0,1.0,115.66,4.0,0.0,0
NS(=O)(=O)c1ccc(/N=C/c2ccccc2)cc1,260.318,2.0846,3.0,1.0,72.52,3.0,0.0,0
NS(=O)(=O)c1ccc(/N=N/c2ccc(OC(=O)Nc3ccccc3)c(OC(=O)Nc3ccccc3)c2)cc1,531.55,5.9712,8.0,3.0,161.54,7.0,0.0,0
NS(=O)(=O)c1ccc(C2=C(c3cc(F)c(F)c(F)c3)CCC2)cc1,353.365,3.846,2.0,1.0,60.16,3.0,0.1764706,0
NS(=O)(=O)c1ccc(C2=C(c3ccc(C(F)(F)F)c(F)c3)CCC2)cc1,385.382,4.5866,2.0,1.0,60.16,3.0,0.22222222,1
NS(=O)(=O)c1ccc(C2=C(c3ccc(C(F)(F)F)cc3)CC3(CC3)C2)cc1,393.43,4.8376,2.0,1.0,60.16,3.0,0.3,1
NS(=O)(=O)c1ccc(C2=C(c3ccc(C(F)(F)F)cc3)CCC2)cc1,367.392,4.4475,2.0,1.0,60.16,3.0,0.22222222,1
NS(=O)(=O)c1ccc(C2=C(c3ccc(Cl)c(Cl)c3)CC3(CC3)C2)cc1,394.323,5.1256,2.0,1.0,60.16,3.0,0.2631579,1
NS(=O)(=O)c1ccc(C2=C(c3ccc(Cl)c(Cl)c3)CCC2)cc1,368.285,4.7355,2.0,1.0,60.16,3.0,0.1764706,1
NS(=O)(=O)c1ccc(C2=C(c3ccc(Cl)cc3)CC3(CC3)C2)cc1,359.878,4.4722,2.0,1.0,60.16,3.0,0.2631579,1
NS(=O)(=O)c1ccc(C2=C(c3ccc(Cl)cc3)CCC2)cc1,333.84,4.0821,2.0,1.0,60.16,3.0,0.1764706,1
NS(=O)(=O)c1ccc(C2=C(c3ccc(F)c(Cl)c3)CC3(CC3)C2)cc1,377.868,4.6113,2.0,1.0,60.16,3.0,0.2631579,1
NS(=O)(=O)c1ccc(C2=C(c3ccc(F)c(Cl)c3)CCC2)cc1,351.83,4.2212,2.0,1.0,60.16,3.0,0.1764706,1
NS(=O)(=O)c1ccc(C2=C(c3ccc(F)c(F)c3)CC3(CC3)C2)cc1,361.413,4.097,2.0,1.0,60.16,3.0,0.2631579,1
NS(=O)(=O)c1ccc(C2=C(c3ccc(F)c(F)c3)CCC2)cc1,335.375,3.7069,2.0,1.0,60.16,3.0,0.1764706,1
NS(=O)(=O)c1ccc(C2=C(c3ccc(F)cc3)C(=O)OC2)cc1,333.34,1.9407,4.0,1.0,86.46,3.0,0.0625,0
NS(=O)(=O)c1ccc(C2=C(c3ccc(F)cc3)CC3(CC3)C2)cc1,343.423,3.9579,2.0,1.0,60.16,3.0,0.2631579,1
NS(=O)(=O)c1ccc(C2=C(c3ccc(F)cc3)CC3(CCC3)C2)cc1,357.45,4.348,2.0,1.0,60.16,3.0,0.3,1
NS(=O)(=O)c1ccc(C2=C(c3ccc(F)cc3)CCC2)cc1,317.385,3.5678,2.0,1.0,60.16,3.0,0.1764706,1
NS(=O)(=O)c1ccc(C2=C(c3ccc(F)cc3)c3ccccc3C2)cc1,365.429,3.9883,2.0,1.0,60.16,3.0,0.04761905,1
NS(=O)(=O)c1ccc(C2=C(c3ccc(OC(F)(F)F)cc3)CC3(CC3)C2)cc1,409.429,4.7174,3.0,1.0,69.39,4.0,0.3,1
NS(=O)(=O)c1ccc(C2=C(c3ccc4c(c3)OCO4)CCC2)cc1,343.404,3.1574,4.0,1.0,78.62,3.0,0.22222222,1
NS(=O)(=O)c1ccc(N=Cc2ccc(O)c(C(=O)O)c2)cc1,320.326,1.4884,5.0,3.0,130.05,4.0,0.0,0
NS(=O)(=O)c1ccc(N=Cc2ccc(O)c(O)c2)cc1,292.316,1.4958,5.0,3.0,112.98,3.0,0.0,0
NS(=O)(=O)c1ccc(N=Cc2ccc(O)cc2)cc1,276.317,1.7902,4.0,2.0,92.75,3.0,0.0,0
NS(=O)(=O)c1ccc(N=Nc2ccc(O)c(C(=O)O)c2)cc1,321.314,2.1532,6.0,3.0,142.41,4.0,0.0,0
NS(=O)(=O)c1ccc(N=Nc2ccc(O)c(Cl)c2)cc1,311.75,3.1084,5.0,2.0,105.11,3.0,0.0,0
NS(=O)(=O)c1ccc(N=Nc2ccc(O)c(O)c2)cc1,293.304,2.1606,6.0,3.0,125.34,3.0,0.0,0
Nc1ccc(-c2cc(C(F)(F)F)nn2-c2ccc(S(N)(=O)=O)cc2)cc1,382.367,2.7877,4.0,2.0,104.0,3.0,0.0625,0
Nc1cnn(-c2ccc(S(N)(=O)=O)cc2)c1-c1ccccc1,314.37,1.7689,4.0,2.0,104.0,3.0,0.0,0
O=C(C=Cc1ccc(O)c(O)c1)OCCc1ccccc1,284.311,2.8969,4.0,2.0,66.76,5.0,0.11764706,0
O=C(C=Cc1ccc(O)cc1)CC(=O)C=Cc1ccc(O)cc1,308.333,3.3527,4.0,2.0,74.6,6.0,0.05263158,0
O=C(NNc1ccc(Cl)cc1)c1ccc(Cl)cc1,281.142,3.7503,2.0,2.0,41.13,3.0,0.0,0
O=C(NNc1ccc(Cl)cc1)c1ccccc1,246.697,3.0969,2.0,2.0,41.13,3.0,0.0,0
O=C(NNc1ccccc1)c1ccc(Cl)cc1,246.697,3.0969,2.0,2.0,41.13,3.0,0.0,0
O=C(NNc1ccccc1)c1ccccc1,212.252,2.4435,2.0,2.0,41.13,3.0,0.0,0
O=C(O)C1O[C@@H](Oc2c(-c3cc(O)c(O)c(O)c3)oc3cc(O)cc(O)c3c2=O)[C@H](O)[C@@H](O)[C@@H]1O,494.361,-0.741,13.0,9.0,247.81,4.0,0.23809524,0
O=C(O)Cc1ccccc1Nc1c(Cl)cccc1C(F)(F)F,329.705,4.7295,2.0,2.0,49.33,4.0,0.13333334,1
O=C(O)Cc1ccccc1Nc1c(Cl)cccc1Cl,296.153,4.3641,2.0,2.0,49.33,4.0,0.071428575,1
O=C(O)Cc1ccccc1Nc1c(F)cccc1C(F)(F)F,313.25,4.2152,2.0,2.0,49.33,4.0,0.13333334,0
O=C(O)Cc1cccn1-c1ccc2c(c1)OCCO2,259.261,1.8756,3.0,1.0,60.69,3.0,0.21428572,0
O=C(O)Cc1cccn1-c1ccccc1F,219.215,2.2435,1.0,1.0,42.23,3.0,0.083333336,0
O=C(O)Cc1ccn(-c2ccccc2F)c1,219.215,2.2435,1.0,1.0,42.23,3.0,0.083333336,0
O=C1CCc2cc(NS(=O)(=O)C(F)(F)F)c(Sc3ccc(F)cc3F)cc21,423.384,4.5064,4.0,1.0,63.24,4.0,0.1875,1
O=C1OCC(c2ccc(-c3nn[nH]n3)cc2)=C1c1ccccc1,304.309,2.3343,5.0,1.0,80.76,3.0,0.05882353,1
O=C1O[C@H](c2ccc(O)c(O)c2)[C@H]2CO[C@H](c3ccc(O)c(O)c3)C12,344.319,2.1108,7.0,4.0,116.45,2.0,0.2777778,0
O=C1c2ccccc2-n2c1nc1ccccc1c2=O,248.241,1.9301,3.0,0.0,51.96,0.0,0.0,1
O=S(=O)(Nc1ccncc1Nc1ccccc1)C(F)(F)F,317.292,3.0867,4.0,2.0,71.09,4.0,0.083333336,1
O=S(=O)(Nc1ccncc1Oc1ccc(Br)cc1)C(F)(F)F,397.172,3.8979,4.0,1.0,68.29,4.0,0.083333336,0
O=S(=O)(Nc1ccncc1Oc1ccc(Cl)cc1)C(F)(F)F,352.721,3.7888,4.0,1.0,68.29,4.0,0.083333336,0
O=S(=O)(Nc1ccncc1Oc1ccc(Cl)cc1Cl)C(F)(F)F,387.166,4.4422,4.0,1.0,68.29,4.0,0.083333336,0
O=S(=O)(Nc1ccncc1Oc1ccccc1)C(F)(F)F,318.276,3.1354,4.0,1.0,68.29,4.0,0.083333336,0
O=S(=O)(Nc1ccncc1Oc1ccccc1Cl)C(F)(F)F,352.721,3.7888,4.0,1.0,68.29,4.0,0.083333336,1
O=S(=O)(Nc1ccncc1Sc1ccccc1)C(F)(F)F,334.344,3.4943,4.0,1.0,59.06,4.0,0.083333336,0
O=c1c(O)c(-c2ccc(O)c(O)c2)oc2cc(O)cc(O)c12,302.238,1.988,7.0,5.0,131.36,1.0,0.0,0
O=c1c(S(=O)(=O)c2ccccc2)c2ccccc2c(O)n1Cc1ccccc1,391.448,3.5882,4.0,1.0,76.37,4.0,0.045454547,1
O=c1c2ccccc2nc2n1CCc1c-2[nH]c2ccccc12,287.322,3.1009,2.0,1.0,50.68,0.0,0.11111111,1
O=c1c2ccccc2oc2c(O)c(O)ccc12,228.203,2.3574,4.0,2.0,70.67,0.0,0.0,0
O=c1cc(-c2ccc(O)cc2)oc2cc(O)cc(O)c12,270.24,2.5768,5.0,3.0,90.9,1.0,0.0,0
OC[C@@H]1[C@@H]([C@H](O)c2ccc(O)c(O)c2)CO[C@@H]1c1ccc(O)c(O)c1,348.351,1.5386,7.0,6.0,130.61,4.0,0.33333334,0
OC[C@H]1O[C@@H](Oc2cc(O)cc(C3c4cc(/C=C/c5cc(O)cc(O)c5)ccc4O[C@@H]3c3ccc(O)cc3)c2)[C@H](O)[C@@H](O)[C@@H]1O,616.619,3.1237,11.0,8.0,189.53,7.0,0.23529412,0
Oc1ccc(-c2nc(-c3ccc(O)cc3Cl)cn2-c2ccc(O)cc2)cc1,378.815,4.9765,4.0,3.0,78.51,3.0,0.0,0
Oc1ccc(-n2cc(-c3ccc(O)cc3Cl)nc2-c2ccc(O)cc2Cl)cc1,413.26,5.6299,4.0,3.0,78.51,3.0,0.0,0
Oc1ccc(C2c3c(O)cc(O)cc3C3C(c4ccc(O)cc4)c4c(O)cc(O)cc4C23)cc1,454.478,5.0786,6.0,6.0,121.38,2.0,0.14285715,0
Oc1ccc(C=Cc2cc(C=Cc3ccc(O)cc3)[nH]n2)cc1,304.349,4.1617,3.0,3.0,69.14,4.0,0.0,0
Oc1ccc(C=Cc2cc(O)cc(O)c2)cc1,228.247,2.9738,3.0,3.0,60.69,2.0,0.0,0
Oc1ccc([C@H]2Oc3ccc(/C=C/c4cc(O)cc(O)c4)cc3C2c2cc(O)cc(O)c2)cc1,454.478,5.6506,6.0,5.0,110.38,4.0,0.071428575,0
[N-]=[N+]=Nc1ccc(C2=C(c3ccccc3)C(=O)OC2)cc1,277.283,4.096,3.0,0.0,75.06,3.0,0.0625,1
c1ccc(-c2nn(-c3ccccc3)c3c2CCC3)cc1,260.34,4.028,1.0,0.0,17.82,2.0,0.16666667,0
c1ccc(-c2nn(-c3ccccc3)c3c2CCCC3)cc1,274.367,4.4181,1.0,0.0,17.82,2.0,0.21052632,0
c1ccc(-c2nn(-c3ccccc3)c3c2CCCCC3)cc1,288.394,4.8082,1.0,0.0,17.82,2.0,0.25,1
c1ccc(Nc2c(-c3ccccn3)nc3ccccn23)cc1,286.338,4.1399,3.0,1.0,42.22,3.0,0.0,0
